personId,firstName,lastName,birthdate,lastAttended,country,height,bodyWeight,guard,forward,center,draftYear,draftRound,draftNumber,Full Name
2,Byron,Scott,3/28/1961,Arizona State,USA,76,205,TRUE,FALSE,FALSE,1983,1,4,Byron Scott
3,Grant,Long,3/12/1966,Eastern Michigan,USA,81,3,FALSE,FALSE,FALSE,1988,2,33,Grant Long
7,Dan,Schayes,5/10/1959,Syracuse,USA,83,260,FALSE,FALSE,TRUE,1981,1,13,Dan Schayes
9,Sedale,Threatt,9/10/1961,West Virginia Tech,USA,74,185,TRUE,FALSE,FALSE,1983,6,139,Sedale Threatt
12,Chris,King,7/24/1969,Wake Forest,USA,80,215,FALSE,TRUE,FALSE,1992,2,45,Chris King
15,Eric,Piatkowski,9/30/1970,Nebraska,USA,79,215,TRUE,TRUE,FALSE,1994,1,15,Eric Piatkowski
17,Clyde,Drexler,6/22/1962,Houston,USA,79,222,TRUE,FALSE,FALSE,1983,1,14,Clyde Drexler
21,Greg,Anthony,11/15/1967,UNLV,USA,73,180,TRUE,FALSE,FALSE,1991,1,12,Greg Anthony
22,Rik,Smits,8/23/1966,Marist,USA,88,265,FALSE,FALSE,TRUE,1988,1,2,Rik Smits
23,Dennis,Rodman,5/13/1961,Southeastern Oklahoma State,USA,79,210,FALSE,TRUE,FALSE,1986,2,27,Dennis Rodman
24,Keith,Jennings,11/2/1968,East Tennessee State,USA,67,160,TRUE,FALSE,FALSE,-1,-1,-1,Keith Jennings
26,Luc,Longley,1/19/1969,New Mexico,USA,86,265,FALSE,FALSE,TRUE,1991,1,7,Luc Longley
28,Doug,West,5/27/1967,Villanova,USA,,,TRUE,FALSE,FALSE,1989,2,38,Doug West
29,Jim,McIlvaine,7/30/1972,Marquette,USA,85,240,FALSE,FALSE,TRUE,1994,2,32,Jim McIlvaine
30,Richard,Dumas,5/19/1969,Oklahoma State,USA,79,30,FALSE,TRUE,FALSE,1991,2,46,Richard Dumas
31,Lorenzo,Williams,7/15/1969,Stetson,USA,81,200,FALSE,TRUE,FALSE,-1,-1,-1,Lorenzo Williams
32,Clifford,Rozier,10/31/1972,Louisville,USA,83,245,FALSE,FALSE,TRUE,1994,1,16,Clifford Rozier
35,Eric,Riley,6/2/1970,Michigan,USA,84,245,FALSE,FALSE,TRUE,1993,2,33,Eric Riley
36,Sarunas,Marciulionis,6/13/1964,Statyba,Lithuania,77,200,TRUE,FALSE,FALSE,1987,6,127,Sarunas Marciulionis
37,Greg,Graham,11/26/1970,Indiana,USA,76,174,TRUE,FALSE,FALSE,1993,1,17,Greg Graham
38,Brad,Lohaus,9/29/1964,Iowa,USA,83,230,FALSE,TRUE,TRUE,1987,2,45,Brad Lohaus
41,Anthony,Bonner,6/8/1968,St. Louis,USA,80,230,FALSE,TRUE,FALSE,1990,1,23,Anthony Bonner
42,Monty,Williams,10/8/1971,Notre Dame,USA,80,225,FALSE,TRUE,FALSE,1994,1,24,Monty Williams
43,Chris,Whitney,10/5/1971,Clemson,USA,72,175,TRUE,FALSE,FALSE,1993,2,47,Chris Whitney
45,George,McCloud,5/27/1967,Florida State,USA,80,230,FALSE,TRUE,FALSE,1989,1,7,George McCloud
46,Mike,Peplowski,10/15/1970,Michigan State,USA,82,270,FALSE,FALSE,TRUE,1993,2,52,Mike Peplowski
47,Wayman,Tisdale,6/9/1964,Oklahoma,USA,81,260,FALSE,TRUE,FALSE,1985,1,2,Wayman Tisdale
49,Gheorghe,Muresan,2/14/1971,Pau Orthez,Romania,91,303,FALSE,FALSE,TRUE,1993,2,30,Gheorghe Muresan
51,Mahmoud,Abdul-Rauf,3/9/1969,Louisiana State,USA,73,51,TRUE,FALSE,FALSE,1990,1,3,Mahmoud Abdul-Rauf
52,Micheal,Williams,7/23/1966,Baylor,USA,74,175,TRUE,FALSE,FALSE,1988,2,48,Micheal Williams
53,Mario,Elie,11/26/1963,American International,USA,77,225,TRUE,TRUE,FALSE,1985,7,160,Mario Elie
54,Dickey,Simpkins,4/6/1972,Providence,USA,81,248,FALSE,TRUE,FALSE,1994,1,21,Dickey Simpkins
55,Marty,Conlon,1/19/1968,Providence,USA,82,224,FALSE,FALSE,TRUE,-1,-1,-1,Marty Conlon
56,Gary,Payton,7/23/1968,Oregon State,USA,76,190,TRUE,FALSE,FALSE,1990,1,2,Gary Payton
57,Doug,Christie,5/9/1970,Pepperdine,USA,78,205,TRUE,TRUE,FALSE,1992,1,17,Doug Christie
61,Carl,Herrera,12/14/1966,Houston,USA,,,,,,1990,2,30,Carl Herrera
63,Michael,Smith,3/28/1972,Providence,USA,80,240,FALSE,TRUE,FALSE,1994,2,35,Michael Smith
64,Sam,Perkins,6/14/1961,North Carolina,USA,81,64,FALSE,TRUE,TRUE,1984,1,4,Sam Perkins
65,Greg,Minor,9/8/1971,Louisville,USA,78,210,TRUE,FALSE,FALSE,1994,1,25,Greg Minor
66,Marques,Bragg,3/24/1970,Providence,USA,80,230,FALSE,TRUE,FALSE,-1,-1,-1,Marques Bragg
67,Tom,Hammonds,3/27/1967,Georgia Tech,USA,,,FALSE,TRUE,FALSE,1989,1,9,Tom Hammonds
70,Steve,Kerr,9/27/1965,Arizona,USA,73,70,TRUE,FALSE,FALSE,1988,2,50,Steve Kerr
71,Pooh,Richardson,5/14/1966,UCLA,USA,73,180,TRUE,FALSE,FALSE,1989,1,10,Pooh Richardson
72,Kenny,Anderson,10/9/1970,Georgia Tech,USA,73,168,TRUE,FALSE,FALSE,1991,1,2,Kenny Anderson
73,Hot Rod,Williams,8/9/1962,Tulane,USA,83,245,FALSE,FALSE,TRUE,1985,2,45,Hot Rod Williams
74,Derrick,Phelps,7/31/1972,North Carolina,USA,76,181,FALSE,TRUE,FALSE,-1,-1,-1,Derrick Phelps
76,Cedric,Ceballos,8/2/1969,California State-Fullerton,USA,79,76,FALSE,TRUE,FALSE,1990,2,48,Cedric Ceballos
77,Doug,Overton,8/3/1969,La Salle,USA,75,190,TRUE,FALSE,FALSE,1991,2,40,Doug Overton
78,LaSalle,Thompson,6/23/1961,Texas,USA,82,78,FALSE,FALSE,FALSE,1982,1,5,LaSalle Thompson
80,Ken,Norman,9/5/1964,Illinois,USA,80,215,FALSE,TRUE,FALSE,1987,1,19,Ken Norman
81,Jeff,Grayer,12/17/1965,Iowa State,USA,77,210,TRUE,FALSE,FALSE,1988,1,13,Jeff Grayer
82,Bill,Wennington,4/26/1963,St. John's (NY),USA,84,245,FALSE,FALSE,TRUE,1985,1,16,Bill Wennington
84,Latrell,Sprewell,9/8/1970,Alabama,USA,77,195,TRUE,FALSE,FALSE,1992,1,24,Latrell Sprewell
85,Brent,Price,12/9/1968,Oklahoma,USA,73,85,TRUE,FALSE,FALSE,1992,2,32,Brent Price
87,Dikembe,Mutombo,6/25/1966,Georgetown,Congo,86,260,FALSE,FALSE,TRUE,1991,1,4,Dikembe Mutombo
88,Steve,Scheffler,9/3/1967,Purdue,USA,81,250,FALSE,TRUE,FALSE,1990,2,39,Steve Scheffler
89,Nick,Van Exel,11/27/1971,Cincinnati,USA,73,190,TRUE,FALSE,FALSE,1993,2,37,Nick Van Exel
93,Hubert,Davis,5/17/1970,North Carolina,USA,77,183,TRUE,FALSE,FALSE,1992,1,20,Hubert Davis
95,Mark,Bryant,4/25/1965,Seton Hall,USA,81,250,FALSE,TRUE,FALSE,1988,1,21,Mark Bryant
96,Detlef,Schrempf,1/21/1963,Washington,USA,82,235,FALSE,TRUE,FALSE,1985,1,8,Detlef Schrempf
97,Ronnie,Grandison,7/9/1964,New Orleans,USA,78,220,FALSE,TRUE,FALSE,1987,5,100,Ronnie Grandison
98,Nick,Anderson,1/20/1968,Illinois,USA,78,228,TRUE,TRUE,FALSE,1989,1,11,Nick Anderson
100,Tim,Legler,12/26/1966,La Salle,USA,76,200,TRUE,FALSE,FALSE,-1,-1,-1,Tim Legler
101,Scott,Skiles,3/5/1964,Michigan State,USA,73,180,TRUE,FALSE,FALSE,1986,1,22,Scott Skiles
103,Todd,Day,1/7/1970,Arkansas,USA,,,,,,1992,1,8,Todd Day
104,Benoit,Benjamin,11/22/1964,Creighton,USA,84,250,FALSE,FALSE,TRUE,1985,1,3,Benoit Benjamin
105,Dan,Majerle,9/9/1965,Central Michigan,USA,78,222,TRUE,TRUE,FALSE,1988,1,14,Dan Majerle
107,Dale,Ellis,8/6/1960,Tennessee,USA,79,205,TRUE,FALSE,FALSE,1983,1,9,Dale Ellis
109,Robert,Horry,8/25/1970,Alabama,USA,82,240,FALSE,TRUE,TRUE,1992,1,11,Robert Horry
111,LaPhonso,Ellis,5/5/1970,Notre Dame,USA,80,240,FALSE,TRUE,FALSE,1992,1,5,LaPhonso Ellis
112,Dontonio,Wingfield,6/23/1974,Cincinnati,USA,80,256,FALSE,TRUE,FALSE,1994,2,37,Dontonio Wingfield
114,Harold,Miner,5/5/1971,Southern California,USA,77,210,TRUE,FALSE,FALSE,1992,1,12,Harold Miner
116,David,Wood,11/30/1964,Nevada-Reno,USA,81,230,FALSE,TRUE,FALSE,-1,-1,-1,David Wood
117,Jeff,Malone,6/28/1961,Mississippi State,USA,76,205,TRUE,FALSE,FALSE,1983,1,10,Jeff Malone
120,Steven,Smith,3/31/1969,Michigan State,USA,80,221,TRUE,TRUE,FALSE,1991,1,5,Steven Smith
121,Patrick,Ewing,8/5/1962,Georgetown,Jamaica,84,121,FALSE,FALSE,TRUE,1985,1,1,Patrick Ewing
122,Fred,Roberts,8/14/1960,Brigham Young,USA,82,218,FALSE,TRUE,FALSE,1982,2,27,Fred Roberts
123,Robert,Pack,2/3/1969,Southern California,USA,74,190,TRUE,FALSE,FALSE,-1,-1,-1,Robert Pack
124,Vlade,Divac,2/3/1968,Partizan,Serbia,85,260,FALSE,FALSE,TRUE,1989,1,26,Vlade Divac
128,David,Benoit,5/9/1968,Alabama,USA,80,220,FALSE,TRUE,FALSE,-1,-1,-1,David Benoit
129,Dino,Radja,4/24/1967,Virtus Roma,Croatia,83,225,FALSE,FALSE,TRUE,1989,2,40,Dino Radja
132,Dwayne,Morton,8/10/1971,Louisville,USA,79,195,TRUE,FALSE,FALSE,1994,2,45,Dwayne Morton
133,David,Wesley,11/14/1970,Baylor,USA,73,203,TRUE,FALSE,FALSE,-1,-1,-1,David Wesley
134,Kevin,Johnson,3/4/1966,California,USA,73,190,TRUE,FALSE,FALSE,1987,1,7,Kevin Johnson
136,P.J.,Brown,10/14/1969,Louisiana Tech,USA,83,239,FALSE,TRUE,TRUE,1992,2,29,P.J. Brown
137,Vernon,Maxwell,9/12/1965,Florida,USA,76,190,TRUE,FALSE,FALSE,1988,2,47,Vernon Maxwell
138,Anthony,Avent,10/18/1969,Seton Hall,USA,81,240,FALSE,FALSE,TRUE,1991,1,15,Anthony Avent
140,Donald,Royal,5/22/1966,Notre Dame,USA,80,218,FALSE,TRUE,FALSE,1987,3,52,Donald Royal
141,Anthony,Tucker,4/4/1969,Wake Forest,USA,80,141,FALSE,TRUE,FALSE,-22,-22,-22,Anthony Tucker
143,Terry,Dehere,9/12/1971,Seton Hall,USA,76,190,TRUE,FALSE,FALSE,1993,1,13,Terry Dehere
145,Tracy,Murray,7/25/1971,UCLA,USA,79,230,FALSE,TRUE,FALSE,1992,1,18,Tracy Murray
146,Jud,Buechler,6/19/1968,Arizona,USA,78,228,TRUE,TRUE,FALSE,1990,2,38,Jud Buechler
147,Jalen,Rose,1/30/1973,Michigan,USA,80,215,TRUE,TRUE,FALSE,1994,1,13,Jalen Rose
149,Michael,Adams,1/19/1963,Boston College,USA,70,165,TRUE,FALSE,FALSE,1985,3,66,Michael Adams
154,Adrian,Caldwell,7/4/1966,Lamar,USA,80,154,FALSE,FALSE,FALSE,-22,-22,-22,Adrian Caldwell
156,Antoine,Carr,7/23/1961,Wichita State,USA,81,225,FALSE,TRUE,FALSE,1983,1,8,Antoine Carr
157,Derek,Harper,10/13/1961,Illinois,USA,76,206,TRUE,FALSE,FALSE,1983,1,11,Derek Harper
160,Tim,Breaux,9/19/1970,Wyoming,USA,79,215,FALSE,TRUE,FALSE,-1,-1,-1,Tim Breaux
164,Chris,Childs,11/20/1967,Boise State,USA,75,195,TRUE,FALSE,FALSE,-1,-1,-1,Chris Childs
165,Hakeem,Olajuwon,1/21/1963,Houston,Nigeria,84,255,FALSE,FALSE,TRUE,1984,1,1,Hakeem Olajuwon
166,Ron,Harper,1/20/1964,Miami (Ohio),USA,78,215,TRUE,FALSE,FALSE,1986,1,8,Ron Harper
168,Chris,Mills,1/25/1970,Arizona,USA,79,220,FALSE,TRUE,FALSE,1993,1,22,Chris Mills
170,Joe,Kleine,1/4/1962,Arkansas,USA,83,255,FALSE,FALSE,TRUE,1985,1,6,Joe Kleine
173,Keith,Askins,12/15/1967,Alabama,USA,80,173,TRUE,TRUE,FALSE,-22,-22,-22,Keith Askins
174,John,Battle,11/9/1962,Rutgers,USA,74,174,TRUE,FALSE,FALSE,1985,4,84,John Battle
175,Alton,Lister,10/1/1958,Arizona State,USA,84,245,FALSE,TRUE,TRUE,1981,1,21,Alton Lister
176,Antonio,Harvey,7/6/1970,Pfeiffer,USA,83,250,FALSE,TRUE,TRUE,-1,-1,-1,Antonio Harvey
177,Muggsy,Bogues,1/9/1965,Wake Forest,USA,,,TRUE,FALSE,FALSE,1987,1,12,Muggsy Bogues
178,Olden,Polynice,11/21/1964,Virginia,USA,82,178,FALSE,FALSE,FALSE,1987,1,8,Olden Polynice
179,Bryant,Stith,12/10/1970,Virginia,USA,77,210,TRUE,FALSE,FALSE,1992,1,13,Bryant Stith
180,John,Crotty,7/15/1969,Virginia,USA,73,185,TRUE,FALSE,FALSE,-1,-1,-1,John Crotty
181,Kenny,Smith,3/8/1965,North Carolina,USA,75,170,TRUE,FALSE,FALSE,1987,1,6,Kenny Smith
182,Billy,Owens,5/1/1969,Syracuse,USA,81,225,TRUE,TRUE,FALSE,1991,1,3,Billy Owens
183,Bison,Dele,4/6/1969,Arizona,USA,83,260,FALSE,TRUE,TRUE,1991,1,10,Bison Dele
184,Bobby,Phills,12/20/1969,Southern,USA,77,184,FALSE,FALSE,FALSE,1991,2,45,Bobby Phills
185,Chris,Webber,3/1/1973,Michigan,USA,82,245,FALSE,TRUE,TRUE,1993,1,1,Chris Webber
187,Terry,Cummings,3/15/1961,DePaul,USA,81,220,FALSE,TRUE,FALSE,1982,1,2,Terry Cummings
189,B.J.,Tyler,4/30/1971,Texas-Austin,USA,73,185,TRUE,FALSE,FALSE,1994,1,20,B.J. Tyler
190,Duane,Causwell,5/31/1968,Temple,USA,84,255,FALSE,FALSE,TRUE,1990,1,18,Duane Causwell
192,Dennis,Scott,9/5/1968,Georgia Tech,USA,80,229,FALSE,TRUE,FALSE,1990,1,4,Dennis Scott
193,Anthony,Mason,12/14/1966,Tennessee State,USA,80,255,FALSE,TRUE,FALSE,1988,3,53,Anthony Mason
194,Anthony,Bowie,11/9/1963,Oklahoma,USA,78,194,TRUE,FALSE,FALSE,1986,3,66,Anthony Bowie
195,Lee,Mayberry,6/12/1970,Arkansas,USA,73,195,FALSE,FALSE,FALSE,1992,1,23,Lee Mayberry
197,Scott,Burrell,1/12/1971,Connecticut,USA,79,218,TRUE,FALSE,FALSE,1993,1,20,Scott Burrell
198,Danny,Ferry,10/17/1966,Duke,USA,82,235,FALSE,TRUE,FALSE,1989,1,2,Danny Ferry
199,Reggie,Williams,3/5/1964,Georgetown,USA,,,,,,1987,1,4,Reggie Williams
201,Chris,Dudley,2/22/1965,Yale,USA,83,201,FALSE,FALSE,TRUE,1987,4,75,Chris Dudley
202,Gary,Grant,4/21/1965,Michigan,USA,,202,FALSE,FALSE,FALSE,1988,1,15,Gary Grant
203,Nate,McMillan,8/3/1964,North Carolina State,USA,77,210,TRUE,TRUE,FALSE,1986,2,30,Nate McMillan
204,Jeff,Hornacek,5/3/1963,Iowa State,USA,76,204,TRUE,FALSE,FALSE,1986,2,46,Jeff Hornacek
208,Sam,Cassell,11/18/1969,Florida State,USA,75,208,TRUE,FALSE,FALSE,1993,1,24,Sam Cassell
209,Dell,Curry,6/25/1964,Virginia Tech,USA,77,205,TRUE,TRUE,FALSE,1986,1,15,Dell Curry
210,Terrell,Brandon,5/20/1970,Oregon,USA,71,173,TRUE,FALSE,FALSE,1991,1,11,Terrell Brandon
211,Eric,Mobley,2/1/1970,Pittsburgh,USA,83,235,FALSE,FALSE,TRUE,1994,1,18,Eric Mobley
212,Yinka,Dare,10/10/1972,George Washington,USA,84,265,FALSE,FALSE,TRUE,1994,1,14,Yinka Dare
213,Antonio,Davis,10/31/1968,Texas-El Paso,USA,81,245,FALSE,TRUE,TRUE,1990,2,45,Antonio Davis
216,Brian,Shaw,3/22/1966,California-Santa Barbara,USA,78,200,TRUE,FALSE,FALSE,1988,1,24,Brian Shaw
219,Vinny,Del Negro,8/9/1966,North Carolina State,USA,,219,FALSE,FALSE,FALSE,1988,2,29,Vinny Del Negro
221,Clar.,Weatherspoon,9/8/1970,Southern Mississippi,USA,79,270,FALSE,TRUE,FALSE,1992,1,9,Clar. Weatherspoon
223,Bill,Curley,5/29/1972,Boston College,USA,,,FALSE,TRUE,FALSE,1994,1,22,Bill Curley
224,Eddie,Jones,10/20/1971,Temple,USA,78,200,TRUE,TRUE,FALSE,1994,1,10,Eddie Jones
226,Antonio,Lang,5/15/1972,Duke,USA,80,205,FALSE,TRUE,FALSE,1994,2,29,Antonio Lang
228,Adam,Keefe,2/22/1970,Stanford,USA,81,230,FALSE,TRUE,FALSE,1992,1,10,Adam Keefe
229,James,Edwards,11/22/1955,Washington,USA,85,229,FALSE,FALSE,TRUE,1977,3,46,James Edwards
234,Khalid,Reeves,7/15/1972,Arizona,USA,75,199,TRUE,FALSE,FALSE,1994,1,12,Khalid Reeves
236,Kevin,Edwards,10/30/1965,DePaul,USA,75,210,TRUE,FALSE,FALSE,1988,1,20,Kevin Edwards
238,Tyrone,Hill,3/19/1968,Xavier,USA,81,250,FALSE,TRUE,FALSE,1990,1,11,Tyrone Hill
239,Darrick,Martin,3/6/1971,UCLA,USA,71,170,TRUE,FALSE,FALSE,-1,-1,-1,Darrick Martin
240,Brooks,Thompson,7/19/1970,Oklahoma State,USA,76,193,TRUE,FALSE,FALSE,1994,1,27,Brooks Thompson
241,Darrin,Hancock,11/3/1971,Kansas,USA,79,205,FALSE,TRUE,FALSE,1994,2,38,Darrin Hancock
243,Aaron,McKie,10/2/1972,Temple,USA,77,209,TRUE,FALSE,FALSE,1994,1,17,Aaron McKie
244,Dee,Brown,11/29/1968,Jacksonville,USA,,,TRUE,FALSE,FALSE,1990,1,19,Dee Brown
246,Greg,Anderson,6/22/1964,Houston,USA,82,250,FALSE,TRUE,TRUE,1987,1,23,Greg Anderson
247,Joe,Dumars,5/24/1963,McNeese State,USA,75,247,TRUE,FALSE,FALSE,1985,1,18,Joe Dumars
248,George,Lynch,9/3/1970,North Carolina,USA,80,235,FALSE,TRUE,FALSE,1993,1,12,George Lynch
251,Sean,Elliott,2/2/1968,Arizona,USA,80,220,FALSE,TRUE,FALSE,1989,1,3,Sean Elliott
252,Karl,Malone,7/24/1963,Louisiana Tech,USA,81,259,FALSE,TRUE,FALSE,1985,1,13,Karl Malone
255,Grant,Hill,10/5/1972,Duke,USA,80,225,FALSE,TRUE,FALSE,1994,1,3,Grant Hill
258,Brian,Grant,3/5/1972,Xavier,USA,81,254,FALSE,TRUE,TRUE,1994,1,8,Brian Grant
262,Michael,Cage,1/28/1962,San Diego State,USA,81,224,FALSE,FALSE,TRUE,1984,1,14,Michael Cage
265,Harvey,Grant,7/4/1965,Oklahoma,USA,81,225,FALSE,TRUE,FALSE,1988,1,12,Harvey Grant
270,Horace,Grant,7/4/1965,Clemson,USA,82,270,FALSE,FALSE,TRUE,1987,1,10,Horace Grant
271,Johnny,Newman,11/28/1963,Richmond,USA,79,210,FALSE,TRUE,FALSE,1986,2,29,Johnny Newman
273,Duane,Ferrell,2/28/1965,Georgia Tech,USA,79,215,FALSE,TRUE,FALSE,-1,-1,-1,Duane Ferrell
275,Allan,Houston,4/20/1971,Tennessee,USA,78,205,TRUE,FALSE,FALSE,1993,1,11,Allan Houston
278,Stacey,Augmon,8/1/1968,UNLV,USA,80,213,TRUE,TRUE,FALSE,1991,1,9,Stacey Augmon
279,Charles,Jones,4/3/1957,Albany State (GA),USA,81,215,FALSE,TRUE,TRUE,1979,8,165,Charles Jones
280,Felton,Spencer,1/5/1968,Louisville,USA,84,290,FALSE,FALSE,TRUE,1990,1,6,Felton Spencer
281,Scott,Williams,3/21/1968,North Carolina,USA,82,260,FALSE,TRUE,TRUE,-1,-1,-1,Scott Williams
283,Lindsey,Hunter,12/3/1970,Jackson State,USA,74,195,TRUE,FALSE,FALSE,1993,1,10,Lindsey Hunter
285,Greg,Grant,8/29/1966,College of New Jersey,USA,67,140,TRUE,FALSE,FALSE,1989,2,52,Greg Grant
287,Eric,Leckner,5/27/1966,Wyoming,USA,83,265,FALSE,FALSE,TRUE,1988,1,17,Eric Leckner
288,Armen,Gilliam,5/28/1964,UNLV,USA,81,260,FALSE,TRUE,FALSE,1987,1,2,Armen Gilliam
289,Ledell,Eackles,11/24/1966,New Orleans,USA,77,231,TRUE,FALSE,FALSE,1988,2,36,Ledell Eackles
291,Ed,Pinckney,3/27/1963,Villanova,USA,81,240,FALSE,TRUE,FALSE,1985,1,10,Ed Pinckney
292,Anthony,Miller,10/22/1971,Michigan State,USA,81,255,FALSE,TRUE,FALSE,1994,2,39,Anthony Miller
293,Charles,Smith,7/16/1965,Pittsburgh,USA,82,244,FALSE,TRUE,FALSE,1988,1,3,Charles Smith
296,Rick,Fox,7/24/1969,North Carolina,Canada,79,235,FALSE,TRUE,FALSE,1991,1,24,Rick Fox
297,Alonzo,Mourning,2/8/1970,Georgetown,USA,82,261,FALSE,FALSE,TRUE,1992,1,2,Alonzo Mourning
299,Glenn,Robinson,1/10/1973,Purdue,USA,79,240,FALSE,TRUE,FALSE,1994,1,1,Glenn Robinson
302,Mookie,Blaylock,3/20/1967,Oklahoma,USA,,,TRUE,FALSE,FALSE,1989,1,12,Mookie Blaylock
304,John,Stockton,3/26/1962,Gonzaga,USA,73,175,TRUE,FALSE,FALSE,1984,1,16,John Stockton
305,Robert,Parish,8/30/1953,Centenary-Louisiana,USA,85,244,FALSE,FALSE,TRUE,1976,1,8,Robert Parish
306,Steve,Colter,7/24/1962,New Mexico State,USA,75,306,TRUE,FALSE,FALSE,1984,2,33,Steve Colter
308,Derrick,Alston,8/20/1972,Duquesne,USA,83,225,FALSE,FALSE,TRUE,1994,2,33,Derrick Alston
310,Bobby,Hurley,6/28/1971,Duke,USA,72,165,TRUE,FALSE,FALSE,1993,1,7,Bobby Hurley
313,Vern,Fleming,2/4/1962,Georgia,USA,77,313,TRUE,FALSE,FALSE,1984,1,18,Vern Fleming
316,Richard,Manning,6/23/1970,Washington,USA,83,245,FALSE,FALSE,TRUE,1993,2,40,Richard Manning
317,John,Starks,8/10/1965,Oklahoma State,USA,77,190,TRUE,FALSE,FALSE,-1,-1,-1,John Starks
320,Jamie,Watson,2/23/1972,South Carolina,USA,79,190,FALSE,TRUE,FALSE,1994,2,47,Jamie Watson
321,Scott,Haskin,9/19/1970,Oregon State,USA,83,250,FALSE,TRUE,FALSE,1993,1,14,Scott Haskin
323,Greg,Foster,10/3/1968,Texas-El Paso,USA,83,250,FALSE,FALSE,TRUE,1990,2,35,Greg Foster
324,Anthony,Peeler,11/25/1969,Missouri,USA,76,208,TRUE,FALSE,FALSE,1992,1,15,Anthony Peeler
328,Rick,Mahorn,9/21/1958,Hampton,USA,82,328,FALSE,TRUE,FALSE,1980,2,35,Rick Mahorn
330,Danny,Manning,5/17/1966,Kansas,USA,82,234,FALSE,TRUE,TRUE,1988,1,1,Danny Manning
333,Kevin,Gamble,11/13/1965,Iowa,USA,77,210,FALSE,TRUE,FALSE,1987,3,63,Kevin Gamble
335,Willie,Anderson,1/8/1967,Georgia,USA,80,200,TRUE,TRUE,FALSE,1988,1,10,Willie Anderson
339,Tom,Gugliotta,12/19/1969,North Carolina State,USA,82,250,FALSE,TRUE,FALSE,1992,1,6,Tom Gugliotta
340,Kevin,Pritchard,7/17/1967,Kansas,USA,75,180,TRUE,FALSE,FALSE,1990,2,34,Kevin Pritchard
341,Joe,Wolf,12/17/1964,North Carolina,USA,83,341,FALSE,FALSE,FALSE,1987,1,13,Joe Wolf
342,Andy,Toolson,1/19/1966,Brigham Young,USA,78,210,FALSE,TRUE,FALSE,-1,-1,-1,Andy Toolson
344,Dana,Barros,4/13/1967,Boston College,USA,71,165,TRUE,FALSE,FALSE,1989,1,16,Dana Barros
345,Terry,Porter,4/8/1963,Wisconsin-Stevens Point,USA,75,205,TRUE,FALSE,FALSE,1985,1,24,Terry Porter
346,Doug,Edwards,1/21/1971,Florida State,USA,79,235,FALSE,TRUE,FALSE,1993,1,15,Doug Edwards
348,Mitchell,Butler,12/15/1970,UCLA,USA,77,210,TRUE,FALSE,FALSE,-1,-1,-1,Mitchell Butler
349,Mark,Jackson,4/1/1965,St. John's (NY),USA,75,195,TRUE,FALSE,FALSE,1987,1,18,Mark Jackson
351,Stacey,King,1/29/1967,Oklahoma,USA,83,250,FALSE,TRUE,TRUE,1989,1,6,Stacey King
353,Darrell,Armstrong,6/22/1968,Fayetteville State,USA,73,180,TRUE,FALSE,FALSE,-1,-1,-1,Darrell Armstrong
355,Vincent,Askew,2/28/1966,Memphis,USA,78,210,TRUE,FALSE,FALSE,1987,2,39,Vincent Askew
356,Chris,Morris,1/20/1966,Auburn,USA,80,228,FALSE,TRUE,FALSE,1988,1,4,Chris Morris
357,Greg,Sutton,12/3/1967,Oral Roberts,USA,74,185,TRUE,FALSE,FALSE,1991,2,49,Greg Sutton
358,Anfernee,Hardaway,7/18/1971,Memphis,USA,79,215,FALSE,TRUE,FALSE,1993,1,3,Anfernee Hardaway
359,Chucky,Brown,2/29/1968,North Carolina State,USA,80,359,FALSE,TRUE,FALSE,1989,2,43,Chucky Brown
361,Clifford,Robinson,12/16/1966,Connecticut,USA,82,245,FALSE,TRUE,TRUE,1989,2,36,Clifford Robinson
363,Christian,Laettner,8/17/1969,Duke,USA,83,245,FALSE,TRUE,TRUE,1992,1,3,Christian Laettner
364,Rex,Chapman,10/5/1967,Kentucky,USA,76,185,TRUE,FALSE,FALSE,1988,1,8,Rex Chapman
365,Derrick,McKey,10/10/1966,Alabama,USA,82,241,FALSE,TRUE,FALSE,1987,1,9,Derrick McKey
368,Dwayne,Schintzius,10/14/1968,Florida,USA,86,285,FALSE,FALSE,TRUE,1990,1,24,Dwayne Schintzius
369,Charlie,Ward,10/12/1970,Florida State,USA,74,185,TRUE,FALSE,FALSE,1994,1,26,Charlie Ward
371,Terry,Mills,12/21/1967,Michigan,USA,82,230,FALSE,TRUE,FALSE,1990,1,16,Terry Mills
375,Isaiah,Rider,3/12/1971,UNLV,USA,77,215,TRUE,FALSE,FALSE,1993,1,5,Isaiah Rider
376,Eric,Montross,9/23/1971,North Carolina,USA,84,270,FALSE,FALSE,TRUE,1994,1,9,Eric Montross
378,Craig,Ehlo,8/11/1961,Washington State,USA,78,180,TRUE,FALSE,FALSE,1983,3,48,Craig Ehlo
380,Tony,Smith,6/14/1968,Marquette,USA,,380,FALSE,FALSE,FALSE,1990,2,51,Tony Smith
381,James,Robinson,8/31/1970,Alabama,USA,,,TRUE,FALSE,FALSE,1993,1,21,James Robinson
383,Kendall,Gill,5/25/1968,Illinois,USA,77,216,TRUE,FALSE,FALSE,1990,1,5,Kendall Gill
384,Calbert,Cheaney,7/17/1971,Indiana,USA,79,210,TRUE,TRUE,FALSE,1993,1,6,Calbert Cheaney
386,Elliot,Perry,3/28/1969,Memphis,USA,72,150,TRUE,FALSE,FALSE,1991,2,37,Elliot Perry
389,Toni,Kukoc,9/18/1968,Benetton Treviso,Croatia,83,235,FALSE,TRUE,FALSE,1990,2,29,Toni Kukoc
390,Sasha,Danilovic,2/26/1970,Virtus Bologna,Serbia,78,200,TRUE,FALSE,FALSE,1992,2,43,Sasha Danilovic
393,Rod,Strickland,7/11/1966,DePaul,USA,75,185,TRUE,FALSE,FALSE,1988,1,19,Rod Strickland
397,Reggie,Miller,8/24/1965,UCLA,USA,79,397,TRUE,FALSE,FALSE,1987,1,11,Reggie Miller
399,Sean,Rooks,9/9/1969,Arizona,USA,82,399,FALSE,FALSE,TRUE,1992,2,30,Sean Rooks
400,Derek,Strong,2/9/1968,Xavier,USA,81,240,FALSE,TRUE,FALSE,1990,2,47,Derek Strong
402,Jon,Koncak,5/17/1963,Southern Methodist,USA,84,250,FALSE,FALSE,TRUE,1985,1,5,Jon Koncak
404,Kevin,Duckworth,4/1/1964,Eastern Illinois,USA,84,300,FALSE,FALSE,TRUE,1986,2,33,Kevin Duckworth
406,Shaquille,O'Neal,3/6/1972,Louisiana State,USA,85,325,FALSE,FALSE,TRUE,1992,1,1,Shaquille O'Neal
412,Sharone,Wright,1/30/1973,Clemson,USA,83,260,FALSE,FALSE,TRUE,1994,1,6,Sharone Wright
416,Willie,Burton,5/26/1968,Minnesota,USA,80,210,FALSE,TRUE,FALSE,1990,1,9,Willie Burton
417,Sam,Mitchell,9/2/1963,Mercer,USA,79,215,FALSE,TRUE,FALSE,1985,3,54,Sam Mitchell
418,Scott,Brooks,7/31/1965,California-Irvine,USA,71,165,TRUE,FALSE,FALSE,-1,-1,-1,Scott Brooks
420,Jayson,Williams,2/22/1968,St. John's (NY),USA,81,240,FALSE,TRUE,FALSE,1990,1,21,Jayson Williams
422,Avery,Johnson,3/25/1965,Southern,USA,71,185,TRUE,FALSE,FALSE,-1,-1,-1,Avery Johnson
423,Chris,Gatling,9/3/1967,Old Dominion,USA,,,FALSE,TRUE,FALSE,1991,1,16,Chris Gatling
426,Terry,Davis,6/17/1967,Virginia Union,USA,82,270,FALSE,TRUE,TRUE,-1,-1,-1,Terry Davis
428,Sherman,Douglas,9/15/1966,Syracuse,USA,,,TRUE,FALSE,FALSE,1989,2,28,Sherman Douglas
431,Shawn,Kemp,11/26/1969,Concord HS (IN),USA,82,280,FALSE,TRUE,FALSE,1989,1,17,Shawn Kemp
432,Pete,Chilcutt,9/14/1968,North Carolina,USA,82,230,FALSE,TRUE,FALSE,1991,1,27,Pete Chilcutt
433,Buck,Williams,3/8/1960,Maryland,USA,80,225,FALSE,TRUE,FALSE,1981,1,3,Buck Williams
434,Tony,Dumas,8/25/1972,Missouri-Kansas City,USA,78,190,TRUE,FALSE,FALSE,1994,1,19,Tony Dumas
435,Carlos,Rogers,2/6/1971,Tennessee State,USA,83,435,FALSE,TRUE,TRUE,1994,1,11,Carlos Rogers
436,Juwan,Howard,2/7/1973,Michigan,USA,81,250,FALSE,TRUE,FALSE,1994,1,5,Juwan Howard
438,Robert,Werdann,9/12/1970,St. John's (NY),USA,83,250,FALSE,FALSE,TRUE,1992,2,46,Robert Werdann
440,Zan,Tabak,6/15/1970,Olimpia Milano,Croatia,84,257,FALSE,FALSE,TRUE,1991,2,51,Zan Tabak
441,Lamond,Murray,4/20/1973,California,USA,79,235,FALSE,TRUE,FALSE,1994,1,7,Lamond Murray
442,Pervis,Ellison,4/3/1967,Louisville,USA,,,FALSE,FALSE,TRUE,1989,1,1,Pervis Ellison
445,Wesley,Person,3/28/1971,Auburn,USA,78,200,TRUE,TRUE,FALSE,1994,1,23,Wesley Person
446,Lucious,Harris,12/18/1970,Long Beach State,USA,77,205,TRUE,FALSE,FALSE,1993,2,28,Lucious Harris
448,Bo,Outlaw,4/13/1971,Houston,USA,80,220,FALSE,TRUE,FALSE,-1,-1,-1,Bo Outlaw
452,Vin,Baker,11/23/1971,Hartford,USA,83,240,FALSE,TRUE,FALSE,1993,1,8,Vin Baker
456,Chuck,Person,6/27/1964,Auburn,USA,80,241,FALSE,TRUE,FALSE,1986,1,4,Chuck Person
457,Andrew,Lang,6/28/1966,Arkansas,USA,83,275,FALSE,FALSE,TRUE,1988,2,28,Andrew Lang
458,Howard,Eisley,12/4/1972,Boston College,USA,74,185,TRUE,FALSE,FALSE,1994,2,30,Howard Eisley
460,Trevor,Ruffin,9/26/1970,Hawaii,USA,73,460,TRUE,FALSE,FALSE,-22,-22,-22,Trevor Ruffin
461,Popeye,Jones,6/17/1970,Murray State,USA,80,265,FALSE,TRUE,FALSE,1992,2,41,Popeye Jones
462,J.R.,Reid,3/31/1968,North Carolina,USA,,,FALSE,TRUE,FALSE,1989,1,5,J.R. Reid
467,Jason,Kidd,3/23/1973,California,USA,76,210,TRUE,FALSE,FALSE,1994,1,2,Jason Kidd
468,Jon,Barry,7/25/1969,Georgia Tech,USA,77,210,TRUE,FALSE,FALSE,1992,1,21,Jon Barry
469,Jamal,Mashburn,11/29/1972,Kentucky,USA,80,247,FALSE,TRUE,FALSE,1993,1,4,Jamal Mashburn
470,Doc,Rivers,10/13/1961,Marquette,USA,76,210,TRUE,FALSE,FALSE,1983,2,31,Doc Rivers
474,Stefano,Rusconi,2/10/1968,Benetton Treviso,Italy,81,240,FALSE,TRUE,FALSE,1990,2,52,Stefano Rusconi
475,Doug,Smith,9/17/1969,Missouri,USA,82,220,FALSE,TRUE,FALSE,1991,1,6,Doug Smith
500,Barrett,Barrett,,,,,,,,,,,,Barrett Barrett
501,Cakarevic,Cakarevic,,,,,,,,,,,,Cakarevic Cakarevic
502,Diakite,Diakite,,,,,,,,,,,,Diakite Diakite
504,Foirest,Foirest,,,,,,,,,,,,Foirest Foirest
505,Brian,Greene,,,,,,,,,,,,Brian Greene
507,Masingue,Masingue,,,,,,,,,,,,Masingue Masingue
509,Amara,Sy,,,,,,,,,,,,Amara Sy
510,Troutman,Troutman,,,,,,,,,,,,Troutman Troutman
511,Melvin,Booker,8/20/1972,Missouri,USA,74,511,TRUE,FALSE,FALSE,-22,-22,-22,Melvin Booker
512,Vladimir,Diachok,,,,,,,,,,,,Vladimir Diachok
513,Vitaly,Fridzon,,,,,,,,,,,,Vitaly Fridzon
514,Boris,Gorenc,,,,,,,,,,,,Boris Gorenc
516,Sergey,Krasnikov,,,,,,,,,,,,Sergey Krasnikov
518,Timofey,Mozgov,,,,,,,,,,,,Timofey Mozgov
519,Ademola,Okulaja,,,,,,,,,,,,Ademola Okulaja
520,Pavel,Podkolzin,,,,,,,,,,,,Pavel Podkolzin
521,G.,Pozzecco,,,,,,,,,,,,G. Pozzecco
522,Savkov,Savkov,,,,,,,,,,,,Savkov Savkov
523,Torres,Torres,,,,,,,,,,,,Torres Torres
524,Wolkowyski,Wolkowyski,,,,,,,,,,,,Wolkowyski Wolkowyski
525,Andersen,Andersen,,,,,,,,,,,,Andersen Andersen
526,Holden,Holden,,,,,,,,,,,,Holden Holden
527,Kurbanov,Kurbanov,,,,,,,,,,,,Kurbanov Kurbanov
528,Trajan,Langdon,,,,,,,,,,,,Trajan Langdon
529,Pachoutine,Pachoutine,,,,,,,,,,,,Pachoutine Pachoutine
530,Theo,Papaloukas,,,,,,,,,,,,Theo Papaloukas
531,Anton,Ponkrashov,,,,,,,,,,,,Anton Ponkrashov
533,Smodis,Smodis,,,,,,,,,,,,Smodis Smodis
534,Van Den Spiegel,Van Den Spiegel,,,,,,,,,,,,Van Den Spiegel Van Den Spiegel
535,Vanterpool,Vanterpool,,,,,,,,,,,,Vanterpool Vanterpool
536,Voroncevich,Voroncevich,,,,,,,,,,,,Voroncevich Voroncevich
537,Bodiroga,Bodiroga,,,,,,,,,,,,Bodiroga Bodiroga
538,Cinciarini,Cinciarini,,,,,,,,,,,,Cinciarini Cinciarini
539,Garri,Garri,,,,,,,,,,,,Garri Garri
540,Giachetti,Giachetti,,,,,,,,,,,,Giachetti Giachetti
541,Hawkins,Hawkins,,,,,,,,,,,,Hawkins Hawkins
542,Ilievski,Ilievski,,,,,,,,,,,,Ilievski Ilievski
543,Mavrokefalidis,Mavrokefalidis,,,,,,,,,,,,Mavrokefalidis Mavrokefalidis
544,Moiso,Moiso,,,,,,,,,,,,Moiso Moiso
545,Righetti,Righetti,,,,,,,,,,,,Righetti Righetti
546,Tonolli,Tonolli,,,,,,,,,,,,Tonolli Tonolli
547,Arnold,Arnold,,,,,,,,,,,,Arnold Arnold
548,Buford,Buford,,,,,,,,,,,,Buford Buford
550,Will,Bynum,,,,,,,,,,,,Will Bynum
551,Omri,Casspi,,,,,,,,,,,,Omri Casspi
552,Elyahu,Elyahu,,,,,,,,,,,,Elyahu Elyahu
554,Green,Green,,,,,,,,,,,,Green Green
555,Jasaitis,Jasaitis,,,,,,,,,,,,Jasaitis Jasaitis
556,Derrick,Sharp,,,,,,,,,,,,Derrick Sharp
557,Shason,Shason,,,,,,,,,,,,Shason Shason
558,,Austin,,,,,,,,,,,, Austin
559,Basile,Basile,,,,,,,,,,,,Basile Basile
560,de la Fuente,de la Fuente,,,,,,,,,,,,de la Fuente de la Fuente
561,Grimau,Grimau,,,,,,,,,,,,Grimau Grimau
562,Kakiouzis,Kakiouzis,,,,,,,,,,,,Kakiouzis Kakiouzis
563,Kasun,Kasun,,,,,,,,,,,,Kasun Kasun
564,Lakovic,Lakovic,,,,,,,,,,,,Lakovic Lakovic
565,Marconato,Marconato,,,,,,,,,,,,Marconato Marconato
566,Navarro,Navarro,,,,,,,,,,,,Navarro Navarro
567,Trias,Trias,,,,,,,,,,,,Trias Trias
568,Ukic,Ukic,,,,,,,,,,,,Ukic Ukic
569,Vazquez,Vazquez,,,,,,,,,,,,Vazquez Vazquez
572,Yotam,Halperin,,,,,,,,,,,,Yotam Halperin
574,Cenk,Akyol,,,,,,,,,,,,Cenk Akyol
575,Kerem,Gonlum,,,,,,,,,,,,Kerem Gonlum
577,Marcus,Haislip,,,,,,,,,,,,Marcus Haislip
578,Baris,Hersek,,,,,,,,,,,,Baris Hersek
579,Horace,Jenkins,,,,,,,,,,,,Horace Jenkins
580,Ermal,Kurtoglu,,,,,,,,,,,,Ermal Kurtoglu
581,Drew,Nicholas,,,,,,,,,,,,Drew Nicholas
582,Mustafa,Abi,,,,,,,,,,,,Mustafa Abi
583,Cuneyt,Erden,,,,,,,,,,,,Cuneyt Erden
584,Bora Hun,Pacun,,,,,,,,,,,,Bora Hun Pacun
586,Ermal,Kuqo,,,,,,,,,,,,Ermal Kuqo
587,Antoine,Eito,,,,,,,,,,,,Antoine Eito
588,Harold,Mrazek,,,,,,,,,,,,Harold Mrazek
589,Kevin,Joss-rauze,,,,,,,,,,,,Kevin Joss-rauze
590,Ender,Arslan,,,,,,,,,,,,Ender Arslan
591,Andre,Hutson,,,,,,,,,,,,Andre Hutson
671,Donnie,Boyce,9/2/1973,Colorado,USA,77,196,TRUE,FALSE,FALSE,1995,2,42,Donnie Boyce
672,Matt,Bullard,6/5/1967,Iowa,USA,82,229,FALSE,TRUE,FALSE,-1,-1,-1,Matt Bullard
673,Alan,Henderson,12/2/1972,Indiana,USA,81,240,FALSE,TRUE,TRUE,1995,1,16,Alan Henderson
674,Reggie,Jordan,1/26/1968,New Mexico State,USA,76,195,TRUE,FALSE,FALSE,-1,-1,-1,Reggie Jordan
675,Junior,Burrough,1/18/1973,Virginia,USA,80,242,FALSE,TRUE,FALSE,1995,2,33,Junior Burrough
676,Thomas,Hamilton,4/3/1975,Pittsburgh,USA,86,330,FALSE,FALSE,TRUE,-1,-1,-1,Thomas Hamilton
677,Eric,Williams,7/17/1972,Providence,USA,80,220,TRUE,TRUE,FALSE,1995,1,14,Eric Williams
678,George,Zidek,8/2/1973,UCLA,USA,84,250,FALSE,FALSE,TRUE,1995,1,22,George Zidek
679,Jason,Caffey,6/12/1973,Alabama,USA,80,256,FALSE,TRUE,FALSE,1995,1,20,Jason Caffey
680,John,Amaechi,11/26/1970,Penn State,United Kingdom,82,270,FALSE,TRUE,TRUE,-1,-1,-1,John Amaechi
681,Donny,Marshall,7/17/1972,Connecticut,USA,79,230,FALSE,TRUE,FALSE,1995,2,39,Donny Marshall
682,Bob,Sura,3/25/1973,Florida State,USA,77,200,TRUE,FALSE,FALSE,1995,1,17,Bob Sura
683,Darryl,Johnson,10/26/1965,Michigan State,USA,73,170,TRUE,FALSE,FALSE,1987,3,58,Darryl Johnson
684,Loren,Meyer,12/30/1972,Iowa State,USA,82,684,FALSE,TRUE,TRUE,1995,1,24,Loren Meyer
685,Cherokee,Parks,10/11/1972,Duke,USA,83,240,FALSE,TRUE,TRUE,1995,1,12,Cherokee Parks
686,Antonio,McDyess,9/7/1974,Alabama,USA,81,245,FALSE,TRUE,TRUE,1995,1,2,Antonio McDyess
687,Rastko,Cvetkovic,6/22/1970,Crvena zvezda,Serbia,85,260,FALSE,FALSE,TRUE,-1,-1,-1,Rastko Cvetkovic
688,Michael,Curry,8/22/1968,Georgia Southern,USA,77,210,TRUE,TRUE,FALSE,-1,-1,-1,Michael Curry
689,Theo,Ratliff,4/17/1973,Wyoming,USA,82,235,FALSE,FALSE,TRUE,1995,1,18,Theo Ratliff
690,Don,Reid,12/30/1973,Georgetown,USA,80,250,FALSE,TRUE,FALSE,1995,2,58,Don Reid
691,Lou,Roe,7/14/1972,Massachusetts,USA,79,220,FALSE,TRUE,FALSE,1995,2,30,Lou Roe
692,Andrew,DeClercq,2/1/1973,Florida,USA,82,255,FALSE,FALSE,TRUE,1995,2,34,Andrew DeClercq
693,Joe,Smith,7/26/1975,Maryland,USA,82,225,FALSE,TRUE,TRUE,1995,1,1,Joe Smith
694,Sam,Mack,5/26/1970,Houston,USA,,,TRUE,FALSE,FALSE,-1,-1,-1,Sam Mack
695,Eldridge,Recasner,12/14/1967,Washington,USA,,695,FALSE,FALSE,FALSE,-22,-22,-22,Eldridge Recasner
696,Travis,Best,7/12/1972,Georgia Tech,USA,71,182,TRUE,FALSE,FALSE,1995,1,23,Travis Best
697,Fred,Hoiberg,10/15/1972,Iowa State,USA,77,203,TRUE,FALSE,FALSE,1995,2,52,Fred Hoiberg
698,Eddie,Johnson,5/1/1959,Illinois,USA,,,FALSE,TRUE,FALSE,1981,2,29,Eddie Johnson
699,Brent,Barry,12/31/1971,Oregon State,USA,79,210,TRUE,FALSE,FALSE,1995,1,15,Brent Barry
700,Keith,Tower,5/15/1970,Notre Dame,USA,83,250,FALSE,FALSE,TRUE,-1,-1,-1,Keith Tower
701,Frankie,King,6/6/1972,Western Carolina,USA,73,185,TRUE,FALSE,FALSE,1995,2,37,Frankie King
702,Voshon,Lenard,5/14/1973,Minnesota,USA,76,205,TRUE,FALSE,FALSE,1994,2,46,Voshon Lenard
703,Kurt,Thomas,10/4/1972,TCU,USA,81,240,FALSE,TRUE,FALSE,1995,1,10,Kurt Thomas
704,Shawn,Respert,2/6/1972,Michigan State,USA,73,195,TRUE,FALSE,FALSE,1995,1,8,Shawn Respert
705,Randolph,Keys,4/19/1966,Southern Mississippi,USA,79,210,FALSE,TRUE,FALSE,1988,1,22,Randolph Keys
706,Jerome,Allen,1/28/1973,Pennsylvania,USA,76,706,TRUE,FALSE,FALSE,1995,2,49,Jerome Allen
707,Mark,Davis,4/26/1973,Texas Tech,USA,79,205,TRUE,TRUE,FALSE,1995,2,48,Mark Davis
708,Kevin,Garnett,5/19/1976,Farragut Academy HS (IL),USA,83,240,FALSE,TRUE,FALSE,1995,1,5,Kevin Garnett
709,Ed,O'Bannon,8/14/1972,UCLA,USA,80,222,FALSE,TRUE,FALSE,1995,1,9,Ed O'Bannon
710,David,Vaughn,3/23/1973,Memphis,USA,81,240,FALSE,TRUE,FALSE,1995,1,25,David Vaughn
711,Jerry,Stackhouse,11/5/1974,North Carolina,USA,78,218,FALSE,TRUE,FALSE,1995,1,3,Jerry Stackhouse
712,Mario,Bennett,8/1/1973,Arizona State,USA,81,235,FALSE,TRUE,TRUE,1995,1,27,Mario Bennett
713,Chris,Carr,3/12/1974,Southern Illinois,USA,78,220,TRUE,FALSE,FALSE,1995,2,56,Chris Carr
714,Michael,Finley,3/6/1973,Wisconsin,USA,79,225,TRUE,TRUE,FALSE,1995,1,21,Michael Finley
715,John,Coker,10/28/1971,Boise State,USA,,,,,,-1,-1,-1,John Coker
716,Rumeal,Robinson,11/13/1966,Michigan,USA,74,195,TRUE,FALSE,FALSE,1990,1,10,Rumeal Robinson
717,Arvydas,Sabonis,12/19/1964,Real Madrid,Lithuania,87,292,FALSE,FALSE,TRUE,1986,1,24,Arvydas Sabonis
718,Gary,Trent,9/22/1974,Ohio,USA,80,250,FALSE,TRUE,FALSE,1995,1,11,Gary Trent
719,Randolph,Childress,9/21/1972,Wake Forest,USA,74,188,TRUE,FALSE,FALSE,1995,1,19,Randolph Childress
720,Terrence,Rencher,2/19/1973,Texas-Austin,USA,75,185,TRUE,FALSE,FALSE,1995,2,32,Terrence Rencher
721,Tyus,Edney,2/14/1973,UCLA,USA,70,166,TRUE,FALSE,FALSE,1995,2,47,Tyus Edney
722,Corliss,Williamson,12/4/1973,Arkansas,USA,79,245,FALSE,TRUE,FALSE,1995,1,13,Corliss Williamson
723,Clint,McDaniel,2/26/1972,Arkansas,USA,76,180,TRUE,FALSE,FALSE,-1,-1,-1,Clint McDaniel
724,Cory,Alexander,6/22/1973,Virginia,USA,73,190,TRUE,FALSE,FALSE,1995,1,29,Cory Alexander
725,Dell,Demps,2/12/1970,Pacific,USA,75,205,TRUE,FALSE,FALSE,-1,-1,-1,Dell Demps
726,Sherell,Ford,8/26/1972,Illinois-Chicago,USA,79,210,FALSE,TRUE,FALSE,1995,1,26,Sherell Ford
727,Eric,Snow,4/24/1973,Michigan State,USA,75,205,TRUE,FALSE,FALSE,1995,2,43,Eric Snow
728,Jimmy,King,8/9/1973,Michigan,USA,77,210,TRUE,FALSE,FALSE,1995,2,35,Jimmy King
729,Martin,Lewis,4/28/1975,Seward County CC,USA,78,225,FALSE,TRUE,FALSE,1995,2,50,Martin Lewis
730,Dwayne,Whitfield,8/21/1972,Jackson State,USA,79,240,FALSE,TRUE,FALSE,1995,2,40,Dwayne Whitfield
731,Greg,Ostertag,3/6/1973,Kansas,USA,86,280,FALSE,FALSE,TRUE,1995,1,28,Greg Ostertag
732,Ashraf,Amaya,11/23/1971,Southern Illinois,USA,80,732,FALSE,FALSE,FALSE,-22,-22,-22,Ashraf Amaya
733,Cuonzo,Martin,9/23/1971,Purdue,USA,77,213,TRUE,FALSE,FALSE,1995,2,57,Cuonzo Martin
734,Lawrence,Moten,3/25/1972,Syracuse,USA,77,185,TRUE,FALSE,FALSE,1995,2,36,Lawrence Moten
735,Bryant,Reeves,6/8/1973,Oklahoma State,USA,84,290,FALSE,FALSE,TRUE,1995,1,6,Bryant Reeves
736,Cedric,Lewis,9/24/1969,Maryland,USA,82,235,FALSE,TRUE,FALSE,-1,-1,-1,Cedric Lewis
737,Bob,McCann,4/22/1964,Morehead State,USA,78,244,FALSE,TRUE,FALSE,1987,2,32,Bob McCann
738,Bob,Thornton,7/10/1962,California-Irvine,USA,82,225,FALSE,TRUE,FALSE,1984,4,87,Bob Thornton
739,Rasheed,Wallace,9/17/1974,North Carolina,USA,83,230,FALSE,TRUE,TRUE,1995,1,4,Rasheed Wallace
753,Randy,Brown,5/22/1968,New Mexico State,USA,74,190,TRUE,FALSE,FALSE,1991,2,31,Randy Brown
754,Jim,Jackson,10/14/1970,Ohio State,USA,78,220,TRUE,TRUE,FALSE,1992,1,4,Jim Jackson
757,Damon,Stoudamire,9/3/1973,Arizona,USA,70,171,TRUE,FALSE,FALSE,1995,1,7,Damon Stoudamire
760,Jerome,Kersey,6/26/1962,Longwood,USA,,,,,,1984,2,46,Jerome Kersey
761,Matt,Geiger,9/10/1969,Georgia Tech,USA,84,243,FALSE,FALSE,TRUE,1992,2,42,Matt Geiger
762,Shawn,Bradley,3/22/1972,Brigham Young,USA,90,275,FALSE,FALSE,TRUE,1993,1,2,Shawn Bradley
763,Tony,Massenburg,7/31/1967,Maryland,USA,81,250,FALSE,TRUE,TRUE,1990,2,43,Tony Massenburg
764,David,Robinson,8/6/1965,Navy,USA,85,250,FALSE,FALSE,TRUE,1987,1,1,David Robinson
765,Hersey,Hawkins,9/29/1966,Bradley,USA,75,200,TRUE,FALSE,FALSE,1988,1,6,Hersey Hawkins
766,David,Wingate,12/15/1963,Georgetown,USA,77,187,TRUE,TRUE,FALSE,1986,2,44,David Wingate
767,Terry,Catledge,8/22/1963,South Alabama,USA,80,220,FALSE,TRUE,FALSE,1985,1,21,Terry Catledge
768,Acie,Earl,6/23/1970,Iowa,USA,83,240,FALSE,TRUE,TRUE,1993,1,19,Acie Earl
769,B.J.,Armstrong,9/9/1967,Iowa,USA,74,185,TRUE,FALSE,FALSE,1989,1,18,B.J. Armstrong
770,Mark,West,11/5/1960,Old Dominion,USA,82,770,FALSE,FALSE,FALSE,1983,2,30,Mark West
771,Elmore,Spencer,12/6/1969,UNLV,USA,84,270,FALSE,FALSE,TRUE,1992,1,25,Elmore Spencer
777,Rex,Walters,3/12/1970,Kansas,USA,76,190,TRUE,FALSE,FALSE,1993,1,16,Rex Walters
779,Glen,Rice,5/28/1967,Michigan,USA,80,228,TRUE,TRUE,FALSE,1989,1,4,Glen Rice
780,Byron,Houston,11/22/1969,Oklahoma State,USA,77,250,FALSE,TRUE,FALSE,1992,1,27,Byron Houston
781,Will,Perdue,8/29/1965,Vanderbilt,USA,84,781,FALSE,FALSE,TRUE,1988,1,11,Will Perdue
782,Mitch,Richmond,6/30/1965,Kansas State,USA,77,220,TRUE,FALSE,FALSE,1988,1,5,Mitch Richmond
783,Frank,Brickowski,8/14/1959,Penn State,USA,81,240,FALSE,TRUE,FALSE,1981,3,57,Frank Brickowski
785,Eric,Murdock,6/14/1968,Providence,USA,73,785,FALSE,FALSE,FALSE,1991,1,21,Eric Murdock
786,Gerald,Wilkins,9/11/1963,Tennessee-Chattanooga,USA,78,185,TRUE,FALSE,FALSE,1985,2,47,Gerald Wilkins
787,Charles,Barkley,2/20/1963,Auburn,USA,78,252,FALSE,TRUE,FALSE,1984,1,5,Charles Barkley
788,Kevin,Willis,9/6/1962,Michigan State,USA,84,245,FALSE,TRUE,TRUE,1984,1,11,Kevin Willis
813,Bernie,Bickerstaff,,,,,,,,,,,,Bernie Bickerstaff
891,Charles,Oakley,12/18/1963,Virginia Union,USA,81,245,FALSE,TRUE,FALSE,1985,1,9,Charles Oakley
892,Spud,Webb,7/13/1963,North Carolina State,USA,66,133,TRUE,FALSE,FALSE,1985,4,87,Spud Webb
893,Michael,Jordan,2/17/1963,North Carolina,USA,78,216,TRUE,FALSE,FALSE,1984,1,3,Michael Jordan
894,Ricky,Pierce,8/19/1959,Rice,USA,76,215,TRUE,FALSE,FALSE,1982,1,18,Ricky Pierce
895,Tyrone,Corbin,12/31/1962,DePaul,USA,,,FALSE,TRUE,FALSE,1985,2,35,Tyrone Corbin
896,Tim,Hardaway,9/1/1966,Texas-El Paso,USA,72,195,TRUE,FALSE,FALSE,1989,1,14,Tim Hardaway
897,Tim,Perry,6/4/1965,Temple,USA,81,200,FALSE,TRUE,FALSE,1988,1,7,Tim Perry
898,Blue,Edwards,10/31/1965,East Carolina,USA,76,200,FALSE,TRUE,FALSE,1989,1,21,Blue Edwards
899,Mark,Price,2/15/1964,Georgia Tech,USA,72,180,TRUE,FALSE,FALSE,1986,2,25,Mark Price
900,Matt,Fish,11/18/1969,North Carolina-Wilmington,USA,83,900,FALSE,FALSE,FALSE,1992,2,50,Matt Fish
901,Otis,Thorpe,8/5/1962,Providence,USA,82,248,FALSE,TRUE,TRUE,1984,1,9,Otis Thorpe
902,Bimbo,Coles,4/22/1968,Virginia Tech,USA,74,182,TRUE,FALSE,FALSE,1990,2,40,Bimbo Coles
903,Geert,Hammink,7/12/1969,Louisiana State,Netherlands,84,262,FALSE,TRUE,TRUE,1993,1,26,Geert Hammink
904,Chris,Mullin,7/30/1963,St. John's (NY),USA,,,FALSE,TRUE,FALSE,1985,1,7,Chris Mullin
905,Dale,Davis,3/25/1969,Clemson,USA,83,252,FALSE,TRUE,TRUE,1991,1,13,Dale Davis
906,Haywoode,Workman,1/23/1966,Oral Roberts,USA,74,180,TRUE,FALSE,FALSE,1989,2,49,Haywoode Workman
907,Malik,Sealy,2/1/1970,St. John's (NY),USA,80,200,TRUE,TRUE,FALSE,1992,1,14,Malik Sealy
911,Ervin,Johnson,12/21/1967,New Orleans,USA,83,245,FALSE,FALSE,TRUE,1993,1,23,Ervin Johnson
912,Rafael,Addison,7/22/1964,Syracuse,USA,80,241,FALSE,TRUE,FALSE,1986,2,39,Rafael Addison
913,Larry,Johnson,3/14/1969,UNLV,USA,79,235,FALSE,TRUE,FALSE,1991,1,1,Larry Johnson
914,Stanley,Roberts,2/7/1970,Louisiana State,USA,84,290,FALSE,FALSE,TRUE,1991,1,23,Stanley Roberts
915,Rodney,Rogers,6/20/1971,Wake Forest,USA,79,235,FALSE,TRUE,FALSE,1993,1,9,Rodney Rogers
916,Corie,Blount,1/4/1969,Cincinnati,USA,82,242,FALSE,TRUE,TRUE,1993,1,25,Corie Blount
917,Jack,Haley,1/27/1964,UCLA,USA,82,240,FALSE,TRUE,FALSE,1987,4,79,Jack Haley
919,Loy,Vaught,2/27/1968,Michigan,USA,81,240,FALSE,TRUE,TRUE,1990,1,13,Loy Vaught
920,A.C.,Green,10/4/1963,Oregon State,USA,81,225,FALSE,TRUE,FALSE,1985,1,23,A.C. Green
921,Brad,Daugherty,10/19/1965,North Carolina,USA,84,245,FALSE,FALSE,TRUE,1986,1,1,Brad Daugherty
922,Elden,Campbell,7/23/1968,Clemson,USA,84,279,FALSE,TRUE,TRUE,1990,1,27,Elden Campbell
923,Donyell,Marshall,5/18/1973,Connecticut,USA,81,245,FALSE,TRUE,FALSE,1994,1,4,Donyell Marshall
924,Anthony,Goldwire,9/6/1971,Houston,USA,74,182,TRUE,FALSE,FALSE,1994,2,52,Anthony Goldwire
925,Sean,Higgins,12/30/1968,Michigan,USA,81,205,FALSE,TRUE,FALSE,1990,2,54,Sean Higgins
926,Alvin,Robertson,7/22/1962,Arkansas,USA,76,208,TRUE,FALSE,FALSE,1984,1,7,Alvin Robertson
927,John,Salley,5/16/1964,Georgia Tech,USA,83,927,FALSE,TRUE,TRUE,1986,1,11,John Salley
928,Robert,Churchwell,2/20/1972,Georgetown,USA,78,195,FALSE,TRUE,FALSE,-1,-1,-1,Robert Churchwell
929,Tracy,Moore,12/28/1965,Tulsa,USA,76,200,TRUE,FALSE,FALSE,-1,-1,-1,Tracy Moore
930,Kenny,Gattison,5/23/1964,Old Dominion,USA,80,930,FALSE,TRUE,FALSE,1986,3,55,Kenny Gattison
931,Don,MacLean,1/16/1970,UCLA,USA,,,FALSE,TRUE,FALSE,1992,1,19,Don MacLean
932,Oliver,Miller,4/6/1970,Arkansas,USA,81,315,FALSE,FALSE,TRUE,1992,1,22,Oliver Miller
934,Derrick,Coleman,6/21/1967,Syracuse,USA,82,270,FALSE,TRUE,FALSE,1990,1,1,Derrick Coleman
935,Bryon,Russell,12/31/1970,Long Beach State,USA,79,225,TRUE,TRUE,FALSE,1993,2,45,Bryon Russell
937,Scottie,Pippen,9/25/1965,Central Arkansas,USA,80,228,TRUE,TRUE,FALSE,1987,1,5,Scottie Pippen
938,Rony,Seikaly,5/10/1965,Syracuse,USA,83,253,FALSE,FALSE,TRUE,1988,1,9,Rony Seikaly
939,Pete,Myers,9/15/1963,Arkansas-Little Rock,USA,78,180,TRUE,FALSE,FALSE,1986,6,120,Pete Myers
940,Earl,Cureton,9/3/1957,Detroit,USA,81,940,FALSE,FALSE,FALSE,1979,3,58,Earl Cureton
941,Ennis,Whatley,8/11/1962,Alabama,USA,75,941,FALSE,FALSE,FALSE,1983,1,13,Ennis Whatley
942,Todd,Mundt,5/17/1970,Delta State,USA,84,942,FALSE,FALSE,TRUE,-22,-22,-22,Todd Mundt
943,Ryan,Lorthridge,7/27/1972,Jackson State,USA,76,190,TRUE,FALSE,FALSE,-1,-1,-1,Ryan Lorthridge
944,Eric,Anderson,5/26/1970,Indiana,USA,81,220,FALSE,TRUE,FALSE,-1,-1,-1,Eric Anderson
947,Allen,Iverson,6/7/1975,Georgetown,USA,72,165,TRUE,FALSE,FALSE,1996,1,1,Allen Iverson
948,Marcus,Camby,3/22/1974,Massachusetts,USA,83,240,FALSE,TRUE,TRUE,1996,1,2,Marcus Camby
949,Shareef,Abdur-Rahim,12/11/1976,California,USA,81,245,FALSE,TRUE,FALSE,1996,1,3,Shareef Abdur-Rahim
950,Stephon,Marbury,2/20/1977,Georgia Tech,USA,74,205,TRUE,FALSE,FALSE,1996,1,4,Stephon Marbury
951,Ray,Allen,7/20/1975,Connecticut,USA,77,205,TRUE,FALSE,FALSE,1996,1,5,Ray Allen
952,Antoine,Walker,8/12/1976,Kentucky,USA,81,245,FALSE,TRUE,FALSE,1996,1,6,Antoine Walker
953,Lorenzen,Wright,11/4/1975,Memphis,USA,83,255,FALSE,TRUE,TRUE,1996,1,7,Lorenzen Wright
954,Kerry,Kittles,6/12/1974,Villanova,USA,77,185,TRUE,FALSE,FALSE,1996,1,8,Kerry Kittles
955,Samaki,Walker,2/25/1976,Louisville,USA,81,260,FALSE,TRUE,FALSE,1996,1,9,Samaki Walker
956,Erick,Dampier,7/14/1975,Mississippi State,USA,83,265,FALSE,FALSE,TRUE,1996,1,10,Erick Dampier
957,Todd,Fuller,7/25/1974,North Carolina State,USA,,,FALSE,FALSE,TRUE,1996,1,11,Todd Fuller
958,Vitaly,Potapenko,3/21/1975,Wright State,Ukraine,82,285,FALSE,TRUE,TRUE,1996,1,12,Vitaly Potapenko
959,Steve,Nash,2/7/1974,Santa Clara,Canada,75,178,TRUE,FALSE,FALSE,1996,1,15,Steve Nash
960,Tony,Delk,1/28/1974,Kentucky,USA,74,189,TRUE,FALSE,FALSE,1996,1,16,Tony Delk
961,John,Wallace,2/9/1974,Syracuse,USA,81,225,FALSE,TRUE,FALSE,1996,1,18,John Wallace
962,Walter,McCarty,2/1/1974,Kentucky,USA,82,245,FALSE,TRUE,FALSE,1996,1,19,Walter McCarty
963,Dontae',Jones,6/2/1975,Mississippi State,USA,80,220,FALSE,TRUE,FALSE,1996,1,21,Dontae' Jones
964,Roy,Rogers,8/19/1973,Alabama,USA,82,235,FALSE,TRUE,FALSE,1996,1,22,Roy Rogers
965,Derek,Fisher,8/9/1974,Arkansas-Little Rock,USA,73,210,TRUE,FALSE,FALSE,1996,1,24,Derek Fisher
966,Jerome,Williams,5/10/1973,Georgetown,USA,81,206,FALSE,TRUE,TRUE,1996,1,26,Jerome Williams
967,Brian,Evans,9/13/1973,Indiana,USA,80,967,FALSE,FALSE,FALSE,1996,1,27,Brian Evans
968,Priest,Lauderdale,8/31/1973,Peristeri,USA,88,325,FALSE,FALSE,TRUE,1996,1,28,Priest Lauderdale
969,Travis,Knight,9/13/1974,Connecticut,USA,84,235,FALSE,FALSE,TRUE,1996,1,29,Travis Knight
970,Othella,Harrington,1/31/1974,Georgetown,USA,81,235,FALSE,TRUE,TRUE,1996,2,30,Othella Harrington
971,Mark,Hendrickson,6/23/1974,Washington State,USA,81,220,FALSE,TRUE,FALSE,1996,2,31,Mark Hendrickson
974,Joseph,Blair,,,,,,,,,,,,Joseph Blair
976,Jeff,McInnis,10/22/1974,North Carolina,USA,76,190,TRUE,FALSE,FALSE,1996,2,37,Jeff McInnis
977,Kobe,Bryant,8/23/1978,Lower Merion HS (PA),USA,78,212,TRUE,TRUE,FALSE,1996,1,13,Kobe Bryant
978,Peja,Stojakovic,6/9/1977,PAOK,Serbia,82,229,FALSE,TRUE,FALSE,1996,1,14,Peja Stojakovic
979,Jermaine,O'Neal,10/13/1978,Eau Claire HS (SC),USA,83,255,FALSE,TRUE,TRUE,1996,1,17,Jermaine O'Neal
980,Zydrunas,Ilgauskas,6/5/1975,Atletas Kaunas,Lithuania,87,260,FALSE,FALSE,TRUE,1996,1,20,Zydrunas Ilgauskas
981,Efthimios,Rentzias,1/11/1976,FC Barcelona,Greece,83,250,FALSE,FALSE,TRUE,1996,1,23,Efthimios Rentzias
982,Martin,Muursepp,9/26/1974,Maccabi Tel Aviv,Estonia,81,235,FALSE,TRUE,FALSE,1996,1,25,Martin Muursepp
983,Moochie,Norris,7/27/1973,West Florida,USA,73,185,TRUE,FALSE,FALSE,1996,2,33,Moochie Norris
984,Steve,Hamer,11/13/1973,Tennessee,USA,84,245,FALSE,FALSE,TRUE,1996,2,38,Steve Hamer
986,Marcus,Mann,12/19/1973,Mississippi Valley State,USA,80,986,FALSE,TRUE,FALSE,1996,2,40,Marcus Mann
987,Jason,Sasser,1/13/1974,Texas Tech,USA,79,225,FALSE,TRUE,FALSE,1996,2,41,Jason Sasser
988,Randy,Livingston,4/2/1975,Louisiana State,USA,76,209,TRUE,FALSE,FALSE,1996,2,42,Randy Livingston
989,Ben,Davis,12/26/1972,Arizona,USA,81,245,FALSE,TRUE,FALSE,1996,2,43,Ben Davis
990,Malik,Rose,11/23/1974,Drexel,USA,79,255,FALSE,TRUE,FALSE,1996,2,44,Malik Rose
992,Marcus,Brown,4/3/1974,Murray State,USA,,,,,,1996,2,46,Marcus Brown
994,Jamie,Feick,7/3/1974,Michigan State,USA,80,255,FALSE,TRUE,FALSE,1996,2,48,Jamie Feick
997,Chris,Robinson,4/2/1974,Western Kentucky,USA,77,200,TRUE,FALSE,FALSE,1996,2,51,Chris Robinson
998,Mark,Pope,9/11/1972,Kentucky,USA,82,998,FALSE,TRUE,TRUE,1996,2,52,Mark Pope
999,Jeff,Nordgaard,2/23/1973,Wisconsin-Green Bay,USA,79,225,FALSE,TRUE,FALSE,1996,2,53,Jeff Nordgaard
1000,Shandon,Anderson,12/31/1973,Georgia,USA,78,215,TRUE,TRUE,FALSE,1996,2,54,Shandon Anderson
1002,Reggie,Geary,8/31/1973,Arizona,USA,74,187,TRUE,FALSE,FALSE,1996,2,56,Reggie Geary
1003,Drew,Barry,2/17/1973,Georgia Tech,USA,77,191,TRUE,FALSE,FALSE,1996,2,57,Drew Barry
1005,Walt,Williams,4/16/1970,Maryland,USA,80,230,TRUE,TRUE,FALSE,1992,1,7,Walt Williams
1006,Herb,Williams,2/16/1958,Ohio State,USA,83,260,FALSE,FALSE,TRUE,1981,1,14,Herb Williams
1007,Luther,Wright,9/22/1971,Seton Hall,USA,86,270,FALSE,FALSE,TRUE,1993,1,18,Luther Wright
1008,Johnny,Dawkins,9/28/1963,Duke,USA,74,165,TRUE,FALSE,FALSE,1986,1,10,Johnny Dawkins
1010,Randy,Woods,9/23/1970,La Salle,USA,70,185,TRUE,FALSE,FALSE,1992,1,16,Randy Woods
1022,Julius,Nwosu,5/1/1971,Liberty,USA,82,255,FALSE,TRUE,FALSE,-1,-1,-1,Julius Nwosu
1023,Emanual,Davis,8/27/1968,Delaware State,USA,77,195,TRUE,FALSE,FALSE,-1,-1,-1,Emanual Davis
1024,Horacio,Llamas,7/17/1973,Grand Canyon,USA,83,285,FALSE,FALSE,TRUE,-1,-1,-1,Horacio Llamas
1026,Evric,Gray,12/13/1969,UNLV,USA,79,235,FALSE,TRUE,FALSE,-1,-1,-1,Evric Gray
1027,Trevor,Wilson,3/16/1968,UCLA,USA,79,210,FALSE,TRUE,FALSE,1990,2,36,Trevor Wilson
1030,Duane,Cooper,6/25/1969,Southern California,USA,73,185,TRUE,FALSE,FALSE,1992,2,36,Duane Cooper
1032,Darvin,Ham,7/23/1973,Texas Tech,USA,79,240,TRUE,TRUE,FALSE,-1,-1,-1,Darvin Ham
1034,LeRon,Ellis,4/28/1969,Syracuse,USA,81,225,FALSE,FALSE,TRUE,1991,1,22,LeRon Ellis
1035,Shawnelle,Scott,6/16/1972,St. John's (NY),USA,,,FALSE,FALSE,TRUE,1994,2,43,Shawnelle Scott
1036,Litterial,Green,3/7/1970,Georgia,USA,73,1036,FALSE,FALSE,FALSE,1992,2,39,Litterial Green
1037,Stojko,Vrankovic,1/22/1964,Aris,Croatia,86,1037,FALSE,FALSE,FALSE,-22,-22,-22,Stojko Vrankovic
1038,Juaquin,Hawkins,7/2/1973,Long Beach State,USA,79,205,FALSE,TRUE,FALSE,-1,-1,-1,Juaquin Hawkins
1041,Nate,Driggers,10/12/1973,Montevallo,USA,77,1041,TRUE,TRUE,FALSE,-22,-22,-22,Nate Driggers
1043,Amal,McCaskill,10/28/1973,Marquette,USA,83,235,FALSE,FALSE,TRUE,1996,2,49,Amal McCaskill
1049,Shane,Heal,9/6/1970,Sydney Kings,Australia,72,180,TRUE,FALSE,FALSE,-1,-1,-1,Shane Heal
1051,Dean,Garrett,11/27/1966,Indiana,USA,83,250,FALSE,FALSE,TRUE,1988,2,38,Dean Garrett
1052,Ben,Handlogten,11/16/1973,Western Michigan,USA,82,240,FALSE,FALSE,TRUE,-1,-1,-1,Ben Handlogten
1054,Jerrod,Mustaf,10/28/1969,Maryland,USA,82,238,FALSE,TRUE,FALSE,1990,1,17,Jerrod Mustaf
1055,Ed,Stokes,9/3/1971,Arizona,USA,84,1055,FALSE,FALSE,FALSE,1993,2,35,Ed Stokes
1059,Aleksandar,Djordjevic,8/26/1967,Fortitudo Bologna,Serbia,74,198,TRUE,FALSE,FALSE,-1,-1,-1,Aleksandar Djordjevic
1061,William,Cunningham,3/25/1974,Temple,USA,83,240,FALSE,FALSE,TRUE,-1,-1,-1,William Cunningham
1063,Carl,Thomas,10/3/1969,Eastern Michigan,USA,76,195,TRUE,FALSE,FALSE,-1,-1,-1,Carl Thomas
1064,Brent,Scott,6/15/1971,Rice,USA,82,250,FALSE,TRUE,TRUE,-1,-1,-1,Brent Scott
1065,Erick,Strickland,11/25/1973,Nebraska,USA,75,218,TRUE,FALSE,FALSE,-1,-1,-1,Erick Strickland
1067,Jeff,Webster,2/19/1971,Oklahoma,USA,80,232,FALSE,TRUE,FALSE,1994,2,40,Jeff Webster
1068,Greg,Dreiling,11/7/1963,Kansas,USA,85,265,FALSE,FALSE,TRUE,1986,2,26,Greg Dreiling
1070,Devin,Gray,5/18/1972,Clemson,USA,79,1070,FALSE,FALSE,FALSE,-22,-22,-22,Devin Gray
1073,Reggie,Slater,8/27/1970,Wyoming,USA,79,255,FALSE,TRUE,FALSE,-1,-1,-1,Reggie Slater
1074,Matt,Maloney,12/6/1971,Pennsylvania,USA,75,192,TRUE,FALSE,FALSE,-1,-1,-1,Matt Maloney
1075,Michael,McDonald,2/13/1969,New Orleans,USA,82,232,FALSE,FALSE,TRUE,1995,2,55,Michael McDonald
1077,Ray,Owes,12/12/1972,Arizona,USA,81,224,FALSE,TRUE,FALSE,-1,-1,-1,Ray Owes
1080,Henry,James,7/29/1965,St. Mary's (TX),USA,80,220,FALSE,TRUE,FALSE,-1,-1,-1,Henry James
1085,Ira,Bowman,6/11/1973,Pennsylvania,USA,,,FALSE,TRUE,FALSE,-1,-1,-1,Ira Bowman
1086,Joe,Stephens,1/28/1973,Arkansas-Little Rock,USA,79,210,FALSE,TRUE,FALSE,-1,-1,-1,Joe Stephens
1088,Chucky,Atkins,8/14/1974,South Florida,USA,71,185,TRUE,FALSE,FALSE,-1,-1,-1,Chucky Atkins
1089,Kevin,Salvadori,12/30/1970,North Carolina,USA,84,231,FALSE,FALSE,TRUE,-1,-1,-1,Kevin Salvadori
1090,Pat,Durham,3/10/1967,Colorado State,USA,79,210,FALSE,TRUE,FALSE,1989,2,35,Pat Durham
1091,Mike,Smrek,8/31/1962,Canisius,USA,84,250,FALSE,FALSE,TRUE,1985,2,25,Mike Smrek
1093,Gaylon,Nickerson,2/6/1969,Nortwestern Oklahoma State,USA,75,190,TRUE,FALSE,FALSE,1994,2,34,Gaylon Nickerson
1096,Ivano,Newbill,12/12/1970,Georgia Tech,USA,82,1096,FALSE,FALSE,TRUE,-22,-22,-22,Ivano Newbill
1097,Zarko,Paspalj,3/27/1966,Partizan,Serbia,81,215,FALSE,TRUE,FALSE,-1,-1,-1,Zarko Paspalj
1099,Matt,Steigenga,3/27/1970,Michigan State,USA,79,225,FALSE,TRUE,FALSE,1992,2,52,Matt Steigenga
1100,Ian,Lockhart,6/25/1967,Tennessee,USA,80,240,FALSE,TRUE,FALSE,-1,-1,-1,Ian Lockhart
1101,Rich,King,4/4/1969,Nebraska,USA,86,260,FALSE,FALSE,TRUE,1991,1,14,Rich King
1106,Donald,Hodge,2/25/1969,Temple,USA,84,230,FALSE,TRUE,FALSE,1991,2,33,Donald Hodge
1108,Tony,Farmer,1/3/1970,Nebraska,USA,81,244,FALSE,TRUE,FALSE,-1,-1,-1,Tony Farmer
1109,James,Scott,6/3/1972,St. John's (NY),USA,78,180,FALSE,TRUE,FALSE,-1,-1,-1,James Scott
1110,Mark,Strickland,7/14/1970,Temple,USA,82,220,FALSE,TRUE,FALSE,-1,-1,-1,Mark Strickland
1112,Ben,Wallace,9/10/1974,Virginia Union,USA,81,240,FALSE,TRUE,TRUE,-22,-22,-22,Ben Wallace
1114,Jaren,Jackson,10/27/1967,Georgetown,USA,78,225,TRUE,FALSE,FALSE,-1,-1,-1,Jaren Jackson
1116,Melvin,Newbern,6/11/1967,Minnesota,USA,76,200,TRUE,FALSE,FALSE,-1,-1,-1,Melvin Newbern
1117,John,Shasky,7/31/1964,Minnesota,USA,83,235,FALSE,FALSE,TRUE,1986,3,61,John Shasky
1118,Tim,Kempton,1/25/1964,Notre Dame,USA,82,245,FALSE,FALSE,TRUE,1986,6,124,Tim Kempton
1120,Elmer,Bennett,2/13/1970,Notre Dame,USA,72,170,TRUE,FALSE,FALSE,1992,2,38,Elmer Bennett
1121,Dexter,Boney,4/27/1970,UNLV,USA,76,185,TRUE,FALSE,FALSE,-1,-1,-1,Dexter Boney
1122,Dominique,Wilkins,1/12/1960,Georgia,USA,80,230,FALSE,TRUE,FALSE,1982,1,3,Dominique Wilkins
1123,Greg,Kite,8/5/1961,Brigham Young,USA,83,250,FALSE,FALSE,TRUE,1983,1,21,Greg Kite
1125,Larry,Stewart,9/21/1968,Coppin State,USA,80,1125,FALSE,TRUE,FALSE,-22,-22,-22,Larry Stewart
1126,Donald,Whiteside,4/25/1969,Northern Illinois,USA,70,160,TRUE,FALSE,FALSE,-1,-1,-1,Donald Whiteside
1127,Charles,Claxton,12/13/1970,Georgia,USA,84,265,FALSE,FALSE,TRUE,1994,2,50,Charles Claxton
1128,Stephen,Howard,7/15/1970,DePaul,USA,81,225,FALSE,TRUE,FALSE,-1,-1,-1,Stephen Howard
1129,Ruben,Nembhard,2/20/1972,Weber State,USA,75,208,TRUE,FALSE,FALSE,-1,-1,-1,Ruben Nembhard
1131,Jimmy,Carruth,11/4/1969,Virginia Tech,USA,82,265,FALSE,TRUE,FALSE,-1,-1,-1,Jimmy Carruth
1132,Larry,Sykes,4/11/1973,Xavier,USA,81,255,FALSE,TRUE,FALSE,-1,-1,-1,Larry Sykes
1133,Corey,Beck,5/27/1971,Arkansas,USA,75,200,TRUE,FALSE,FALSE,-1,-1,-1,Corey Beck
1134,Ike,Austin,8/18/1969,Arizona State,USA,82,288,FALSE,FALSE,TRUE,1991,2,48,Ike Austin
1136,Brett,Szabo,2/1/1968,Augustana (SD),USA,83,230,FALSE,FALSE,TRUE,-1,-1,-1,Brett Szabo
1137,Chris,Jent,1/11/1970,Ohio State,USA,79,220,FALSE,TRUE,FALSE,-1,-1,-1,Chris Jent
1138,Michael,Hawkins,10/28/1972,Xavier,USA,,,TRUE,FALSE,FALSE,-1,-1,-1,Michael Hawkins
1165,Luis,Grillo,,,,,,,,,,,,Luis Grillo
1185,Violet,Palmer,,,,,,,,,,,,Violet Palmer
1272,Kurt,Rambis,,,,,,,,,,,,Kurt Rambis
1297,Jeff,Van Gundy,,,,,,,,,,,,Jeff Van Gundy
1361,Mark,Bradtke,9/27/1968,Melbourne,Australia,82,265,FALSE,FALSE,TRUE,-1,-1,-1,Mark Bradtke
1365,Xavier,McDaniel,6/4/1963,Wichita State,USA,79,205,FALSE,TRUE,FALSE,1985,1,4,Xavier McDaniel
1380,Lloyd,Daniels,9/4/1967,Mt. San Antonio,USA,79,205,TRUE,FALSE,FALSE,-1,-1,-1,Lloyd Daniels
1381,John,Long,8/28/1956,Detroit,USA,77,200,TRUE,FALSE,FALSE,1978,2,29,John Long
1425,Aaron,Williams,10/2/1971,Xavier,USA,81,235,FALSE,TRUE,TRUE,-1,-1,-1,Aaron Williams
1429,Jimmy,Oliver,7/12/1969,Purdue,USA,77,205,TRUE,FALSE,FALSE,1991,2,39,Jimmy Oliver
1432,Joe,Courtney,10/17/1969,Southern Mississippi,USA,80,235,FALSE,TRUE,FALSE,-1,-1,-1,Joe Courtney
1434,Dragan,Tarlac,5/9/1973,Olympiacos,Serbia,83,270,FALSE,TRUE,TRUE,1995,2,31,Dragan Tarlac
1441,Aurelijius,Zukauskas,,,,,,,,,,,,Aurelijius Zukauskas
1442,Zeljko,Rebraca,4/9/1972,Panathinaikos,Serbia,84,265,FALSE,FALSE,TRUE,1994,2,54,Zeljko Rebraca
1444,Lawrence,Funderburke,12/15/1970,Ohio State,USA,81,230,FALSE,TRUE,FALSE,1994,2,51,Lawrence Funderburke
1449,Larry,Bird,12/7/1956,Indiana State,USA,81,220,FALSE,TRUE,FALSE,1978,1,6,Larry Bird
1450,Kevin,McHale,12/19/1957,Minnesota,USA,82,210,FALSE,TRUE,FALSE,1980,1,3,Kevin McHale
1453,Walter,Davis,9/9/1954,North Carolina,USA,78,193,TRUE,FALSE,FALSE,1977,1,5,Walter Davis
1456,Randy,Wittman,10/28/1959,Indiana,USA,78,210,TRUE,FALSE,FALSE,1983,1,22,Randy Wittman
1460,James,Worthy,2/27/1961,North Carolina,USA,81,225,FALSE,TRUE,FALSE,1982,1,1,James Worthy
1472,Tom,Chambers,6/21/1959,Utah,USA,82,220,FALSE,TRUE,FALSE,1981,1,8,Tom Chambers
1474,Larry,Krystkowiak,9/23/1964,Montana,USA,81,220,FALSE,TRUE,FALSE,1986,2,28,Larry Krystkowiak
1477,Bruce,Bowen,6/14/1971,California State-Fullerton,USA,79,200,FALSE,TRUE,FALSE,-1,-1,-1,Bruce Bowen
1478,Stevin,Smith,1/24/1972,Arizona State,USA,74,208,TRUE,FALSE,FALSE,-1,-1,-1,Stevin Smith
1479,Mike,Brown,7/19/1963,George Washington,USA,82,260,FALSE,TRUE,TRUE,1985,3,69,Mike Brown
1489,Lionel,Simmons,11/14/1968,La Salle,USA,79,210,FALSE,TRUE,FALSE,1990,1,7,Lionel Simmons
1495,Tim,Duncan,4/25/1976,Wake Forest,US Virgin Islands,83,250,FALSE,TRUE,TRUE,1997,1,1,Tim Duncan
1496,Keith,Van Horn,10/23/1975,Utah,USA,82,245,FALSE,TRUE,FALSE,1997,1,2,Keith Van Horn
1497,Chauncey,Billups,9/25/1976,Colorado,USA,75,210,TRUE,FALSE,FALSE,1997,1,3,Chauncey Billups
1498,Antonio,Daniels,3/19/1975,Bowling Green,USA,76,205,TRUE,FALSE,FALSE,1997,1,4,Antonio Daniels
1499,Tony,Battie,2/11/1976,Texas Tech,USA,83,240,FALSE,FALSE,TRUE,1997,1,5,Tony Battie
1500,Ron,Mercer,5/18/1976,Kentucky,USA,79,215,TRUE,TRUE,FALSE,1997,1,6,Ron Mercer
1501,Tim,Thomas,2/26/1977,Villanova,USA,82,240,FALSE,TRUE,FALSE,1997,1,7,Tim Thomas
1502,Adonal,Foyle,3/9/1975,Colgate,St. Vincent & Grenadines,82,270,FALSE,FALSE,TRUE,1997,1,8,Adonal Foyle
1503,Tracy,McGrady,5/24/1979,Mount Zion Christian Academy (NC),USA,80,210,TRUE,TRUE,FALSE,1997,1,9,Tracy McGrady
1504,Danny,Fortson,3/27/1976,Cincinnati,USA,80,260,FALSE,TRUE,TRUE,1997,1,10,Danny Fortson
1505,Tariq,Abdul-Wahad,11/3/1974,San Jose State,France,78,235,TRUE,TRUE,FALSE,1997,1,11,Tariq Abdul-Wahad
1506,Austin,Croshere,5/1/1975,Providence,USA,82,240,FALSE,TRUE,FALSE,1997,1,12,Austin Croshere
1507,Derek,Anderson,7/18/1974,Kentucky,USA,77,195,TRUE,FALSE,FALSE,1997,1,13,Derek Anderson
1508,Maurice,Taylor,10/30/1976,Michigan,USA,81,265,FALSE,TRUE,TRUE,1997,1,14,Maurice Taylor
1509,Kelvin,Cato,8/26/1974,Iowa State,USA,83,275,FALSE,FALSE,TRUE,1997,1,15,Kelvin Cato
1510,Brevin,Knight,11/8/1975,Stanford,USA,70,173,TRUE,FALSE,FALSE,1997,1,16,Brevin Knight
1511,Johnny,Taylor,6/4/1974,Tennessee-Chattanooga,USA,81,220,FALSE,TRUE,FALSE,1997,1,17,Johnny Taylor
1512,Chris,Anstey,1/1/1975,South East Melbourne,Australia,84,249,FALSE,FALSE,TRUE,1997,1,18,Chris Anstey
1513,Scot,Pollard,2/12/1975,Kansas,USA,83,278,FALSE,TRUE,TRUE,1997,1,19,Scot Pollard
1514,Paul,Grant,1/6/1974,Wisconsin,USA,84,245,FALSE,FALSE,TRUE,1997,1,20,Paul Grant
1515,Anthony,Parker,6/19/1975,Bradley,USA,78,210,TRUE,FALSE,FALSE,1997,1,21,Anthony Parker
1516,Ed,Gray,9/27/1975,California,USA,75,210,TRUE,FALSE,FALSE,1997,1,22,Ed Gray
1517,Bobby,Jackson,3/13/1973,Minnesota,USA,73,185,TRUE,FALSE,FALSE,1997,1,23,Bobby Jackson
1518,Rodrick,Rhodes,9/24/1973,Southern California,USA,78,225,TRUE,FALSE,FALSE,1997,1,24,Rodrick Rhodes
1519,John,Thomas,9/8/1975,Minnesota,USA,81,265,FALSE,FALSE,TRUE,1997,1,25,John Thomas
1520,Charles,Smith,8/22/1975,New Mexico,USA,76,200,TRUE,FALSE,FALSE,1997,1,26,Charles Smith
1521,Jacque,Vaughn,2/11/1975,Kansas,USA,73,190,TRUE,FALSE,FALSE,1997,1,27,Jacque Vaughn
1522,Keith,Booth,10/9/1974,Maryland,USA,78,226,FALSE,TRUE,FALSE,1997,1,28,Keith Booth
1525,Charles,O'Bannon,2/22/1975,UCLA,USA,77,1525,TRUE,FALSE,FALSE,1997,2,31,Charles O'Bannon
1526,James,Cotton,12/14/1975,Long Beach State,USA,77,220,TRUE,FALSE,FALSE,1997,2,32,James Cotton
1527,Marko,Milic,5/5/1977,Union Olimpija,Slovenia,78,1527,FALSE,FALSE,FALSE,1997,2,33,Marko Milic
1528,Bubba,Wells,7/26/1974,Austin Peay,USA,77,1528,FALSE,TRUE,FALSE,1997,2,34,Bubba Wells
1529,Kebu,Stewart,12/19/1973,California State-Bakersfield,USA,80,239,FALSE,TRUE,FALSE,1997,2,35,Kebu Stewart
1530,James,Collins,11/5/1973,Florida State,USA,76,196,TRUE,FALSE,FALSE,1997,2,36,James Collins
1531,Marc,Jackson,1/16/1975,Temple,USA,82,253,FALSE,TRUE,FALSE,1997,2,37,Marc Jackson
1532,Jerald,Honeycutt,10/20/1974,Tulane,USA,81,1532,TRUE,TRUE,FALSE,1997,2,38,Jerald Honeycutt
1533,Anthony,Johnson,10/2/1974,College of Charleston,USA,75,195,TRUE,FALSE,FALSE,1997,2,39,Anthony Johnson
1535,Jason,Lawson,9/2/1974,Villanova,USA,83,240,FALSE,FALSE,TRUE,1997,2,41,Jason Lawson
1536,Stephen,Jackson,4/5/1978,Butler C.C. (KS),USA,80,220,TRUE,TRUE,FALSE,1997,2,42,Stephen Jackson
1538,Cedric,Henderson,3/11/1975,Memphis,USA,79,225,FALSE,TRUE,FALSE,1997,2,44,Cedric Henderson
1539,God,Shammgod,4/29/1976,Providence,USA,72,169,TRUE,FALSE,FALSE,1997,2,45,God Shammgod
1540,Eric,Washington,3/24/1974,Alabama,USA,76,1540,TRUE,TRUE,FALSE,1997,2,46,Eric Washington
1541,Alvin,Williams,8/6/1974,Villanova,USA,77,195,TRUE,FALSE,FALSE,1997,2,47,Alvin Williams
1542,Predrag,Drobnjak,10/27/1975,Efes Pilsen,Serbia,83,270,FALSE,FALSE,TRUE,1997,2,48,Predrag Drobnjak
1544,Chris,Crawford,5/13/1975,Marquette,USA,81,235,FALSE,TRUE,FALSE,1997,2,50,Chris Crawford
1545,DeJuan,Wheat,10/14/1973,Louisville,USA,72,165,TRUE,FALSE,FALSE,1997,2,51,DeJuan Wheat
1548,Mark,Blount,11/30/1975,Pittsburgh,USA,84,250,FALSE,TRUE,TRUE,1997,2,54,Mark Blount
1554,Jamal,Robinson,12/27/1973,Virginia,USA,,,,,,1997,,,Jamal Robinson
1559,Adrian,Griffin,7/4/1974,Seton Hall,USA,77,230,TRUE,TRUE,FALSE,-1,-1,-1,Adrian Griffin
1562,Gerard,King,11/25/1972,Nicholls State,USA,,,FALSE,TRUE,FALSE,-1,-1,-1,Gerard King
1563,Kevin,Ollie,12/27/1972,Connecticut,USA,74,195,TRUE,FALSE,FALSE,-1,-1,-1,Kevin Ollie
1564,Etdrick,Bohannon,5/29/1973,Auburn-Montgomery,USA,,,FALSE,TRUE,FALSE,-1,-1,-1,Etdrick Bohannon
1565,Michael,Stewart,4/25/1975,California,USA,82,230,FALSE,FALSE,TRUE,-1,-1,-1,Michael Stewart
1569,Keith,Closs,4/3/1976,Central Connecticut State,USA,87,212,FALSE,FALSE,TRUE,-1,-1,-1,Keith Closs
1572,Nate,Huffman,4/2/1975,Central Michigan,USA,85,245,FALSE,FALSE,TRUE,-1,-1,-1,Nate Huffman
1575,Derek,Grimm,8/3/1974,Missouri,USA,81,230,FALSE,TRUE,FALSE,-1,-1,-1,Derek Grimm
1576,Travis,Williams,5/27/1969,South Carolina State,USA,78,215,FALSE,TRUE,FALSE,-1,-1,-1,Travis Williams
1577,Darnell,Mee,2/11/1971,Western Kentucky,USA,77,1577,TRUE,FALSE,FALSE,1993,2,34,Darnell Mee
1578,Shea,Seals,8/26/1975,Tulsa,USA,77,210,TRUE,FALSE,FALSE,-1,-1,-1,Shea Seals
1591,Alvin,Sims,10/18/1974,Louisville,USA,76,235,TRUE,FALSE,FALSE,-1,-1,-1,Alvin Sims
1593,Charles,Shackleford,4/22/1966,North Carolina State,USA,83,245,FALSE,FALSE,TRUE,1988,2,32,Charles Shackleford
1594,Rick,Brunson,6/14/1972,Temple,USA,76,190,TRUE,FALSE,FALSE,-1,-1,-1,Rick Brunson
1600,Kornel,David,10/22/1971,Budapest AEH,USA,81,230,FALSE,TRUE,FALSE,-1,-1,-1,Kornel David
1601,Rusty,LaRue,12/10/1973,Wake Forest,USA,75,1601,FALSE,FALSE,FALSE,-22,-22,-22,Rusty LaRue
1603,Walter,Bond,2/1/1969,Minnesota,USA,77,200,TRUE,FALSE,FALSE,-1,-1,-1,Walter Bond
1607,Troy,Hudson,3/13/1976,Southern Illinois,USA,73,178,TRUE,FALSE,FALSE,-1,-1,-1,Troy Hudson
1609,Art,Long,10/1/1972,Cincinnati,USA,81,1609,FALSE,TRUE,FALSE,-22,-22,-22,Art Long
1612,Chris,Garner,2/23/1975,Memphis,USA,70,156,TRUE,FALSE,FALSE,-1,-1,-1,Chris Garner
1619,Kiwane,Garris,9/24/1974,Illinois,USA,74,1619,TRUE,FALSE,FALSE,-22,-22,-22,Kiwane Garris
1622,Rodney,McCray,8/29/1961,Louisville,USA,80,1622,FALSE,TRUE,FALSE,1983,1,3,Rodney McCray
1628,Alan,Ogg,7/5/1967,Alabama-Birmingham,USA,86,240,FALSE,FALSE,TRUE,-1,-1,-1,Alan Ogg
1630,Mikki,Moore,11/4/1975,Nebraska,USA,84,225,FALSE,TRUE,TRUE,-1,-1,-1,Mikki Moore
1631,Billy,Thompson,12/1/1963,Louisville,USA,79,195,FALSE,TRUE,FALSE,1986,1,19,Billy Thompson
1635,Malcolm,Mackey,7/11/1970,Georgia Tech,USA,81,248,FALSE,TRUE,FALSE,1993,1,27,Malcolm Mackey
1636,Ike,Nwankwo,,,,,,,,,,,,Ike Nwankwo
1654,Scott,Skiles,,,,,,,,,,,,Scott Skiles
1666,Gerald,Madkins,4/18/1969,UCLA,USA,76,200,TRUE,FALSE,FALSE,-1,-1,-1,Gerald Madkins
1667,Steve,Henson,2/2/1968,Kansas State,USA,71,177,TRUE,FALSE,FALSE,1990,2,44,Steve Henson
1677,Harold,Ellis,10/7/1970,Morehouse,USA,77,220,TRUE,TRUE,FALSE,-1,-1,-1,Harold Ellis
1680,Brian,Oliver,6/1/1968,Georgia Tech,USA,76,210,TRUE,FALSE,FALSE,1990,2,32,Brian Oliver
1682,Reggie,Hanson,10/8/1968,Kentucky,USA,80,1682,FALSE,TRUE,FALSE,-22,-22,-22,Reggie Hanson
1683,Larry,Robinson,1/11/1968,Centenary-Louisiana,USA,75,180,TRUE,FALSE,FALSE,-1,-1,-1,Larry Robinson
1709,Michael,Olowokandi,4/3/1975,Pacific,Nigeria,84,270,FALSE,FALSE,TRUE,1998,1,1,Michael Olowokandi
1710,Mike,Bibby,5/13/1978,Arizona,USA,74,195,TRUE,FALSE,FALSE,1998,1,2,Mike Bibby
1711,Raef,LaFrentz,5/29/1976,Kansas,USA,83,240,FALSE,TRUE,TRUE,1998,1,3,Raef LaFrentz
1712,Antawn,Jamison,6/12/1976,North Carolina,USA,81,223,FALSE,FALSE,FALSE,1998,1,4,Antawn Jamison
1713,Vince,Carter,1/26/1977,North Carolina,USA,78,220,TRUE,TRUE,FALSE,1998,1,5,Vince Carter
1714,Robert,Traylor,2/1/1977,Michigan,USA,80,284,FALSE,TRUE,TRUE,1998,1,6,Robert Traylor
1715,Jason,Williams,11/18/1975,Florida,USA,73,180,TRUE,FALSE,FALSE,1998,1,7,Jason Williams
1716,Larry,Hughes,1/23/1979,St. Louis,USA,77,185,TRUE,FALSE,FALSE,1998,1,8,Larry Hughes
1717,Dirk,Nowitzki,6/19/1978,DJK Wurzburg,Germany,84,245,FALSE,TRUE,FALSE,1998,1,9,Dirk Nowitzki
1718,Paul,Pierce,10/13/1977,Kansas,USA,79,235,FALSE,TRUE,FALSE,1998,1,10,Paul Pierce
1719,Bonzi,Wells,9/28/1976,Ball State,USA,77,210,TRUE,TRUE,FALSE,1998,1,11,Bonzi Wells
1720,Michael,Doleac,6/15/1977,Utah,USA,83,262,FALSE,FALSE,TRUE,1998,1,12,Michael Doleac
1721,Keon,Clark,4/16/1975,UNLV,USA,83,221,FALSE,TRUE,TRUE,1998,1,13,Keon Clark
1722,Michael,Dickerson,6/25/1975,Arizona,USA,77,190,TRUE,FALSE,FALSE,1998,1,14,Michael Dickerson
1723,Matt,Harpring,5/31/1976,Georgia Tech,USA,79,230,FALSE,TRUE,FALSE,1998,1,15,Matt Harpring
1724,Bryce,Drew,9/21/1974,Valparaiso,USA,75,184,TRUE,FALSE,FALSE,1998,1,16,Bryce Drew
1725,Rasho,Nesterovic,5/30/1976,Virtus Bologna,Slovenia,84,255,FALSE,FALSE,TRUE,1998,1,17,Rasho Nesterovic
1726,Mirsad,Turkcan,6/7/1976,Efes Pilsen,Turkey,81,1726,FALSE,TRUE,FALSE,1998,1,18,Mirsad Turkcan
1727,Pat,Garrity,8/23/1976,Notre Dame,USA,81,238,FALSE,TRUE,FALSE,1998,1,19,Pat Garrity
1728,Roshown,McLeod,11/17/1975,Duke,USA,,,FALSE,TRUE,FALSE,1998,1,20,Roshown McLeod
1729,Ricky,Davis,9/23/1979,Iowa,USA,79,195,TRUE,FALSE,FALSE,1998,1,21,Ricky Davis
1730,Brian,Skinner,5/19/1976,Baylor,USA,81,255,FALSE,FALSE,FALSE,1998,1,22,Brian Skinner
1731,Tyronn,Lue,5/3/1977,Nebraska,USA,72,175,TRUE,FALSE,FALSE,1998,1,23,Tyronn Lue
1732,Felipe,Lopez,12/19/1974,St. John's (NY),Dominican Republic,77,195,TRUE,TRUE,FALSE,1998,1,24,Felipe Lopez
1733,Al,Harrington,2/17/1980,St. Patrick HS (NJ),USA,81,245,FALSE,TRUE,FALSE,1998,1,25,Al Harrington
1734,Sam,Jacobson,7/22/1975,Minnesota,USA,,,TRUE,FALSE,FALSE,1998,1,26,Sam Jacobson
1735,Vladimir,Stepania,5/8/1976,Union Olimpija,Georgia,85,236,FALSE,FALSE,TRUE,1998,1,27,Vladimir Stepania
1736,Corey,Benjamin,2/24/1978,Oregon State,USA,78,200,TRUE,FALSE,FALSE,1998,1,28,Corey Benjamin
1737,Nazr,Mohammed,9/5/1977,Kentucky,USA,82,221,FALSE,FALSE,TRUE,1998,1,29,Nazr Mohammed
1738,Ansu,Sesay,7/29/1976,Mississippi,USA,81,225,FALSE,TRUE,FALSE,1998,2,30,Ansu Sesay
1739,Ruben,Patterson,7/31/1975,Cincinnati,USA,77,223,FALSE,TRUE,FALSE,1998,2,31,Ruben Patterson
1740,Rashard,Lewis,8/8/1979,Elsik HS (TX),USA,82,235,FALSE,TRUE,FALSE,1998,2,32,Rashard Lewis
1741,Jelani,McCoy,12/6/1977,UCLA,USA,82,245,FALSE,TRUE,TRUE,1998,2,33,Jelani McCoy
1742,Shammond,Williams,4/5/1975,North Carolina,USA,73,201,TRUE,FALSE,FALSE,1998,2,34,Shammond Williams
1743,Bruno,Sundov,2/10/1980,Split,Croatia,86,260,FALSE,FALSE,TRUE,1998,2,35,Bruno Sundov
1744,Jerome,James,11/17/1975,Florida A&M,USA,85,300,FALSE,FALSE,TRUE,1998,2,36,Jerome James
1745,Casey,Shaw,7/20/1975,Toledo,USA,83,255,FALSE,FALSE,TRUE,1998,2,37,Casey Shaw
1746,DeMarco,Johnson,10/6/1975,North Carolina-Charlotte,USA,81,245,FALSE,TRUE,FALSE,1998,2,38,DeMarco Johnson
1747,Rafer,Alston,7/24/1976,Fresno State,USA,74,175,TRUE,FALSE,FALSE,1998,2,39,Rafer Alston
1748,Korleone,Young,12/31/1978,Hargrave Military Academy (KS),USA,79,213,FALSE,TRUE,FALSE,1998,2,40,Korleone Young
1749,Cuttino,Mobley,9/1/1975,Rhode Island,USA,76,215,TRUE,FALSE,FALSE,1998,2,41,Cuttino Mobley
1750,Miles,Simon,11/21/1975,Arizona,USA,75,202,TRUE,FALSE,FALSE,1998,2,42,Miles Simon
1751,Jahidi,White,2/19/1976,Georgetown,USA,81,290,FALSE,TRUE,TRUE,1998,2,43,Jahidi White
1752,Sean,Marks,8/23/1975,California,New Zealand,82,250,FALSE,TRUE,TRUE,1998,2,44,Sean Marks
1753,Toby,Bailey,11/19/1975,UCLA,USA,78,213,TRUE,FALSE,FALSE,1998,2,45,Toby Bailey
1754,Andrae,Patterson,11/12/1975,Indiana,USA,81,238,FALSE,TRUE,FALSE,1998,2,46,Andrae Patterson
1755,Tyson,Wheeler,10/8/1975,Rhode Island,USA,70,165,TRUE,FALSE,FALSE,1998,2,47,Tyson Wheeler
1756,Ryan,Stack,7/24/1975,South Carolina,USA,83,215,FALSE,TRUE,FALSE,1998,2,48,Ryan Stack
1757,Cory,Carr,12/5/1975,Texas Tech,USA,76,1757,TRUE,FALSE,FALSE,1998,2,49,Cory Carr
1760,Derrick,Dial,12/20/1975,Eastern Michigan,USA,76,1760,TRUE,FALSE,FALSE,1998,2,52,Derrick Dial
1761,Greg,Buckner,9/16/1976,Clemson,USA,76,210,TRUE,FALSE,FALSE,1998,2,53,Greg Buckner
1762,Tremaine,Fowlkes,4/11/1976,Fresno State,USA,80,220,FALSE,TRUE,FALSE,1998,2,54,Tremaine Fowlkes
1763,Ryan,Bowen,11/20/1975,Iowa,USA,81,218,FALSE,TRUE,FALSE,1998,2,55,Ryan Bowen
1764,J.R.,Henderson,10/30/1976,UCLA,USA,80,233,FALSE,TRUE,FALSE,1998,2,56,J.R. Henderson
1765,Torraye,Braggs,5/15/1976,Xavier,USA,80,245,FALSE,TRUE,FALSE,1998,2,57,Torraye Braggs
1766,Maceo,Baston,5/29/1976,Michigan,USA,82,230,FALSE,TRUE,FALSE,1998,2,58,Maceo Baston
1800,Damon,Jones,8/25/1976,Houston,USA,75,195,TRUE,FALSE,FALSE,-1,-1,-1,Damon Jones
1801,Jonathan,Kerner,6/6/1974,East Carolina,USA,83,245,FALSE,FALSE,TRUE,-1,-1,-1,Jonathan Kerner
1802,Brad,Miller,4/12/1976,Purdue,USA,84,261,FALSE,TRUE,TRUE,-1,-1,-1,Brad Miller
1806,James,Blackwell,2/25/1968,Dartmouth,USA,72,190,TRUE,FALSE,FALSE,-1,-1,-1,James Blackwell
1814,Chris,Smith,5/17/1970,Connecticut,USA,75,190,TRUE,FALSE,FALSE,1992,2,34,Chris Smith
1817,Adonis,Jordan,8/21/1970,Kansas,USA,71,170,TRUE,FALSE,FALSE,1993,2,42,Adonis Jordan
1819,John,Turner,11/30/1967,Phillips,USA,80,245,FALSE,TRUE,FALSE,1991,1,20,John Turner
1820,Kelly,McCarty,8/24/1975,Southern Mississippi,USA,79,200,TRUE,TRUE,FALSE,-1,-1,-1,Kelly McCarty
1821,Mark,Randall,9/30/1967,Kansas,USA,80,235,FALSE,TRUE,FALSE,1991,1,26,Mark Randall
1823,Makhtar,N'diaye,12/12/1973,North Carolina,Senegal,80,1823,FALSE,TRUE,FALSE,-22,-22,-22,Makhtar N'diaye
1824,Peter,Aluma,4/26/1973,Liberty,USA,82,260,FALSE,FALSE,TRUE,-1,-1,-1,Peter Aluma
1829,Ike,Fontaine,4/16/1975,Washington State,USA,,,,,,-1,-1,-1,Ike Fontaine
1831,Marlon,Garnett,7/3/1975,Santa Clara,USA,74,186,TRUE,FALSE,FALSE,-1,-1,-1,Marlon Garnett
1838,Tyrone,Nesby,1/31/1976,UNLV,USA,78,245,TRUE,TRUE,FALSE,-1,-1,-1,Tyrone Nesby
1839,Randy,White,11/4/1967,Louisiana Tech,USA,80,240,FALSE,TRUE,FALSE,1989,1,8,Randy White
1844,Fred,Vinson,1/28/1971,Georgia Tech,USA,76,190,TRUE,FALSE,FALSE,-1,-1,-1,Fred Vinson
1845,Andrew,Gaze,7/24/1965,Seton Hall,USA,,,,,,-1,-1,-1,Andrew Gaze
1846,Chris,Welp,1/2/1964,Washington,USA,84,245,FALSE,FALSE,TRUE,1987,1,16,Chris Welp
1847,Thurl,Bailey,4/7/1961,North Carolina State,USA,83,247,FALSE,TRUE,FALSE,1983,1,7,Thurl Bailey
1848,Mike,Higgins,2/17/1967,Northern Colorado,USA,81,220,FALSE,TRUE,FALSE,-1,-1,-1,Mike Higgins
1852,Jeff,Sheppard,12/29/1974,Kentucky,USA,75,190,TRUE,FALSE,FALSE,-1,-1,-1,Jeff Sheppard
1853,Anthony,Carter,6/16/1975,Hawaii,USA,73,190,FALSE,FALSE,FALSE,-22,-22,-22,Anthony Carter
1855,Mark,Macon,4/14/1969,Temple,USA,76,185,TRUE,FALSE,FALSE,1991,1,8,Mark Macon
1858,Mark,Baker,11/11/1969,Ohio State,USA,73,175,TRUE,FALSE,FALSE,-1,-1,-1,Mark Baker
1861,Negele,Knight,3/3/1967,Dayton,USA,73,175,TRUE,FALSE,FALSE,1990,2,31,Negele Knight
1863,Earl,Boykins,6/2/1976,Eastern Michigan,USA,65,133,TRUE,FALSE,FALSE,-1,-1,-1,Earl Boykins
1864,Steve,Goodrich,3/18/1976,Princeton,USA,82,220,FALSE,FALSE,TRUE,-1,-1,-1,Steve Goodrich
1868,Trevor,Winter,1/7/1974,Minnesota,USA,84,275,FALSE,FALSE,TRUE,-1,-1,-1,Trevor Winter
1869,Charles R.,Jones,7/17/1975,Long Island-Brooklyn,USA,75,180,TRUE,FALSE,FALSE,-1,-1,-1,Charles R. Jones
1871,Gerald,Brown,7/28/1975,Pepperdine,USA,76,210,TRUE,FALSE,FALSE,-1,-1,-1,Gerald Brown
1872,Randell,Jackson,1/6/1976,Florida State,USA,83,215,FALSE,TRUE,FALSE,1999,,,Randell Jackson
1874,Jeff,Sanders,1/14/1966,Georgia Southern,USA,80,225,FALSE,TRUE,FALSE,1989,1,20,Jeff Sanders
1882,Elton,Brand,3/11/1979,Duke,USA,81,275,FALSE,TRUE,FALSE,1999,1,1,Elton Brand
1883,Steve,Francis,2/21/1977,Maryland,USA,75,210,TRUE,FALSE,FALSE,1999,1,2,Steve Francis
1884,Baron,Davis,4/13/1979,UCLA,USA,75,212,TRUE,FALSE,FALSE,1999,1,3,Baron Davis
1885,Lamar,Odom,11/6/1979,Rhode Island,USA,82,230,FALSE,TRUE,FALSE,1999,1,4,Lamar Odom
1886,Jonathan,Bender,1/30/1981,Picayune HS (MS),USA,84,230,FALSE,TRUE,FALSE,1999,1,5,Jonathan Bender
1887,Wally,Szczerbiak,3/5/1977,Miami (Ohio),USA,79,240,TRUE,TRUE,FALSE,1999,1,6,Wally Szczerbiak
1888,Richard,Hamilton,2/14/1978,Connecticut,USA,79,185,TRUE,FALSE,FALSE,1999,1,7,Richard Hamilton
1889,Andre,Miller,3/19/1976,Utah,USA,75,200,TRUE,FALSE,FALSE,1999,1,8,Andre Miller
1890,Shawn,Marion,5/7/1978,UNLV,USA,79,228,TRUE,TRUE,FALSE,1999,1,9,Shawn Marion
1891,Jason,Terry,9/15/1977,Arizona,USA,74,185,TRUE,FALSE,FALSE,1999,1,10,Jason Terry
1892,Trajan,Langdon,5/13/1976,Duke,USA,,,,,,1999,1,11,Trajan Langdon
1893,Aleksandar,Radojevic,8/8/1976,Buducnost,Bosnia and Herzegovina,87,250,FALSE,FALSE,TRUE,1999,1,12,Aleksandar Radojevic
1894,Corey,Maggette,11/12/1979,Duke,USA,78,225,FALSE,TRUE,FALSE,1999,1,13,Corey Maggette
1895,William,Avery,8/8/1979,Duke,USA,74,180,TRUE,FALSE,FALSE,1999,1,14,William Avery
1897,Metta,World Peace,11/13/1979,St. John's (NY),USA,79,260,FALSE,TRUE,FALSE,1999,1,16,Metta World Peace
1898,Cal,Bowdler,3/31/1977,Old Dominion,USA,82,1898,FALSE,TRUE,FALSE,1999,1,17,Cal Bowdler
1899,James,Posey,1/13/1977,Xavier,USA,80,217,FALSE,TRUE,FALSE,1999,1,18,James Posey
1900,Quincy,Lewis,6/26/1977,Minnesota,USA,79,215,TRUE,TRUE,FALSE,1999,1,19,Quincy Lewis
1901,Dion,Glover,10/22/1978,Georgia Tech,USA,77,225,TRUE,TRUE,FALSE,1999,1,20,Dion Glover
1902,Jeff,Foster,1/16/1977,Southwest Texas State,USA,83,250,FALSE,TRUE,TRUE,1999,1,21,Jeff Foster
1903,Kenny,Thomas,7/25/1977,New Mexico,USA,79,245,FALSE,TRUE,TRUE,1999,1,22,Kenny Thomas
1904,Devean,George,8/29/1977,Augsburg,USA,80,235,FALSE,TRUE,FALSE,1999,1,23,Devean George
1905,Andrei,Kirilenko,2/18/1981,CSKA Moscow,Russia,81,235,FALSE,TRUE,FALSE,1999,1,24,Andrei Kirilenko
1906,Tim,James,12/25/1976,Miami,USA,79,214,FALSE,TRUE,FALSE,1999,1,25,Tim James
1907,Vonteego,Cummings,2/29/1976,Pittsburgh,USA,,1907,FALSE,FALSE,FALSE,1999,1,26,Vonteego Cummings
1908,Jumaine,Jones,2/10/1979,Georgia,USA,80,230,FALSE,TRUE,FALSE,1999,1,27,Jumaine Jones
1909,Scott,Padgett,4/19/1976,Kentucky,USA,81,240,FALSE,TRUE,FALSE,1999,1,28,Scott Padgett
1910,Leon,Smith,11/2/1980,Martin Luther King HS (IL),USA,82,235,FALSE,TRUE,FALSE,1999,1,29,Leon Smith
1911,John,Celestand,3/6/1977,Villanova,USA,75,1911,TRUE,FALSE,FALSE,1999,2,30,John Celestand
1913,Michael,Ruffin,1/21/1977,Tulsa,USA,80,246,FALSE,TRUE,TRUE,1999,2,32,Michael Ruffin
1914,Chris,Herren,9/27/1975,Fresno State,USA,74,190,TRUE,FALSE,FALSE,1999,2,33,Chris Herren
1915,Evan,Eschmeyer,5/30/1975,Northwestern,USA,83,250,FALSE,FALSE,TRUE,1999,2,34,Evan Eschmeyer
1916,Calvin,Booth,5/7/1976,Penn State,USA,83,230,FALSE,FALSE,TRUE,1999,2,35,Calvin Booth
1917,Wang,Zhi-zhi,7/8/1977,Bayi,China,85,284,FALSE,FALSE,TRUE,1999,2,36,Wang Zhi-zhi
1918,Obinna,Ekezie,8/22/1975,Maryland,Nigeria,81,270,FALSE,FALSE,TRUE,1999,2,37,Obinna Ekezie
1919,Laron,Profit,8/5/1977,Maryland,USA,77,204,TRUE,TRUE,FALSE,1999,2,38,Laron Profit
1920,A.J.,Bramlett,1/10/1977,Arizona,USA,82,227,FALSE,FALSE,TRUE,1999,2,39,A.J. Bramlett
1921,Gordan,Giricek,6/20/1977,CSKA Moscow,Croatia,78,220,TRUE,FALSE,FALSE,1999,2,40,Gordan Giricek
1922,Francisco,Elson,2/28/1976,California,Netherlands,84,235,FALSE,FALSE,FALSE,1999,2,41,Francisco Elson
1924,Lee,Nailon,2/22/1975,TCU,USA,81,241,FALSE,TRUE,FALSE,1999,2,43,Lee Nailon
1926,Ryan,Robertson,10/2/1976,Kansas,USA,77,190,TRUE,FALSE,FALSE,1999,2,45,Ryan Robertson
1928,Todd,MacCulloch,1/27/1976,Washington,Canada,84,280,FALSE,FALSE,TRUE,1999,2,47,Todd MacCulloch
1929,Galen,Young,,,,,,,,,,,,Galen Young
1930,Lari,Ketner,2/1/1977,Massachusetts,USA,,,FALSE,TRUE,FALSE,1999,2,49,Lari Ketner
1934,Rodney,Buford,11/2/1977,Creighton,USA,77,1934,TRUE,TRUE,FALSE,1999,2,53,Rodney Buford
1937,Tim,Young,2/6/1976,Stanford,USA,86,1937,FALSE,FALSE,TRUE,1999,2,56,Tim Young
1938,Manu,Ginobili,7/28/1977,Virtus Bologna,Argentina,78,205,TRUE,FALSE,FALSE,1999,2,57,Manu Ginobili
1942,Harold,Jamison,11/20/1976,Clemson,USA,81,269,FALSE,TRUE,FALSE,-1,-1,-1,Harold Jamison
1943,Wayne,Turner,3/22/1976,Kentucky,USA,74,190,TRUE,FALSE,FALSE,-1,-1,-1,Wayne Turner
1944,Eddie,Robinson,4/19/1976,Central Oklahoma,USA,81,210,FALSE,TRUE,FALSE,-22,-22,-22,Eddie Robinson
1950,Andy,Panko,11/29/1977,Lebanon Valley,USA,81,245,FALSE,TRUE,FALSE,-1,-1,-1,Andy Panko
1952,Raja,Bell,9/19/1976,Florida International,US Virgin Islands,77,210,TRUE,FALSE,FALSE,-1,-1,-1,Raja Bell
1953,Lazaro,Borrell,9/20/1972,Villa Clara,Cuba,80,220,FALSE,TRUE,FALSE,-1,-1,-1,Lazaro Borrell
1954,Jason,Miskiri,8/19/1975,George Mason,USA,74,185,TRUE,FALSE,FALSE,-1,-1,-1,Jason Miskiri
1956,Ira,Newble,1/20/1975,Miami (Ohio),USA,79,220,TRUE,TRUE,FALSE,-1,-1,-1,Ira Newble
1960,Milt,Palacio,2/7/1978,Colorado State,Belize,76,210,TRUE,FALSE,FALSE,-1,-1,-1,Milt Palacio
1965,Rick,Hughes,8/22/1973,Thomas More,USA,81,235,FALSE,TRUE,FALSE,-1,-1,-1,Rick Hughes
1967,Derek,Hood,12/22/1976,Arkansas,USA,80,222,FALSE,TRUE,FALSE,-1,-1,-1,Derek Hood
1969,Peter,Cornell,,,,,,,,,,,,Peter Cornell
1972,John,Morton,5/18/1967,Seton Hall,USA,75,180,FALSE,TRUE,FALSE,1989,1,25,John Morton
1975,Jamel,Thomas,7/19/1976,Providence,USA,78,219,FALSE,TRUE,FALSE,-1,-1,-1,Jamel Thomas
1983,Jermaine,Jackson,6/7/1976,Detroit,USA,77,204,TRUE,FALSE,FALSE,-1,-1,-1,Jermaine Jackson
1984,Rickie,Winslow,7/26/1964,Houston,USA,80,225,FALSE,TRUE,FALSE,1987,2,28,Rickie Winslow
1985,Zendon,Hamilton,4/29/1975,St. John's (NY),USA,83,1985,FALSE,FALSE,FALSE,-22,-22,-22,Zendon Hamilton
2000,Dedric,Willoughby,5/27/1974,Iowa State,USA,75,180,TRUE,FALSE,FALSE,-1,-1,-1,Dedric Willoughby
2030,Kenyon,Martin,12/30/1977,Cincinnati,USA,81,225,FALSE,TRUE,FALSE,2000,1,1,Kenyon Martin
2031,Stromile,Swift,11/21/1979,Louisiana State,USA,82,220,FALSE,TRUE,TRUE,2000,1,2,Stromile Swift
2032,Darius,Miles,10/9/1981,East St. Louis HS (IL),USA,81,235,FALSE,TRUE,FALSE,2000,1,3,Darius Miles
2033,Marcus,Fizer,8/10/1978,Iowa State,USA,,,,,,2000,1,4,Marcus Fizer
2034,Mike,Miller,2/19/1980,Florida,USA,80,218,TRUE,TRUE,FALSE,2000,1,5,Mike Miller
2035,DerMarr,Johnson,5/5/1980,Cincinnati,USA,81,210,TRUE,TRUE,FALSE,2000,1,6,DerMarr Johnson
2036,Chris,Mihm,7/16/1979,Texas,USA,84,265,FALSE,FALSE,TRUE,2000,1,7,Chris Mihm
2037,Jamal,Crawford,3/20/1980,Michigan,USA,77,200,TRUE,FALSE,FALSE,2000,1,8,Jamal Crawford
2038,Joel,Przybilla,10/10/1979,Minnesota,USA,85,245,FALSE,FALSE,TRUE,2000,1,9,Joel Przybilla
2039,Keyon,Dooling,5/8/1980,Missouri,USA,75,195,TRUE,FALSE,FALSE,2000,1,10,Keyon Dooling
2040,Jerome,Moiso,6/15/1978,UCLA,France,82,260,FALSE,TRUE,FALSE,2000,1,11,Jerome Moiso
2041,Etan,Thomas,4/1/1978,Syracuse,USA,82,260,FALSE,FALSE,TRUE,2000,1,12,Etan Thomas
2042,Courtney,Alexander,4/27/1977,Fresno State,USA,77,2042,TRUE,FALSE,FALSE,2000,1,13,Courtney Alexander
2043,Mateen,Cleaves,9/7/1977,Michigan State,USA,74,210,TRUE,FALSE,FALSE,2000,1,14,Mateen Cleaves
2044,Jason,Collier,9/8/1977,Georgia Tech,USA,84,260,FALSE,FALSE,TRUE,2000,1,15,Jason Collier
2045,Hedo,Turkoglu,3/19/1979,Efes Pilsen,Turkey,82,220,FALSE,TRUE,FALSE,2000,1,16,Hedo Turkoglu
2046,Desmond,Mason,10/11/1977,Oklahoma State,USA,77,222,TRUE,FALSE,FALSE,2000,1,17,Desmond Mason
2047,Quentin,Richardson,4/13/1980,DePaul,USA,78,228,FALSE,TRUE,FALSE,2000,1,18,Quentin Richardson
2048,Jamaal,Magloire,5/21/1978,Kentucky,Canada,83,259,FALSE,FALSE,TRUE,2000,1,19,Jamaal Magloire
2049,Speedy,Claxton,5/8/1978,Hofstra,USA,71,170,TRUE,FALSE,FALSE,2000,1,20,Speedy Claxton
2050,Morris,Peterson,8/26/1977,Michigan State,USA,79,218,FALSE,FALSE,FALSE,2000,1,21,Morris Peterson
2051,Donnell,Harvey,8/26/1980,Florida,USA,80,220,FALSE,TRUE,FALSE,2000,1,22,Donnell Harvey
2052,DeShawn,Stevenson,4/3/1981,Washington Union HS (CA),USA,77,218,TRUE,TRUE,FALSE,2000,1,23,DeShawn Stevenson
2053,Dalibor,Bagaric,7/2/1980,Benston Zagreb,Croatia,85,290,FALSE,FALSE,TRUE,2000,1,24,Dalibor Bagaric
2054,Jake,Tsakalidis,6/10/1979,AEK Athens,Greece,86,290,FALSE,FALSE,TRUE,2000,1,25,Jake Tsakalidis
2055,Mamadou,N'diaye,6/16/1975,Auburn,Senegal,84,255,FALSE,FALSE,TRUE,2000,1,26,Mamadou N'diaye
2056,Primoz,Brezec,10/2/1979,Union Olimpija,Slovenia,85,255,FALSE,FALSE,TRUE,2000,1,27,Primoz Brezec
2057,Erick,Barkley,2/21/1978,St. John's (NY),USA,73,185,TRUE,FALSE,FALSE,2000,1,28,Erick Barkley
2058,Mark,Madsen,1/28/1976,Stanford,USA,81,240,FALSE,TRUE,FALSE,2000,1,29,Mark Madsen
2059,Eduardo,Najera,7/11/1976,Oklahoma,Mexico,80,235,FALSE,TRUE,FALSE,2000,2,38,Eduardo Najera
2060,Marko,Jaric,12/10/1978,Virtus Bologna,Serbia,79,224,TRUE,FALSE,FALSE,2000,2,30,Marko Jaric
2061,Dan,Langhi,11/28/1977,Vanderbilt,USA,83,220,FALSE,TRUE,FALSE,2000,2,31,Dan Langhi
2062,A.J.,Guyton,2/12/1978,Indiana,USA,74,2062,TRUE,FALSE,FALSE,2000,2,32,A.J. Guyton
2063,Jake,Voskuhl,11/1/1977,Connecticut,USA,83,255,FALSE,FALSE,TRUE,2000,2,33,Jake Voskuhl
2064,Khalid,El-Amin,4/25/1979,Connecticut,USA,70,200,TRUE,FALSE,FALSE,2000,2,34,Khalid El-Amin
2065,Mike,Smith,4/15/1976,Louisiana-Monroe,USA,80,195,FALSE,TRUE,FALSE,2000,2,35,Mike Smith
2066,Soumaila,Samake,3/18/1978,Union Olimpija,Mali,82,2066,FALSE,FALSE,TRUE,2000,2,36,Soumaila Samake
2067,Eddie,House,5/14/1978,Arizona State,USA,73,190,TRUE,FALSE,FALSE,2000,2,37,Eddie House
2068,Lavor,Postell,2/26/1978,St. John's (NY),USA,77,215,TRUE,TRUE,FALSE,2000,2,39,Lavor Postell
2069,Hanno,Mottola,9/9/1976,Utah,Finland,83,247,FALSE,TRUE,TRUE,2000,2,40,Hanno Mottola
2071,Olumide,Oyedeji,5/11/1981,DJK Wurzburg,Nigeria,,2071,FALSE,FALSE,FALSE,2000,2,42,Olumide Oyedeji
2072,Michael,Redd,8/24/1979,Ohio State,USA,78,215,TRUE,FALSE,FALSE,2000,2,43,Michael Redd
2073,Brian,Cardinal,5/2/1977,Purdue,USA,80,240,FALSE,TRUE,FALSE,2000,2,44,Brian Cardinal
2074,Jabari,Smith,2/12/1977,Louisiana State,USA,83,250,FALSE,FALSE,TRUE,2000,2,45,Jabari Smith
2077,Mark,Karcher,,,,,,,,,,,,Mark Karcher
2078,Jason,Hart,4/29/1978,Syracuse,USA,75,180,TRUE,FALSE,FALSE,2000,2,49,Jason Hart
2079,Kaniel,Dickens,7/21/1978,Idaho,USA,80,2079,FALSE,FALSE,FALSE,2000,2,50,Kaniel Dickens
2080,Igor,Rakocevic,3/29/1978,Buducnost,Serbia,74,184,TRUE,FALSE,FALSE,2000,2,51,Igor Rakocevic
2081,Ernest,Brown,5/17/1979,Indian Hills C.C.,USA,84,2081,FALSE,FALSE,TRUE,2000,2,52,Ernest Brown
2082,Dan,McClintock,4/19/1977,Northern Arizona,USA,84,270,FALSE,FALSE,TRUE,2000,2,53,Dan McClintock
2084,Chris,Porter,5/9/1978,Auburn,USA,79,218,FALSE,TRUE,FALSE,2000,2,55,Chris Porter
2091,Daniel,Santiago,6/24/1976,St. Vincent,Puerto Rico,85,256,FALSE,FALSE,TRUE,-1,-1,-1,Daniel Santiago
2092,Ruben,Garces,10/17/1973,Providence,USA,,,FALSE,TRUE,FALSE,-1,-1,-1,Ruben Garces
2098,Slava,Medvedenko,4/4/1979,Kyiv,Ukraine,82,253,FALSE,TRUE,FALSE,-1,-1,-1,Slava Medvedenko
2101,Paul,McPherson,7/3/1978,DePaul,USA,76,210,TRUE,FALSE,FALSE,-1,-1,-1,Paul McPherson
2106,Ruben,Wolkowyski,9/30/1973,Estudiantes de Olavarria,Argentina,82,275,FALSE,TRUE,FALSE,-1,-1,-1,Ruben Wolkowyski
2109,Eddie,Gill,8/16/1978,Weber State,USA,72,190,TRUE,FALSE,FALSE,-1,-1,-1,Eddie Gill
2111,Jimmie,Hunter,,,,,,,,,,,,Jimmie Hunter
2121,Terrance,Roberson,12/30/1976,Fresno State,USA,,,,,,-1,-1,-1,Terrance Roberson
2123,Garth,Joseph,8/8/1973,St. Rose,USA,86,306,FALSE,FALSE,TRUE,-1,-1,-1,Garth Joseph
2124,Malik,Allen,6/27/1978,Villanova,USA,82,255,FALSE,TRUE,FALSE,-1,-1,-1,Malik Allen
2128,David,Vanterpool,3/21/1973,St. Bonaventure,USA,77,200,TRUE,FALSE,FALSE,-1,-1,-1,David Vanterpool
2130,Mike,Penberthy,11/29/1974,The Master's College,USA,75,180,,,,-1,-1,-1,Mike Penberthy
2135,Nick,Sheppard,,,,,,,,,,,,Nick Sheppard
2136,Jameel,Watkins,,,,,,,,,,,,Jameel Watkins
2137,Ime,Udoka,8/9/1977,Portland State,USA,77,215,FALSE,FALSE,FALSE,-22,-22,-22,Ime Udoka
2143,Pepe,Sanchez,5/8/1977,Temple,Argentina,76,195,TRUE,FALSE,FALSE,-1,-1,-1,Pepe Sanchez
2144,Ademola,Okulaja,,,,,,,,,,,,Ademola Okulaja
2148,Mark,Ayotte,,,,,,,,,,,,Mark Ayotte
2173,Sean,Colson,7/1/1975,North Carolina-Charlotte,USA,72,175,TRUE,FALSE,FALSE,-1,-1,-1,Sean Colson
2198,Kwame,Brown,3/10/1982,Glynn Academy HS (GA),USA,83,290,FALSE,FALSE,TRUE,2001,1,1,Kwame Brown
2199,Tyson,Chandler,10/2/1982,Dominguez HS (CA),USA,84,235,FALSE,FALSE,TRUE,2001,1,2,Tyson Chandler
2200,Pau,Gasol,7/6/1980,FC Barcelona,Spain,84,250,FALSE,TRUE,TRUE,2001,1,3,Pau Gasol
2201,Eddy,Curry,12/5/1982,Thornwood HS (IL),USA,84,295,FALSE,FALSE,TRUE,2001,1,4,Eddy Curry
2202,Jason,Richardson,1/20/1981,Michigan State,USA,78,225,TRUE,FALSE,FALSE,2001,1,5,Jason Richardson
2203,Shane,Battier,9/9/1978,Duke,USA,80,220,FALSE,TRUE,FALSE,2001,1,6,Shane Battier
2204,Eddie,Griffin,5/30/1982,Seton Hall,USA,81,222,FALSE,TRUE,FALSE,2001,1,7,Eddie Griffin
2205,DeSagana,Diop,1/30/1982,Oak Hill Academy (VA),Senegal,84,300,FALSE,FALSE,TRUE,2001,1,8,DeSagana Diop
2206,Rodney,White,6/28/1980,North Carolina-Charlotte,USA,81,230,FALSE,TRUE,FALSE,2001,1,9,Rodney White
2207,Joe,Johnson,6/29/1981,Arkansas,USA,79,240,TRUE,TRUE,FALSE,2001,1,10,Joe Johnson
2208,Kedrick,Brown,3/18/1981,Northwest Florida State,USA,79,2208,FALSE,FALSE,FALSE,2001,1,11,Kedrick Brown
2209,Vladimir,Radmanovic,11/19/1980,FMP,Serbia,82,235,FALSE,TRUE,FALSE,2001,1,12,Vladimir Radmanovic
2210,Richard,Jefferson,6/21/1980,Arizona,USA,79,233,FALSE,TRUE,FALSE,2001,1,13,Richard Jefferson
2211,Troy,Murphy,5/2/1980,Notre Dame,USA,83,245,FALSE,TRUE,TRUE,2001,1,14,Troy Murphy
2212,Steven,Hunter,10/31/1981,DePaul,USA,84,240,FALSE,FALSE,TRUE,2001,1,15,Steven Hunter
2213,Kirk,Haston,3/10/1979,Indiana,USA,81,242,FALSE,TRUE,FALSE,2001,1,16,Kirk Haston
2214,Michael,Bradley,4/18/1979,Villanova,USA,82,245,FALSE,TRUE,FALSE,2001,1,17,Michael Bradley
2215,Jason,Collins,12/2/1978,Stanford,USA,84,255,FALSE,FALSE,TRUE,2001,1,18,Jason Collins
2216,Zach,Randolph,7/16/1981,Michigan State,USA,81,250,FALSE,TRUE,FALSE,2001,1,19,Zach Randolph
2217,Brendan,Haywood,11/27/1979,North Carolina,USA,84,263,FALSE,FALSE,TRUE,2001,1,20,Brendan Haywood
2218,Joseph,Forte,3/23/1981,North Carolina,USA,76,194,TRUE,FALSE,FALSE,2001,1,21,Joseph Forte
2219,Jeryl,Sasser,2/13/1979,Southern Methodist,USA,78,200,TRUE,FALSE,FALSE,2001,1,22,Jeryl Sasser
2220,Brandon,Armstrong,6/16/1980,Pepperdine,USA,77,185,TRUE,FALSE,FALSE,2001,1,23,Brandon Armstrong
2221,Raul,Lopez,4/15/1980,Real Madrid,Spain,72,175,TRUE,FALSE,FALSE,2001,1,24,Raul Lopez
2222,Gerald,Wallace,7/23/1982,Alabama,USA,79,220,FALSE,TRUE,FALSE,2001,1,25,Gerald Wallace
2223,Samuel,Dalembert,5/10/1980,Seton Hall,Haiti,83,255,FALSE,FALSE,TRUE,2001,1,26,Samuel Dalembert
2224,Jamaal,Tinsley,2/28/1978,Iowa State,USA,75,188,TRUE,FALSE,FALSE,2001,1,27,Jamaal Tinsley
2225,Tony,Parker,5/17/1982,Paris Basket Racing,France,74,185,TRUE,FALSE,FALSE,2001,1,28,Tony Parker
2226,Will,Solomon,7/20/1978,Clemson,USA,73,185,TRUE,FALSE,FALSE,2001,2,32,Will Solomon
2228,Alton,Ford,5/29/1981,Houston,USA,81,280,FALSE,TRUE,FALSE,2001,2,50,Alton Ford
2229,Mike,James,6/23/1975,Duquesne,USA,74,188,TRUE,FALSE,FALSE,-1,-1,-1,Mike James
2230,Maurice,Evans,11/8/1978,Texas,USA,77,220,TRUE,TRUE,FALSE,-1,-1,-1,Maurice Evans
2237,Ratko,Varda,5/6/1979,Partizan,Bosnia and Herzegovina,85,265,FALSE,FALSE,TRUE,-1,-1,-1,Ratko Varda
2238,Antonis,Fotsis,4/1/1981,Panathinaikos,Greece,82,2238,FALSE,TRUE,FALSE,2001,2,47,Antonis Fotsis
2239,Trenton,Hassell,3/4/1979,Austin Peay,USA,77,200,TRUE,TRUE,FALSE,2001,2,29,Trenton Hassell
2240,Gilbert,Arenas,1/6/1982,Arizona,USA,76,215,TRUE,FALSE,FALSE,2001,2,30,Gilbert Arenas
2241,Omar,Cook,1/28/1982,St. John's (NY),USA,73,2241,TRUE,FALSE,FALSE,2001,2,31,Omar Cook
2242,Terence,Morris,1/11/1979,Maryland,USA,,,,,,2001,2,33,Terence Morris
2243,Brian,Scalabrine,3/18/1978,Southern California,USA,81,235,FALSE,TRUE,FALSE,2001,2,34,Brian Scalabrine
2244,Jeff,Trepagnier,7/11/1979,USC,USA,76,200,TRUE,FALSE,FALSE,2001,2,35,Jeff Trepagnier
2245,Damone,Brown,6/28/1979,Syracuse,USA,80,2245,FALSE,FALSE,FALSE,2001,2,36,Damone Brown
2246,Mehmet,Okur,5/26/1979,Efes Pilsen,Turkey,83,260,FALSE,FALSE,TRUE,2001,2,37,Mehmet Okur
2248,Earl,Watson,6/12/1979,UCLA,USA,73,199,TRUE,FALSE,FALSE,2001,2,39,Earl Watson
2249,Jamison,Brewer,11/19/1980,Auburn,USA,76,195,TRUE,FALSE,FALSE,2001,2,40,Jamison Brewer
2250,Bobby,Simmons,6/2/1980,DePaul,USA,78,235,FALSE,TRUE,FALSE,2001,2,41,Bobby Simmons
2251,Eric,Chenowith,,,,,,,,,,,,Eric Chenowith
2253,Sean,Lampley,9/3/1979,California,USA,78,213,FALSE,TRUE,FALSE,2001,2,44,Sean Lampley
2254,Loren,Woods,6/21/1978,Arizona,USA,86,260,FALSE,FALSE,TRUE,2001,2,45,Loren Woods
2256,Ken,Johnson,2/1/1978,Ohio State,USA,82,2256,FALSE,TRUE,TRUE,2001,2,48,Ken Johnson
2257,Ruben,Boumtje-Boumtje,5/20/1978,Georgetown,USA,84,257,FALSE,FALSE,TRUE,2001,2,49,Ruben Boumtje-Boumtje
2260,Jarron,Collins,12/2/1978,Stanford,USA,83,249,FALSE,FALSE,TRUE,2001,2,52,Jarron Collins
2261,Kenny,Satterfield,4/10/1981,Cincinnati,USA,74,2261,TRUE,FALSE,FALSE,2001,2,53,Kenny Satterfield
2264,Alvin,Jones,9/9/1978,Georgia Tech,USA,83,265,FALSE,FALSE,TRUE,2001,2,56,Alvin Jones
2271,Robb,Dryden,,,,,,,,,,,,Robb Dryden
2294,Charlie,Bell,3/12/1979,Michigan State,USA,75,200,TRUE,FALSE,FALSE,-22,-22,-22,Charlie Bell
2306,Carlos,Arroyo,7/30/1979,Florida International,Puerto Rico,74,200,TRUE,FALSE,FALSE,-1,-1,-1,Carlos Arroyo
2321,Paul,Shirley,12/23/1977,Iowa State,USA,82,230,FALSE,TRUE,FALSE,-1,-1,-1,Paul Shirley
2343,Joe,Crispin,7/18/1979,Penn State,USA,72,185,TRUE,FALSE,FALSE,-1,-1,-1,Joe Crispin
2347,Tang,Hamilton,5/26/1978,Mississippi State,USA,80,205,FALSE,TRUE,FALSE,-1,-1,-1,Tang Hamilton
2349,Victor,Alexander,8/31/1969,Iowa State,USA,82,265,FALSE,TRUE,FALSE,1991,1,17,Victor Alexander
2351,Oscar,Torres,12/18/1976,Trotamundos,Venezuela,78,210,TRUE,TRUE,FALSE,-1,-1,-1,Oscar Torres
2352,Dean,Oliver,11/5/1978,Iowa,USA,71,175,TRUE,FALSE,FALSE,-1,-1,-1,Dean Oliver
2357,Tierre,Brown,6/3/1979,McNeese State,USA,74,189,TRUE,FALSE,FALSE,-1,-1,-1,Tierre Brown
2365,Chris,Andersen,7/7/1978,Blinn J.C.,USA,82,245,FALSE,TRUE,TRUE,-1,-1,-1,Chris Andersen
2366,Mike,Wilks,5/7/1979,Rice,USA,70,180,TRUE,FALSE,FALSE,-1,-1,-1,Mike Wilks
2367,Geno,Carlisle,8/13/1976,California,USA,75,200,TRUE,FALSE,FALSE,-1,-1,-1,Geno Carlisle
2369,Norman,Richardson,7/24/1977,Hofstra,USA,77,2369,TRUE,FALSE,FALSE,-22,-22,-22,Norman Richardson
2370,Mengke,Bateer,11/20/1975,Beijing,China,83,290,FALSE,FALSE,TRUE,-1,-1,-1,Mengke Bateer
2386,Kimani,Ffriend,,,,,,,,,,,,Kimani Ffriend
2397,Yao,Ming,9/12/1980,Shanghai,China,90,310,FALSE,FALSE,TRUE,2002,1,1,Yao Ming
2398,Jay,Williams,9/10/1981,Duke,USA,74,195,TRUE,FALSE,FALSE,2002,1,2,Jay Williams
2399,Mike,Dunleavy,9/15/1980,Duke,USA,81,230,TRUE,TRUE,FALSE,2002,1,3,Mike Dunleavy
2400,Drew,Gooden,9/24/1981,Kansas,USA,82,250,FALSE,TRUE,FALSE,2002,1,4,Drew Gooden
2401,Nikoloz,Tskitishvili,4/14/1983,Benetton Treviso,Georgia,84,225,FALSE,TRUE,FALSE,2002,1,5,Nikoloz Tskitishvili
2402,Dajuan,Wagner,2/4/1983,Memphis,USA,75,200,TRUE,FALSE,FALSE,2002,1,6,Dajuan Wagner
2404,Chris,Wilcox,9/3/1982,Maryland,USA,82,235,FALSE,TRUE,TRUE,2002,1,8,Chris Wilcox
2405,Amar'e,Stoudemire,11/16/1982,Cypress Creek HS (FL),USA,82,245,FALSE,TRUE,TRUE,2002,1,9,Amar'e Stoudemire
2406,Caron,Butler,3/13/1980,Connecticut,USA,79,228,FALSE,TRUE,FALSE,2002,1,10,Caron Butler
2407,Jared,Jeffries,11/25/1981,Indiana,USA,83,240,FALSE,TRUE,FALSE,2002,1,11,Jared Jeffries
2408,Melvin,Ely,5/2/1978,Fresno State,USA,82,260,FALSE,TRUE,TRUE,2002,1,12,Melvin Ely
2409,Marcus,Haislip,12/22/1980,Tennessee,USA,82,230,FALSE,TRUE,FALSE,2002,1,13,Marcus Haislip
2410,Fred,Jones,3/11/1979,Oregon,USA,74,225,TRUE,FALSE,FALSE,2002,1,14,Fred Jones
2411,Bostjan,Nachbar,7/3/1980,Benetton Treviso,Slovenia,81,221,FALSE,TRUE,FALSE,2002,1,15,Bostjan Nachbar
2412,Jiri,Welsch,1/27/1980,Union Olimpija,Czech Republic,79,208,FALSE,TRUE,FALSE,2002,1,16,Jiri Welsch
2413,Juan,Dixon,10/9/1978,Maryland,USA,75,164,TRUE,FALSE,FALSE,2002,1,17,Juan Dixon
2414,Curtis,Borchardt,9/13/1980,Stanford,USA,84,2414,FALSE,FALSE,TRUE,2002,1,18,Curtis Borchardt
2415,Ryan,Humphrey,7/24/1979,Notre Dame,USA,80,235,FALSE,TRUE,FALSE,2002,1,19,Ryan Humphrey
2416,Kareem,Rush,10/30/1980,Missouri,USA,78,215,TRUE,FALSE,FALSE,2002,1,20,Kareem Rush
2417,Qyntel,Woods,2/16/1981,Northeast Mississippi CC,USA,80,220,TRUE,TRUE,FALSE,2002,1,21,Qyntel Woods
2418,Casey,Jacobsen,3/19/1981,Stanford,USA,78,215,TRUE,FALSE,FALSE,2002,1,22,Casey Jacobsen
2419,Tayshaun,Prince,2/28/1980,Kentucky,USA,81,212,FALSE,TRUE,FALSE,2002,1,23,Tayshaun Prince
2420,Nenad,Krstic,7/25/1983,Partizan,Serbia,84,240,FALSE,FALSE,TRUE,2002,1,24,Nenad Krstic
2421,Frank,Williams,2/25/1980,Illinois,USA,75,212,TRUE,FALSE,FALSE,2002,1,25,Frank Williams
2422,John,Salmons,12/12/1979,Miami,USA,78,210,FALSE,TRUE,FALSE,2002,1,26,John Salmons
2423,Chris,Jefferies,2/13/1980,Fresno State,USA,80,230,FALSE,TRUE,FALSE,2002,1,27,Chris Jefferies
2424,Dan,Dickau,9/16/1978,Gonzaga,USA,72,180,TRUE,FALSE,FALSE,2002,1,28,Dan Dickau
2425,Robert,Archibald,3/29/1980,Illinois,Scotland,83,250,FALSE,TRUE,FALSE,2002,2,31,Robert Archibald
2427,Roger,Mason Jr.,9/10/1980,Virginia,USA,77,200,FALSE,FALSE,FALSE,2002,2,30,Roger Mason Jr.
2428,Vincent,Yarbrough,3/21/1981,Tennessee,USA,79,210,FALSE,TRUE,FALSE,2002,2,32,Vincent Yarbrough
2429,Dan,Gadzuric,2/2/1978,UCLA,Netherlands,83,240,FALSE,FALSE,TRUE,2002,2,33,Dan Gadzuric
2430,Carlos,Boozer,11/20/1981,Duke,USA,81,258,FALSE,TRUE,FALSE,2002,2,34,Carlos Boozer
2431,David,Andersen,6/23/1980,FC Barcelona,Australia,,,,,,2002,2,36,David Andersen
2432,Tito,Maddox,6/8/1981,Fresno State,USA,76,190,TRUE,FALSE,FALSE,2002,2,37,Tito Maddox
2434,Juan Carlos,Navarro,6/13/1980,FC Barcelona,Spain,,2434,FALSE,FALSE,FALSE,2002,2,39,Juan Carlos Navarro
2435,Mario,Kasun,4/5/1980,Skyliners Frankfurt,Croatia,85,260,FALSE,FALSE,TRUE,2002,2,40,Mario Kasun
2436,Flip,Murray,7/29/1979,Shaw,USA,75,200,TRUE,FALSE,FALSE,2002,2,41,Flip Murray
2437,Lonny,Baxter,1/27/1979,Maryland,USA,80,260,FALSE,TRUE,FALSE,2002,2,43,Lonny Baxter
2438,Jason,Jennings,,,,,,,,,,,,Jason Jennings
2439,Sam,Clancy,,,,,,,,,,,,Sam Clancy
2440,Matt,Barnes,3/9/1980,UCLA,USA,79,226,FALSE,TRUE,FALSE,2002,2,45,Matt Barnes
2441,Jamal,Sampson,5/15/1983,California,USA,83,235,FALSE,TRUE,TRUE,2002,2,46,Jamal Sampson
2442,Chris,Owens,3/1/1979,Texas-Austin,USA,79,245,FALSE,TRUE,FALSE,2002,2,47,Chris Owens
2443,Darius,Songaila,2/14/1978,Wake Forest,Lithuania,81,248,FALSE,TRUE,FALSE,2002,2,49,Darius Songaila
2446,Rasual,Butler,5/23/1979,La Salle,USA,79,215,FALSE,TRUE,FALSE,2002,2,52,Rasual Butler
2447,Tamar,Slay,4/2/1980,Marshall,USA,80,220,TRUE,FALSE,FALSE,2002,2,53,Tamar Slay
2449,Luis,Scola,4/30/1980,Tau Ceramica,Argentina,81,241,FALSE,TRUE,FALSE,2002,2,55,Luis Scola
2450,Randy,Holcomb,8/8/1979,San Diego State,USA,81,2450,FALSE,FALSE,FALSE,2002,2,56,Randy Holcomb
2451,Corsley,Edwards,3/5/1979,Central Connecticut State,USA,81,275,FALSE,TRUE,FALSE,2002,2,57,Corsley Edwards
2452,J.R.,Bremer,9/19/1980,St. Bonaventure,USA,74,185,TRUE,FALSE,FALSE,-1,-1,-1,J.R. Bremer
2453,Predrag,Savovic,5/21/1976,Hawaii,Serbia,78,2453,TRUE,FALSE,FALSE,-22,-22,-22,Predrag Savovic
2454,Junior,Harrington,10/2/1980,Wingate,USA,76,190,TRUE,FALSE,FALSE,-1,-1,-1,Junior Harrington
2456,Cezary,Trybanski,9/22/1979,Znicz Pruszkow,Poland,86,240,FALSE,FALSE,TRUE,-1,-1,-1,Cezary Trybanski
2457,Jannero,Pargo,10/22/1979,Arkansas,USA,73,185,TRUE,FALSE,FALSE,-1,-1,-1,Jannero Pargo
2462,Guy,Rucker,7/27/1977,Iowa,USA,81,270,FALSE,TRUE,TRUE,1999,,,Guy Rucker
2466,Maurice,Carter,10/12/1976,Louisiana State,USA,77,210,TRUE,FALSE,FALSE,-1,-1,-1,Maurice Carter
2469,Pat,Burke,12/14/1973,Auburn,Ireland,83,250,FALSE,TRUE,TRUE,-1,-1,-1,Pat Burke
2470,Smush,Parker,6/1/1981,Fordham,USA,76,190,TRUE,FALSE,FALSE,-1,-1,-1,Smush Parker
2471,Mike,Batiste,11/21/1977,Arizona State,USA,,2471,FALSE,FALSE,FALSE,-22,-22,-22,Mike Batiste
2484,Devin,Brown,12/30/1978,Texas-San Antonio,USA,77,210,TRUE,FALSE,FALSE,-1,-1,-1,Devin Brown
2486,Maurice,Baker,7/28/1979,Oklahoma State,USA,74,200,TRUE,FALSE,FALSE,-1,-1,-1,Maurice Baker
2492,Adam,Harrington,7/5/1980,Auburn,USA,77,200,TRUE,FALSE,FALSE,-1,-1,-1,Adam Harrington
2499,Richie,Frahm,8/14/1977,Gonzaga,USA,77,2499,FALSE,FALSE,FALSE,-22,-22,-22,Richie Frahm
2501,Reggie,Evans,5/18/1980,Iowa,USA,80,245,FALSE,TRUE,TRUE,-1,-1,-1,Reggie Evans
2508,Gabe,Muoneke,,,,,,,,,,,,Gabe Muoneke
2525,Milos,Vujanic,,,,,,,,,,,,Milos Vujanic
2541,Antoine,Rigaudeau,12/17/1971,Virtus Bologna,France,79,210,TRUE,FALSE,FALSE,-1,-1,-1,Antoine Rigaudeau
2545,Darko,Milicic,6/20/1985,Hemoform,Serbia,84,275,FALSE,FALSE,TRUE,2003,1,2,Darko Milicic
2546,Carmelo,Anthony,5/29/1984,Syracuse,USA,79,238,FALSE,TRUE,FALSE,2003,1,3,Carmelo Anthony
2547,Chris,Bosh,3/24/1984,Georgia Tech,USA,83,235,FALSE,TRUE,FALSE,2003,1,4,Chris Bosh
2548,Dwyane,Wade,1/17/1982,Marquette,USA,76,220,TRUE,FALSE,FALSE,2003,1,5,Dwyane Wade
2549,Chris,Kaman,4/28/1982,Central Michigan,USA,84,265,FALSE,FALSE,TRUE,2003,1,6,Chris Kaman
2550,Kirk,Hinrich,1/2/1981,Kansas,USA,76,190,TRUE,FALSE,FALSE,2003,1,7,Kirk Hinrich
2551,T.J.,Ford,3/24/1983,Texas-Austin,USA,72,165,TRUE,FALSE,FALSE,2003,1,8,T.J. Ford
2552,Michael,Sweetney,10/25/1982,Georgetown,USA,80,270,FALSE,TRUE,FALSE,2003,1,9,Michael Sweetney
2553,Jarvis,Hayes,8/9/1981,Georgia,USA,80,228,FALSE,TRUE,FALSE,2003,1,10,Jarvis Hayes
2554,Mickael,Pietrus,2/7/1982,Pau Orthez,France,78,215,FALSE,TRUE,FALSE,2003,1,11,Mickael Pietrus
2555,Nick,Collison,10/26/1980,Kansas,USA,82,255,FALSE,TRUE,TRUE,2003,1,12,Nick Collison
2556,Marcus,Banks,11/19/1981,UNLV,USA,74,205,TRUE,FALSE,FALSE,2003,1,13,Marcus Banks
2557,Luke,Ridnour,2/13/1981,Oregon,USA,74,175,TRUE,FALSE,FALSE,2003,1,14,Luke Ridnour
2558,Reece,Gaines,1/7/1981,Louisville,USA,78,205,TRUE,FALSE,FALSE,2003,1,15,Reece Gaines
2559,Troy,Bell,11/10/1980,Boston College,USA,73,180,TRUE,FALSE,FALSE,2003,1,16,Troy Bell
2560,Zarko,Cabarkapa,5/21/1981,Buducnost,Serbia,83,230,FALSE,TRUE,TRUE,2003,1,17,Zarko Cabarkapa
2561,David,West,8/29/1980,Xavier,USA,81,250,FALSE,TRUE,FALSE,2003,1,18,David West
2562,Sasha,Pavlovic,11/15/1983,Buducnost,Montenegro,79,220,TRUE,TRUE,FALSE,2003,1,19,Sasha Pavlovic
2563,Dahntay,Jones,12/27/1980,Duke,USA,78,225,TRUE,TRUE,FALSE,2003,1,20,Dahntay Jones
2564,Boris,Diaw,4/16/1982,Pau Orthez,France,80,250,FALSE,TRUE,TRUE,2003,1,21,Boris Diaw
2565,Zoran,Planinic,9/12/1982,Cibona,Croatia,,,,,,2003,1,22,Zoran Planinic
2566,Travis,Outlaw,9/18/1984,Starkville HS (MS),USA,81,210,FALSE,TRUE,FALSE,2003,1,23,Travis Outlaw
2567,Brian,Cook,12/4/1980,Illinois,USA,81,234,FALSE,TRUE,TRUE,2003,1,24,Brian Cook
2568,Carlos,Delfino,8/29/1982,Fortitudo Bologna,Argentina,78,230,TRUE,TRUE,FALSE,2003,1,25,Carlos Delfino
2569,Ndudi,Ebi,6/18/1984,Westbury Christian HS (TX),USA,81,195,FALSE,TRUE,FALSE,2003,1,26,Ndudi Ebi
2570,Kendrick,Perkins,11/10/1984,Clifton J. Ozen HS (TX),USA,82,270,FALSE,FALSE,TRUE,2003,1,27,Kendrick Perkins
2571,Leandro,Barbosa,11/28/1982,Bauru,Brazil,75,194,TRUE,FALSE,FALSE,2003,1,28,Leandro Barbosa
2572,Josh,Howard,4/28/1980,Wake Forest,USA,79,210,TRUE,TRUE,FALSE,2003,1,29,Josh Howard
2573,Maciej,Lampe,2/5/1985,Real Madrid,Poland,83,275,FALSE,TRUE,FALSE,2003,2,30,Maciej Lampe
2574,Jason,Kapono,2/2/1981,UCLA,USA,80,215,FALSE,TRUE,FALSE,2003,2,31,Jason Kapono
2575,Luke,Walton,3/28/1980,Arizona,USA,80,235,FALSE,TRUE,FALSE,2003,2,32,Luke Walton
2580,Travis,Hansen,4/15/1978,Brigham Young,USA,78,205,TRUE,TRUE,FALSE,2003,2,37,Travis Hansen
2581,Steve,Blake,2/26/1980,Maryland,USA,75,172,TRUE,FALSE,FALSE,2003,2,38,Steve Blake
2582,Slavko,Vranes,1/30/1983,Buducnost,Montenegro,89,275,FALSE,FALSE,TRUE,2003,2,39,Slavko Vranes
2583,Derrick,Zimmerman,12/2/1981,Mississippi State,USA,75,195,TRUE,FALSE,FALSE,2003,2,40,Derrick Zimmerman
2584,Willie,Green,7/28/1981,Detroit,USA,75,205,TRUE,FALSE,FALSE,2003,2,41,Willie Green
2585,Zaza,Pachulia,2/10/1984,Ulkerspor,Georgia,83,270,FALSE,FALSE,TRUE,2003,2,42,Zaza Pachulia
2586,Keith,Bogans,5/12/1980,Kentucky,USA,77,215,TRUE,TRUE,FALSE,2003,2,43,Keith Bogans
2587,Malick,Badiane,,,,,,,,,,,,Malick Badiane
2588,Matt,Bonner,4/5/1980,Florida,USA,82,235,FALSE,TRUE,TRUE,2003,2,45,Matt Bonner
2589,Sani,Becirovic,,,,,,,,,,,,Sani Becirovic
2590,Mo,Williams,12/19/1982,Alabama,USA,73,198,TRUE,FALSE,FALSE,2003,2,47,Mo Williams
2591,James,Lang,10/17/1983,Central Park Christian HS (AL),USA,82,305,FALSE,FALSE,TRUE,2003,2,48,James Lang
2592,James,Jones,10/4/1980,Miami,USA,80,218,TRUE,TRUE,FALSE,2003,2,49,James Jones
2594,Kyle,Korver,3/17/1981,Creighton,USA,79,212,TRUE,TRUE,FALSE,2003,2,51,Kyle Korver
2596,Tommy,Smith,,,,,,,,,,,,Tommy Smith
2598,Rick,Rickert,,,,,,,,,,,,Rick Rickert
2599,Brandon,Hunter,11/24/1980,Ohio,USA,79,2599,FALSE,TRUE,FALSE,2003,2,56,Brandon Hunter
2601,Andreas,Glyniadakis,8/26/1981,AEK Athens,Greece,85,280,FALSE,FALSE,TRUE,2003,2,58,Andreas Glyniadakis
2602,Jerome,Beasley,5/17/1980,North Dakota,USA,81,237,FALSE,TRUE,FALSE,2003,2,33,Jerome Beasley
2604,Theron,Smith,10/3/1980,Ball State,USA,80,225,FALSE,TRUE,FALSE,-1,-1,-1,Theron Smith
2605,Marquis,Daniels,1/7/1981,Auburn,USA,78,200,FALSE,TRUE,FALSE,-22,-22,-22,Marquis Daniels
2606,Carl,English,,,,,,,,,,,,Carl English
2617,Udonis,Haslem,6/9/1980,Florida,USA,79,235,FALSE,TRUE,FALSE,-1,-1,-1,Udonis Haslem
2618,Marcus,Hatten,,,,,,,,,,,,Marcus Hatten
2624,Quinton,Ross,4/30/1981,Southern Methodist,USA,78,195,FALSE,FALSE,FALSE,-22,-22,-22,Quinton Ross
2629,Jon,Stefansson,,,,,,,,,,,,Jon Stefansson
2632,Kirk,Penney,11/23/1980,Wisconsin,USA,77,220,TRUE,FALSE,FALSE,-1,-1,-1,Kirk Penney
2636,Justin,Hamilton,,,,,,,,,,,,Justin Hamilton
2637,Alex,Scales,7/3/1978,Oregon,USA,76,195,TRUE,FALSE,FALSE,-1,-1,-1,Alex Scales
2639,Britton,Johnsen,7/8/1979,Utah,USA,82,210,FALSE,TRUE,FALSE,-1,-1,-1,Britton Johnsen
2644,Rick,Apodaca,,,,,,,,,,,,Rick Apodaca
2646,Kris,Lang,,,,,,,,,,,,Kris Lang
2648,Ronald,Dupree,1/26/1981,Louisiana State,USA,79,2648,FALSE,FALSE,FALSE,-22,-22,-22,Ronald Dupree
2650,Demetrius,Alexander,,,,,,,,,,,,Demetrius Alexander
2651,Jermaine,Boyette,,,,,,,,,,,,Jermaine Boyette
2652,Shelton,Jones,4/6/1966,St. John's (NY),USA,80,210,FALSE,TRUE,FALSE,1988,2,27,Shelton Jones
2657,Yuta,Tabuse,10/5/1980,Brigham Young-Hawaii,USA,69,165,TRUE,FALSE,FALSE,-1,-1,-1,Yuta Tabuse
2660,Richard,Jeter,,,,,,,,,,,,Richard Jeter
2667,Desmond,Penigar,7/16/1981,Utah State,USA,79,245,FALSE,TRUE,FALSE,-1,-1,-1,Desmond Penigar
2668,Josh,Davis,8/10/1980,Wyoming,USA,80,235,FALSE,TRUE,FALSE,-1,-1,-1,Josh Davis
2669,Linton,Johnson,6/13/1980,Tulane,USA,80,205,FALSE,TRUE,FALSE,-1,-1,-1,Linton Johnson
2672,Ronald,Blackshear,,,,,,,,,,,,Ronald Blackshear
2673,Hiram,Fuller,5/13/1981,Fresno State,USA,81,240,FALSE,TRUE,FALSE,-1,-1,-1,Hiram Fuller
2674,Ray,Young,,,,,,,,,,,,Ray Young
2676,Chuck,Eidson,,,,,,,,,,,,Chuck Eidson
2677,Kevin,Lyde,,,,,,,,,,,,Kevin Lyde
2679,Matt,Carroll,8/28/1980,Notre Dame,USA,78,212,FALSE,FALSE,FALSE,-22,-22,-22,Matt Carroll
2682,Alex,Garcia,3/4/1980,Ribeirao Preto,Brazil,75,2682,FALSE,FALSE,FALSE,-22,-22,-22,Alex Garcia
2683,David,Jackson,,,,,,,,,,,,David Jackson
2684,Melvin,Sanders,1/3/1981,Oklahoma State,USA,77,210,TRUE,TRUE,FALSE,-1,-1,-1,Melvin Sanders
2688,Brandin,Knight,12/16/1981,Pittsburgh,USA,72,180,TRUE,FALSE,FALSE,-1,-1,-1,Brandin Knight
2693,Keith,McLeod,11/5/1979,Bowling Green,USA,74,190,TRUE,FALSE,FALSE,-1,-1,-1,Keith McLeod
2694,Josh,Powell,1/25/1983,North Carolina State,USA,81,240,FALSE,TRUE,FALSE,-1,-1,-1,Josh Powell
2696,Lynn,Greer,10/23/1979,Temple,USA,74,175,TRUE,FALSE,FALSE,-1,-1,-1,Lynn Greer
2697,Antonio,Meeking,,,,,,,,,,,,Antonio Meeking
2724,Desmond,Ferguson,7/22/1977,Detroit,USA,79,210,FALSE,TRUE,FALSE,-1,-1,-1,Desmond Ferguson
2730,Dwight,Howard,12/8/1985,,USA,82,265,FALSE,TRUE,TRUE,2004,1,1,Dwight Howard
2731,Emeka,Okafor,9/28/1982,Connecticut,USA,82,255,FALSE,FALSE,TRUE,2004,1,2,Emeka Okafor
2732,Ben,Gordon,4/4/1983,Connecticut,USA,75,205,TRUE,FALSE,FALSE,2004,1,3,Ben Gordon
2733,Shaun,Livingston,9/11/1985,No College,USA,79,192,TRUE,FALSE,FALSE,2004,1,4,Shaun Livingston
2734,Devin,Harris,2/27/1983,Wisconsin,USA,75,185,TRUE,FALSE,FALSE,2004,1,5,Devin Harris
2735,Josh,Childress,6/20/1983,Stanford,USA,80,210,TRUE,TRUE,FALSE,2004,1,6,Josh Childress
2736,Luol,Deng,4/16/1985,Duke,United Kingdom,81,237,FALSE,TRUE,FALSE,2004,1,7,Luol Deng
2737,Rafael,Araujo,8/12/1980,Brigham Young,Brazil,83,270,FALSE,FALSE,TRUE,2004,1,8,Rafael Araujo
2738,Andre,Iguodala,1/28/1984,Arizona,USA,78,215,TRUE,TRUE,FALSE,2004,1,9,Andre Iguodala
2739,Luke,Jackson,11/6/1981,Oregon,USA,79,215,TRUE,TRUE,FALSE,2004,1,10,Luke Jackson
2740,Andris,Biedrins,4/2/1986,BK Skonto,Latvia,84,250,FALSE,FALSE,TRUE,2004,1,11,Andris Biedrins
2741,Robert,Swift,12/3/1985,Bakersfield HS (CA),USA,85,270,FALSE,FALSE,TRUE,2004,1,12,Robert Swift
2742,Sebastian,Telfair,6/9/1985,Abraham Lincoln HS (NY),USA,72,170,TRUE,FALSE,FALSE,2004,1,13,Sebastian Telfair
2743,Kris,Humphries,2/6/1985,Minnesota,USA,81,235,FALSE,TRUE,FALSE,2004,1,14,Kris Humphries
2744,Al,Jefferson,1/4/1985,Prentiss HS (MS),USA,82,280,FALSE,FALSE,TRUE,2004,1,15,Al Jefferson
2745,Kirk,Snyder,6/5/1983,Nevada-Reno,USA,78,225,TRUE,TRUE,FALSE,2004,1,16,Kirk Snyder
2746,Josh,Smith,12/5/1985,Oak Hill Academy (VA),USA,81,225,FALSE,TRUE,FALSE,2004,1,17,Josh Smith
2747,JR,Smith,9/9/1985,No College,USA,78,220,TRUE,FALSE,FALSE,2004,1,18,JR Smith
2748,Dorell,Wright,12/2/1985,South Kent HS (CT),USA,81,205,TRUE,TRUE,FALSE,2004,1,19,Dorell Wright
2749,Jameer,Nelson,2/9/1982,St. Joseph's (PA),USA,72,190,TRUE,FALSE,FALSE,2004,1,20,Jameer Nelson
2750,Pavel,Podkolzin,1/15/1985,Metis Varese,Russia,89,260,FALSE,FALSE,TRUE,2004,1,21,Pavel Podkolzin
2751,Viktor,Khryapa,8/3/1982,CSKA Moscow,Russia,,,,,,2004,1,22,Viktor Khryapa
2752,Sergei,Monia,4/15/1983,CSKA Moscow,Russia,80,2752,FALSE,FALSE,FALSE,2004,1,23,Sergei Monia
2753,Delonte,West,7/26/1983,St. Joseph's (PA),USA,75,180,TRUE,FALSE,FALSE,2004,1,24,Delonte West
2754,Tony,Allen,1/11/1982,Oklahoma State,USA,76,213,TRUE,TRUE,FALSE,2004,1,25,Tony Allen
2755,Kevin,Martin,2/1/1983,Western Carolina,USA,79,199,TRUE,FALSE,FALSE,2004,1,26,Kevin Martin
2756,Sasha,Vujacic,3/8/1984,Udine,Slovenia,79,195,TRUE,FALSE,FALSE,2004,1,27,Sasha Vujacic
2757,Beno,Udrih,7/5/1982,Olimpia Milano,Slovenia,75,205,TRUE,FALSE,FALSE,2004,1,28,Beno Udrih
2758,David,Harrison,8/15/1982,Colorado,USA,84,280,FALSE,FALSE,TRUE,2004,1,29,David Harrison
2760,Anderson,Varejao,9/28/1982,FC Barcelona,Brazil,83,260,FALSE,TRUE,FALSE,2004,2,30,Anderson Varejao
2761,Jackson,Vroman,6/6/1981,Iowa State,USA,82,2761,FALSE,FALSE,FALSE,2004,2,31,Jackson Vroman
2762,Peter John,Ramos,5/23/1985,Caguas,Puerto Rico,87,275,FALSE,FALSE,TRUE,2004,2,32,Peter John Ramos
2763,Lionel,Chalmers,11/10/1980,Xavier,USA,72,180,TRUE,FALSE,FALSE,2004,2,33,Lionel Chalmers
2764,Donta,Smith,11/27/1983,Southeastern Illinois,USA,79,215,TRUE,FALSE,FALSE,2004,2,34,Donta Smith
2765,Andre,Emmett,8/27/1982,Texas Tech,USA,77,230,TRUE,FALSE,FALSE,2004,2,35,Andre Emmett
2766,Antonio,Burks,2/25/1980,Memphis,USA,72,195,TRUE,FALSE,FALSE,2004,2,36,Antonio Burks
2767,Royal,Ivey,12/20/1981,Texas-Austin,USA,76,200,TRUE,FALSE,FALSE,2004,2,37,Royal Ivey
2768,Chris,Duhon,8/31/1982,Duke,USA,73,190,TRUE,FALSE,FALSE,2004,2,38,Chris Duhon
2770,Justin,Reed,1/16/1982,Mississippi,USA,80,240,FALSE,TRUE,FALSE,2004,2,40,Justin Reed
2772,Trevor,Ariza,6/30/1985,UCLA,USA,80,215,FALSE,TRUE,FALSE,2004,2,43,Trevor Ariza
2773,Tim,Pickett,,,,,,,,,,,,Tim Pickett
2774,Bernard,Robinson,12/26/1980,Michigan,USA,78,210,TRUE,TRUE,FALSE,2004,2,45,Bernard Robinson
2775,Seung-Jin,Ha,8/4/1985,Yonsei,South Korea,87,2775,FALSE,FALSE,TRUE,2004,2,46,Seung-Jin Ha
2776,Pape,Sow,11/22/1981,California State-Fullerton,Senegal,82,250,FALSE,TRUE,FALSE,2004,2,47,Pape Sow
2777,Ricky,Minard,,,,,,,,,,,,Ricky Minard
2779,Vassilis,Spanoulis,8/2/1982,Panathinaikos,Greece,76,195,TRUE,FALSE,FALSE,2004,2,50,Vassilis Spanoulis
2781,Romain,Sato,,,,,,,,,,,,Romain Sato
2782,Matt,Freije,10/2/1981,Vanderbilt,USA,81,249,FALSE,TRUE,FALSE,2004,2,53,Matt Freije
2784,Luis,Flores,4/11/1981,Manhattan,USA,74,195,TRUE,FALSE,FALSE,2004,2,55,Luis Flores
2786,Blake,Stepp,,,,,,,,,,,,Blake Stepp
2787,Rashad,Wright,,,,,,,,,,,,Rashad Wright
2788,DJ,Mbenga,12/30/1980,Spirou Charleroi,Belgium,84,255,FALSE,FALSE,TRUE,-1,-1,-1,DJ Mbenga
2798,Horace,Jenkins,10/14/1974,William Paterson,USA,73,180,TRUE,FALSE,FALSE,-1,-1,-1,Horace Jenkins
2800,Tony,Bobbitt,10/22/1979,Cincinnati,USA,76,190,TRUE,FALSE,FALSE,-1,-1,-1,Tony Bobbitt
2802,David,Bluthenthal,,,,,,,,,,,,David Bluthenthal
2804,Andres,Nocioni,11/30/1979,Tau Ceramica,Argentina,79,225,,,,-1,-1,-1,Andres Nocioni
2808,Nate,Johnson,,,,,,,,,,,,Nate Johnson
2809,Gerald,Fitch,8/12/1982,Kentucky,USA,75,188,TRUE,FALSE,FALSE,-1,-1,-1,Gerald Fitch
2810,Andre,Brown,5/12/1981,DePaul,USA,81,2810,FALSE,FALSE,FALSE,-22,-22,-22,Andre Brown
2822,Rich,Melzer,,,,,,,,,,,,Rich Melzer
2823,John,Edwards,7/31/1981,Kent State,USA,84,275,FALSE,FALSE,TRUE,-1,-1,-1,John Edwards
2824,Desmon,Farmer,10/7/1981,Southern California,USA,77,220,TRUE,FALSE,FALSE,-1,-1,-1,Desmon Farmer
2825,Ibrahim,Kutluay,1/7/1974,Ulkerspor,Turkey,78,200,TRUE,FALSE,FALSE,-1,-1,-1,Ibrahim Kutluay
2827,Darius,Rice,,,,,,,,,,,,Darius Rice
2832,Neil,Yanke,,,,,,,,,,,,Neil Yanke
2833,Nigel,Dixon,,,,,,,,,,,,Nigel Dixon
2835,David,Hawkins,,,,,,,,,,,,David Hawkins
2839,James,Thomas,11/22/1980,Texas-Austin,USA,81,245,FALSE,TRUE,FALSE,-1,-1,-1,James Thomas
2841,Steven,Barber,,,,,,,,,,,,Steven Barber
2845,Erik,Daniels,4/1/1982,Kentucky,USA,,2845,FALSE,FALSE,FALSE,-22,-22,-22,Erik Daniels
2847,Adam,Parada,,,,,,,,,,,,Adam Parada
2849,Tony,Bland,,,,,,,,,,,,Tony Bland
2850,Anwar,Ferguson,,,,,,,,,,,,Anwar Ferguson
2852,Awvee,Storey,4/18/1977,Arizona State,USA,78,225,TRUE,TRUE,FALSE,-1,-1,-1,Awvee Storey
2853,Earl,Barron,8/14/1981,Memphis,USA,84,250,FALSE,TRUE,TRUE,-1,-1,-1,Earl Barron
2854,Ajani,Williams,,,,,,,,,,,,Ajani Williams
2855,Marque,Perry,,,,,,,,,,,,Marque Perry
2857,Andre,Barrett,2/21/1982,Seton Hall,USA,70,2857,FALSE,FALSE,FALSE,-22,-22,-22,Andre Barrett
2859,Jerry,Dupree,,,,,,,,,,,,Jerry Dupree
2863,Damien,Wilkins,1/11/1980,Georgia,USA,78,217,TRUE,TRUE,FALSE,-1,-1,-1,Damien Wilkins
2865,Arthur,Johnson,,,,,,,,,,,,Arthur Johnson
2866,Jackie,Butler,3/10/1985,Coastal Christian Academy (VA),USA,82,260,FALSE,FALSE,TRUE,-1,-1,-1,Jackie Butler
2867,Kasib,Powell,3/18/1981,Texas Tech,USA,79,215,FALSE,TRUE,FALSE,-1,-1,-1,Kasib Powell
2873,Billy,Thomas,12/23/1975,Kansas,USA,77,220,TRUE,FALSE,FALSE,-1,-1,-1,Billy Thomas
2876,Jared,Reiner,4/8/1982,Iowa,USA,83,2876,FALSE,FALSE,TRUE,-22,-22,-22,Jared Reiner
2891,Mark,Jones,5/25/1975,St. Bonaventure,USA,78,215,TRUE,FALSE,FALSE,1983,4,82,Mark Jones
6001,Gabriele,Ganeto,,,,,,,,,,,,Gabriele Ganeto
6002,David,Hawkins,,,,,,,,,,,,David Hawkins
6003,Ibrahim,Jaaber,,,,,,,,,,,,Ibrahim Jaaber
6004,Jonas,Maciulis,,,,,,,,,,,,Jonas Maciulis
6006,Nicolo,Melli,,,,,,,,,,,,Nicolo Melli
6007,Marco,Mordente,,,,,,,,,,,,Marco Mordente
6008,Oleksiy,Pecherov,,,,,,,,,,,,Oleksiy Pecherov
6009,Marius,Petravicius,,,,,,,,,,,,Marius Petravicius
6010,Mason,Rocca,,,,,,,,,,,,Mason Rocca
7000,Avi,Ben-Chimol,,,,,,,,,,,,Avi Ben-Chimol
7002,Brett,Harvey,,,,,,,,,,,,Brett Harvey
7003,Marco,Killingsworth,,,,,,,,,,,,Marco Killingsworth
7004,Sylven,Landesberg,,,,,,,,,,,,Sylven Landesberg
7005,Derrick,Low,,,,,,,,,,,,Derrick Low
7007,Yoni,Nir,,,,,,,,,,,,Yoni Nir
7008,Larry,O'Bannon,,,,,,,,,,,,Larry O'Bannon
7009,Frank,Robinson,,,,,,,,,,,,Frank Robinson
7010,Robert,Rothbart,,,,,,,,,,,,Robert Rothbart
7020,Dillon,Stith,,,,,,,,,,,,Dillon Stith
7021,Tohi,Smith-Milner,,,,,,,,,,,,Tohi Smith-Milner
8003,Roger,Grimau,,,,,,,,,,,,Roger Grimau
8004,Jaka,Lakovic,,,,,,,,,,,,Jaka Lakovic
8005,Erazem,Lorbek,,,,,,,,,,,,Erazem Lorbek
8008,Pete,Mickael,,,,,,,,,,,,Pete Mickael
8009,Terence,Morris,,,,,,,,,,,,Terence Morris
8010,Juan Carlos,Navarro,,,,,,,,,,,,Juan Carlos Navarro
8011,Boniface,Ndong,,,,,,,,,,,,Boniface Ndong
8012,Kosta,Perovic,,,,,,,,,,,,Kosta Perovic
8013,Ricky,Rubio,,,,,,,,,,,,Ricky Rubio
8014,Victor,Sada,,,,,,,,,,,,Victor Sada
8015,Fran,Vazquez,,,,,,,,,,,,Fran Vazquez
9000,Sergey,Bykov,,,,,,,,,,,,Sergey Bykov
9001,Jamont,Gordon,,,,,,,,,,,,Jamont Gordon
9003,Alexander,Kaun,,,,,,,,,,,,Alexander Kaun
9005,Nikita,Kurbanov,,,,,,,,,,,,Nikita Kurbanov
9006,Trajan,Langdon,,,,,,,,,,,,Trajan Langdon
9007,Boban,Marjanovic,,,,,,,,,,,,Boban Marjanovic
9008,Alexey,Shved,,,,,,,,,,,,Alexey Shved
9009,Ramunas,Siskauskas,,,,,,,,,,,,Ramunas Siskauskas
9010,Matjaz,Smodis,,,,,,,,,,,,Matjaz Smodis
9011,Dmitry,Sokolov,,,,,,,,,,,,Dmitry Sokolov
9012,Andrey,Vorontsevich,,,,,,,,,,,,Andrey Vorontsevich
9013,Artem,Zabelin,,,,,,,,,,,,Artem Zabelin
11000,Pau,Ribas,,,,,,,,,,,,Pau Ribas
11001,Ander,Garcia,,,,,,,,,,,,Ander Garcia
11249,Marcelinho,Huertas,,,,,,,,,,,,Marcelinho Huertas
11250,David,Logan,,,,,,,,,,,,David Logan
11251,Mirza,Teletovic,,,,,,,,,,,,Mirza Teletovic
11252,Dejan,Musli,,,,,,,,,,,,Dejan Musli
11253,Fernando,San Emeterio,,,,,,,,,,,,Fernando San Emeterio
11256,Brad,Oleson,,,,,,,,,,,,Brad Oleson
11257,Stanko,Barac,,,,,,,,,,,,Stanko Barac
11505,Nemanja,Bjelica,,,,,,,,,,,,Nemanja Bjelica
11509,Martin,Buesa,,,,,,,,,,,,Martin Buesa
21002,Zhizhi,Wang,,,,,,,,,,,,Zhizhi Wang
21005,Jinhui,Ding,,,,,,,,,,,,Jinhui Ding
21006,Shipeng,Wang,,,,,,,,,,,,Shipeng Wang
21007,Fangyu,Zhu,,,,,,,,,,,,Fangyu Zhu
21008,Lei,Wang,,,,,,,,,,,,Lei Wang
21011,Xiaoyu,Liu,,,,,,,,,,,,Xiaoyu Liu
21012,Wei,Liu,,,,,,,,,,,,Wei Liu
21013,Songtao,Zhang,,,,,,,,,,,,Songtao Zhang
21016,Yue,Sun,,,,,,,,,,,,Yue Sun
21603,Stefano,Mancinelli,,,,,,,,,,,,Stefano Mancinelli
27001,Xuedong,Luo,,,,,,FALSE,FALSE,FALSE,,,,Xuedong Luo
27002,Sani,Sakakini,,,,,,FALSE,FALSE,FALSE,,,,Sani Sakakini
27003,Yue,Wang,,,,,,,,,,,,Yue Wang
27006,Xuhang,Zhu,,,,,,,,,,,,Xuhang Zhu
27007,Zhun,Zheng,,,,,,,,,,,,Zhun Zheng
27008,Yingjun,Chen,,,,,,,,,,,,Yingjun Chen
27009,Ziming,Fan,,,,,,,,,,,,Ziming Fan
27010,Yuezhou,Gu,,,,,,,,,,,,Yuezhou Gu
27011,Kai,Guo,,,,,,,,,,,,Kai Guo
27012,Yifeng,Heng,,,,,,,,,,,,Yifeng Heng
27013,Mingxin,Ju,,,,,,FALSE,TRUE,FALSE,,,,Mingxin Ju
27015,Anthony,Petrie,,,,,,,,,,,,Anthony Petrie
27016,Daniel,Kickert,,,,,,FALSE,FALSE,FALSE,,,,Daniel Kickert
27017,Matthew,Kenyon,,,,,,,,,,,,Matthew Kenyon
27019,Reuben,Te Rangi,,,,,,,,,,,,Reuben Te Rangi
27020,Shaun,Bruce,,,,,,,,,,,,Shaun Bruce
27021,Tom,Jervis,,,,,,FALSE,FALSE,FALSE,,,,Tom Jervis
27023,Majok,Majok,,,,,,,,,,,,Majok Majok
27024,Tai,Wesley,,,,,,FALSE,FALSE,FALSE,,,,Tai Wesley
27025,Kyle,Adnam,,,,,,,,,,,,Kyle Adnam
27026,Craig,Moller,,,,,,,,,,,,Craig Moller
27027,Peter,Hooley,,,,,,,,,,,,Peter Hooley
27032,Gal,Baruch,,,,,,,,,,,,Gal Baruch
27033,Frederic,Bourdillon,,,,,,,,,,,,Frederic Bourdillon
27034,Roi,Huber,,,,,,,,,,,,Roi Huber
30002,Major,Wingate,,,,,,,,,,,,Major Wingate
40002,Rashad,Wright,,,,,,,,,,,,Rashad Wright
40003,Loren,Woods,,,,,,,,,,,,Loren Woods
40011,Kenny,Gregory,,,,,,,,,,,,Kenny Gregory
40014,Serkan,Erdogan,,,,,,,,,,,,Serkan Erdogan
40016,Daniel Mark,Clark,,,,,,,,,,,,Daniel Mark Clark
40017,Sergio,Sanchez,,,,,,,,,,,,Sergio Sanchez
40018,Txemi,Urtasun,,,,,,,,,,,,Txemi Urtasun
40019,Florent,Pietrus,,,,,,,,,,,,Florent Pietrus
40020,Hernan Emilio,Jasen,,,,,,,,,,,,Hernan Emilio Jasen
40021,Carlos,Suarez,,,,,,,,,,,,Carlos Suarez
40022,Gonzalo,Martinez,,,,,,,,,,,,Gonzalo Martinez
40023,Larry,Lewis,,,,,,,,,,,,Larry Lewis
40025,Caio,Torres,,,,,,,,,,,,Caio Torres
40026,Javier,Beiran,,,,,,,,,,,,Javier Beiran
40028,Jacopo,Giachetti,,,,,,,,,,,,Jacopo Giachetti
40029,Erazem,Lorbek,,,,,,,,,,,,Erazem Lorbek
40030,Jon,Stefansson,,,,,,,,,,,,Jon Stefansson
40031,Roberto,Gabini,,,,,,,,,,,,Roberto Gabini
40033,Alessandro,Tonolli,,,,,,,,,,,,Alessandro Tonolli
40036,Christian,Drejer,,,,,,,,,,,,Christian Drejer
40037,Gregor,Fucka,,,,,,,,,,,,Gregor Fucka
40038,Allan,Ray,,,,,,,,,,,,Allan Ray
40039,Roko,Ukic,,,,,,,,,,,,Roko Ukic
40041,Venson,Hamilton,,,,,,,,,,,,Venson Hamilton
40042,Michalis,Pelekanos,,,,,,,,,,,,Michalis Pelekanos
40043,Charles,Smith,,,,,,,,,,,,Charles Smith
40044,Blagota,Sekulic,,,,,,,,,,,,Blagota Sekulic
40046,Lazaros,Papadopoulos,,,,,,,,,,,,Lazaros Papadopoulos
40047,Alex,Mumbru,,,,,,,,,,,,Alex Mumbru
40048,Axel,Hervelle,,,,,,,,,,,,Axel Hervelle
40049,Kerem,Tunceri,,,,,,,,,,,,Kerem Tunceri
40050,Louis,Bullock,,,,,,,,,,,,Louis Bullock
40051,Sergio,Llull,,,,,,,,,,,,Sergio Llull
40052,Raul,Lopez,,,,,,,,,,,,Raul Lopez
40054,Bojan,Popovic,,,,,,,,,,,,Bojan Popovic
40055,Berni,Rodriguez,,,,,,,,,,,,Berni Rodriguez
40056,Davor,Kus,,,,,,,,,,,,Davor Kus
40059,Carlos,Cabezas,,,,,,,,,,,,Carlos Cabezas
40060,Boniface,Ndong,,,,,,,,,,,,Boniface Ndong
40061,German,Gabriel,,,,,,,,,,,,German Gabriel
40063,Alfonso,Sanchez,,,,,,,,,,,,Alfonso Sanchez
40064,Marcus,Haislip,,,,,,,,,,,,Marcus Haislip
40065,Daniel,Santiago,,,,,,,,,,,,Daniel Santiago
40068,Efstratios,Perperoglou,,,,,,,,,,,,Efstratios Perperoglou
40069,Nikos,Hatzivrettas,,,,,,,,,,,,Nikos Hatzivrettas
40070,Demos,Dikoudis,,,,,,,,,,,,Demos Dikoudis
40071,Kostas,Tsartsaris,,,,,,,,,,,,Kostas Tsartsaris
40072,Dimitrios,Diamantidis,,,,,,,,,,,,Dimitrios Diamantidis
40073,Dejan,Tomasevic,,,,,,,,,,,,Dejan Tomasevic
40077,Lior,Eliyahu,,,,,,,,,,,,Lior Eliyahu
40078,Ezequiel,Skverer,,,,,,,,,,,,Ezequiel Skverer
40079,Goran,Jurak,,,,,,,,,,,,Goran Jurak
40080,Tanoka,Beard,,,,,,,,,,,,Tanoka Beard
40082,Jonas,Maciulis,,,,,,,,,,,,Jonas Maciulis
40083,Mantas,Kalnietis,,,,,,,,,,,,Mantas Kalnietis
40084,Dainius,Salenga,,,,,,,,,,,,Dainius Salenga
40085,Arturas,Milaknis,,,,,,,,,,,,Arturas Milaknis
40086,Paulius,Jankunas,,,,,,,,,,,,Paulius Jankunas
40087,Vilmantas,Dilys,,,,,,,,,,,,Vilmantas Dilys
40088,Marko,Popovic,,,,,,,,,,,,Marko Popovic
40089,DeJuan,Collins,,,,,,,,,,,,DeJuan Collins
40090,Nikos,Zisis,,,,,,,,,,,,Nikos Zisis
40091,Alexey,Savrasenko,,,,,,,,,,,,Alexey Savrasenko
40093,Alexey,Shved,,,,,,,,,,,,Alexey Shved
41002,Stepas,Babrauskas,,,,,,,,,,,,Stepas Babrauskas
41004,Milko,Bjelica,,,,,,,,,,,,Milko Bjelica
41005,Michailas,Anisimovas,,,,,,,,,,,,Michailas Anisimovas
41006,Donatas,Zavackas,,,,,,,,,,,,Donatas Zavackas
41010,Justas,Sinica,,,,,,,,,,,,Justas Sinica
41011,Martynas,Gecevicius,,,,,,,,,,,,Martynas Gecevicius
41012,Branko,Milisavljevic,,,,,,,,,,,,Branko Milisavljevic
41201,Zarko,Rakocevic,,,,,,,,,,,,Zarko Rakocevic
41202,Jan,Vesely,,,,,,,,,,,,Jan Vesely
41203,Aleksandar,Maric,,,,,,,,,,,,Aleksandar Maric
41204,Dusan,Kecman,,,,,,,,,,,,Dusan Kecman
41205,Aleksandar,Rasic,,,,,,,,,,,,Aleksandar Rasic
41206,Stefan,Sinovec,,,,,,,,,,,,Stefan Sinovec
41207,Strahinja,Milosevic,,,,,,,,,,,,Strahinja Milosevic
41208,Branislav,Djekic,,,,,,,,,,,,Branislav Djekic
41209,Petar,Bozic,,,,,,,,,,,,Petar Bozic
41210,Slavko,Vranes,,,,,,,,,,,,Slavko Vranes
41211,Aleksandar,Mitrovic,,,,,,,,,,,,Aleksandar Mitrovic
41212,Vladimir,Lucic,,,,,,,,,,,,Vladimir Lucic
41214,Nemanja,Besovic,,,,,,,,,,,,Nemanja Besovic
41215,Sava,Lesic,,,,,,,,,,,,Sava Lesic
41531,Louis,Bullock,,,,,,,,,,,,Louis Bullock
41532,Vladimir,Dasic,,,,,,,,,,,,Vladimir Dasic
41533,Jorge,Garbajosa,,,,,,,,,,,,Jorge Garbajosa
41534,Travis,Hansen,,,,,,,,,,,,Travis Hansen
41535,Axel,Hervelle,,,,,,,,,,,,Axel Hervelle
41536,Rimantas,Kaukenas,,,,,,,,,,,,Rimantas Kaukenas
41537,Darjus,Lavrinovic,,,,,,,,,,,,Darjus Lavrinovic
41538,Sergio,Llull,,,,,,,,,,,,Sergio Llull
41540,Pablo,Prigioni,,,,,,,,,,,,Pablo Prigioni
41543,Novica,Velickovic,,,,,,,,,,,,Novica Velickovic
41544,Sergi,Vidal,,,,,,,,,,,,Sergi Vidal
41548,Ignacio,De Miguel,,,,,,,,,,,,Ignacio De Miguel
41549,Cheikh,Samb,,,,,,,,,,,,Cheikh Samb
41621,Gal,Mekel,,,,,,,,,,,,Gal Mekel
41622,Raviv,Limonad,,,,,,,,,,,,Raviv Limonad
41623,Derrick,Sharp,,,,,,,,,,,,Derrick Sharp
41624,Andrew,Wisniewski,,,,,,,,,,,,Andrew Wisniewski
41625,Doron,Perkins,,,,,,,,,,,,Doron Perkins
41626,Yaniv,Green,,,,,,,,,,,,Yaniv Green
41627,Guy,Pnini,,,,,,,,,,,,Guy Pnini
41628,Alan,Anderson,,,,,,,,,,,,Alan Anderson
41629,Stephane,Lasme,,,,,,,,,,,,Stephane Lasme
41630,Chuck,Eidson,,,,,,,,,,,,Chuck Eidson
41631,Maciej,Lampe,,,,,,,,,,,,Maciej Lampe
41632,David,Blumenthal,,,,,,,,,,,,David Blumenthal
41633,D'or,Fisher,,,,,,,,,,,,D'or Fisher
42531,Bo,McCalebb,,,,,,,,,,,,Bo McCalebb
42534,Baris,Ermis,,,,,,,,,,,,Baris Ermis
42535,Melih,Mahmutoglu,,,,,,,,,,,,Melih Mahmutoglu
42536,Linas,Kleiza,,,,,,,,,,,,Linas Kleiza
42537,Izzet,Turkyilmaz,,,,,,,,,,,,Izzet Turkyilmaz
42538,Gasper,Vidmar,,,,,,,,,,,,Gasper Vidmar
42540,Luka,Zoric,,,,,,,,,,,,Luka Zoric
42541,James,Birsen,,,,,,,,,,,,James Birsen
42542,Kenan,Sipahi,,,,,,,,,,,,Kenan Sipahi
42544,Bojan,Bogdanovic,,,,,,,,,,,,Bojan Bogdanovic
42545,Emir,Preldzic,,,,,,,,,,,,Emir Preldzic
42546,Berk,Ugurlu,,,,,,,,,,,,Berk Ugurlu
42547,Ayberk,Olmaz,,,,,,,,,,,,Ayberk Olmaz
42550,Fran,Pilepic,,,,,,,,,,,,Fran Pilepic
42551,Dairis,Bertans,,,,,,,,,,,,Dairis Bertans
42552,German,Gabriel,,,,,,,,,,,,German Gabriel
42553,Alex,Mumbru,,,,,,,,,,,,Alex Mumbru
42554,Axel,Hervelle,,,,,,,,,,,,Axel Hervelle
42555,Antanas,Kavaliauskas,,,,,,,,,,,,Antanas Kavaliauskas
42557,Raul,Lopez,,,,,,,,,,,,Raul Lopez
42558,Jackie,Carmichael,,,,,,,,,,,,Jackie Carmichael
42560,Zoran,Vrkic,,,,,,,,,,,,Zoran Vrkic
42561,Roger,Grimau,,,,,,,,,,,,Roger Grimau
42563,Sherwood,Brown,,,,,,,,,,,,Sherwood Brown
42564,Alex,Chubrevich,,,,,,,,,,,,Alex Chubrevich
42565,David,Cubillan,,,,,,,,,,,,David Cubillan
42566,Uri,Kokia,,,,,,,,,,,,Uri Kokia
42567,Ido,Kozikaro,,,,,,,,,,,,Ido Kozikaro
42568,Ike,Ofoegbu,,,,,,,,,,,,Ike Ofoegbu
42569,Brian,Randle,,,,,,,,,,,,Brian Randle
42570,Ben,Reis,,,,,,,,,,,,Ben Reis
42571,Moran,Roth,,,,,,,,,,,,Moran Roth
42572,Donta,Smith,,,,,,,,,,,,Donta Smith
42573,Dagan,Yivzuri,,,,,,,,,,,,Dagan Yivzuri
42575,Vitaly,Fridzon,,,,,,,,,,,,Vitaly Fridzon
42576,Kyle,Hines,,,,,,,,,,,,Kyle Hines
42577,Aaron,Jackson,,,,,,,,,,,,Aaron Jackson
42578,Sasha,Kaun,,,,,,,,,,,,Sasha Kaun
42579,Victor,Khryapa,,,,,,,,,,,,Victor Khryapa
42580,Nenad,Krstic,,,,,,,,,,,,Nenad Krstic
42581,Vladimir,Micov,,,,,,,,,,,,Vladimir Micov
42582,Jeremy,Pargo,,,,,,,,,,,,Jeremy Pargo
42584,Milos,Teodosic,,,,,,,,,,,,Milos Teodosic
42587,Sonny,Weems,,,,,,,,,,,,Sonny Weems
42588,Aleksey,Zozulin,,,,,,,,,,,,Aleksey Zozulin
42824,Chris,Goulding,,,,,,,,,,,,Chris Goulding
43181,Jeremy,Pargo,,,,,,FALSE,FALSE,FALSE,,,,Jeremy Pargo
43182,Marquez,Haynes,,,,,,FALSE,FALSE,FALSE,,,,Marquez Haynes
43183,Devin,Smith,,,,,,FALSE,FALSE,FALSE,,,,Devin Smith
43184,Brian,Randle,,,,,,,,,,,,Brian Randle
43185,Nate,Linhart,,,,,,,,,,,,Nate Linhart
43186,Alex,Tyus,,,,,,,,,,,,Alex Tyus
43187,Guy,Pnini,,,,,,FALSE,FALSE,FALSE,,,,Guy Pnini
43188,Jake,Cohen,,,,,,,,,,,,Jake Cohen
43189,Yogev,Ohayon,,,,,,,,,,,,Yogev Ohayon
43191,Ben,Altit,,,,,,,,,,,,Ben Altit
43192,Sylven,Landesberg,,,,,,,,,,,,Sylven Landesberg
43194,Aleks,Maric,,,,,,FALSE,FALSE,FALSE,,,,Aleks Maric
43196,Niels,Giffy,,,,,,FALSE,FALSE,FALSE,,,,Niels Giffy
43197,Alex,King,,,,,,FALSE,FALSE,FALSE,,,,Alex King
43199,Akeem,Vargas,,,,,,,,,,,,Akeem Vargas
43200,Marko,Banic,,,,,,,,,,,,Marko Banic
43201,Reggie,Redding,,,,,,FALSE,FALSE,FALSE,,,,Reggie Redding
43202,Jonas,Wohlfarth Botterman,,,,,,,,,,,,Jonas Wohlfarth Botterman
43203,Vojdan,Stojanovski,,,,,,,,,,,,Vojdan Stojanovski
43204,Alex,Renfoe,,,,,,,,,,,,Alex Renfoe
43206,Clifford,Hammonds,,,,,,FALSE,FALSE,FALSE,,,,Clifford Hammonds
43207,Jamel,Mclean,,,,,,,,,,,,Jamel Mclean
43208,Leon,Radosevic,,,,,,FALSE,FALSE,FALSE,,,,Leon Radosevic
43210,Walter,Herrmann,,,,,,FALSE,FALSE,FALSE,,,,Walter Herrmann
43211,Marcelinho,Machado,,,,,,FALSE,FALSE,FALSE,,,,Marcelinho Machado
43212,Danielzinho,Lorio,,,,,,,,,,,,Danielzinho Lorio
43213,Nicolas,Laprovittola,,,,,,FALSE,FALSE,FALSE,,,,Nicolas Laprovittola
43214,Vitor,Benite,,,,,,,,,,,,Vitor Benite
43215,Luis,Chupeta,,,,,,,,,,,,Luis Chupeta
43216,Marcus,Vinicius,,,,,,FALSE,FALSE,FALSE,,,,Marcus Vinicius
43217,Olivinha,,,,,,,,,,,,,Olivinha 
43218,Gege,Chaia,,,,,,,,,,,,Gege Chaia
43219,Cristiano,Felicio,,,,,,,,,,,,Cristiano Felicio
43220,Derrick,Caracter,,,,,,,,,,,,Derrick Caracter
43221,Jerome,Meyinsse,,,,,,FALSE,FALSE,FALSE,,,,Jerome Meyinsse
43223,Kevin,Wohlrath,,,,,,,,,,,,Kevin Wohlrath
43224,Moritz,Wagner,,,,,,,,,,,,Moritz Wagner
43229,Jeff,Allen,,,,,,FALSE,FALSE,FALSE,,,,Jeff Allen
43230,Brody,Angley,,,,,,FALSE,FALSE,FALSE,,,,Brody Angley
43231,Liraz,Ariely,,,,,,,,,,,,Liraz Ariely
43232,Tomer,Bar-Even,,,,,,,,,,,,Tomer Bar-Even
43233,Alex,Chubrevich,,,,,,FALSE,FALSE,FALSE,,,,Alex Chubrevich
43234,Will,Frisby,,,,,,,,,,,,Will Frisby
43235,Hector,Hernandez,,,,,,,,,,,,Hector Hernandez
43236,Leroy,Hickerson,,,,,,,,,,,,Leroy Hickerson
43237,Ike,Ofoegbu,,,,,,,,,,,,Ike Ofoegbu
43238,Rene,Rougeau,,,,,,FALSE,FALSE,FALSE,,,,Rene Rougeau
43239,Anton,Shoutvin,,,,,,,,,,,,Anton Shoutvin
43240,Demontez,Stitt,,,,,,FALSE,FALSE,FALSE,,,,Demontez Stitt
43241,Dagan,Yivzori,,,,,,,,,,,,Dagan Yivzori
43242,Yiftach,Ziv,,,,,,,,,,,,Yiftach Ziv
43300,Andrew,Goudelock,,,,,,FALSE,FALSE,FALSE,,,,Andrew Goudelock
43301,Richard,Hickman Jr.,,,,,,FALSE,FALSE,FALSE,,,,Richard Hickman Jr.
43302,Nemanja,Bjelica,,,,,,,,,,,,Nemanja Bjelica
43303,Semih,Erden,,,,,,,,,,,,Semih Erden
43304,Melih,Mahmutoglu,,,,,,,,,,,,Melih Mahmutoglu
43305,Izzet,Turkyilmaz,,,,,,,,,,,,Izzet Turkyilmaz
43306,Bogdan,Bogdanovic,8/18/1992,77,220,,,,,,,,,Bogdan Bogdanovic
43307,Omer,Yurseven,,,,,,,,,,,,Omer Yurseven
43308,Serhat,Cetin,,,,,,,,,,,,Serhat Cetin
43309,Can,Altintig,,,,,,,,,,,,Can Altintig
43310,Oguz,Savas,,,,,,FALSE,FALSE,FALSE,,,,Oguz Savas
43311,Luka,Zoric,,,,,,,,,,,,Luka Zoric
43312,Berk,Ugurlu,,,,,,,,,,,,Berk Ugurlu
43313,Jan,Vesely,,,,,,FALSE,FALSE,FALSE,,,,Jan Vesely
43314,Kenan,Sipahi,,,,,,,,,,,,Kenan Sipahi
43315,Emir,Preldzic,,,,,,FALSE,FALSE,FALSE,,,,Emir Preldzic
44034,Mindaugas,Lukauskis,,,,,,,,,,,,Mindaugas Lukauskis
44037,Ramunas,Siskauskas,,,,,,,,,,,,Ramunas Siskauskas
44048,Marijonas,Petravicius,,,,,,,,,,,,Marijonas Petravicius
44050,Marius,Prekevicius,,,,,,,,,,,,Marius Prekevicius
44051,Lubos,Barton,,,,,,,,,,,,Lubos Barton
44052,Xavi,Rey,,,,,,,,,,,,Xavi Rey
44055,Victor,Sada,,,,,,,,,,,,Victor Sada
44839,Travis,Trice,,,,,,FALSE,FALSE,FALSE,,,,Travis Trice
45842,Adam,Gibson,,,,,,,,,,,,Adam Gibson
51956,Josh,Boone,,,,,,FALSE,FALSE,FALSE,,,,Josh Boone
52526,Angel,Rodriguez,,,,,,FALSE,FALSE,FALSE,,,,Angel Rodriguez
52600,Gustavo Nicolas,Agurre,,,,,,FALSE,FALSE,FALSE,,,,Gustavo Nicolas Agurre
52601,Santiago,Scala,,,,,,,,,,,,Santiago Scala
52602,Lautaro,Lopez,,,,,,,,,,,,Lautaro Lopez
52604,Selem,Safar,,,,,,,,,,,,Selem Safar
52605,Lisandro,Fernandez,,,,,,,,,,,,Lisandro Fernandez
52606,Marcos,Mata,,,,,,FALSE,FALSE,FALSE,,,,Marcos Mata
52607,Gabriel,Deck,,,,,,FALSE,FALSE,FALSE,,,,Gabriel Deck
52608,Mathias,Calfani,,,,,,,,,,,,Mathias Calfani
52609,Leandro,Cerminato,,,,,,,,,,,,Leandro Cerminato
52610,Matias,Sandes,,,,,,,,,,,,Matias Sandes
52611,Jerome,Meyinsse,,,,,,FALSE,FALSE,FALSE,,,,Jerome Meyinsse
55086,Eric,Stuteville,,,,,,,,,,,,Eric Stuteville
55374,Issac,Humphries,,,,,,,,,,,,Issac Humphries
56001,Omer,Onan,,,,,,,,,,,,Omer Onan
56002,Baris,Ermis,,,,,,,,,,,,Baris Ermis
56003,Romain,Sato,,,,,,,,,,,,Romain Sato
56004,David,Andersen,,,,,,,,,,,,David Andersen
56005,Kaya,Peker,,,,,,,,,,,,Kaya Peker
56006,Oguz,Savas,,,,,,,,,,,,Oguz Savas
56008,Michael,Batiste,,,,,,,,,,,,Michael Batiste
56009,Ilkan,Karaman,,,,,,,,,,,,Ilkan Karaman
56010,Emir,Preldzic,,,,,,,,,,,,Emir Preldzic
56016,Marcelinho,Huertas,,,,,,,,,,,,Marcelinho Huertas
56017,Alex,Abrines,,,,,,,,,,,,Alex Abrines
56018,Juan Carlos,Navarro,,,,,,,,,,,,Juan Carlos Navarro
56019,Sarunas,Jasikevicus,,,,,,,,,,,,Sarunas Jasikevicus
56020,Marko,Todorovic,,,,,,,,,,,,Marko Todorovic
56021,C.J.,Wallace,,,,,,,,,,,,C.J. Wallace
56023,Xavi,Rabaseda,,,,,,,,,,,,Xavi Rabaseda
56024,Mario,Hezonja,,,,,,,,,,,,Mario Hezonja
56025,Erazem,Lorbek,,,,,,,,,,,,Erazem Lorbek
56027,Nathan,Jawai,,,,,,,,,,,,Nathan Jawai
56028,Pete,Mickeal,,,,,,,,,,,,Pete Mickeal
56029,Ante,Tomic,,,,,,,,,,,,Ante Tomic
56030,Jacopo,Giachetti,,,,,,,,,,,,Jacopo Giachetti
56031,Rok,Stipcevic,,,,,,,,,,,,Rok Stipcevic
56032,Malik,Hairston,,,,,,,,,,,,Malik Hairston
56033,Antonios,Fotsis,,,,,,,,,,,,Antonios Fotsis
56034,Omar,Cook,,,,,,,,,,,,Omar Cook
56036,Lorenzo,Bartoli,,,,,,,,,,,,Lorenzo Bartoli
56037,David,Chiotti,,,,,,,,,,,,David Chiotti
56038,Ioannis,Bourousis,,,,,,,,,,,,Ioannis Bourousis
56039,Dario,Piva,,,,,,,,,,,,Dario Piva
56040,Nicolo,Melli,,,,,,,,,,,,Nicolo Melli
56043,Alessandro,Gentile,,,,,,,,,,,,Alessandro Gentile
56044,Richard,Hendrix,,,,,,,,,,,,Richard Hendrix
56045,Gianluca,Basile,,,,,,,,,,,,Gianluca Basile
56046,Dontaye,Draper,,,,,,,,,,,,Dontaye Draper
56047,Rudy,Fernandez,,,,,,,,,,,,Rudy Fernandez
56048,Martynas,Pocius,,,,,,,,,,,,Martynas Pocius
56049,Carlos,Suarez,,,,,,,,,,,,Carlos Suarez
56050,Felipe,Reyes,,,,,,,,,,,,Felipe Reyes
56051,Nikola,Mirotic,,,,,,,,,,,,Nikola Mirotic
56052,Sergio,Rodriguez,,,,,,,,,,,,Sergio Rodriguez
56053,Guillermo,Hernangomez,,,,,,,,,,,,Guillermo Hernangomez
56054,Mirza,Begic,,,,,,,,,,,,Mirza Begic
56055,Jaycee,Carroll,,,,,,,,,,,,Jaycee Carroll
56056,Sergio,Llull,,,,,,,,,,,,Sergio Llull
56057,Marcus,Slaughter,,,,,,,,,,,,Marcus Slaughter
56058,Kristjan,Kangur,,,,,,,,,,,,Kristjan Kangur
56059,Aleksandar,Rasic,,,,,,,,,,,,Aleksandar Rasic
56060,Mario,Kasun,,,,,,,,,,,,Mario Kasun
56061,Bobby,Brown,,,,,,,,,,,,Bobby Brown
56062,Benjamin,Eze,,,,,,,,,,,,Benjamin Eze
56063,Marco,Carraretto,,,,,,,,,,,,Marco Carraretto
56064,Viktor,Sanikidze,,,,,,,,,,,,Viktor Sanikidze
56065,Tomas,Ress,,,,,,,,,,,,Tomas Ress
56066,Luca,Lechthaler,,,,,,,,,,,,Luca Lechthaler
56067,Matt,Janning,,,,,,,,,,,,Matt Janning
56068,Daniel,Hackett,,,,,,,,,,,,Daniel Hackett
56069,David,Moss,,,,,,,,,,,,David Moss
56070,Vule,Avdalovic,,,,,,,,,,,,Vule Avdalovic
56071,Sven,Schultze,,,,,,,,,,,,Sven Schultze
56073,Heiko,Schaffartzik,,,,,,,,,,,,Heiko Schaffartzik
56074,Deon,Thompson,,,,,,,,,,,,Deon Thompson
56077,Nihad,Djedovic,,,,,,,,,,,,Nihad Djedovic
56078,Albert,Miralles,,,,,,,,,,,,Albert Miralles
56081,Dashaun,Wood,,,,,,,,,,,,Dashaun Wood
56082,Yassin,Idbihi,,,,,,,,,,,,Yassin Idbihi
56083,Zach,Morley,,,,,,,,,,,,Zach Morley
56084,Pat,Calathes,,,,,,,,,,,,Pat Calathes
56085,Cory,Carr,,,,,,,,,,,,Cory Carr
56086,Alex,Chubrevich,,,,,,,,,,,,Alex Chubrevich
56087,Bryan,Cohen,,,,,,,,,,,,Bryan Cohen
56088,Ido,Kozikaro,,,,,,,,,,,,Ido Kozikaro
56089,Sean,Labanowski,,,,,,,,,,,,Sean Labanowski
56090,Lior,Segev,,,,,,,,,,,,Lior Segev
56091,Anton,Shoutvin,,,,,,,,,,,,Anton Shoutvin
56092,Donta,Smith,,,,,,,,,,,,Donta Smith
56093,Paul,Stoll,,,,,,,,,,,,Paul Stoll
56094,James,Thomas,,,,,,,,,,,,James Thomas
56599,Deshon,Taylor,,,,,,,,,,,,Deshon Taylor
57237,Perrin,Buford,,,,,,FALSE,FALSE,FALSE,,,,Perrin Buford
64001,Amit,Alon,,,,,,,,,,,,Amit Alon
64002,Juan Carlos,Bergel,,,,,,,,,,,,Juan Carlos Bergel
64004,Keron,DeShields,,,,,,TRUE,FALSE,FALSE,,,,Keron DeShields
64005,Ariel,Eslava,,,,,,,,,,,,Ariel Eslava
64006,Anthony,Fisher,,,,,,,,,,,,Anthony Fisher
64007,Samme,Givens,,,,,,FALSE,TRUE,FALSE,,,,Samme Givens
64010,Daniel,Koperberg,,,,,,FALSE,FALSE,TRUE,,,,Daniel Koperberg
64011,Guy,Lavie,,,,,,,,,,,,Guy Lavie
64012,Liran,Merkado,,,,,,,,,,,,Liran Merkado
64013,Roman,Sorkin,,,,,,,,,,,,Roman Sorkin
64015,Willy,Workman,,,,,,FALSE,FALSE,FALSE,,,,Willy Workman
64019,Sam,Short,,,,,,,,,,,,Sam Short
64020,Peter,Hooley,,,,,,,,,,,,Peter Hooley
64021,Craig,Moller,,,,,,,,,,,,Craig Moller
64022,Mitch,McCarron,,,,,,,,,,,,Mitch McCarron
64023,Tohi,Smith-Milner,,,,,,,,,,,,Tohi Smith-Milner
64024,Daniel,Trist,,,,,,,,,,,,Daniel Trist
64026,David,Barlow,,,,,,,,,,,,David Barlow
64028,Sam,McDaniel,,,,,,,,,,,,Sam McDaniel
64029,Alex,Pledger,,,,,,,,,,,,Alex Pledger
64030,Chris,Goulding,,,,,,,,,,,,Chris Goulding
64034,Nick,Kay,,,,,,,,,,,,Nick Kay
64035,Greg,Hire,,,,,,,,,,,,Greg Hire
64036,Mitch,Norton,,,,,,,,,,,,Mitch Norton
64038,Angus,Brandt,,,,,,,,,,,,Angus Brandt
64039,Tomer,Jervis,,,,,,,,,,,,Tomer Jervis
64041,Jesse,Wagstaff,,,,,,,,,,,,Jesse Wagstaff
64042,Rhys,Vague,,,,,,,,,,,,Rhys Vague
64043,Clint,Steindl,,,,,,,,,,,,Clint Steindl
64044,Damian,Martin,,,,,,,,,,,,Damian Martin
64049,Kyle,Adnam,,,,,,,,,,,,Kyle Adnam
64051,Tomer,Wilson,,,,,,,,,,,,Tomer Wilson
64054,Kevin,Lisch,,,,,,,,,,,,Kevin Lisch
64056,Daniel,Kickert,,,,,,,,,,,,Daniel Kickert
64057,Dane,Pineau,,,,,,,,,,,,Dane Pineau
64058,Deng,Acuoth,,,,,,,,,,,,Deng Acuoth
64062,Adris,De Leon,,,,,,,,,,,,Adris De Leon
64063,Brendan,Teys,,,,,,,,,,,,Brendan Teys
64067,Majok,Deng,,,,,,,,,,,,Majok Deng
64068,Adam,Doyle,,,,,,,,,,,,Adam Doyle
64069,Nathan,Sobey,,,,,,,,,,,,Nathan Sobey
64070,Daniel,Johnson,,,,,,,,,,,,Daniel Johnson
64071,Anthony,Drmic,,,,,,,,,,,,Anthony Drmic
64076,Finn,Delany,,,,,,,,,,,,Finn Delany
64077,Armani,Moore,,,,,,,,,,,,Armani Moore
64078,Shea,Ili,,,,,,,,,,,,Shea Ili
64081,Jordan,Ngatai,,,,,,,,,,,,Jordan Ngatai
64083,Majok,Majok,,,,,,,,,,,,Majok Majok
64085,Tai,Wesley,,,,,,FALSE,TRUE,FALSE,,,,Tai Wesley
64086,Jarrad,Weeks,,,,,,,,,,,,Jarrad Weeks
64090,Yan,Peng,,,,,,,,,,,,Yan Peng
64091,Cai,Liang,,,,,,,,,,,,Cai Liang
64092,Huang,Xu,,,,,,,,,,,,Huang Xu
64093,Luis,Scola,,,,,,FALSE,TRUE,FALSE,,,,Luis Scola
64094,Tang,Zihao,,,,,,,,,,,,Tang Zihao
64095,Tian,Yuchen,,,,,,,,,,,,Tian Yuchen
64096,Lu,Wei,,,,,,,,,,,,Lu Wei
64097,Luo,Xudong,,,,,,TRUE,FALSE,FALSE,,,,Luo Xudong
64098,Dong,Hanlin,,,,,,FALSE,FALSE,TRUE,,,,Dong Hanlin
64099,Zhu,Ying,,,,,,,,,,,,Zhu Ying
64100,Zhang,Zhaoxu,,,,,,,,,,,,Zhang Zhaoxu
64101,Wang,Tong,,,,,,,,,,,,Wang Tong
64102,Luo,Zhi,,,,,,,,,,,,Luo Zhi
64104,Luo,Hanchen,,,,,,,,,,,,Luo Hanchen
64110,Aaron Lee,Jackson,,,,,,,,,,,,Aaron Lee Jackson
64111,Xiaochuan,Zhai,,,,,,,,,,,,Xiaochuan Zhai
64112,Shuo,Fang,,,,,,,,,,,,Shuo Fang
64113,Yanxi,Zhu,,,,,,,,,,,,Yanxi Zhu
64114,Xiaoyu,Liu,,,,,,,,,,,,Xiaoyu Liu
64115,Lin,Chang,,,,,,,,,,,,Lin Chang
64117,Songtao,Zhang,,,,,,,,,,,,Songtao Zhang
64118,Jiangpeng,Duan,,,,,,,,,,,,Jiangpeng Duan
64119,Cairen,Zhang,,,,,,,,,,,,Cairen Zhang
64120,Xu,Wang,,,,,,,,,,,,Xu Wang
64121,Jianiyou,Taruike,,,,,,,,,,,,Jianiyou Taruike
64122,Hongrui,Duan,,,,,,,,,,,,Hongrui Duan
64123,Xinlei,Wang,,,,,,,,,,,,Xinlei Wang
64124,Ziyi,Zhao,,,,,,,,,,,,Ziyi Zhao
64125,Zhuo,Zhang,,,,,,,,,,,,Zhuo Zhang
64126,Haofeng,Sun,,,,,,,,,,,,Haofeng Sun
64127,Zanyu,Chen,,,,,,,,,,,,Zanyu Chen
64128,Yanman,Zhao,,,,,,,,,,,,Yanman Zhao
64132,Shirelijian,Muxtar,,,,,,TRUE,FALSE,FALSE,,,,Shirelijian Muxtar
64133,Yongpeng,Zhang,,,,,,FALSE,FALSE,TRUE,,,,Yongpeng Zhang
64135,Kai,Guo,,,,,,,,,,,,Kai Guo
64136,Tianyi,Yao,,,,,,,,,,,,Tianyi Yao
64137,Zhun,Zheng,,,,,,,,,,,,Zhun Zheng
64138,Yifeng,Heng,,,,,,,,,,,,Yifeng Heng
64139,Kun,Si,,,,,,,,,,,,Kun Si
64140,Ying-Chun,Chen,,,,,,TRUE,FALSE,FALSE,,,,Ying-Chun Chen
64141,Mingxu,Ju,,,,,,FALSE,TRUE,FALSE,,,,Mingxu Ju
64142,David,Rossetto,,,,,,,,,,,,David Rossetto
64143,Franco,Balbi,,,,,,,,,,,,Franco Balbi
64144,Jhonatan,Luz,,,,,,,,,,,,Jhonatan Luz
64145,Kevin,Crescenzi,,,,,,,,,,,,Kevin Crescenzi
64146,Deryk,Ramos,,,,,,,,,,,,Deryk Ramos
64149,Rafael,Mineiro,,,,,,,,,,,,Rafael Mineiro
64152,David,Nesbitt,,,,,,,,,,,,David Nesbitt
64155,Joao,Vitor,,,,,,,,,,,,Joao Vitor
76001,Alaa,Abdelnaby,6/24/1968,Duke,USA,82,240,FALSE,TRUE,FALSE,1990,1,25,Alaa Abdelnaby
76002,Zaid,Abdul-Aziz,4/7/1946,Iowa State,USA,81,76002,FALSE,FALSE,TRUE,1968,1,5,Zaid Abdul-Aziz
76003,Kareem,Abdul-Jabbar,4/16/1947,UCLA,USA,86,225,FALSE,FALSE,TRUE,1969,1,1,Kareem Abdul-Jabbar
76005,Tom,Abernethy,5/6/1954,Indiana,USA,79,220,FALSE,TRUE,FALSE,1976,3,43,Tom Abernethy
76006,Forest,Able,7/27/1932,Western Kentucky,USA,75,180,TRUE,FALSE,FALSE,1956,,,Forest Able
76007,John,Abramovic,2/9/1919,Salem,USA,75,195,FALSE,TRUE,FALSE,-1,-1,-1,John Abramovic
76008,Donald,Ackerman,9/4/1930,Long Island-Brooklyn,USA,72,183,TRUE,FALSE,FALSE,1953,2,,Donald Ackerman
76009,Mark,Acres,11/15/1962,Oral Roberts,USA,83,220,FALSE,FALSE,TRUE,1985,2,40,Mark Acres
76010,Charles,Acton,1/11/1942,Hillsdale,USA,78,210,FALSE,TRUE,FALSE,-1,-1,-1,Charles Acton
76011,Alvan,Adams,7/19/1954,Oklahoma,USA,81,210,FALSE,FALSE,TRUE,1975,1,4,Alvan Adams
76012,Don,Adams,11/27/1947,Northwestern,USA,79,210,FALSE,TRUE,FALSE,1970,8,120,Don Adams
76015,Rick,Adelman,6/16/1946,Loyola-Marymount,USA,74,175,TRUE,FALSE,FALSE,1968,7,79,Rick Adelman
76016,Mark,Aguirre,12/10/1959,DePaul,USA,78,232,FALSE,TRUE,FALSE,1981,1,1,Mark Aguirre
76017,Danny,Ainge,3/17/1959,Brigham Young,USA,77,76017,TRUE,FALSE,FALSE,1981,2,31,Danny Ainge
76018,Henry,Akin,7/31/1944,Morehead State,USA,82,225,FALSE,FALSE,TRUE,1966,2,11,Henry Akin
76019,Mark,Alarie,12/11/1963,Duke,USA,80,217,FALSE,TRUE,FALSE,1986,1,18,Mark Alarie
76020,Gary,Alcorn,10/8/1936,Fresno State,USA,81,225,FALSE,FALSE,TRUE,1959,3,16,Gary Alcorn
76021,Chuck,Aleksinas,2/26/1959,Connecticut,USA,83,76021,FALSE,FALSE,TRUE,1982,4,76,Chuck Aleksinas
76022,Gary,Alexander,11/1/1969,South Florida,USA,79,76022,FALSE,TRUE,FALSE,-22,-22,-22,Gary Alexander
76024,Steve,Alford,11/23/1964,Indiana,USA,74,183,TRUE,FALSE,FALSE,1987,2,26,Steve Alford
76025,Randy,Allen,1/26/1965,Florida State,USA,80,76025,FALSE,TRUE,FALSE,-22,-22,-22,Randy Allen
76027,Lucius,Allen,9/26/1947,UCLA,USA,74,175,TRUE,FALSE,FALSE,1969,1,3,Lucius Allen
76028,Bob,Allen,7/17/1946,Marshall,USA,81,205,FALSE,TRUE,FALSE,1968,6,71,Bob Allen
76029,Odis,Allison,10/2/1949,UNLV,USA,78,195,FALSE,TRUE,FALSE,1971,5,76,Odis Allison
76030,Darrell,Allums,9/12/1958,UCLA,USA,80,220,FALSE,TRUE,FALSE,1980,5,103,Darrell Allums
76034,Bob,Anderegg,8/24/1937,Michigan State,USA,75,76034,FALSE,TRUE,FALSE,1959,3,20,Bob Anderegg
76035,Cliff,Anderson,9/7/1944,St. Joseph's (PA),USA,74,76035,TRUE,FALSE,FALSE,1967,4,35,Cliff Anderson
76036,Daniel,Anderson,1/1/1951,Southern California,USA,74,185,TRUE,FALSE,FALSE,1974,6,92,Daniel Anderson
76037,Dwight,Anderson,12/28/1960,Southern California,USA,75,185,TRUE,FALSE,FALSE,1982,2,41,Dwight Anderson
76040,Jerome,Anderson,10/9/1953,West Virginia,USA,77,195,TRUE,FALSE,FALSE,1975,3,53,Jerome Anderson
76041,Kim,Anderson,5/12/1955,Missouri,USA,79,200,FALSE,TRUE,FALSE,1978,7,146,Kim Anderson
76042,Michael,Anderson,3/23/1966,Drexel,USA,71,184,TRUE,FALSE,FALSE,1988,3,73,Michael Anderson
76043,Mitchell,Anderson,9/23/1960,Bradley,USA,80,195,FALSE,TRUE,FALSE,1982,2,36,Mitchell Anderson
76045,Richard,Anderson,11/19/1960,California-Santa Barbara,USA,82,240,FALSE,TRUE,FALSE,1982,2,32,Richard Anderson
76046,Ron,Anderson,10/15/1958,Fresno State,USA,79,215,FALSE,TRUE,FALSE,1984,2,27,Ron Anderson
76048,Wally,Anderzunas,1/11/1946,Creighton,USA,79,76048,FALSE,FALSE,TRUE,1969,2,25,Wally Anderzunas
76049,Don,Anielak,11/1/1930,Missouri State,USA,79,190,FALSE,TRUE,FALSE,1954,3,26,Don Anielak
76050,Michael,Ansley,2/8/1967,Alabama,USA,79,225,FALSE,TRUE,FALSE,1989,2,37,Michael Ansley
76053,Stacey,Arceneaux,2/17/1936,Iowa State,USA,76,76053,FALSE,FALSE,FALSE,-22,-22,-22,Stacey Arceneaux
76054,Nate,Archibald,9/2/1948,Texas-El Paso,USA,73,150,TRUE,FALSE,FALSE,1970,2,19,Nate Archibald
76055,Jim,Ard,9/19/1948,Cincinnati,USA,81,215,FALSE,FALSE,TRUE,1970,1,6,Jim Ard
76056,Paul,Arizin,4/9/1928,Villanova,USA,76,190,FALSE,TRUE,FALSE,1950,,,Paul Arizin
76057,Joe,Arlauckas,7/20/1965,Niagara,USA,81,230,FALSE,TRUE,FALSE,1987,4,74,Joe Arlauckas
76059,Tate,Armstrong,10/5/1955,Duke,USA,75,175,TRUE,FALSE,FALSE,1977,1,13,Tate Armstrong
76060,Paul,Armstrong,11/1/1918,Indiana,USA,71,76060,TRUE,FALSE,FALSE,-22,-22,-22,Paul Armstrong
76061,Bob,Armstrong,6/17/1933,Michigan State,USA,80,76061,FALSE,FALSE,TRUE,-22,-22,-22,Bob Armstrong
76062,Jesse,Arnelle,12/30/1933,Penn State,USA,77,220,FALSE,TRUE,FALSE,1955,2,13,Jesse Arnelle
76063,Jay,Arnette,12/19/1938,Texas,USA,74,76063,TRUE,FALSE,FALSE,1960,2,9,Jay Arnette
76064,Bob,Arnzen,11/3/1947,Notre Dame,USA,77,76064,FALSE,TRUE,FALSE,1969,8,103,Bob Arnzen
76065,John,Arthurs,8/15/1947,Tulane,USA,76,185,TRUE,FALSE,FALSE,1969,6,73,John Arthurs
76068,Don,Asmonga,2/15/1928,Alliance,USA,74,185,TRUE,FALSE,FALSE,-1,-1,-1,Don Asmonga
76069,Richard,Atha,9/21/1931,Indiana State,USA,74,190,TRUE,FALSE,FALSE,1953,,,Richard Atha
76070,Alvin,Attles,11/7/1936,North Carolina A&T,USA,73,76070,TRUE,FALSE,FALSE,1960,5,39,Alvin Attles
76071,Chet,Aubuchon,5/8/1916,Michigan State,USA,70,137,TRUE,FALSE,FALSE,-1,-1,-1,Chet Aubuchon
76073,John,Austin,8/31/1944,Boston College,USA,72,76073,TRUE,FALSE,FALSE,1966,4,38,John Austin
76074,Ken,Austin,7/15/1961,Rice,USA,81,76074,FALSE,TRUE,FALSE,1983,5,101,Ken Austin
76076,William,Averitt,7/22/1952,Pepperdine,USA,74,170,TRUE,FALSE,FALSE,1973,4,55,William Averitt
76078,Dennis,Awtrey,2/22/1948,Santa Clara,USA,82,235,FALSE,FALSE,TRUE,1970,3,46,Dennis Awtrey
76079,Milos,Babic,11/23/1968,Tennessee Tech,USA,84,240,FALSE,FALSE,TRUE,1990,2,50,Milos Babic
76080,Johnny,Bach,7/10/1924,Fordham,USA,74,180,FALSE,TRUE,FALSE,1948,,,Johnny Bach
76081,Jim,Baechtold,12/9/1927,Eastern Kentucky,USA,76,205,FALSE,TRUE,FALSE,1952,1,2,Jim Baechtold
76082,John,Bagley,4/23/1960,Boston College,USA,72,185,TRUE,FALSE,FALSE,1982,1,12,John Bagley
76083,Gus,Bailey,2/18/1951,Texas-El Paso,USA,77,185,TRUE,FALSE,FALSE,1974,2,23,Gus Bailey
76084,Carl,Bailey,4/23/1958,Tuskegee,USA,84,210,FALSE,FALSE,TRUE,1980,3,66,Carl Bailey
76085,James,Bailey,5/21/1957,Rutgers,USA,81,220,FALSE,TRUE,FALSE,1979,1,6,James Bailey
76089,Norm,Baker,2/17/1923,Victoria,Canada,72,180,TRUE,FALSE,FALSE,-1,-1,-1,Norm Baker
76090,Cedric,Ball,4/16/1968,North Carolina-Charlotte,USA,80,210,FALSE,TRUE,FALSE,-1,-1,-1,Cedric Ball
76091,Greg,Ballard,1/29/1955,Oregon,USA,79,215,FALSE,TRUE,FALSE,1977,1,4,Greg Ballard
76092,Herschel,Baltimore,6/21/1921,Penn State,USA,76,195,FALSE,TRUE,FALSE,-1,-1,-1,Herschel Baltimore
76093,Gene,Banks,5/15/1959,Duke,USA,79,215,FALSE,TRUE,FALSE,1981,2,28,Gene Banks
76094,Ken,Bannister,4/1/1960,St. Augustine's,USA,81,235,FALSE,TRUE,FALSE,1984,7,156,Ken Bannister
76095,Mike,Bantom,12/3/1951,St. Joseph's (PA),USA,81,200,FALSE,TRUE,FALSE,1973,1,8,Mike Bantom
76096,John,Barber,6/27/1927,California State-Los Angeles,USA,78,210,FALSE,TRUE,FALSE,1956,,,John Barber
76097,Stephen,Bardo,4/5/1968,Illinois,USA,77,190,TRUE,FALSE,FALSE,1990,2,41,Stephen Bardo
76098,Cliff,Barker,1/15/1921,Kentucky,USA,74,185,TRUE,FALSE,FALSE,1949,5,,Cliff Barker
76099,Tom,Barker,3/11/1955,Hawaii,USA,83,225,FALSE,FALSE,TRUE,1976,4,53,Tom Barker
76102,Don,Barksdale,3/31/1923,UCLA,USA,78,200,FALSE,TRUE,FALSE,-1,-1,-1,Don Barksdale
76103,Harry,Barnes,7/25/1945,Northeastern,USA,75,76103,FALSE,TRUE,FALSE,1968,4,37,Harry Barnes
76104,Marvin,Barnes,7/27/1952,Providence,USA,81,210,FALSE,TRUE,FALSE,1974,1,2,Marvin Barnes
76105,Jim,Barnes,4/13/1941,Texas-El Paso,USA,80,210,FALSE,FALSE,TRUE,1964,1,1,Jim Barnes
76106,Jim,Barnett,7/7/1944,Oregon,USA,76,170,TRUE,FALSE,FALSE,1966,1,8,Jim Barnett
76107,Dick,Barnett,10/2/1936,Tennessee State,USA,76,76107,TRUE,FALSE,FALSE,1959,1,4,Dick Barnett
76108,John,Barnhill,3/20/1938,Tennessee State,USA,73,180,TRUE,FALSE,FALSE,1959,11,77,John Barnhill
76109,Norton,Barnhill,7/15/1953,Washington State,USA,76,76109,TRUE,FALSE,FALSE,1976,8,134,Norton Barnhill
76110,Leo,Barnhorst,5/11/1924,Notre Dame,USA,76,190,FALSE,TRUE,FALSE,1949,2,,Leo Barnhorst
76111,John,Barr,8/18/1918,Penn State,USA,75,205,FALSE,TRUE,FALSE,-1,-1,-1,John Barr
76112,Mike,Barr,10/19/1950,Duquesne,USA,75,76112,TRUE,FALSE,FALSE,1972,1,180,Mike Barr
76113,Thomas,Barr,6/19/1944,Duquesne,USA,76,76113,TRUE,FALSE,FALSE,-22,-22,-22,Thomas Barr
76114,Ernie,Barrett,8/27/1929,Kansas State,USA,,,,,,1951,1,7,Ernie Barrett
76117,Ed,Bartels,10/8/1925,North Carolina State,USA,78,195,FALSE,TRUE,FALSE,-1,-1,-1,Ed Bartels
76118,Vic,Bartolome,9/29/1948,Oregon State,USA,84,230,FALSE,FALSE,TRUE,1970,6,87,Vic Bartolome
76119,Jerry,Baskerville,11/10/1951,Temple,USA,79,76119,FALSE,TRUE,FALSE,-22,-22,-22,Jerry Baskerville
76120,Tim,Bassett,4/1/1951,Georgia,USA,80,225,FALSE,TRUE,FALSE,1973,7,106,Tim Bassett
76121,Billyray,Bates,5/31/1956,Kentucky State,USA,76,210,TRUE,FALSE,FALSE,1978,3,47,Billyray Bates
76123,Kenny,Battle,10/10/1964,Illinois,USA,78,76123,TRUE,FALSE,FALSE,1989,1,27,Kenny Battle
76124,Dave,Batton,3/26/1956,Notre Dame,USA,82,240,FALSE,FALSE,TRUE,1978,3,62,Dave Batton
76125,Johnny,Baum,6/17/1946,Temple,USA,77,200,FALSE,TRUE,FALSE,1969,2,23,Johnny Baum
76126,Frankie,Baumholtz,10/7/1918,Ohio,USA,70,170,TRUE,FALSE,FALSE,-1,-1,-1,Frankie Baumholtz
76127,Elgin,Baylor,9/16/1934,Seattle,USA,77,225,FALSE,TRUE,FALSE,1958,1,1,Elgin Baylor
76128,Sergei,Bazarevich,3/15/1965,Tofas S.K.,Russia,74,168,TRUE,FALSE,FALSE,-1,-1,-1,Sergei Bazarevich
76129,Ed,Beach,1/25/1929,West Virginia,USA,75,200,FALSE,TRUE,FALSE,1950,5,,Ed Beach
76130,Butch,Beard,5/4/1947,Louisville,USA,75,185,TRUE,FALSE,FALSE,1969,1,10,Butch Beard
76131,Ralph,Beard,12/2/1927,Kentucky,USA,70,175,TRUE,FALSE,FALSE,1949,2,,Ralph Beard
76133,Zelmo,Beaty,10/25/1939,Prairie View A&M,USA,81,225,FALSE,FALSE,TRUE,1962,1,3,Zelmo Beaty
76134,Byron,Beck,1/25/1945,Denver,USA,81,225,FALSE,FALSE,TRUE,1967,2,15,Byron Beck
76136,Ernie,Beck,12/11/1931,Pennsylvania,USA,76,190,TRUE,FALSE,FALSE,1953,,,Ernie Beck
76137,Moe,Becker,2/24/1917,Duquesne,USA,73,185,TRUE,FALSE,FALSE,-1,-1,-1,Moe Becker
76138,William,Bedford,12/14/1963,Memphis,USA,84,76138,FALSE,FALSE,TRUE,1986,1,6,William Bedford
76139,Hank,Beenders,6/2/1916,Long Island-Brooklyn,USA,77,76139,FALSE,FALSE,TRUE,-22,-22,-22,Hank Beenders
76140,Ron,Behagen,1/14/1951,Minnesota,USA,81,185,FALSE,TRUE,FALSE,1973,1,7,Ron Behagen
76141,Elmer,Behnke,2/3/1929,Bradley,USA,79,210,FALSE,FALSE,TRUE,1951,4,37,Elmer Behnke
76142,Dennis,Bell,6/2/1951,Drake,USA,77,185,FALSE,TRUE,FALSE,1973,5,83,Dennis Bell
76143,William,Bell,9/13/1932,North Carolina State,USA,72,180,TRUE,FALSE,FALSE,-1,-1,-1,William Bell
76144,Walt,Bellamy,7/24/1939,Indiana,USA,82,225,FALSE,FALSE,TRUE,1961,1,1,Walt Bellamy
76145,Irv,Bemoras,11/18/1930,Illinois,USA,75,185,FALSE,TRUE,FALSE,1953,,,Irv Bemoras
76146,Leon,Benbow,7/23/1950,Jacksonville,USA,76,185,TRUE,FALSE,FALSE,1974,2,27,Leon Benbow
76148,Tony,Bennett,6/1/1969,Wisconsin-Green Bay,USA,72,175,TRUE,FALSE,FALSE,1992,2,35,Tony Bennett
76151,Mel,Bennett,1/4/1955,Pittsburgh,USA,79,76151,FALSE,TRUE,FALSE,-22,-22,-22,Mel Bennett
76152,Winston,Bennett,2/9/1965,Kentucky,USA,79,210,TRUE,FALSE,FALSE,1988,3,64,Winston Bennett
76154,Kent,Benson,12/27/1954,Indiana,USA,83,235,FALSE,FALSE,TRUE,1977,1,1,Kent Benson
76155,Gene,Berce,11/22/1926,Marquette,USA,71,175,TRUE,FALSE,FALSE,1948,,,Gene Berce
76156,Gary,Bergen,7/16/1932,Utah,USA,80,210,FALSE,FALSE,TRUE,1956,,,Gary Bergen
76157,Ricky,Berry,10/6/1964,San Jose State,USA,80,205,FALSE,TRUE,FALSE,1988,1,18,Ricky Berry
76158,Walter,Berry,5/14/1964,St. John's (NY),USA,80,215,FALSE,TRUE,FALSE,1986,1,14,Walter Berry
76159,Del,Beshore,11/29/1956,California (PA),USA,71,76159,TRUE,FALSE,FALSE,-22,-22,-22,Del Beshore
76160,Al,Bianchi,3/26/1932,Bowling Green,USA,75,76160,TRUE,FALSE,FALSE,1954,2,18,Al Bianchi
76161,Hank,Biasatti,1/14/1922,Assumption,Canada,71,76161,FALSE,FALSE,FALSE,-22,-22,-22,Hank Biasatti
76162,Henry,Bibby,11/24/1949,UCLA,USA,73,185,TRUE,FALSE,FALSE,1972,4,58,Henry Bibby
76163,Ed,Biedenbach,8/12/1945,North Carolina State,USA,73,175,TRUE,FALSE,FALSE,1968,4,45,Ed Biedenbach
76164,Don,Bielke,1/1/1933,Valparaiso,USA,79,240,FALSE,FALSE,TRUE,1954,8,67,Don Bielke
76165,Bob,Bigelow,12/26/1953,Pennsylvania,USA,79,215,FALSE,TRUE,FALSE,1975,1,13,Bob Bigelow
76166,Dave,Bing,11/24/1943,Syracuse,USA,75,76166,TRUE,FALSE,FALSE,1966,1,2,Dave Bing
76167,Joe,Binion,3/26/1961,North Carolina A&T,USA,80,235,FALSE,TRUE,FALSE,1984,3,57,Joe Binion
76168,Jerry,Bird,2/2/1935,Kentucky,USA,78,210,FALSE,TRUE,FALSE,1956,,,Jerry Bird
76170,Otis,Birdsong,12/9/1955,Houston,USA,75,190,TRUE,FALSE,FALSE,1977,1,2,Otis Birdsong
76171,Gale,Bishop,6/4/1922,Washington State,USA,75,195,FALSE,TRUE,FALSE,-1,-1,-1,Gale Bishop
76172,Uwe,Blab,3/26/1962,Indiana,USA,85,252,FALSE,FALSE,TRUE,1985,1,17,Uwe Blab
76173,Charlie,Black,6/15/1921,Kansas,USA,76,200,FALSE,TRUE,FALSE,-1,-1,-1,Charlie Black
76174,Norman,Black,11/12/1957,St. Joseph's (PA),USA,77,185,TRUE,FALSE,FALSE,-1,-1,-1,Norman Black
76175,Tom,Black,7/9/1941,South Dakota State,USA,82,76175,FALSE,FALSE,TRUE,1964,9,72,Tom Black
76176,Rolando,Blackman,2/26/1959,Kansas State,USA,78,76176,TRUE,FALSE,FALSE,1981,1,9,Rolando Blackman
76177,Cory,Blackwell,3/27/1963,Wisconsin,USA,78,210,FALSE,TRUE,FALSE,1984,2,28,Cory Blackwell
76179,Nate,Blackwell,2/15/1965,Temple,USA,76,170,TRUE,FALSE,FALSE,1987,2,27,Nate Blackwell
76180,Alex,Blackwell,6/27/1970,Monmouth,USA,78,250,FALSE,TRUE,FALSE,-1,-1,-1,Alex Blackwell
76182,George,Blaney,11/12/1939,Holy Cross,USA,73,76182,TRUE,FALSE,FALSE,1961,4,33,George Blaney
76183,Lance,Blanks,9/9/1966,Texas-Austin,USA,76,190,TRUE,FALSE,FALSE,1990,1,26,Lance Blanks
76184,Ricky,Blanton,4/21/1966,Louisiana State,USA,79,215,FALSE,TRUE,FALSE,1989,2,46,Ricky Blanton
76186,Leon,Blevins,6/25/1926,Arizona,USA,74,160,TRUE,FALSE,FALSE,1950,7,,Leon Blevins
76187,John,Block,4/16/1944,Southern California,USA,82,207,FALSE,TRUE,FALSE,1966,3,27,John Block
76188,Mike,Bloom,1/14/1915,Temple,USA,78,190,FALSE,FALSE,TRUE,-1,-1,-1,Mike Bloom
76189,Ray,Blume,9/23/1958,Oregon State,USA,76,185,TRUE,FALSE,FALSE,1981,2,36,Ray Blume
76190,Nelson,Bobb,2/25/1924,Temple,USA,72,170,TRUE,FALSE,FALSE,1949,3,,Nelson Bobb
76191,Arlen,Bockhorn,7/8/1933,Dayton,USA,76,200,TRUE,FALSE,FALSE,1958,3,17,Arlen Bockhorn
76192,Tom,Boerwinkle,8/23/1945,Tennessee,USA,84,76192,FALSE,FALSE,TRUE,1968,1,4,Tom Boerwinkle
76195,Manute,Bol,10/16/1962,Bridgeport,USA,90,200,FALSE,FALSE,TRUE,1985,2,31,Manute Bol
76196,Bill,Bolger,8/21/1931,Georgetown,USA,77,205,FALSE,TRUE,FALSE,1953,,,Bill Bolger
76197,Doug,Bolstorff,10/29/1931,Minnesota,USA,76,195,TRUE,FALSE,FALSE,1957,8,57,Doug Bolstorff
76198,Phil,Bond,7/27/1954,Louisville,USA,74,175,TRUE,FALSE,FALSE,1977,3,62,Phil Bond
76201,Ron,Bonham,5/31/1942,Cincinnati,USA,76,192,FALSE,TRUE,FALSE,1964,2,16,Ron Bonham
76203,George H.,Bon Salle,7/1/1935,Illinois,USA,80,76203,FALSE,TRUE,FALSE,1957,1,7,George H. Bon Salle
76204,Ron,Boone,9/6/1946,Idaho State,USA,74,200,TRUE,FALSE,FALSE,1968,11,147,Ron Boone
76206,Bob,Boozer,4/26/1937,Kansas State,USA,80,215,FALSE,TRUE,FALSE,1959,1,1,Bob Boozer
76207,Jake,Bornheimer,6/29/1927,Muhlenberg,USA,77,200,FALSE,TRUE,FALSE,-1,-1,-1,Jake Bornheimer
76209,Costic,Borsavage,7/25/1924,Temple,USA,80,220,FALSE,FALSE,TRUE,1950,5,,Costic Borsavage
76210,Vince,Boryla,3/11/1927,Denver,USA,77,210,FALSE,TRUE,FALSE,-1,-1,-1,Vince Boryla
76211,Jim,Bostic,1/28/1953,New Mexico State,USA,79,76211,FALSE,TRUE,FALSE,1975,8,139,Jim Bostic
76212,Lawrence,Boston,5/18/1956,Maryland,USA,80,225,FALSE,TRUE,FALSE,1978,4,81,Lawrence Boston
76213,Tom,Boswell,10/2/1953,South Carolina,USA,80,220,FALSE,TRUE,FALSE,1975,1,17,Tom Boswell
76214,Don,Boven,3/6/1925,Western Michigan,USA,76,210,FALSE,TRUE,FALSE,1949,6,,Don Boven
76217,Sam,Bowie,3/17/1961,Kentucky,USA,85,235,FALSE,FALSE,TRUE,1984,1,2,Sam Bowie
76219,Nate,Bowman,3/19/1943,Wichita State,USA,82,76219,FALSE,FALSE,TRUE,1965,1,7,Nate Bowman
76221,Dennis,Boyd,5/21/1954,Detroit,USA,73,175,TRUE,FALSE,FALSE,1977,4,72,Dennis Boyd
76222,Fred,Boyd,6/13/1950,Oregon State,USA,74,180,TRUE,FALSE,FALSE,1972,1,5,Fred Boyd
76223,Ken,Boyd,3/25/1952,Boston University,USA,77,195,FALSE,TRUE,FALSE,1974,9,154,Ken Boyd
76224,Harry,Boykoff,7/24/1922,St. John's (NY),USA,81,225,FALSE,FALSE,TRUE,-1,-1,-1,Harry Boykoff
76225,Winford,Boynes,5/17/1957,San Francisco,USA,78,185,TRUE,FALSE,FALSE,1978,1,13,Winford Boynes
76226,Steve,Bracey,8/1/1950,Tulsa,USA,73,175,TRUE,FALSE,FALSE,1972,2,21,Steve Bracey
76227,Gary,Bradds,7/26/1942,Ohio State,USA,80,210,FALSE,TRUE,FALSE,1964,1,3,Gary Bradds
76228,Alex,Bradley,10/30/1959,Villanova,USA,78,76228,FALSE,TRUE,FALSE,1981,4,86,Alex Bradley
76229,Alonzo,Bradley,10/16/1953,Texas Southern,USA,78,190,FALSE,TRUE,FALSE,1977,2,29,Alonzo Bradley
76230,Charles,Bradley,5/16/1959,Wyoming,USA,77,215,TRUE,FALSE,FALSE,1981,1,23,Charles Bradley
76231,Dudley,Bradley,3/19/1957,North Carolina,USA,78,195,TRUE,FALSE,FALSE,1979,1,13,Dudley Bradley
76232,Joe,Bradley,9/24/1928,Oklahoma State,USA,75,175,TRUE,FALSE,FALSE,-1,-1,-1,Joe Bradley
76233,Bill,Bradley,7/28/1943,Princeton,USA,77,205,FALSE,TRUE,FALSE,1965,,,Bill Bradley
76237,Adrian,Branch,11/17/1963,Maryland,USA,79,185,FALSE,TRUE,FALSE,1985,2,46,Adrian Branch
76238,Bob,Brannum,5/28/1925,Michigan State,USA,78,215,FALSE,TRUE,FALSE,-1,-1,-1,Bob Brannum
76239,Brad,Branson,9/24/1958,Southern Methodist,USA,82,76239,FALSE,TRUE,FALSE,1980,2,45,Brad Branson
76240,Jesse,Branson,1/7/1942,Elon,USA,79,76240,FALSE,TRUE,FALSE,1965,2,13,Jesse Branson
76241,Jim,Brasco,2/3/1931,New York University,USA,73,170,TRUE,FALSE,FALSE,1952,,,Jim Brasco
76242,Mike,Bratz,10/17/1955,Stanford,USA,74,185,TRUE,FALSE,FALSE,1977,3,66,Mike Bratz
76243,Carl,Braun,9/25/1927,Colgate,USA,77,180,TRUE,FALSE,FALSE,-1,-1,-1,Carl Braun
76245,Pete,Brennan,9/23/1936,North Carolina,USA,78,205,FALSE,TRUE,FALSE,1958,1,4,Pete Brennan
76246,Tom,Brennan,8/6/1930,Villanova,USA,75,76246,FALSE,TRUE,FALSE,-22,-22,-22,Tom Brennan
76247,Randy,Breuer,10/11/1960,Minnesota,USA,87,230,FALSE,FALSE,TRUE,1983,1,18,Randy Breuer
76248,Jim,Brewer,12/3/1951,Minnesota,USA,81,210,FALSE,TRUE,FALSE,1973,1,2,Jim Brewer
76249,Ron,Brewer,9/16/1955,Arkansas,USA,76,180,TRUE,FALSE,FALSE,1978,1,7,Ron Brewer
76250,Frank,Brian,5/1/1923,Louisiana State,USA,73,180,TRUE,FALSE,FALSE,-1,-1,-1,Frank Brian
76252,Junior,Bridgeman,9/17/1953,Louisville,USA,77,210,FALSE,TRUE,FALSE,1975,1,8,Junior Bridgeman
76253,Bill,Bridges,4/4/1939,Kansas,USA,77,76253,FALSE,TRUE,FALSE,1961,3,32,Bill Bridges
76254,Al,Brightman,9/22/1923,University of Charleston,USA,74,195,FALSE,TRUE,FALSE,-1,-1,-1,Al Brightman
76255,Audley,Brindley,12/31/1923,Dartmouth,USA,76,175,FALSE,TRUE,FALSE,-1,-1,-1,Audley Brindley
76256,John,Brisker,6/15/1947,Toledo,USA,77,210,FALSE,TRUE,FALSE,-1,-1,-1,John Brisker
76257,Allan,Bristow,8/23/1951,Virginia Tech,USA,79,210,FALSE,TRUE,FALSE,1973,2,21,Allan Bristow
76258,Tyrone,Britt,4/18/1944,Johnson C. Smith,USA,76,190,TRUE,FALSE,FALSE,-1,-1,-1,Tyrone Britt
76259,Wayman,Britt,8/31/1952,Michigan,USA,74,185,TRUE,FALSE,FALSE,1976,4,60,Wayman Britt
76260,Mike,Brittain,6/21/1963,South Carolina,USA,84,235,FALSE,FALSE,TRUE,1985,2,29,Mike Brittain
76261,David,Britton,8/29/1958,Texas A&M,USA,76,180,TRUE,FALSE,FALSE,1980,3,57,David Britton
76262,Jim,Brogan,2/24/1958,West Virginia Wesleyan,USA,76,185,TRUE,FALSE,FALSE,-1,-1,-1,Jim Brogan
76263,Gary,Brokaw,1/11/1954,Notre Dame,USA,76,178,TRUE,FALSE,FALSE,1974,1,18,Gary Brokaw
76264,Price,Brookfield,5/11/1920,West Texas A&M,USA,76,185,FALSE,TRUE,FALSE,-1,-1,-1,Price Brookfield
76265,Kevin,Brooks,10/12/1969,Louisiana-Lafayette,USA,78,200,FALSE,TRUE,FALSE,1991,1,18,Kevin Brooks
76266,Michael,Brooks,8/17/1958,La Salle,USA,79,220,FALSE,TRUE,FALSE,1980,1,9,Michael Brooks
76268,Tony,Brown,7/29/1960,Arkansas,USA,78,76268,FALSE,TRUE,FALSE,1982,4,82,Tony Brown
76270,Darrell,Brown,3/14/1923,Humboldt State,USA,74,175,FALSE,TRUE,FALSE,1948,,,Darrell Brown
76272,Fred,Brown,8/7/1948,Iowa,USA,75,182,TRUE,FALSE,FALSE,1971,1,6,Fred Brown
76273,George,Brown,10/30/1935,Wayne State,USA,78,190,FALSE,TRUE,FALSE,1957,4,27,George Brown
76275,Harold,Brown,10/2/1923,Evansville,USA,72,155,TRUE,FALSE,FALSE,-1,-1,-1,Harold Brown
76276,John,Brown,12/14/1951,Missouri,USA,79,220,FALSE,TRUE,FALSE,1973,1,10,John Brown
76277,Myron,Brown,11/3/1969,Slippery Rock,USA,75,180,FALSE,TRUE,FALSE,1991,2,34,Myron Brown
76278,Leon,Brown,10/12/1919,Wyoming,USA,75,190,FALSE,TRUE,FALSE,-1,-1,-1,Leon Brown
76279,Lewis,Brown,2/19/1955,UNLV,USA,83,225,FALSE,FALSE,TRUE,1977,4,69,Lewis Brown
76282,Raymond,Brown,7/5/1965,Idaho,USA,80,220,FALSE,TRUE,FALSE,-1,-1,-1,Raymond Brown
76283,Rickey,Brown,8/20/1958,Mississippi State,USA,82,215,FALSE,FALSE,TRUE,1980,1,13,Rickey Brown
76284,Bob,Brown,11/12/1923,Miami (Ohio),USA,76,76284,FALSE,FALSE,FALSE,-22,-22,-22,Bob Brown
76285,Stan,Brown,6/27/1929,South Philadelphia HS (PA),USA,75,200,FALSE,TRUE,FALSE,-1,-1,-1,Stan Brown
76286,Roger,Brown,2/23/1950,Kansas,USA,83,76286,FALSE,FALSE,TRUE,1971,4,64,Roger Brown
76287,Jim,Browne,1/1/1930,Tilden Tech HS (IL),USA,82,235,FALSE,FALSE,TRUE,-1,-1,-1,Jim Browne
76288,Stanley,Brundy,11/13/1967,DePaul,USA,78,210,FALSE,TRUE,FALSE,1989,2,32,Stanley Brundy
76289,Emmette,Bryant,11/4/1938,DePaul,USA,73,175,TRUE,FALSE,FALSE,1964,7,53,Emmette Bryant
76290,Joe,Bryant,10/19/1954,La Salle,USA,82,185,FALSE,TRUE,FALSE,1975,1,14,Joe Bryant
76291,Wallace,Bryant,7/14/1959,San Francisco,USA,84,245,FALSE,FALSE,TRUE,1982,2,30,Wallace Bryant
76292,Torgeir,Bryn,8/8/1964,Texas State,Norway,81,250,FALSE,TRUE,FALSE,-1,-1,-1,Torgeir Bryn
76293,Joe,Buckhalter,8/1/1937,Tennessee State,USA,79,210,FALSE,TRUE,FALSE,1958,12,81,Joe Buckhalter
76294,Steve,Bucknall,3/17/1966,North Carolina,USA,78,215,FALSE,TRUE,FALSE,-1,-1,-1,Steve Bucknall
76295,Cleveland,Buckner,8/17/1938,Jackson State,USA,81,210,FALSE,TRUE,FALSE,1961,6,51,Cleveland Buckner
76296,Quinn,Buckner,8/20/1954,Indiana,USA,75,190,TRUE,FALSE,FALSE,1976,1,7,Quinn Buckner
76297,Dave,Budd,10/28/1938,Wake Forest,USA,78,205,FALSE,TRUE,FALSE,1960,2,10,Dave Budd
76298,Walter,Budko,6/30/1925,Columbia,USA,77,220,FALSE,TRUE,FALSE,1948,1,6,Walter Budko
76300,Greg,Bunch,5/15/1956,California State-Fullerton,USA,78,190,FALSE,TRUE,FALSE,1978,2,34,Greg Bunch
76301,Dick,Bunt,7/13/1930,New York University,USA,72,170,TRUE,FALSE,FALSE,1952,,,Dick Bunt
76302,Bill,Buntin,5/5/1942,Michigan,USA,79,250,FALSE,FALSE,TRUE,1965,,,Bill Buntin
76303,Luther,Burden,2/28/1953,Utah,USA,74,185,TRUE,FALSE,FALSE,1975,2,26,Luther Burden
76304,Roger,Burkman,5/22/1958,Louisville,USA,77,175,TRUE,FALSE,FALSE,1981,6,130,Roger Burkman
76305,Tom,Burleson,2/24/1952,North Carolina State,USA,86,225,FALSE,FALSE,TRUE,1974,1,3,Tom Burleson
76306,Jack,Burmaster,12/23/1926,Illinois,USA,75,76306,FALSE,FALSE,FALSE,-22,-22,-22,Jack Burmaster
76307,David,Burns,7/3/1958,St. Louis,USA,74,180,TRUE,FALSE,FALSE,1981,3,49,David Burns
76308,Evers,Burns,8/24/1971,Maryland,USA,80,260,FALSE,TRUE,FALSE,1993,2,31,Evers Burns
76309,Jim,Burns,9/21/1945,Northwestern,USA,75,195,TRUE,FALSE,FALSE,1967,4,34,Jim Burns
76311,Art,Burris,4/7/1924,Tennessee,USA,77,220,FALSE,TRUE,FALSE,1950,3,,Art Burris
76313,Bob,Burrow,6/29/1934,Kentucky,USA,79,228,FALSE,FALSE,TRUE,1956,,,Bob Burrow
76314,Ed,Burton,8/13/1939,Michigan State,USA,78,76314,FALSE,TRUE,FALSE,-22,-22,-22,Ed Burton
76316,Steve,Burtt,11/5/1962,Iona,USA,74,185,TRUE,FALSE,FALSE,1984,2,30,Steve Burtt
76317,Don,Buse,8/10/1950,Evansville,USA,76,190,TRUE,FALSE,FALSE,1972,3,34,Don Buse
76318,Donnie,Butcher,2/8/1936,Pikeville,USA,74,200,TRUE,FALSE,FALSE,1961,7,60,Donnie Butcher
76319,Al,Butler,7/9/1938,Niagara,USA,74,175,TRUE,FALSE,FALSE,1961,2,17,Al Butler
76320,Greg,Butler,3/11/1966,Stanford,USA,83,240,FALSE,FALSE,TRUE,1988,2,37,Greg Butler
76321,Marty,Byrnes,4/30/1956,Syracuse,USA,79,215,FALSE,TRUE,FALSE,1978,1,19,Marty Byrnes
76322,Tommy,Byrnes,2/19/1923,Seton Hall,USA,75,175,TRUE,FALSE,FALSE,-1,-1,-1,Tommy Byrnes
76323,Mike,Bytzura,6/18/1922,Long Island-Brooklyn,USA,73,170,FALSE,TRUE,FALSE,-1,-1,-1,Mike Bytzura
76324,Barney,Cable,7/29/1935,Bradley,USA,79,175,FALSE,TRUE,FALSE,1958,2,10,Barney Cable
76326,Gerry,Calabrese,2/4/1925,St. John's (NY),USA,73,175,TRUE,FALSE,FALSE,1950,2,,Gerry Calabrese
76328,Jim,Caldwell,1/28/1943,Georgia Tech,USA,82,240,FALSE,FALSE,TRUE,1965,3,25,Jim Caldwell
76329,Joe,Caldwell,11/1/1941,Arizona State,USA,77,195,FALSE,TRUE,FALSE,1964,1,2,Joe Caldwell
76330,Corky,Calhoun,11/1/1950,Pennsylvania,USA,79,210,FALSE,TRUE,FALSE,1972,1,4,Corky Calhoun
76331,Bill,Calhoun,11/4/1927,CC of San Francisco,USA,75,180,FALSE,TRUE,FALSE,-1,-1,-1,Bill Calhoun
76332,Demetrius,Calip,11/18/1969,Michigan,USA,73,165,TRUE,FALSE,FALSE,-1,-1,-1,Demetrius Calip
76333,Tom,Callahan,6/2/1921,Rockhurst,USA,73,180,TRUE,FALSE,FALSE,-1,-1,-1,Tom Callahan
76334,Rick,Calloway,10/12/1966,Kansas,USA,78,180,TRUE,FALSE,FALSE,-1,-1,-1,Rick Calloway
76335,Ernie,Calverley,1/30/1924,Rhode Island,USA,70,76335,FALSE,FALSE,FALSE,-22,-22,-22,Ernie Calverley
76336,Mack,Calvin,7/27/1947,Southern California,USA,72,165,TRUE,FALSE,FALSE,1969,14,187,Mack Calvin
76337,Dexter,Cambridge,1/29/1970,Texas,USA,79,76337,FALSE,TRUE,FALSE,-22,-22,-22,Dexter Cambridge
76338,Tony,Campbell,5/7/1962,Ohio State,USA,79,215,FALSE,TRUE,FALSE,1984,1,20,Tony Campbell
76339,Larry,Cannon,4/12/1947,La Salle,USA,76,195,TRUE,FALSE,FALSE,1969,1,5,Larry Cannon
76340,Howie,Carl,6/7/1938,DePaul,USA,69,76340,TRUE,FALSE,FALSE,1961,5,50,Howie Carl
76341,Chet,Carlisle,11/2/1916,California,USA,77,195,FALSE,TRUE,FALSE,-1,-1,-1,Chet Carlisle
76342,Rick,Carlisle,10/27/1959,Virginia,USA,77,210,TRUE,FALSE,FALSE,1984,3,70,Rick Carlisle
76343,Al,Carlson,9/17/1951,Oregon,USA,83,76343,FALSE,FALSE,TRUE,-22,-22,-22,Al Carlson
76344,Don,Carlson,3/22/1921,Minnesota,USA,72,170,TRUE,FALSE,FALSE,-1,-1,-1,Don Carlson
76345,Bob,Carney,8/3/1932,Bradley,USA,75,170,FALSE,FALSE,TRUE,1954,6,47,Bob Carney
76346,Bob,Carpenter,11/6/1917,Texas A&M-Commerce,USA,77,200,FALSE,TRUE,FALSE,-1,-1,-1,Bob Carpenter
76348,Austin,Carr,3/10/1948,Notre Dame,USA,76,200,TRUE,FALSE,FALSE,1971,1,1,Austin Carr
76350,Kenny,Carr,8/15/1955,North Carolina State,USA,79,220,FALSE,TRUE,FALSE,1977,1,6,Kenny Carr
76351,M.L.,Carr,1/9/1951,Guilford,USA,78,205,FALSE,TRUE,FALSE,1973,5,76,M.L. Carr
76352,Bob,Carrington,7/3/1953,Boston College,USA,78,76352,TRUE,FALSE,FALSE,1976,2,28,Bob Carrington
76353,Joe Barry,Carroll,7/24/1958,Purdue,USA,84,76353,FALSE,FALSE,TRUE,1980,1,1,Joe Barry Carroll
76355,Butch,Carter,6/11/1958,Indiana,USA,77,180,TRUE,FALSE,FALSE,1980,2,37,Butch Carter
76356,Fred,Carter,2/14/1945,Mount St. Mary's,USA,75,76356,TRUE,FALSE,FALSE,1969,3,43,Fred Carter
76357,George,Carter,1/18/1944,St. Bonaventure,USA,76,76357,FALSE,TRUE,FALSE,1967,8,81,George Carter
76358,Howard,Carter,10/26/1961,Louisiana State,USA,77,215,TRUE,FALSE,FALSE,1983,1,15,Howard Carter
76359,Jake,Carter,7/25/1924,Texas A&M-Commerce,USA,76,195,FALSE,TRUE,FALSE,1948,,,Jake Carter
76360,Reggie,Carter,10/10/1957,St. John's (NY),USA,75,175,TRUE,FALSE,FALSE,1979,2,27,Reggie Carter
76361,Ron,Carter,8/31/1956,Virginia Military Institute,USA,77,190,TRUE,FALSE,FALSE,1978,2,26,Ron Carter
76362,Bill,Cartwright,7/30/1957,San Francisco,USA,85,245,FALSE,FALSE,TRUE,1979,1,3,Bill Cartwright
76363,Jay,Carty,7/4/1941,Oregon State,USA,79,220,FALSE,TRUE,FALSE,1962,6,46,Jay Carty
76364,Cornelius,Cash,3/3/1952,Bowling Green,USA,80,76364,FALSE,TRUE,FALSE,1975,2,24,Cornelius Cash
76365,Harvey,Catchings,9/2/1951,Hardin-Simmons,USA,81,218,FALSE,FALSE,TRUE,1974,3,42,Harvey Catchings
76367,Sid,Catlett,4/18/1948,Notre Dame,USA,78,230,FALSE,TRUE,FALSE,1971,4,55,Sid Catlett
76368,Bobby,Cattage,8/17/1958,Auburn,USA,81,250,FALSE,TRUE,FALSE,1981,8,165,Bobby Cattage
76370,Ron,Cavenall,4/30/1959,Texas Southern,USA,85,230,FALSE,FALSE,TRUE,-1,-1,-1,Ron Cavenall
76373,Al,Cervi,2/12/1917,East HS (NY),USA,71,170,TRUE,FALSE,FALSE,-1,-1,-1,Al Cervi
76374,Bill,Chamberlain,12/16/1949,North Carolina,USA,78,188,FALSE,TRUE,FALSE,1972,3,43,Bill Chamberlain
76375,Wilt,Chamberlain,8/21/1936,Kansas,USA,85,250,FALSE,FALSE,TRUE,1959,,,Wilt Chamberlain
76376,Jerry,Chambers,7/18/1943,Utah,USA,77,185,FALSE,TRUE,FALSE,1966,1,7,Jerry Chambers
76378,Mike,Champion,4/5/1964,Gonzaga,USA,82,230,FALSE,TRUE,FALSE,-1,-1,-1,Mike Champion
76379,Don,Chaney,3/22/1946,Houston,USA,77,210,TRUE,FALSE,FALSE,1968,1,12,Don Chaney
76380,John,Chaney,2/29/1920,Louisiana State,USA,75,185,FALSE,TRUE,FALSE,-1,-1,-1,John Chaney
76382,Len,Chappell,1/31/1941,Wake Forest,USA,80,240,FALSE,TRUE,FALSE,1962,1,4,Len Chappell
76383,Ken,Charles,7/10/1951,Fordham,USA,75,76383,TRUE,FALSE,FALSE,1973,3,38,Ken Charles
76384,Lorenzo,Charles,11/25/1963,North Carolina State,USA,79,225,FALSE,TRUE,FALSE,1985,2,41,Lorenzo Charles
76385,Maurice,Cheeks,9/8/1956,West Texas A&M,USA,73,180,TRUE,FALSE,FALSE,1978,2,36,Maurice Cheeks
76386,Phil,Chenier,10/30/1950,California,USA,75,76386,TRUE,FALSE,FALSE,-22,-22,-22,Phil Chenier
76387,Derrick,Chievous,7/3/1967,Missouri,USA,79,195,FALSE,TRUE,FALSE,1988,1,16,Derrick Chievous
76391,Leroy,Chollet,3/5/1925,Canisius,USA,74,190,FALSE,TRUE,FALSE,-1,-1,-1,Leroy Chollet
76392,Jim,Chones,11/30/1949,Marquette,USA,83,220,FALSE,FALSE,TRUE,1973,2,31,Jim Chones
76393,Fred,Christ,8/6/1930,Fordham,USA,76,210,TRUE,FALSE,FALSE,-1,-1,-1,Fred Christ
76394,Cal,Christensen,6/8/1927,Toledo,USA,77,210,FALSE,TRUE,FALSE,1950,5,,Cal Christensen
76395,Bob,Christian,5/11/1944,Grambling,USA,82,255,FALSE,FALSE,TRUE,1969,8,109,Bob Christian
76397,Archie,Clark,7/15/1941,Minnesota,USA,74,175,TRUE,FALSE,FALSE,1966,4,37,Archie Clark
76398,Carlos,Clark,8/10/1960,Mississippi,USA,76,76398,TRUE,FALSE,FALSE,1983,4,91,Carlos Clark
76402,Jim,Cleamons,9/13/1949,Ohio State,USA,75,185,TRUE,FALSE,FALSE,1971,1,13,Jim Cleamons
76403,John,Clemens,5/1/1943,Ohio Wesleyan,USA,78,210,FALSE,TRUE,FALSE,1965,3,19,John Clemens
76404,Nat,Clifton,10/13/1922,Xavier of Louisiana,USA,78,220,FALSE,FALSE,TRUE,-1,-1,-1,Nat Clifton
76406,Bill,Closs,1/8/1922,Rice,USA,78,195,FALSE,TRUE,FALSE,-1,-1,-1,Bill Closs
76407,Paul,Cloyd,6/13/1920,Wisconsin,USA,74,180,TRUE,FALSE,FALSE,1947,,,Paul Cloyd
76408,Marion,Cluggish,9/18/1917,Kentucky,USA,82,235,FALSE,FALSE,TRUE,-1,-1,-1,Marion Cluggish
76409,Ben,Clyde,6/10/1951,Florida State,USA,79,198,FALSE,TRUE,FALSE,1974,5,89,Ben Clyde
76410,Richard,Coffey,9/2/1965,Minnesota,USA,78,212,TRUE,FALSE,FALSE,-1,-1,-1,Richard Coffey
76411,Fred,Cofield,1/4/1962,Eastern Michigan,USA,75,190,TRUE,FALSE,FALSE,1985,4,73,Fred Cofield
76412,Ben,Coleman,11/14/1961,Maryland,USA,81,235,FALSE,TRUE,FALSE,1984,2,37,Ben Coleman
76413,E.C.,Coleman,9/25/1950,Houston Baptist,USA,80,225,FALSE,TRUE,FALSE,1973,3,51,E.C. Coleman
76414,Jack,Coleman,5/23/1924,Louisville,USA,79,195,FALSE,TRUE,FALSE,1949,2,,Jack Coleman
76415,Norris,Coleman,9/27/1961,Kansas State,USA,80,210,FALSE,TRUE,FALSE,1987,2,38,Norris Coleman
76416,Art,Collins,4/14/1954,St. Thomas (FL),USA,76,185,TRUE,FALSE,FALSE,1976,6,103,Art Collins
76418,Don,Collins,11/28/1958,Washington State,USA,78,190,TRUE,FALSE,FALSE,1980,1,18,Don Collins
76419,Jimmy,Collins,11/24/1946,New Mexico State,USA,74,175,TRUE,FALSE,FALSE,1970,1,11,Jimmy Collins
76421,Doug,Collins,7/28/1951,Illinois State,USA,78,180,TRUE,FALSE,FALSE,1973,1,1,Doug Collins
76422,Joe,Colone,1/23/1926,Bloomsburg,USA,77,210,FALSE,TRUE,FALSE,-1,-1,-1,Joe Colone
76425,Leroy,Combs,1/1/1961,Oklahoma State,USA,80,76425,FALSE,TRUE,FALSE,1983,2,26,Leroy Combs
76426,Dallas,Comegys,8/17/1964,DePaul,USA,81,205,FALSE,FALSE,TRUE,1987,1,21,Dallas Comegys
76427,Larry,Comley,8/17/1939,Kansas State,USA,77,210,TRUE,FALSE,FALSE,1961,10,91,Larry Comley
76428,Gene,Conley,11/10/1930,Washington State,USA,80,225,FALSE,FALSE,TRUE,1952,10,,Gene Conley
76429,Ed,Conlin,9/2/1933,Fordham,USA,78,200,FALSE,TRUE,FALSE,1955,1,5,Ed Conlin
76431,Lester,Conner,9/17/1959,Oregon State,USA,76,180,TRUE,FALSE,FALSE,1982,1,14,Lester Conner
76432,Chuck,Connors,4/10/1921,Seton Hall,USA,77,190,FALSE,TRUE,FALSE,-1,-1,-1,Chuck Connors
76433,Anthony,Cook,3/19/1967,Arizona,USA,81,76433,FALSE,TRUE,FALSE,1989,1,24,Anthony Cook
76434,Bert,Cook,4/26/1929,Utah State,USA,75,76434,TRUE,FALSE,FALSE,-22,-22,-22,Bert Cook
76435,Darwin,Cook,8/6/1958,Portland,USA,75,184,TRUE,FALSE,FALSE,1980,4,70,Darwin Cook
76436,Jeff,Cook,10/21/1956,Idaho State,USA,82,215,FALSE,TRUE,FALSE,1978,3,49,Jeff Cook
76437,Norm,Cook,3/21/1955,Kansas,USA,80,210,FALSE,TRUE,FALSE,1976,1,16,Norm Cook
76438,Bobby,Cook,4/1/1923,Wisconsin,USA,70,155,TRUE,FALSE,FALSE,1948,,,Bobby Cook
76439,David,Cooke,9/27/1963,St. Mary's (CA),USA,80,230,FALSE,TRUE,FALSE,-1,-1,-1,David Cooke
76440,Joe,Cooke,8/14/1948,Indiana,USA,75,76440,TRUE,FALSE,FALSE,1970,6,94,Joe Cooke
76441,Wayne,Cooper,11/16/1956,New Orleans,USA,82,220,FALSE,FALSE,TRUE,1978,2,40,Wayne Cooper
76442,Chuck,Cooper,9/29/1926,Duquesne,USA,77,210,FALSE,TRUE,FALSE,1950,2,,Chuck Cooper
76443,Joe,Cooper,9/1/1957,Colorado,USA,82,230,FALSE,FALSE,TRUE,1981,5,95,Joe Cooper
76444,Michael,Cooper,4/15/1956,New Mexico,USA,79,170,TRUE,FALSE,FALSE,1978,3,60,Michael Cooper
76446,Tom,Copa,10/30/1964,Marquette,USA,82,275,FALSE,TRUE,FALSE,-1,-1,-1,Tom Copa
76447,Hollis,Copeland,12/20/1955,Rutgers,USA,78,180,FALSE,TRUE,FALSE,1978,3,46,Hollis Copeland
76448,Lanard,Copeland,7/16/1965,Georgia State,USA,78,190,FALSE,TRUE,FALSE,-1,-1,-1,Lanard Copeland
76450,Chris,Corchiani,3/28/1968,North Carolina State,USA,72,185,TRUE,FALSE,FALSE,1991,2,36,Chris Corchiani
76451,Ken,Corley,4/4/1905,Central Oklahoma,USA,,76451,FALSE,FALSE,FALSE,-22,-22,-22,Ken Corley
76452,Ray,Corley,1/1/1928,Georgetown,USA,72,180,TRUE,FALSE,FALSE,1949,5,,Ray Corley
76453,Dave,Corzine,4/25/1956,DePaul,USA,83,250,FALSE,FALSE,TRUE,1978,1,18,Dave Corzine
76454,Larry,Costello,7/2/1931,Niagara,USA,73,186,TRUE,FALSE,FALSE,1954,2,12,Larry Costello
76456,Jack,Cotton,10/15/1924,Wyoming,USA,79,200,FALSE,TRUE,FALSE,-1,-1,-1,Jack Cotton
76457,John,Coughran,9/12/1951,California,USA,79,225,FALSE,TRUE,FALSE,1973,5,74,John Coughran
76458,Mel,Counts,10/16/1941,Oregon State,USA,84,230,FALSE,FALSE,TRUE,1964,1,7,Mel Counts
76459,Steve,Courtin,9/21/1942,St. Joseph's (PA),USA,73,188,TRUE,FALSE,FALSE,1964,3,24,Steve Courtin
76462,Dave,Cowens,10/25/1948,Florida State,USA,81,230,FALSE,FALSE,TRUE,1970,1,4,Dave Cowens
76463,John,Cox,12/29/1955,San Francisco,USA,74,180,TRUE,FALSE,FALSE,1978,8,159,John Cox
76464,Johnny,Cox,11/1/1936,Kentucky,USA,76,180,TRUE,FALSE,FALSE,1959,4,28,Johnny Cox
76465,Wesley,Cox,1/27/1955,Louisville,USA,78,215,FALSE,TRUE,FALSE,1977,1,18,Wesley Cox
76466,Freddie,Crawford,12/23/1940,St. Bonaventure,USA,76,189,TRUE,FALSE,FALSE,1964,4,26,Freddie Crawford
76468,Jim,Creighton,4/18/1950,Colorado,USA,80,76468,FALSE,TRUE,FALSE,1972,3,40,Jim Creighton
76469,Ron,Crevier,8/14/1958,Boston College,USA,84,235,FALSE,FALSE,TRUE,1983,4,75,Ron Crevier
76470,Hal,Crisler,12/31/1923,Iowa State,USA,75,215,FALSE,TRUE,FALSE,-1,-1,-1,Hal Crisler
76471,Charlie,Criss,11/6/1948,New Mexico State,USA,68,165,TRUE,FALSE,FALSE,-1,-1,-1,Charlie Criss
76472,Winston,Crite,6/20/1965,Texas A&M,USA,79,233,FALSE,TRUE,FALSE,1987,3,53,Winston Crite
76473,Dillard,Crocker,1/19/1925,Western Michigan,USA,76,205,FALSE,TRUE,FALSE,-1,-1,-1,Dillard Crocker
76474,Jeffrey,Crompton,7/4/1955,North Carolina,USA,83,280,FALSE,FALSE,TRUE,1978,4,70,Jeffrey Crompton
76475,Terry,Crosby,1/4/1957,Tennessee,USA,76,195,TRUE,FALSE,FALSE,1979,3,62,Terry Crosby
76476,Jeff,Cross,9/1/1961,Maine,USA,82,240,FALSE,TRUE,FALSE,1984,3,61,Jeff Cross
76477,Pete,Cross,3/28/1948,San Francisco,USA,81,230,FALSE,FALSE,TRUE,1970,2,23,Pete Cross
76478,Russell,Cross,9/5/1961,Purdue,USA,82,215,FALSE,FALSE,TRUE,1983,1,6,Russell Cross
76479,Francis,Crossin,7/4/1924,Pennsylvania,USA,73,165,TRUE,FALSE,FALSE,1947,1,6,Francis Crossin
76481,Mark,Crow,10/22/1954,Duke,USA,79,210,FALSE,TRUE,FALSE,1977,6,111,Mark Crow
76482,Corey,Crowder,4/13/1969,Kentucky Wesleyan,USA,77,214,FALSE,TRUE,FALSE,-1,-1,-1,Corey Crowder
76483,Pat,Cummings,7/11/1956,Cincinnati,USA,81,230,FALSE,FALSE,TRUE,1978,3,59,Pat Cummings
76485,Dick,Cunningham,7/11/1946,Murray State,USA,82,245,FALSE,FALSE,TRUE,1968,2,21,Dick Cunningham
76487,Billy,Cunningham,6/3/1943,North Carolina,USA,78,210,FALSE,TRUE,FALSE,1965,1,5,Billy Cunningham
76488,Radisav,Curcic,9/26/1965,Union Olimpija,Serbia,82,275,FALSE,FALSE,TRUE,-1,-1,-1,Radisav Curcic
76489,Armand,Cure,8/1/1919,Rhode Island,USA,72,198,FALSE,TRUE,FALSE,-1,-1,-1,Armand Cure
76492,Fran,Curran,9/19/1925,Notre Dame,USA,72,175,TRUE,FALSE,FALSE,-1,-1,-1,Fran Curran
76496,Ed,Dahler,1/31/1926,Duquesne,USA,77,190,FALSE,TRUE,FALSE,1950,2,,Ed Dahler
76497,Quintin,Dailey,1/22/1961,San Francisco,USA,75,180,TRUE,FALSE,FALSE,1982,1,7,Quintin Dailey
76498,Howie,Dallmar,5/24/1922,Stanford,USA,76,200,FALSE,TRUE,FALSE,-1,-1,-1,Howie Dallmar
76499,Lou,Dampier,11/20/1944,Kentucky,USA,72,76499,FALSE,FALSE,FALSE,1967,4,38,Lou Dampier
76500,Bob,Dandridge,11/15/1947,Norfolk State,USA,78,195,FALSE,TRUE,FALSE,1969,4,45,Bob Dandridge
76502,Mel,Daniels,7/20/1944,New Mexico,USA,81,76502,FALSE,FALSE,TRUE,1967,1,9,Mel Daniels
76504,Adrian,Dantley,2/26/1955,Notre Dame,USA,77,208,FALSE,TRUE,FALSE,1976,1,6,Adrian Dantley
76505,Mike,D'Antoni,5/8/1951,Marshall,USA,75,185,TRUE,FALSE,FALSE,1973,2,20,Mike D'Antoni
76506,Henry,Darcey,3/3/1930,Oklahoma State,USA,79,217,FALSE,FALSE,TRUE,-1,-1,-1,Henry Darcey
76507,Jimmy,Darden,6/19/1922,Denver,USA,73,170,TRUE,FALSE,FALSE,1947,,,Jimmy Darden
76509,Jesse,Dark,9/2/1951,Virginia Commonwealth,USA,76,210,TRUE,FALSE,FALSE,1974,2,32,Jesse Dark
76511,Jimmy,Darrow,9/25/1937,Bowling Green,USA,70,76511,FALSE,FALSE,FALSE,1960,5,38,Jimmy Darrow
76514,Bob,Davies,1/15/1920,Seton Hall,USA,73,175,TRUE,FALSE,FALSE,-1,-1,-1,Bob Davies
76515,Aubrey,Davis,3/28/1921,Oklahoma Baptist,USA,74,175,TRUE,FALSE,FALSE,-1,-1,-1,Aubrey Davis
76516,Brad,Davis,12/17/1955,Maryland,USA,75,180,TRUE,FALSE,FALSE,1977,1,15,Brad Davis
76517,Brian,Davis,6/21/1970,Duke,USA,79,200,FALSE,TRUE,FALSE,1992,2,48,Brian Davis
76518,Charlie,Davis,10/5/1958,Vanderbilt,USA,79,215,FALSE,TRUE,FALSE,1981,2,35,Charlie Davis
76519,Charlie,Davis,9/7/1949,Wake Forest,USA,73,160,TRUE,FALSE,FALSE,1971,8,120,Charlie Davis
76520,Monti,Davis,7/26/1958,Tennessee State,USA,79,205,FALSE,TRUE,FALSE,1980,1,21,Monti Davis
76521,Double D,Davis,10/11/1949,Houston,USA,80,220,FALSE,TRUE,FALSE,1972,1,3,Double D Davis
76522,Edward,Davis,6/16/1950,Duquesne,USA,79,195,FALSE,TRUE,FALSE,1972,7,113,Edward Davis
76523,Harry,Davis,1/27/1956,Florida State,USA,79,220,FALSE,TRUE,FALSE,1978,2,33,Harry Davis
76524,James,Davis,4/22/1932,St. John's (NY),USA,79,220,FALSE,FALSE,TRUE,1954,6,52,James Davis
76525,Jim,Davis,12/18/1941,Colorado,USA,81,225,FALSE,FALSE,TRUE,1964,4,27,Jim Davis
76526,Johnny,Davis,10/21/1955,Dayton,USA,74,170,TRUE,FALSE,FALSE,1976,2,22,Johnny Davis
76528,Mark,Davis,6/8/1963,Old Dominion,USA,78,195,FALSE,TRUE,FALSE,1985,4,79,Mark Davis
76529,Mel,Davis,11/9/1950,St. John's (NY),USA,78,220,FALSE,TRUE,FALSE,1973,1,14,Mel Davis
76530,Michael,Davis,8/2/1956,Maryland,USA,82,230,FALSE,TRUE,FALSE,-1,-1,-1,Michael Davis
76531,Mike,Davis,7/26/1946,Virginia Union,USA,75,185,TRUE,FALSE,FALSE,1969,1,14,Mike Davis
76532,Ralph,Davis,9/7/1938,Cincinnati,USA,76,76532,TRUE,FALSE,FALSE,1960,3,17,Ralph Davis
76533,Bob,Davis,4/2/1950,Weber State,USA,79,215,FALSE,TRUE,FALSE,1972,2,14,Bob Davis
76534,Ron,Davis,5/1/1954,Washington State,USA,78,198,TRUE,FALSE,FALSE,1976,5,70,Ron Davis
76536,Walt,Davis,1/5/1931,Texas A&M,USA,80,205,FALSE,FALSE,TRUE,1952,2,,Walt Davis
76538,Bill,Davis,10/3/1921,Notre Dame,USA,75,215,FALSE,TRUE,FALSE,1968,12,160,Bill Davis
76539,Darryl,Dawkins,1/11/1957,Maynard Evans HS (FL),USA,83,251,FALSE,FALSE,TRUE,1975,1,5,Darryl Dawkins
76541,Paul,Dawkins,6/10/1957,Northern Illinois,USA,77,76541,FALSE,TRUE,FALSE,1979,1,185,Paul Dawkins
76542,Tony,Dawson,8/25/1967,Florida State,USA,79,76542,FALSE,TRUE,FALSE,-22,-22,-22,Tony Dawson
76543,Darren,Daye,11/30/1960,UCLA,USA,80,220,FALSE,TRUE,FALSE,1983,3,57,Darren Daye
76544,Greg,Deane,12/6/1957,Utah,USA,76,190,TRUE,FALSE,FALSE,1979,4,67,Greg Deane
76545,Dave,DeBusschere,10/16/1940,Detroit,USA,78,220,FALSE,TRUE,FALSE,1962,,,Dave DeBusschere
76546,Archie,Dees,2/22/1936,Indiana,USA,80,205,FALSE,TRUE,FALSE,1958,1,2,Archie Dees
76548,Red,Dehnert,4/7/1905,Columbia,USA,,76548,FALSE,FALSE,FALSE,-22,-22,-22,Red Dehnert
76551,Nate,DeLong,1/5/1926,Wisconsin-River Falls,USA,78,220,FALSE,FALSE,TRUE,1950,9,,Nate DeLong
76552,Fennis,Dembo,1/24/1966,Wyoming,USA,77,76552,FALSE,TRUE,FALSE,1988,2,30,Fennis Dembo
76553,Larry,Demic,6/27/1957,Arizona,USA,81,225,FALSE,TRUE,FALSE,1979,1,9,Larry Demic
76555,George,Dempsey,7/19/1929,King's,USA,75,190,TRUE,FALSE,FALSE,1951,7,68,George Dempsey
76556,Kenny,Dennard,10/18/1958,Duke,USA,80,220,FALSE,TRUE,FALSE,1981,4,78,Kenny Dennard
76557,Blaine,Denning,9/19/1930,Lawrence Tech,USA,74,175,TRUE,FALSE,FALSE,1952,,,Blaine Denning
76558,Randy,Denton,2/18/1949,Duke,USA,82,76558,FALSE,FALSE,TRUE,1971,4,61,Randy Denton
76559,Rod,Derline,3/11/1952,Seattle,USA,72,175,TRUE,FALSE,FALSE,1974,10,169,Rod Derline
76560,Dave,Deutsch,5/13/1945,Rochester,USA,73,170,TRUE,FALSE,FALSE,1966,12,98,Dave Deutsch
76561,Walter,Devlin,12/21/1931,George Washington,USA,77,195,TRUE,FALSE,FALSE,1955,2,9,Walter Devlin
76562,Hank,DeZonie,2/12/1922,Clark Atlanta,USA,77,215,FALSE,TRUE,FALSE,-1,-1,-1,Hank DeZonie
76563,Henry,Dickerson,11/27/1951,University of Charleston,USA,76,190,TRUE,FALSE,FALSE,-1,-1,-1,Henry Dickerson
76564,Derrek,Dickey,3/20/1951,Cincinnati,USA,79,218,FALSE,TRUE,FALSE,1973,2,29,Derrek Dickey
76565,Dick,Dickey,10/26/1926,North Carolina State,USA,73,175,TRUE,FALSE,FALSE,1950,3,,Dick Dickey
76566,Connie,Dierking,10/2/1936,Cincinnati,USA,82,76566,FALSE,FALSE,TRUE,1958,1,5,Connie Dierking
76567,Coby,Dietrick,7/23/1948,San Jose State,USA,83,76567,FALSE,FALSE,TRUE,1970,1,155,Coby Dietrick
76568,Ernie,DiGregorio,1/15/1951,Providence,USA,72,180,TRUE,FALSE,FALSE,1973,1,3,Ernie DiGregorio
76569,Mickey,Dillard,10/15/1958,Florida State,USA,75,170,TRUE,FALSE,FALSE,1981,3,55,Mickey Dillard
76570,Bob,Dille,7/2/1917,Valparaiso,USA,75,190,FALSE,TRUE,FALSE,-1,-1,-1,Bob Dille
76571,John,Dillon,1/8/1924,North Carolina,USA,75,180,FALSE,TRUE,FALSE,1948,,,John Dillon
76574,Byron,Dinkins,6/15/1967,North Carolina-Charlotte,USA,73,170,TRUE,FALSE,FALSE,-1,-1,-1,Byron Dinkins
76575,Jackie,Dinkins,1/22/1950,Voorhees,USA,77,210,FALSE,TRUE,FALSE,1971,9,150,Jackie Dinkins
76576,Bill,Dinwiddie,7/15/1943,New Mexico Highlands,USA,79,220,FALSE,TRUE,FALSE,-1,-1,-1,Bill Dinwiddie
76577,Terry,Dischinger,11/21/1940,Purdue,USA,79,189,FALSE,TRUE,FALSE,1962,2,8,Terry Dischinger
76578,Fred,Diute,1/9/1929,St. Bonaventure,USA,75,76578,TRUE,FALSE,FALSE,1951,3,27,Fred Diute
76580,Earl,Dodd,11/1/1924,Truman State,USA,77,175,FALSE,TRUE,FALSE,1949,5,,Earl Dodd
76581,Joe,Dolhon,7/9/1927,New York University,USA,72,175,TRUE,FALSE,FALSE,-1,-1,-1,Joe Dolhon
76582,Bob,Doll,8/10/1919,Colorado,USA,76,195,FALSE,TRUE,FALSE,-1,-1,-1,Bob Doll
76583,James,Donaldson,8/16/1957,Washington State,USA,86,275,FALSE,FALSE,TRUE,1979,4,73,James Donaldson
76584,Bob,Donham,10/11/1926,Ohio State,USA,74,190,TRUE,FALSE,FALSE,1950,3,,Bob Donham
76585,Harry,Donovan,9/10/1926,Muhlenberg,USA,74,180,TRUE,FALSE,FALSE,1949,2,,Harry Donovan
76586,Billy,Donovan,5/30/1965,Providence,USA,71,76586,TRUE,FALSE,FALSE,1987,3,68,Billy Donovan
76587,Jacky,Dorsey,12/18/1954,Georgia,USA,79,230,FALSE,TRUE,FALSE,1976,2,26,Jacky Dorsey
76588,Bruce,Douglas,4/9/1964,Illinois,USA,75,195,TRUE,FALSE,FALSE,1986,3,57,Bruce Douglas
76589,John,Douglas,6/12/1956,Kansas,USA,74,170,TRUE,FALSE,FALSE,1978,6,118,John Douglas
76590,Leon,Douglas,8/26/1954,Alabama,USA,82,76590,FALSE,FALSE,TRUE,1976,1,4,Leon Douglas
76592,Lloyd,Dove,8/16/1945,St. John's (NY),USA,80,198,FALSE,TRUE,FALSE,1967,1,4,Lloyd Dove
76593,Bill,Downey,11/11/1923,Marquette,USA,78,210,FALSE,FALSE,TRUE,-1,-1,-1,Bill Downey
76594,Steve,Downing,9/9/1950,Indiana,USA,80,225,FALSE,FALSE,TRUE,1973,1,17,Steve Downing
76595,Danny,Doyle,2/6/1940,Belmont Abbey,USA,80,200,FALSE,TRUE,FALSE,1961,5,44,Danny Doyle
76596,Terry,Dozier,6/29/1966,South Carolina,USA,81,210,FALSE,TRUE,FALSE,-1,-1,-1,Terry Dozier
76598,John,Drew,9/30/1954,Gardner-Webb,USA,78,205,FALSE,TRUE,FALSE,1974,2,25,John Drew
76599,Larry,Drew,4/2/1958,Missouri,USA,73,170,TRUE,FALSE,FALSE,1980,1,17,Larry Drew
76603,Terry,Driscoll,8/28/1947,Boston College,USA,79,215,FALSE,TRUE,FALSE,1969,1,4,Terry Driscoll
76604,Ralph,Drollinger,4/20/1954,UCLA,USA,86,250,FALSE,FALSE,TRUE,1978,5,105,Ralph Drollinger
76605,Dick,Duckett,3/25/1933,St. John's (NY),USA,73,185,TRUE,FALSE,FALSE,1957,2,9,Dick Duckett
76607,Charles,Dudley,3/5/1950,Washington,USA,74,180,TRUE,FALSE,FALSE,1972,5,76,Charles Dudley
76608,Terry,Duerod,7/29/1956,Detroit,USA,74,180,TRUE,FALSE,FALSE,1979,3,48,Terry Duerod
76609,Bob,Duffy,7/5/1922,Tulane,USA,76,175,FALSE,TRUE,FALSE,1962,2,10,Bob Duffy
76610,Bob,Duffy,9/26/1940,Colgate,USA,75,185,TRUE,FALSE,FALSE,1962,2,10,Bob Duffy
76611,Walter,Dukes,6/23/1930,Seton Hall,USA,84,220,FALSE,FALSE,TRUE,1953,,,Walter Dukes
76615,Andy,Duncan,4/17/1922,William & Mary,USA,78,195,FALSE,TRUE,FALSE,1947,,,Andy Duncan
76616,Mike,Dunleavy,3/21/1954,South Carolina,USA,75,180,TRUE,FALSE,FALSE,1976,6,99,Mike Dunleavy
76617,Pat,Dunn,3/17/1931,Utah State,USA,74,76617,TRUE,FALSE,FALSE,-22,-22,-22,Pat Dunn
76618,T.R.,Dunn,2/1/1955,Alabama,USA,76,76618,TRUE,FALSE,FALSE,1977,2,41,T.R. Dunn
76619,John,Duren,10/30/1958,Georgetown,USA,75,195,TRUE,FALSE,FALSE,1980,1,19,John Duren
76621,Devin,Durrant,10/20/1960,Brigham Young,USA,79,200,FALSE,TRUE,FALSE,1984,2,25,Devin Durrant
76622,Ken,Durrett,12/8/1948,La Salle,USA,79,190,FALSE,TRUE,FALSE,1971,1,4,Ken Durrett
76623,Dennis,DuVal,3/31/1952,Syracuse,USA,75,175,TRUE,FALSE,FALSE,1974,2,30,Dennis DuVal
76624,Jack,Dwan,5/3/1921,Loyola-Chicago,USA,76,76624,FALSE,TRUE,FALSE,-22,-22,-22,Jack Dwan
76625,Craig,Dykema,6/11/1959,Long Beach State,USA,80,190,FALSE,TRUE,FALSE,1981,3,66,Craig Dykema
76626,Gene,Dyker,2/17/1930,DePaul,USA,78,225,FALSE,TRUE,FALSE,1953,,,Gene Dyker
76628,Jim,Eakins,5/24/1946,Brigham Young,USA,83,215,FALSE,FALSE,TRUE,1968,5,57,Jim Eakins
76630,Ed,Earle,4/28/1927,Loyola-Chicago,USA,75,190,FALSE,TRUE,FALSE,-1,-1,-1,Ed Earle
76631,Mark,Eaton,1/24/1957,UCLA,USA,88,76631,FALSE,FALSE,TRUE,1982,4,72,Mark Eaton
76632,Jerry,Eaves,2/8/1959,Louisville,USA,76,180,TRUE,FALSE,FALSE,1982,3,55,Jerry Eaves
76633,Bill,Ebben,10/7/1935,Detroit,USA,76,190,TRUE,FALSE,FALSE,1957,3,18,Bill Ebben
76634,Al,Eberhard,5/10/1952,Missouri,USA,78,225,FALSE,TRUE,FALSE,1974,1,15,Al Eberhard
76635,Patrick,Eddie,12/27/1967,Mississippi,USA,83,240,FALSE,FALSE,TRUE,-1,-1,-1,Patrick Eddie
76636,Thomas,Eddleman,12/27/1922,Illinois,USA,74,189,FALSE,TRUE,FALSE,1949,3,,Thomas Eddleman
76637,Kent,Edelin,5/24/1962,Virginia,USA,80,205,FALSE,TRUE,FALSE,1984,7,140,Kent Edelin
76638,Keith,Edmonson,9/28/1960,Purdue,USA,77,76638,TRUE,FALSE,FALSE,1982,1,10,Keith Edmonson
76641,Franklin,Edwards,2/2/1959,Cleveland State,USA,73,170,TRUE,FALSE,FALSE,1981,1,22,Franklin Edwards
76643,Jay,Edwards,1/3/1969,Indiana,USA,76,185,FALSE,TRUE,FALSE,1989,2,33,Jay Edwards
76646,Bill,Edwards,9/22/1971,Wright State,USA,80,215,FALSE,TRUE,FALSE,-1,-1,-1,Bill Edwards
76647,Johnny,Egan,1/31/1939,Providence,USA,72,76647,TRUE,FALSE,FALSE,1961,2,12,Johnny Egan
76648,Lonnie,Eggleston,6/8/1918,Oklahoma State,USA,72,170,TRUE,FALSE,FALSE,-1,-1,-1,Lonnie Eggleston
76649,Eddie,Ehlers,3/10/1923,Purdue,USA,75,198,TRUE,FALSE,FALSE,1947,1,3,Eddie Ehlers
76651,Dick,Eichhorst,10/21/1933,Southeast Missouri,USA,75,76651,FALSE,FALSE,FALSE,-22,-22,-22,Dick Eichhorst
76653,Don,Eliason,7/24/1918,Hamline,USA,74,210,FALSE,TRUE,FALSE,-1,-1,-1,Don Eliason
76655,Ray,Ellefson,11/18/1922,West Texas A&M,USA,80,230,FALSE,FALSE,TRUE,-1,-1,-1,Ray Ellefson
76656,Bob,Elliott,8/18/1955,Arizona,USA,81,76656,FALSE,FALSE,TRUE,1977,2,42,Bob Elliott
76658,Alexander,Ellis,2/11/1936,Niagara,USA,77,185,FALSE,TRUE,FALSE,1958,3,16,Alexander Ellis
76661,Joe,Ellis,5/3/1944,San Francisco,USA,78,175,FALSE,TRUE,FALSE,1966,2,13,Joe Ellis
76663,Leroy,Ellis,3/10/1940,St. John's (NY),USA,83,210,FALSE,TRUE,FALSE,1962,1,6,Leroy Ellis
76664,Bo,Ellis,8/8/1954,Marquette,USA,81,76664,FALSE,TRUE,FALSE,1977,1,17,Bo Ellis
76667,Darrell,Elston,8/15/1952,North Carolina,USA,75,76667,TRUE,FALSE,FALSE,1974,3,43,Darrell Elston
76668,Wayne,Embry,3/26/1937,Miami (Ohio),USA,80,240,FALSE,FALSE,TRUE,1958,3,22,Wayne Embry
76669,Ned,Endress,3/2/1918,Akron,USA,74,200,FALSE,TRUE,FALSE,-1,-1,-1,Ned Endress
76670,Chris,Engler,3/1/1959,Wyoming,USA,83,245,FALSE,FALSE,TRUE,1982,3,60,Chris Engler
76671,Wayne,Englestad,12/6/1963,California-Irvine,USA,80,245,FALSE,TRUE,FALSE,-1,-1,-1,Wayne Englestad
76672,A.J.,English,7/11/1967,Virginia Union,USA,75,175,TRUE,FALSE,FALSE,1990,2,37,A.J. English
76673,Alex,English,1/5/1954,South Carolina,USA,80,190,FALSE,TRUE,FALSE,1976,2,23,Alex English
76674,Claude,English,12/26/1946,Rhode Island,USA,76,76674,TRUE,FALSE,FALSE,1970,7,110,Claude English
76675,Scott,English,10/20/1950,Texas-El Paso,USA,78,205,FALSE,TRUE,FALSE,1972,3,33,Scott English
76676,Jojo,English,2/4/1970,South Carolina,USA,76,195,TRUE,FALSE,FALSE,-1,-1,-1,Jojo English
76677,Gene,Englund,10/21/1917,Wisconsin,USA,76,205,FALSE,TRUE,FALSE,-1,-1,-1,Gene Englund
76678,Ray,Epps,8/20/1956,Norfolk State,USA,78,76678,FALSE,TRUE,FALSE,1977,5,104,Ray Epps
76679,Bo,Erias,7/30/1932,Niagara,USA,75,220,FALSE,TRUE,FALSE,1954,5,43,Bo Erias
76680,Keith,Erickson,4/19/1944,UCLA,USA,77,195,FALSE,TRUE,FALSE,1965,3,18,Keith Erickson
76681,Julius,Erving,2/22/1950,Massachusetts,USA,79,200,FALSE,TRUE,FALSE,1972,1,12,Julius Erving
76682,Jack,Eskridge,1/21/1924,Kansas,USA,77,200,FALSE,FALSE,TRUE,-1,-1,-1,Jack Eskridge
76683,Vincenzo,Esposito,3/1/1969,Fortitudo Bologna,Italy,75,198,TRUE,FALSE,FALSE,-1,-1,-1,Vincenzo Esposito
76685,Earl,Evans,11/11/1955,UNLV,USA,80,202,FALSE,TRUE,FALSE,1978,8,157,Earl Evans
76686,Mike,Evans,4/19/1955,Kansas State,USA,73,76686,TRUE,FALSE,FALSE,1978,1,21,Mike Evans
76687,Bob,Evans,5/31/1925,Butler,USA,74,175,TRUE,FALSE,FALSE,1949,4,,Bob Evans
76689,Johnny,Ezersky,4/4/1905,Rhode Island,USA,,,,,,1947,,,Johnny Ezersky
76690,Joe,Fabel,9/4/1913,Pittsburgh,USA,73,190,FALSE,TRUE,FALSE,-1,-1,-1,Joe Fabel
76691,John,Fairchild,4/28/1943,Brigham Young,USA,79,205,FALSE,TRUE,FALSE,1965,2,16,John Fairchild
76692,Phil,Farbman,4/3/1924,City College of New York,USA,73,185,FALSE,TRUE,FALSE,-1,-1,-1,Phil Farbman
76693,Dick,Farley,4/13/1932,Indiana,USA,76,190,TRUE,FALSE,FALSE,1954,2,15,Dick Farley
76694,Mike,Farmer,9/26/1936,San Francisco,USA,79,210,FALSE,TRUE,FALSE,1958,1,3,Mike Farmer
76695,Jim,Farmer,9/23/1964,Alabama,USA,76,190,FALSE,TRUE,FALSE,1987,1,20,Jim Farmer
76696,Bob,Faught,9/2/1921,Notre Dame,USA,77,76696,FALSE,FALSE,FALSE,-22,-22,-22,Bob Faught
76697,Dave,Fedor,12/10/1940,Florida State,USA,78,190,FALSE,TRUE,FALSE,1962,3,23,Dave Fedor
76698,Bob,Feerick,1/2/1920,Santa Clara,USA,75,76698,FALSE,FALSE,FALSE,-22,-22,-22,Bob Feerick
76699,Butch,Feher,5/19/1954,Vanderbilt,USA,76,76699,TRUE,FALSE,FALSE,1976,2,33,Butch Feher
76701,Ron,Feiereisel,8/6/1931,DePaul,USA,75,185,TRUE,FALSE,FALSE,1953,,,Ron Feiereisel
76702,George,Feigenbaum,7/2/1929,Kentucky,USA,73,76702,FALSE,FALSE,FALSE,-22,-22,-22,George Feigenbaum
76703,Dave,Feitl,6/8/1962,Texas-El Paso,USA,83,235,FALSE,FALSE,TRUE,1986,2,43,Dave Feitl
76704,Ray,Felix,12/10/1930,Long Island-Brooklyn,USA,83,220,FALSE,FALSE,TRUE,1953,1,1,Ray Felix
76705,Jake,Fendley,6/12/1929,Northwestern,USA,72,180,TRUE,FALSE,FALSE,1951,3,23,Jake Fendley
76706,Bill,Fenley,2/8/1922,Manhattan,USA,75,190,FALSE,TRUE,FALSE,-1,-1,-1,Bill Fenley
76707,Eric,Fernsten,11/1/1953,San Francisco,USA,82,205,FALSE,FALSE,TRUE,1975,4,62,Eric Fernsten
76708,Al,Ferrari,7/6/1933,Michigan State,USA,76,190,TRUE,FALSE,FALSE,1955,3,15,Al Ferrari
76709,Rolando,Ferreira,5/24/1964,Houston,USA,85,240,FALSE,TRUE,FALSE,1988,2,26,Rolando Ferreira
76711,Arnie,Ferrin,7/29/1925,Utah,USA,76,180,FALSE,TRUE,FALSE,1948,,,Arnie Ferrin
76712,Bob,Ferry,5/31/1937,St. Louis,USA,80,230,FALSE,FALSE,TRUE,1959,,,Bob Ferry
76713,Kenny,Fields,2/9/1962,UCLA,USA,77,220,FALSE,TRUE,FALSE,1984,1,21,Kenny Fields
76714,Ron,Filipek,2/5/1944,Tennessee Tech,USA,77,205,FALSE,TRUE,FALSE,1967,9,100,Ron Filipek
76715,Greg,Fillmore,3/7/1947,Cheyney,USA,85,240,FALSE,FALSE,TRUE,1970,8,136,Greg Fillmore
76716,Hank,Finkel,4/20/1942,Dayton,USA,84,240,FALSE,FALSE,TRUE,1966,2,17,Hank Finkel
76717,Danny,Finn,5/27/1928,St. John's (NY),USA,73,185,TRUE,FALSE,FALSE,-1,-1,-1,Danny Finn
76719,Dick,Fitzgerald,11/18/1920,Seton Hall,USA,74,175,FALSE,TRUE,FALSE,-1,-1,-1,Dick Fitzgerald
76720,Bob,Fitzgerald,3/14/1923,Fordham,USA,77,76720,FALSE,TRUE,FALSE,-22,-22,-22,Bob Fitzgerald
76721,Jerry,Fleishman,2/14/1922,New York University,USA,74,190,TRUE,FALSE,FALSE,-1,-1,-1,Jerry Fleishman
76722,Al,Fleming,4/5/1954,Arizona,USA,79,215,FALSE,TRUE,FALSE,1976,2,30,Al Fleming
76723,Ed,Fleming,7/25/1933,Niagara,USA,75,189,TRUE,FALSE,FALSE,1955,3,16,Ed Fleming
76725,Bruce,Flowers,6/13/1957,Notre Dame,USA,80,225,FALSE,TRUE,FALSE,1979,2,26,Bruce Flowers
76726,Sleepy,Floyd,3/6/1960,Georgetown,USA,75,170,TRUE,FALSE,FALSE,1982,1,13,Sleepy Floyd
76727,Mike,Flynn,7/31/1953,Kentucky,USA,74,76727,TRUE,FALSE,FALSE,1975,7,113,Mike Flynn
76728,Larry,Fogle,3/19/1953,Canisius,USA,77,76728,TRUE,FALSE,FALSE,1975,2,34,Larry Fogle
76729,Jack,Foley,4/19/1939,Holy Cross,USA,75,170,FALSE,TRUE,FALSE,1962,2,16,Jack Foley
76731,Levi,Fontaine,11/1/1948,Maryland-Eastern Shore,USA,76,76731,TRUE,FALSE,FALSE,1970,5,70,Levi Fontaine
76732,Alphonso,Ford,10/31/1971,Mississippi Valley State,USA,73,76732,FALSE,TRUE,FALSE,1993,2,32,Alphonso Ford
76733,Chris,Ford,1/11/1949,Villanova,USA,77,190,TRUE,FALSE,FALSE,1972,2,17,Chris Ford
76734,Don,Ford,12/31/1952,California-Santa Barbara,USA,81,215,FALSE,TRUE,FALSE,1975,6,92,Don Ford
76735,Jake,Ford,4/29/1946,Maryland-Eastern Shore,USA,75,180,TRUE,FALSE,FALSE,1970,2,20,Jake Ford
76736,Phil,Ford,2/9/1956,North Carolina,USA,74,175,TRUE,FALSE,FALSE,1978,1,2,Phil Ford
76738,Donnie,Forman,1/17/1926,New York University,USA,70,175,TRUE,FALSE,FALSE,-1,-1,-1,Donnie Forman
76739,Bayard,Forrest,7/8/1954,Grand Canyon,USA,82,235,FALSE,FALSE,TRUE,1976,2,19,Bayard Forrest
76740,Fred,Foster,3/18/1946,Miami (Ohio),USA,77,76740,FALSE,TRUE,FALSE,1968,3,28,Fred Foster
76742,Rod,Foster,10/10/1960,UCLA,USA,73,160,TRUE,FALSE,FALSE,1983,2,28,Rod Foster
76744,Larry,Foust,6/24/1928,La Salle,USA,81,215,FALSE,FALSE,TRUE,1950,1,5,Larry Foust
76745,Jerry,Fowler,6/20/1927,Missouri,USA,79,230,FALSE,FALSE,TRUE,-1,-1,-1,Jerry Fowler
76746,Harold,Fox,8/29/1949,Jacksonville,USA,74,175,TRUE,FALSE,FALSE,1972,2,15,Harold Fox
76747,Jim,Fox,4/7/1943,South Carolina,USA,82,230,FALSE,FALSE,TRUE,1965,8,67,Jim Fox
76748,Tellis,Frank,4/26/1965,Western Kentucky,USA,82,225,FALSE,TRUE,FALSE,1987,1,14,Tellis Frank
76749,Nat,Frankel,11/3/1913,Brooklyn,USA,72,195,FALSE,TRUE,FALSE,-1,-1,-1,Nat Frankel
76750,Walt,Frazier,3/29/1945,Southern Illinois,USA,76,200,TRUE,FALSE,FALSE,1967,1,5,Walt Frazier
76751,Will,Frazier,8/24/1942,Grambling,USA,79,210,FALSE,TRUE,FALSE,1965,2,9,Will Frazier
76752,Anthony,Frederick,12/7/1964,Pepperdine,USA,79,205,FALSE,TRUE,FALSE,1986,6,133,Anthony Frederick
76753,World,Free,12/9/1953,Guilford,USA,75,185,TRUE,FALSE,FALSE,1975,2,23,World Free
76754,Donnie,Freeman,7/18/1944,Illinois,USA,75,76754,TRUE,FALSE,FALSE,1966,3,29,Donnie Freeman
76755,Gary,Freeman,7/25/1948,Oregon State,USA,81,76755,FALSE,TRUE,FALSE,1970,1,16,Gary Freeman
76756,Rod,Freeman,11/5/1950,Vanderbilt,USA,79,225,FALSE,TRUE,FALSE,1973,11,166,Rod Freeman
76757,Frido,Frey,10/26/1921,Long Island-Brooklyn,USA,74,195,FALSE,TRUE,FALSE,-1,-1,-1,Frido Frey
76758,Larry,Friend,4/14/1935,California,USA,76,185,TRUE,FALSE,FALSE,1957,2,13,Larry Friend
76759,Pat,Frink,2/18/1945,Colorado,USA,76,195,TRUE,FALSE,FALSE,1968,3,27,Pat Frink
76760,Jim,Fritsche,12/10/1931,Hamline,USA,80,210,FALSE,FALSE,TRUE,1953,1,7,Jim Fritsche
76761,Bernie,Fryer,12/25/1949,Brigham Young,USA,75,185,TRUE,FALSE,FALSE,1972,7,109,Bernie Fryer
76762,Frank,Fucarino,7/24/1920,Long Island-Brooklyn,USA,74,175,FALSE,TRUE,FALSE,-1,-1,-1,Frank Fucarino
76763,Herm,Fuetsch,7/6/1918,Polytechnic HS (CA),USA,72,170,TRUE,FALSE,FALSE,-1,-1,-1,Herm Fuetsch
76764,Joe,Fulks,10/26/1921,Murray State,USA,77,190,FALSE,TRUE,FALSE,-1,-1,-1,Joe Fulks
76765,Tony,Fuller,9/4/1958,Pepperdine,USA,76,180,TRUE,FALSE,FALSE,1980,5,93,Tony Fuller
76767,Terry,Furlow,10/18/1954,Michigan State,USA,77,190,TRUE,FALSE,FALSE,1976,1,12,Terry Furlow
76768,Billy,Gabor,5/13/1922,Syracuse,USA,71,170,TRUE,FALSE,FALSE,1948,,,Billy Gabor
76769,Elmer R.,Gainer,4/2/1905,DePaul,USA,,,,,,1947,,,Elmer R. Gainer
76770,Corey,Gaines,6/1/1965,Loyola-Marymount,USA,75,195,TRUE,FALSE,FALSE,1988,3,65,Corey Gaines
76771,Mike,Gale,7/18/1950,Elizabeth City State,USA,76,185,TRUE,FALSE,FALSE,1971,3,47,Mike Gale
76772,Chad,Gallagher,5/30/1969,Creighton,USA,82,255,FALSE,FALSE,TRUE,1991,2,32,Chad Gallagher
76773,Harry,Gallatin,4/26/1927,Truman State,USA,78,210,FALSE,TRUE,FALSE,1948,,,Harry Gallatin
76774,Dave,Gambee,4/16/1937,Oregon State,USA,78,215,FALSE,TRUE,FALSE,1958,1,6,Dave Gambee
76776,Bob,Gantt,6/22/1922,Duke,USA,76,205,FALSE,TRUE,FALSE,-1,-1,-1,Bob Gantt
76778,Earl,Gardner,9/18/1923,DePauw,USA,75,195,FALSE,TRUE,FALSE,1948,,,Earl Gardner
76779,Vern,Gardner,5/14/1925,Utah,USA,77,200,FALSE,FALSE,TRUE,1949,1,5,Vern Gardner
76780,Jack,Garfinkel,6/13/1918,St. John's (NY),USA,72,190,TRUE,FALSE,FALSE,-1,-1,-1,Jack Garfinkel
76781,Gary,Garland,10/12/1957,DePaul,USA,76,180,TRUE,FALSE,FALSE,1979,2,30,Gary Garland
76782,Winston,Garland,12/19/1964,Missouri State,USA,74,76782,TRUE,FALSE,FALSE,1987,2,40,Winston Garland
76783,Dick,Garmaker,10/29/1932,Minnesota,USA,75,200,TRUE,FALSE,FALSE,1955,,,Dick Garmaker
76785,Bill,Garnett,4/22/1960,Wyoming,USA,81,225,FALSE,TRUE,FALSE,1982,1,4,Bill Garnett
76786,Calvin,Garrett,7/11/1956,Oral Roberts,USA,79,190,FALSE,TRUE,FALSE,1979,3,47,Calvin Garrett
76788,Eldo,Garrett,1/31/1947,Southern Illinois,USA,75,185,TRUE,FALSE,FALSE,1969,2,27,Eldo Garrett
76789,Rowland,Garrett,7/16/1950,Florida State,USA,78,210,FALSE,TRUE,FALSE,1972,5,78,Rowland Garrett
76790,Tom,Garrick,7/7/1966,Rhode Island,USA,74,185,TRUE,FALSE,FALSE,1988,2,45,Tom Garrick
76791,John,Garris,6/6/1959,Boston College,USA,80,205,FALSE,TRUE,FALSE,1983,2,27,John Garris
76793,Jim,Garvin,2/5/1950,Boston University,USA,79,200,FALSE,TRUE,FALSE,1973,17,204,Jim Garvin
76794,Frank,Gates,4/12/1920,Sam Houston State,USA,72,76794,FALSE,FALSE,FALSE,-22,-22,-22,Frank Gates
76797,Ed,Gayda,5/11/1927,Washington State,USA,76,210,TRUE,FALSE,FALSE,1950,2,,Ed Gayda
76800,Jack,George,11/13/1928,La Salle,USA,75,190,TRUE,FALSE,FALSE,1953,,,Jack George
76801,Tate,George,5/29/1968,Connecticut,USA,77,76801,TRUE,FALSE,FALSE,1990,1,22,Tate George
76802,Gus,Gerard,7/27/1953,Virginia,USA,80,200,FALSE,TRUE,FALSE,1975,3,50,Gus Gerard
76803,Derrick,Gervin,3/28/1963,Texas-San Antonio,USA,80,200,FALSE,TRUE,FALSE,1985,4,90,Derrick Gervin
76804,George,Gervin,4/27/1952,Eastern Michigan,USA,79,180,TRUE,FALSE,FALSE,1974,3,40,George Gervin
76805,Gorham,Getchell,8/14/1920,Temple,USA,76,205,FALSE,FALSE,TRUE,-1,-1,-1,Gorham Getchell
76806,John,Gianelli,6/10/1950,Pacific,USA,82,220,FALSE,FALSE,TRUE,1972,2,20,John Gianelli
76807,Dick,Gibbs,12/20/1948,Texas-El Paso,USA,77,210,FALSE,TRUE,FALSE,1971,3,49,Dick Gibbs
76808,Dee,Gibson,8/25/1923,Western Kentucky,USA,71,175,TRUE,FALSE,FALSE,1948,,,Dee Gibson
76809,Mel,Gibson,12/30/1940,Western Carolina,USA,75,76809,TRUE,FALSE,FALSE,1963,2,16,Mel Gibson
76810,Mike,Gibson,10/27/1960,South Carolina Upstate,USA,82,205,FALSE,TRUE,FALSE,1982,2,44,Mike Gibson
76811,Ward,Gibson,12/5/1921,Creighton,USA,77,198,FALSE,FALSE,TRUE,-1,-1,-1,Ward Gibson
76812,Ben,Gillery,9/19/1965,Georgetown,USA,84,235,FALSE,FALSE,TRUE,-1,-1,-1,Ben Gillery
76813,Gene,Gillette,4/4/1905,St. Mary's (CA),USA,,,,,,-1,-1,-1,Gene Gillette
76815,Herm,Gilliam,5/5/1946,Purdue,USA,75,190,TRUE,FALSE,FALSE,1969,1,8,Herm Gilliam
76817,Walt,Gilmore,2/27/1947,Fort Valley State,USA,78,76817,FALSE,TRUE,FALSE,1970,2,25,Walt Gilmore
76818,Chuck,Gilmur,8/13/1922,Washington,USA,76,225,FALSE,TRUE,FALSE,-1,-1,-1,Chuck Gilmur
76819,Jack,Givens,9/21/1956,Kentucky,USA,77,76819,FALSE,TRUE,FALSE,1978,1,16,Jack Givens
76820,George,Glamack,6/7/1919,North Carolina,USA,78,225,FALSE,FALSE,TRUE,-1,-1,-1,George Glamack
76821,Gerald,Glass,11/12/1967,Mississippi,USA,77,221,FALSE,TRUE,FALSE,1990,1,20,Gerald Glass
76822,Mike,Glenn,9/10/1955,Southern Illinois,USA,74,175,TRUE,FALSE,FALSE,1977,2,23,Mike Glenn
76823,Norman,Glick,11/10/1927,Loyola-Marymount,USA,78,190,FALSE,TRUE,FALSE,-1,-1,-1,Norman Glick
76824,Georgi,Glouchkov,1/10/1960,Akademik Varna,Bulgaria,80,235,FALSE,TRUE,FALSE,1985,7,148,Georgi Glouchkov
76825,Clarence,Glover,11/1/1947,Western Kentucky,USA,80,210,FALSE,TRUE,FALSE,1971,1,10,Clarence Glover
76826,Mike,Gminski,8/3/1959,Duke,USA,83,250,FALSE,FALSE,TRUE,1980,1,7,Mike Gminski
76827,Dan,Godfread,6/14/1967,Evansville,USA,82,250,FALSE,TRUE,FALSE,-1,-1,-1,Dan Godfread
76828,Tom,Gola,1/13/1933,La Salle,USA,78,205,TRUE,FALSE,FALSE,1955,,,Tom Gola
76829,Ben,Goldfaden,9/6/1913,George Washington,USA,73,76829,FALSE,FALSE,FALSE,-22,-22,-22,Ben Goldfaden
76830,Glen,Gondrezick,8/30/1955,UNLV,USA,78,218,FALSE,TRUE,FALSE,1977,2,26,Glen Gondrezick
76831,Grant,Gondrezick,1/19/1963,Pepperdine,USA,77,205,TRUE,FALSE,FALSE,1986,4,77,Grant Gondrezick
76832,Gail,Goodrich,4/23/1943,UCLA,USA,73,170,TRUE,FALSE,FALSE,1965,,,Gail Goodrich
76833,Wilfred,Goodwin,12/22/1920,St John's Prep HS (NY),USA,74,203,FALSE,TRUE,FALSE,-1,-1,-1,Wilfred Goodwin
76834,Lancaster,Gordon,6/24/1962,Louisville,USA,75,185,TRUE,FALSE,FALSE,1984,1,8,Lancaster Gordon
76835,Paul,Gordon,4/8/1927,Notre Dame,USA,75,76835,FALSE,FALSE,FALSE,-22,-22,-22,Paul Gordon
76836,Leo,Gottlieb,11/28/1920,DeWitt Clinton HS (NY),USA,71,180,TRUE,FALSE,FALSE,-1,-1,-1,Leo Gottlieb
76837,Bato,Govedarica,4/17/1928,DePaul,USA,71,185,TRUE,FALSE,FALSE,1951,3,24,Bato Govedarica
76838,Joe,Graboski,1/15/1930,Tuley HS (IL),USA,80,195,FALSE,TRUE,FALSE,-1,-1,-1,Joe Graboski
76839,Ricky,Grace,8/20/1967,Oklahoma,USA,73,76839,TRUE,FALSE,FALSE,1988,3,67,Ricky Grace
76841,Orlando,Graham,5/5/1965,Auburn-Montgomery,USA,80,220,FALSE,TRUE,FALSE,1988,2,40,Orlando Graham
76842,Paul,Graham,11/28/1967,Ohio,USA,78,200,TRUE,FALSE,FALSE,-1,-1,-1,Paul Graham
76843,Mal,Graham,2/23/1945,New York University,USA,73,185,TRUE,FALSE,FALSE,1967,1,11,Mal Graham
76844,Jim,Grandholm,10/4/1960,South Florida,USA,84,235,FALSE,FALSE,TRUE,1984,4,76,Jim Grandholm
76847,Stewart,Granger,10/27/1961,Villanova,USA,75,190,TRUE,FALSE,FALSE,1983,1,24,Stewart Granger
76850,Bud,Grant,5/20/1927,Minnesota,USA,75,195,FALSE,TRUE,FALSE,1950,4,,Bud Grant
76852,Josh,Grant,8/7/1967,Utah,USA,81,76852,FALSE,TRUE,FALSE,1993,2,43,Josh Grant
76853,Travis,Grant,1/1/1950,Kentucky State,USA,79,215,FALSE,TRUE,FALSE,1972,1,13,Travis Grant
76854,Don,Grate,8/27/1923,Ohio State,USA,74,185,TRUE,FALSE,FALSE,-1,-1,-1,Don Grate
76855,Butch,Graves,1/5/1962,Yale,USA,75,200,FALSE,TRUE,FALSE,1984,3,68,Butch Graves
76859,Gary,Gray,2/23/1945,Oklahoma City,USA,73,185,TRUE,FALSE,FALSE,1967,3,26,Gary Gray
76860,Leonard,Gray,12/19/1951,Long Beach State,USA,80,240,FALSE,TRUE,FALSE,1974,2,26,Leonard Gray
76861,Stuart,Gray,5/27/1963,UCLA,USA,84,235,FALSE,FALSE,TRUE,1984,2,29,Stuart Gray
76862,Sylvester,Gray,7/8/1967,Memphis,USA,78,230,FALSE,TRUE,FALSE,1988,2,35,Sylvester Gray
76863,Wyndol,Gray,3/20/1922,Harvard,USA,73,175,TRUE,FALSE,FALSE,-1,-1,-1,Wyndol Gray
76865,Bob,Greacen,9/15/1947,Rutgers,USA,79,206,FALSE,TRUE,FALSE,1969,2,17,Bob Greacen
76867,Johnny,Green,12/8/1933,Michigan State,USA,77,76867,FALSE,TRUE,FALSE,1959,1,5,Johnny Green
76868,Ken,Green,9/19/1959,Texas-Pan American,USA,80,215,FALSE,TRUE,FALSE,1981,2,34,Ken Green
76869,Kenny,Green,10/11/1964,Wake Forest,USA,78,210,TRUE,FALSE,FALSE,1985,1,12,Kenny Green
76872,Luther,Green,11/13/1946,Long Island-Brooklyn,USA,79,190,FALSE,TRUE,FALSE,1969,3,41,Luther Green
76873,Mike,Green,8/6/1951,Louisiana Tech,USA,82,200,FALSE,FALSE,TRUE,1973,1,4,Mike Green
76874,Rickey,Green,8/18/1954,Michigan,USA,72,170,TRUE,FALSE,FALSE,1977,1,16,Rickey Green
76875,Sean,Green,2/2/1970,Iona,USA,77,210,TRUE,FALSE,FALSE,1991,2,41,Sean Green
76876,Sidney,Green,1/4/1961,UNLV,USA,81,220,FALSE,TRUE,FALSE,1983,1,5,Sidney Green
76877,Si,Green,8/20/1933,Duquesne,USA,74,185,TRUE,FALSE,FALSE,1956,1,1,Si Green
76878,Steve,Green,10/4/1953,Indiana,USA,79,220,FALSE,TRUE,FALSE,1975,2,30,Steve Green
76879,Tommy,Green,4/8/1956,Southern,USA,74,185,TRUE,FALSE,FALSE,1978,2,35,Tommy Green
76880,Jerry,Greenspan,11/22/1941,Maryland,USA,77,195,FALSE,TRUE,FALSE,1963,3,24,Jerry Greenspan
76881,David,Greenwood,5/27/1957,UCLA,USA,81,222,FALSE,TRUE,FALSE,1979,1,2,David Greenwood
76882,Hal,Greer,6/26/1936,Marshall,USA,74,76882,TRUE,FALSE,FALSE,1958,2,13,Hal Greer
76883,Gary,Gregor,8/13/1945,South Carolina,USA,79,76883,FALSE,TRUE,FALSE,1968,1,8,Gary Gregor
76884,Claude,Gregory,12/26/1958,Wisconsin,USA,80,205,FALSE,TRUE,FALSE,1981,2,41,Claude Gregory
76885,John,Greig,4/28/1961,Oregon,USA,79,215,FALSE,TRUE,FALSE,1982,3,65,John Greig
76886,Norm,Grekin,6/22/1930,La Salle,USA,77,180,FALSE,TRUE,FALSE,1953,3,,Norm Grekin
76887,Kevin,Grevey,5/12/1953,Kentucky,USA,77,76887,TRUE,FALSE,FALSE,1975,1,18,Kevin Grevey
76888,Greg,Griffin,9/6/1952,Idaho State,USA,79,190,FALSE,TRUE,FALSE,1977,4,71,Greg Griffin
76889,Paul,Griffin,1/20/1954,Western Michigan,USA,81,205,FALSE,TRUE,FALSE,1976,5,74,Paul Griffin
76890,Darrell,Griffith,6/16/1958,Louisville,USA,76,190,TRUE,FALSE,FALSE,1980,1,2,Darrell Griffith
76891,Chuck,Grigsby,8/15/1928,Dayton,USA,77,190,TRUE,FALSE,FALSE,1952,,,Chuck Grigsby
76893,George,Grimshaw,9/24/1919,Brown,USA,73,185,TRUE,FALSE,FALSE,-1,-1,-1,George Grimshaw
76894,Dick,Groat,11/4/1930,Duke,USA,71,180,TRUE,FALSE,FALSE,1952,1,3,Dick Groat
76895,Bob,Gross,8/3/1953,Long Beach State,USA,78,200,FALSE,TRUE,FALSE,1975,2,25,Bob Gross
76896,Jerry,Grote,12/28/1940,Loyola-Marymount,USA,76,215,TRUE,FALSE,FALSE,1962,4,28,Jerry Grote
76897,Alex,Groza,10/7/1926,Kentucky,USA,79,76897,FALSE,FALSE,FALSE,1949,1,2,Alex Groza
76899,Ernie,Grunfeld,4/24/1955,Tennessee,USA,78,210,TRUE,FALSE,FALSE,1977,1,11,Ernie Grunfeld
76900,Gene,Guarilia,9/13/1937,George Washington,USA,77,220,FALSE,TRUE,FALSE,1959,2,14,Gene Guarilia
76901,Petur,Gudmundsson,10/30/1958,Washington,USA,86,260,FALSE,FALSE,TRUE,1981,3,61,Petur Gudmundsson
76902,Richie,Guerin,5/29/1932,Iona,USA,76,195,TRUE,FALSE,FALSE,1954,2,17,Richie Guerin
76903,Andres,Guibert,10/28/1968,Cantera Instituto,Cuba,82,225,FALSE,FALSE,TRUE,-1,-1,-1,Andres Guibert
76904,Jay,Guidinger,8/18/1969,Minnesota-Duluth,USA,82,255,FALSE,FALSE,TRUE,-1,-1,-1,Jay Guidinger
76905,Coulby,Gunther,2/5/1923,Boston College,USA,76,190,FALSE,TRUE,FALSE,-1,-1,-1,Coulby Gunther
76906,Dave,Gunther,7/22/1937,Iowa,USA,79,190,FALSE,TRUE,FALSE,1959,8,56,Dave Gunther
76907,Al,Guokas,8/7/1925,St. Joseph's (PA),USA,77,200,FALSE,TRUE,FALSE,-1,-1,-1,Al Guokas
76908,Matt,Guokas,2/25/1944,St. Joseph's (PA),USA,78,175,TRUE,FALSE,FALSE,1966,1,9,Matt Guokas
76909,Matt,Guokas,11/11/1915,St. Joseph's (PA),USA,75,76909,FALSE,FALSE,FALSE,-22,-22,-22,Matt Guokas
76910,Rudy,Hackett,5/10/1953,Syracuse,USA,81,76910,FALSE,TRUE,FALSE,1975,3,37,Rudy Hackett
76911,Scott,Haffner,2/2/1966,Evansville,USA,75,180,TRUE,FALSE,FALSE,1989,2,45,Scott Haffner
76912,Cliff,Hagan,12/9/1931,Kentucky,USA,76,210,FALSE,TRUE,FALSE,1953,3,,Cliff Hagan
76913,Glenn,Hagan,6/25/1955,St. Bonaventure,USA,72,170,TRUE,FALSE,FALSE,1978,2,43,Glenn Hagan
76914,Bob,Hahn,8/25/1925,North Carolina State,USA,82,240,FALSE,FALSE,TRUE,-1,-1,-1,Bob Hahn
76915,Al,Hairston,12/11/1945,Bowling Green,USA,73,170,TRUE,FALSE,FALSE,1968,5,52,Al Hairston
76916,Happy,Hairston,5/31/1942,New York University,USA,79,225,FALSE,TRUE,FALSE,1964,4,33,Happy Hairston
76917,Lindsay,Hairston,12/8/1951,Michigan State,USA,79,76917,FALSE,TRUE,FALSE,1975,4,64,Lindsay Hairston
76918,Chuck,Halbert,2/27/1919,West Texas A&M,USA,81,225,FALSE,FALSE,TRUE,-1,-1,-1,Chuck Halbert
76919,Harvey,Halbrook,1/30/1933,Oregon State,USA,87,76919,FALSE,FALSE,TRUE,-22,-22,-22,Harvey Halbrook
76920,Bruce,Hale,8/30/1918,Santa Clara,USA,73,170,TRUE,FALSE,FALSE,-1,-1,-1,Bruce Hale
76922,Shaler,Halimon,3/30/1945,Utah State,USA,77,199,TRUE,FALSE,FALSE,1968,1,14,Shaler Halimon
76923,Jeff,Halliburton,7/3/1949,Drake,USA,77,193,TRUE,FALSE,FALSE,1971,3,39,Jeff Halliburton
76925,Dale,Hamilton,8/16/1919,Franklin,USA,72,180,TRUE,FALSE,FALSE,-1,-1,-1,Dale Hamilton
76926,Dennis,Hamilton,5/8/1944,Arizona State,USA,80,210,FALSE,TRUE,FALSE,-1,-1,-1,Dennis Hamilton
76927,Ralph,Hamilton,6/10/1921,Indiana,USA,73,188,TRUE,FALSE,FALSE,-1,-1,-1,Ralph Hamilton
76928,Roylee,Hamilton,7/20/1957,UCLA,USA,74,76928,TRUE,FALSE,FALSE,1979,1,10,Roylee Hamilton
76929,Steve,Hamilton,11/30/1935,Morehead State,USA,78,190,FALSE,TRUE,FALSE,1958,2,8,Steve Hamilton
76935,Cecil,Hankins,1/6/1922,Oklahoma State,USA,73,175,TRUE,FALSE,FALSE,-1,-1,-1,Cecil Hankins
76936,Phil,Hankinson,7/26/1951,Pennsylvania,USA,80,195,FALSE,TRUE,FALSE,1973,2,35,Phil Hankinson
76937,Alex,Hannum,7/19/1923,Southern California,USA,79,210,FALSE,TRUE,FALSE,1948,,,Alex Hannum
76938,Don,Hanrahan,2/6/1929,Loyola-Chicago,USA,79,200,FALSE,TRUE,FALSE,-1,-1,-1,Don Hanrahan
76939,Rollen,Hans,4/13/1931,Long Island-Brooklyn,USA,74,210,TRUE,FALSE,FALSE,-1,-1,-1,Rollen Hans
76940,Glenn,Hansen,4/21/1952,Louisiana State,USA,76,205,TRUE,FALSE,FALSE,1975,2,31,Glenn Hansen
76941,Lars,Hansen,9/14/1954,Washington,USA,82,225,FALSE,FALSE,TRUE,1977,7,151,Lars Hansen
76942,Bob,Hansen,1/18/1961,Iowa,USA,78,190,TRUE,FALSE,FALSE,1983,3,54,Bob Hansen
76944,Bill,Hanzlik,12/6/1957,Notre Dame,USA,79,185,FALSE,TRUE,FALSE,1980,1,20,Bill Hanzlik
76945,Reggie,Harding,5/4/1942,Eastern HS (MI),USA,84,249,FALSE,FALSE,TRUE,1963,6,48,Reggie Harding
76946,Charlie,Hardnett,9/13/1938,Grambling,USA,80,225,FALSE,TRUE,FALSE,1962,3,19,Charlie Hardnett
76947,Alan,Hardy,5/25/1957,Michigan,USA,78,195,TRUE,FALSE,FALSE,-1,-1,-1,Alan Hardy
76948,James,Hardy,12/1/1956,San Francisco,USA,80,220,FALSE,TRUE,FALSE,1978,1,11,James Hardy
76949,John,Hargis,8/20/1920,Texas-Austin,USA,74,180,TRUE,FALSE,FALSE,-1,-1,-1,John Hargis
76950,Jerry,Harkness,5/7/1940,Loyola-Chicago,USA,74,175,TRUE,FALSE,FALSE,1963,2,9,Jerry Harkness
76951,Skip,Harlicka,10/14/1946,South Carolina,USA,73,185,TRUE,FALSE,FALSE,1968,1,13,Skip Harlicka
76952,Jerome,Harmon,2/6/1969,Louisville,USA,76,190,TRUE,FALSE,FALSE,-1,-1,-1,Jerome Harmon
76954,Mike,Harper,12/9/1957,North Park,USA,82,195,FALSE,FALSE,TRUE,1980,3,56,Mike Harper
76956,Art,Harris,1/13/1947,Stanford,USA,76,185,TRUE,FALSE,FALSE,1968,2,16,Art Harris
76957,Bernie,Harris,11/26/1950,Virginia Commonwealth,USA,82,200,FALSE,TRUE,FALSE,1974,4,63,Bernie Harris
76958,Chris,Harris,8/11/1933,Dayton,USA,75,190,TRUE,FALSE,FALSE,-1,-1,-1,Chris Harris
76959,Bob,Harris,3/16/1927,Oklahoma State,USA,79,195,FALSE,TRUE,FALSE,1949,1,3,Bob Harris
76960,Steve,Harris,10/15/1963,Tulsa,USA,77,195,TRUE,FALSE,FALSE,1985,1,19,Steve Harris
76961,Tony,Harris,5/13/1967,New Orleans,USA,75,190,TRUE,FALSE,FALSE,-1,-1,-1,Tony Harris
76962,Bob,Harrison,8/12/1927,Michigan,USA,73,190,TRUE,FALSE,FALSE,1949,,,Bob Harrison
76965,Clem,Haskins,7/11/1943,Western Kentucky,USA,75,195,TRUE,FALSE,FALSE,1967,1,3,Clem Haskins
76966,Joey,Hassett,9/11/1955,Providence,USA,77,180,TRUE,FALSE,FALSE,1977,3,52,Joey Hassett
76967,Billy,Hassett,10/21/1921,Notre Dame,USA,70,180,TRUE,FALSE,FALSE,-1,-1,-1,Billy Hassett
76968,Scott,Hastings,6/3/1960,Arkansas,USA,82,235,FALSE,TRUE,FALSE,1982,2,29,Scott Hastings
76969,Vern,Hatton,1/13/1936,Kentucky,USA,75,195,TRUE,FALSE,FALSE,1958,2,9,Vern Hatton
76970,John,Havlicek,4/8/1940,Ohio State,USA,77,203,FALSE,TRUE,FALSE,1962,1,7,John Havlicek
76971,Steve,Hawes,5/26/1950,Washington,USA,81,220,FALSE,FALSE,TRUE,1972,2,24,Steve Hawes
76972,Connie,Hawkins,7/17/1942,Iowa,USA,80,210,FALSE,TRUE,FALSE,-1,-1,-1,Connie Hawkins
76974,Marshall,Hawkins,8/3/1924,Tennessee,USA,75,205,FALSE,TRUE,FALSE,1948,,,Marshall Hawkins
76975,Robert,Hawkins,6/30/1954,Illinois State,USA,76,190,TRUE,FALSE,FALSE,1975,3,51,Robert Hawkins
76977,Tom,Hawkins,12/22/1936,Notre Dame,USA,77,210,FALSE,TRUE,FALSE,1959,1,3,Tom Hawkins
76978,Nate,Hawthorne,1/19/1951,Southern Illinois,USA,76,190,TRUE,FALSE,FALSE,1973,7,118,Nate Hawthorne
76979,Elvin,Hayes,11/17/1945,Houston,USA,81,235,FALSE,TRUE,FALSE,1968,1,1,Elvin Hayes
76980,Steve,Hayes,8/2/1955,Idaho State,USA,84,205,FALSE,FALSE,TRUE,1977,4,76,Steve Hayes
76981,Spencer,Haywood,4/22/1949,Detroit,USA,80,225,FALSE,TRUE,FALSE,1971,2,30,Spencer Haywood
76982,John W.,Hazen,3/2/1927,Indiana State,USA,74,172,TRUE,FALSE,FALSE,-1,-1,-1,John W. Hazen
76983,Walt,Hazzard,4/15/1942,UCLA,USA,74,185,TRUE,FALSE,FALSE,1964,,,Walt Hazzard
76984,Brian,Heaney,9/3/1946,Acadia (CAN),USA,74,180,TRUE,FALSE,FALSE,1969,19,215,Brian Heaney
76985,Garfield,Heard,5/3/1948,Oklahoma,USA,78,219,FALSE,TRUE,FALSE,1970,3,40,Garfield Heard
76986,Herm,Hedderick,1/1/1930,Canisius,USA,77,76986,TRUE,FALSE,FALSE,-22,-22,-22,Herm Hedderick
76987,Alvin,Heggs,12/8/1967,Texas-Austin,USA,80,225,FALSE,TRUE,FALSE,-1,-1,-1,Alvin Heggs
76988,Tom,Heinsohn,8/26/1934,Holy Cross,USA,79,218,FALSE,TRUE,FALSE,1956,,,Tom Heinsohn
76989,Dick,Hemric,8/29/1933,Wake Forest,USA,78,220,FALSE,TRUE,FALSE,1955,2,10,Dick Hemric
76990,Cedric,Henderson,10/3/1965,Georgia,USA,80,210,FALSE,TRUE,FALSE,1986,2,32,Cedric Henderson
76991,Dave,Henderson,7/21/1964,Duke,USA,77,195,TRUE,FALSE,FALSE,1986,3,58,Dave Henderson
76992,Jerome,Henderson,10/5/1959,New Mexico,USA,83,230,FALSE,TRUE,FALSE,-1,-1,-1,Jerome Henderson
76993,Gerald,Henderson,1/16/1956,Virginia Commonwealth,USA,74,175,TRUE,FALSE,FALSE,1978,3,64,Gerald Henderson
76994,Kevin,Henderson,3/22/1964,California State-Fullerton,USA,76,195,TRUE,FALSE,FALSE,1986,3,50,Kevin Henderson
76996,Tom,Henderson,1/26/1952,Hawaii,USA,75,190,TRUE,FALSE,FALSE,1974,1,7,Tom Henderson
76998,Larry,Hennessy,5/20/1929,Villanova,USA,75,185,TRUE,FALSE,FALSE,1953,2,,Larry Hennessy
76999,Don,Henriksen,10/10/1929,California,USA,79,225,FALSE,TRUE,FALSE,-1,-1,-1,Don Henriksen
77000,Al,Henry,2/9/1949,Wisconsin,USA,81,190,FALSE,FALSE,TRUE,1970,1,12,Al Henry
77001,Carl,Henry,8/16/1960,Kansas,USA,78,205,TRUE,FALSE,FALSE,1984,4,80,Carl Henry
77002,Conner,Henry,7/21/1963,California-Santa Barbara,USA,79,195,TRUE,FALSE,FALSE,1986,4,89,Conner Henry
77003,Skeeter,Henry,12/8/1967,Oklahoma,USA,79,190,TRUE,FALSE,FALSE,-1,-1,-1,Skeeter Henry
77004,Bill,Henry,12/27/1924,Rice,USA,81,215,FALSE,FALSE,TRUE,-1,-1,-1,Bill Henry
77006,Bill,Herman,5/17/1924,Mount Union,USA,75,170,TRUE,FALSE,FALSE,-1,-1,-1,Bill Herman
77007,Clarence,Hermsen,3/12/1923,Minnesota,USA,81,225,FALSE,FALSE,TRUE,-1,-1,-1,Clarence Hermsen
77010,Keith,Herron,6/14/1956,Villanova,USA,78,195,TRUE,FALSE,FALSE,1978,2,24,Keith Herron
77011,Sidney,Hertzberg,7/29/1922,City College of New York,USA,70,175,TRUE,FALSE,FALSE,-1,-1,-1,Sidney Hertzberg
77012,Fred,Hetzel,7/21/1942,Davidson,USA,80,220,FALSE,TRUE,FALSE,1965,1,1,Fred Hetzel
77013,Bill,Hewitt,8/8/1944,Southern California,USA,79,77013,FALSE,TRUE,FALSE,1968,1,11,Bill Hewitt
77014,Jack,Hewson,9/7/1924,Temple,USA,78,195,FALSE,TRUE,FALSE,1947,,,Jack Hewson
77015,Art,Heyman,6/24/1941,Duke,USA,77,205,TRUE,FALSE,FALSE,1963,1,1,Art Heyman
77016,Matthew,Hickey,1/30/1902,Hoboken HS (NJ),USA,71,180,TRUE,FALSE,FALSE,-1,-1,-1,Matthew Hickey
77017,Phil,Hicks,1/31/1953,Tulane,USA,79,205,FALSE,TRUE,FALSE,1976,2,27,Phil Hicks
77019,Rod,Higgins,1/31/1960,Fresno State,USA,79,200,FALSE,TRUE,FALSE,1982,2,31,Rod Higgins
77021,Kenny,Higgs,1/31/1955,Louisiana State,USA,72,180,TRUE,FALSE,FALSE,-1,-1,-1,Kenny Higgs
77022,Johnny,High,4/25/1957,Nevada-Reno,USA,75,185,TRUE,FALSE,FALSE,1979,2,24,Johnny High
77023,Wayne,Hightower,1/14/1940,Kansas,USA,80,192,FALSE,TRUE,FALSE,1962,1,5,Wayne Hightower
77024,Armond,Hill,3/31/1953,Princeton,USA,76,190,TRUE,FALSE,FALSE,1976,1,9,Armond Hill
77025,Cleo,Hill,5/24/1938,Winston-Salem State,USA,73,77025,TRUE,FALSE,FALSE,1961,1,8,Cleo Hill
77026,Gary,Hill,10/7/1941,Oklahoma City,USA,76,185,TRUE,FALSE,FALSE,1963,2,11,Gary Hill
77027,Art,Hillhouse,6/12/1916,Long Island-Brooklyn,USA,79,77027,FALSE,FALSE,TRUE,-22,-22,-22,Art Hillhouse
77028,Darnell,Hillman,8/29/1949,San Jose State,USA,81,215,FALSE,TRUE,FALSE,1971,1,8,Darnell Hillman
77029,Fred,Hilton,1/15/1948,Grambling,USA,75,77029,TRUE,FALSE,FALSE,1971,2,19,Fred Hilton
77030,Roy,Hinson,5/2/1961,Rutgers,USA,81,210,FALSE,FALSE,TRUE,1983,1,20,Roy Hinson
77031,Mel,Hirsch,7/31/1921,Brooklyn,USA,66,165,TRUE,FALSE,FALSE,-1,-1,-1,Mel Hirsch
77032,Lew,Hitch,7/16/1929,Kansas State,USA,80,200,FALSE,TRUE,FALSE,1951,2,19,Lew Hitch
77034,Craig,Hodges,6/27/1960,Long Beach State,USA,74,190,TRUE,FALSE,FALSE,1982,3,48,Craig Hodges
77035,Adolph,Hoefer,7/12/1917,Queens,USA,69,158,TRUE,FALSE,FALSE,-1,-1,-1,Adolph Hoefer
77036,"Bear, The Body",Hoffman,5/5/1925,Purdue,USA,74,195,TRUE,FALSE,FALSE,1947,,,"Bear, The Body Hoffman"
77037,Bob,Hogsett,1/29/1941,Tennessee,USA,79,77037,FALSE,TRUE,FALSE,-22,-22,-22,Bob Hogsett
77038,Paul,Hogue,4/28/1940,Cincinnati,USA,81,240,FALSE,FALSE,TRUE,1962,1,2,Paul Hogue
77039,Doug,Holcomb,2/9/1925,Wisconsin,USA,76,200,FALSE,TRUE,FALSE,-1,-1,-1,Doug Holcomb
77040,Brad,Holland,12/6/1956,UCLA,USA,75,180,TRUE,FALSE,FALSE,1979,1,14,Brad Holland
77041,Joe,Holland,9/26/1925,Kentucky,USA,76,185,FALSE,TRUE,FALSE,1948,,,Joe Holland
77042,Wilbur,Holland,11/8/1951,New Orleans,USA,72,175,TRUE,FALSE,FALSE,1975,5,75,Wilbur Holland
77043,Lionel,Hollins,10/19/1953,Arizona State,USA,75,185,TRUE,FALSE,FALSE,1975,1,6,Lionel Hollins
77044,Essie,Hollis,5/16/1955,St. Bonaventure,USA,78,195,FALSE,TRUE,FALSE,1977,2,44,Essie Hollis
77045,Jim,Holstein,9/24/1930,Cincinnati,USA,75,180,FALSE,TRUE,FALSE,1952,,,Jim Holstein
77046,Alvin,Holt,8/26/1946,Jackson State,USA,79,77046,FALSE,TRUE,FALSE,-22,-22,-22,Alvin Holt
77047,Michael,Holton,8/4/1961,UCLA,USA,76,185,TRUE,FALSE,FALSE,1983,3,53,Michael Holton
77048,Dick,Holub,10/29/1921,Long Island-Brooklyn,USA,78,77048,FALSE,FALSE,TRUE,1947,1,5,Dick Holub
77049,Joe,Holup,2/26/1934,George Washington,USA,78,215,FALSE,TRUE,FALSE,1956,1,5,Joe Holup
77050,Red,Holzman,8/10/1920,City College of New York,USA,70,175,TRUE,FALSE,FALSE,-1,-1,-1,Red Holzman
77051,Tom,Hoover,1/23/1941,Villanova,USA,81,230,FALSE,FALSE,TRUE,1963,1,6,Tom Hoover
77052,Bob,Hopkins,11/3/1934,Grambling,USA,80,205,FALSE,FALSE,TRUE,1956,10,75,Bob Hopkins
77053,Dave,Hoppen,3/13/1964,Nebraska,USA,83,235,FALSE,FALSE,TRUE,1986,3,65,Dave Hoppen
77054,Dennis,Hopson,4/22/1965,Ohio State,USA,77,200,FALSE,TRUE,FALSE,1987,1,3,Dennis Hopson
77055,Johnny,Horan,11/24/1932,Dayton,USA,80,190,FALSE,TRUE,FALSE,1955,1,6,Johnny Horan
77056,Cedrick,Hordges,1/8/1957,South Carolina,USA,80,220,FALSE,FALSE,TRUE,1979,3,49,Cedrick Hordges
77057,Tito,Horford,1/19/1966,Miami,USA,85,245,FALSE,FALSE,TRUE,1988,2,39,Tito Horford
77058,Ron,Horn,5/24/1938,Indiana,USA,79,77058,FALSE,TRUE,FALSE,1961,2,16,Ron Horn
77060,Ed,Horton,12/17/1967,Iowa,USA,80,230,FALSE,FALSE,TRUE,1989,2,39,Ed Horton
77061,Wilmer,Hosket,12/20/1946,Ohio State,USA,79,225,FALSE,TRUE,FALSE,1968,1,10,Wilmer Hosket
77062,Bob,Houbregs,3/12/1932,Washington,USA,80,77062,FALSE,FALSE,TRUE,1953,1,2,Bob Houbregs
77064,Tom,Hovasse,1/31/1967,Penn State,USA,80,205,FALSE,TRUE,FALSE,-1,-1,-1,Tom Hovasse
77065,Brian,Howard,10/19/1967,North Carolina State,USA,78,204,FALSE,TRUE,FALSE,-1,-1,-1,Brian Howard
77066,Greg,Howard,1/8/1948,New Mexico,USA,81,215,FALSE,TRUE,FALSE,1970,1,10,Greg Howard
77067,Mo,Howard,8/24/1954,Maryland,USA,74,77067,TRUE,FALSE,FALSE,1976,2,32,Mo Howard
77069,Otis,Howard,11/5/1956,Austin Peay,USA,79,220,FALSE,TRUE,FALSE,1978,4,80,Otis Howard
77070,Bailey,Howell,1/20/1937,Mississippi State,USA,79,210,FALSE,TRUE,FALSE,1959,1,2,Bailey Howell
77071,Phil,Hubbard,12/13/1956,Michigan,USA,80,215,FALSE,TRUE,FALSE,1979,1,15,Phil Hubbard
77072,Bob,Hubbard,12/27/1922,Springfield,USA,78,215,FALSE,FALSE,TRUE,1947,,,Bob Hubbard
77074,Lou,Hudson,7/11/1944,Minnesota,USA,77,210,FALSE,TRUE,FALSE,1966,1,4,Lou Hudson
77076,Alfredrick,Hughes,7/19/1962,Loyola-Chicago,USA,77,215,FALSE,TRUE,FALSE,1985,1,14,Alfredrick Hughes
77077,Eddie,Hughes,5/26/1960,Colorado State,USA,70,165,TRUE,FALSE,FALSE,1982,7,140,Eddie Hughes
77078,Kim,Hughes,6/4/1952,Wisconsin,USA,83,220,FALSE,FALSE,TRUE,1974,3,45,Kim Hughes
77080,John,Hummer,5/4/1948,Princeton,USA,81,77080,FALSE,TRUE,FALSE,1970,1,15,John Hummer
77081,Jay,Humphries,10/17/1962,Colorado,USA,75,185,TRUE,FALSE,FALSE,1984,1,13,Jay Humphries
77082,Rod,Hundley,10/26/1934,West Virginia,USA,76,185,TRUE,FALSE,FALSE,1957,1,1,Rod Hundley
77083,Cedric,Hunter,1/16/1965,Kansas,USA,72,180,FALSE,TRUE,FALSE,-1,-1,-1,Cedric Hunter
77084,Les,Hunter,8/16/1942,Loyola-Chicago,USA,79,210,FALSE,TRUE,FALSE,1964,2,9,Les Hunter
77086,Roy,Hurley,8/12/1922,Murray State,USA,74,170,FALSE,TRUE,FALSE,-1,-1,-1,Roy Hurley
77087,Geoff,Huston,11/8/1957,Texas Tech,USA,74,175,TRUE,FALSE,FALSE,1979,3,50,Geoff Huston
77088,Paul,Huston,6/2/1925,Ohio State,USA,75,77088,FALSE,FALSE,FALSE,1947,1,8,Paul Huston
77089,Mel,Hutchins,11/22/1928,Brigham Young,USA,78,200,FALSE,TRUE,FALSE,1951,1,2,Mel Hutchins
77090,Joe,Hutton,10/6/1928,Hamline,USA,73,170,TRUE,FALSE,FALSE,1950,7,,Joe Hutton
77091,Greg,Hyder,6/21/1948,Eastern New Mexico,USA,78,77091,FALSE,TRUE,FALSE,1970,3,39,Greg Hyder
77092,Marc,Iavaroni,9/15/1956,Virginia,USA,82,210,FALSE,TRUE,FALSE,1978,3,55,Marc Iavaroni
77093,Darrall,Imhoff,10/11/1938,California,USA,82,220,FALSE,FALSE,TRUE,1960,1,3,Darrall Imhoff
77094,Tom,Ingelsby,2/12/1951,Villanova,USA,75,180,TRUE,FALSE,FALSE,1973,2,27,Tom Ingelsby
77095,Joel,Ingram,8/31/1931,Jackson State,USA,72,77095,FALSE,TRUE,FALSE,-22,-22,-22,Joel Ingram
77096,Byron,Irvin,12/2/1966,Missouri,USA,77,190,TRUE,FALSE,FALSE,1989,1,22,Byron Irvin
77097,Dan,Issel,10/25/1948,Kentucky,USA,81,77097,FALSE,FALSE,TRUE,1970,8,122,Dan Issel
77098,Mike,Iuzzolino,1/22/1968,St. Francis (PA),USA,70,175,TRUE,FALSE,FALSE,1991,2,35,Mike Iuzzolino
77099,Al,Jackson,7/29/1943,Wilberforce,USA,73,185,TRUE,FALSE,FALSE,-1,-1,-1,Al Jackson
77100,Tony,Jackson,1/17/1958,Florida State,USA,72,170,TRUE,FALSE,FALSE,1980,4,87,Tony Jackson
77101,Greg,Jackson,8/2/1952,Guilford,USA,72,180,TRUE,FALSE,FALSE,1974,5,86,Greg Jackson
77103,Lucious,Jackson,10/31/1941,Texas-Pan American,USA,81,240,FALSE,TRUE,FALSE,1964,1,4,Lucious Jackson
77104,Michael,Jackson,7/13/1964,Georgetown,USA,74,77104,TRUE,FALSE,FALSE,1986,2,47,Michael Jackson
77105,Myron,Jackson,5/6/1964,Arkansas-Little Rock,USA,75,185,TRUE,FALSE,FALSE,1986,4,85,Myron Jackson
77106,Phil,Jackson,9/17/1945,North Dakota,USA,80,220,FALSE,TRUE,FALSE,1967,2,17,Phil Jackson
77107,Ralph,Jackson,10/26/1962,UCLA,USA,74,190,TRUE,FALSE,FALSE,1984,4,71,Ralph Jackson
77109,Stanley,Jackson,10/10/1970,Alabama-Birmingham,USA,75,77109,TRUE,FALSE,FALSE,-22,-22,-22,Stanley Jackson
77110,Tracy,Jackson,4/21/1959,Notre Dame,USA,78,205,TRUE,FALSE,FALSE,1981,2,25,Tracy Jackson
77111,Wardell,Jackson,7/18/1951,Ohio State,USA,79,200,FALSE,TRUE,FALSE,1974,6,98,Wardell Jackson
77112,Winfred,Jacobs,12/2/1922,Denver,USA,75,175,FALSE,TRUE,FALSE,-1,-1,-1,Winfred Jacobs
77114,Dave,Jamerson,8/13/1967,Ohio,USA,77,190,TRUE,FALSE,FALSE,1990,1,15,Dave Jamerson
77115,Aaron,James,10/5/1952,Grambling,USA,80,77115,FALSE,TRUE,FALSE,1974,2,28,Aaron James
77116,Gene,James,2/15/1925,Marshall,USA,76,180,FALSE,TRUE,FALSE,-1,-1,-1,Gene James
77120,John,Janisch,3/15/1920,Valparaiso,USA,75,77120,FALSE,FALSE,FALSE,-22,-22,-22,John Janisch
77122,Howie,Janotta,10/19/1924,Seton Hall,USA,75,185,FALSE,TRUE,FALSE,-1,-1,-1,Howie Janotta
77123,Tony,Jaros,2/22/1920,Minnesota,USA,75,185,FALSE,TRUE,FALSE,-1,-1,-1,Tony Jaros
77125,Buddy,Jeannette,9/15/1917,Washington & Jefferson,USA,71,175,TRUE,FALSE,FALSE,-1,-1,-1,Buddy Jeannette
77126,Abdul,Jeelani,2/10/1954,Wisconsin-Parkside,USA,80,210,FALSE,TRUE,FALSE,-1,-1,-1,Abdul Jeelani
77129,Les,Jepsen,6/24/1967,Iowa,USA,84,237,TRUE,FALSE,FALSE,1990,2,28,Les Jepsen
77130,Buck,Johnson,1/3/1964,Alabama,USA,79,190,FALSE,TRUE,FALSE,1986,1,20,Buck Johnson
77131,Andy,Johnson,4/21/1931,Portland,USA,77,215,FALSE,TRUE,FALSE,-1,-1,-1,Andy Johnson
77132,Arnie,Johnson,5/17/1920,Bemidji State,USA,77,236,FALSE,TRUE,FALSE,-1,-1,-1,Arnie Johnson
77133,Charlie,Johnson,3/31/1949,California,USA,72,170,TRUE,FALSE,FALSE,1971,6,93,Charlie Johnson
77134,Steve,Johnson,11/3/1957,Oregon State,USA,82,235,FALSE,FALSE,TRUE,1981,1,7,Steve Johnson
77135,Clay,Johnson,7/18/1956,Missouri,USA,76,175,TRUE,FALSE,FALSE,1978,5,110,Clay Johnson
77136,Clemon,Johnson,9/12/1956,Florida A&M,USA,82,240,FALSE,FALSE,TRUE,1978,2,44,Clemon Johnson
77138,Dave,Johnson,11/16/1970,Syracuse,USA,79,77138,TRUE,FALSE,FALSE,1992,1,26,Dave Johnson
77139,David,Johnson,12/6/1921,Huntington,USA,71,170,TRUE,FALSE,FALSE,-1,-1,-1,David Johnson
77141,Dennis,Johnson,9/18/1954,Pepperdine,USA,76,185,TRUE,FALSE,FALSE,1976,2,29,Dennis Johnson
77142,Magic,Johnson,8/14/1959,Michigan State,USA,81,220,TRUE,TRUE,FALSE,1979,1,1,Magic Johnson
77144,Eddie,Johnson,2/24/1955,Auburn,USA,74,180,TRUE,FALSE,FALSE,1977,3,49,Eddie Johnson
77145,Eric,Johnson,2/7/1966,Nebraska,USA,74,77145,TRUE,FALSE,FALSE,-22,-22,-22,Eric Johnson
77146,Frank,Johnson,11/23/1958,Wake Forest,USA,75,185,TRUE,FALSE,FALSE,1981,1,11,Frank Johnson
77147,George,Johnson,6/19/1947,Stephen F. Austin,USA,83,245,FALSE,FALSE,TRUE,1970,1,9,George Johnson
77148,George,Johnson,12/8/1956,St. John's (NY),USA,79,210,FALSE,TRUE,FALSE,1978,1,12,George Johnson
77149,George,Johnson,12/18/1948,Dillard,USA,83,205,FALSE,FALSE,TRUE,1970,5,79,George Johnson
77150,Gus,Johnson,12/13/1935,Idaho,USA,78,230,FALSE,TRUE,FALSE,1963,2,10,Gus Johnson
77151,Harold,Johnson,1/20/1920,Indiana State,USA,78,77151,FALSE,FALSE,FALSE,-22,-22,-22,Harold Johnson
77152,John,Johnson,10/18/1947,Iowa,USA,79,200,FALSE,TRUE,FALSE,1970,1,7,John Johnson
77153,Kannard,Johnson,6/24/1965,Western Kentucky,USA,81,220,FALSE,TRUE,FALSE,1987,2,41,Kannard Johnson
77154,Ken,Johnson,11/7/1962,Michigan State,USA,80,240,FALSE,TRUE,FALSE,1985,2,28,Ken Johnson
77156,Larry,Johnson,11/28/1954,Kentucky,USA,75,205,TRUE,FALSE,FALSE,1977,2,24,Larry Johnson
77158,Lee,Johnson,6/16/1957,Texas A&M-Commerce,USA,83,205,FALSE,TRUE,FALSE,1979,1,17,Lee Johnson
77159,Lynbert,Johnson,9/7/1957,Wichita State,USA,77,195,FALSE,TRUE,FALSE,1979,3,54,Lynbert Johnson
77160,Marques,Johnson,2/8/1956,UCLA,USA,79,218,FALSE,TRUE,FALSE,1977,1,3,Marques Johnson
77161,Neil,Johnson,4/17/1943,Creighton,USA,79,220,FALSE,TRUE,FALSE,1966,2,15,Neil Johnson
77162,Ollie,Johnson,5/11/1949,Temple,USA,78,77162,FALSE,TRUE,FALSE,1972,2,30,Ollie Johnson
77163,Reggie,Johnson,6/25/1957,Tennessee,USA,81,205,FALSE,TRUE,FALSE,1980,1,15,Reggie Johnson
77164,Rich,Johnson,12/18/1946,Grambling,USA,79,210,FALSE,FALSE,TRUE,1968,4,46,Rich Johnson
77165,Ron,Johnson,7/20/1938,Minnesota,USA,80,77165,FALSE,TRUE,FALSE,1960,2,12,Ron Johnson
77166,Steffond,Johnson,11/4/1962,San Diego State,USA,80,240,FALSE,TRUE,FALSE,1986,5,100,Steffond Johnson
77167,Vinnie,Johnson,9/1/1956,Baylor,USA,74,200,TRUE,FALSE,FALSE,1979,1,7,Vinnie Johnson
77168,Mickey,Johnson,8/31/1952,Aurora,USA,82,190,FALSE,TRUE,FALSE,1974,4,56,Mickey Johnson
77169,Neil,Johnston,2/4/1929,Ohio State,USA,80,210,FALSE,FALSE,TRUE,-1,-1,-1,Neil Johnston
77170,Nate,Johnston,12/18/1966,Tampa,USA,80,210,FALSE,FALSE,TRUE,1988,3,59,Nate Johnston
77171,Jim,Johnstone,9/20/1960,Wake Forest,USA,83,245,FALSE,FALSE,TRUE,1982,3,51,Jim Johnstone
77172,Howie,Jolliff,7/20/1938,Ohio,USA,79,218,FALSE,TRUE,FALSE,1960,7,50,Howie Jolliff
77173,Anthony,Jones,9/13/1962,UNLV,USA,78,195,TRUE,FALSE,FALSE,1986,1,21,Anthony Jones
77174,Askia,Jones,12/3/1971,Kansas State,USA,77,200,FALSE,TRUE,FALSE,-1,-1,-1,Askia Jones
77175,Caldwell,Jones,8/4/1950,Albany State (GA),USA,83,77175,FALSE,FALSE,TRUE,1973,2,32,Caldwell Jones
77178,Charles,Jones,1/12/1962,Louisville,USA,80,215,FALSE,TRUE,FALSE,1984,2,36,Charles Jones
77180,Bill,Jones,3/18/1966,Iowa,USA,79,175,FALSE,TRUE,FALSE,1968,7,90,Bill Jones
77182,Dwight,Jones,2/27/1952,Houston,USA,82,210,FALSE,TRUE,FALSE,1973,1,9,Dwight Jones
77183,Earl,Jones,1/13/1961,District of Columbia,USA,84,210,FALSE,FALSE,TRUE,1984,1,23,Earl Jones
77184,Edgar,Jones,6/17/1956,Nevada-Reno,USA,82,225,FALSE,TRUE,FALSE,1979,2,31,Edgar Jones
77185,Jake,Jones,5/9/1949,Assumption,USA,75,180,TRUE,FALSE,FALSE,1971,6,97,Jake Jones
77186,Jimmy,Jones,1/1/1945,Grambling,USA,76,188,TRUE,FALSE,FALSE,1967,2,13,Jimmy Jones
77187,Johnny,Jones,3/12/1943,California State-Los Angeles,USA,79,205,FALSE,TRUE,FALSE,-1,-1,-1,Johnny Jones
77188,K.C.,Jones,5/25/1932,San Francisco,USA,73,200,TRUE,FALSE,FALSE,1956,2,,K.C. Jones
77189,Major,Jones,7/9/1953,Albany State (GA),USA,81,225,FALSE,TRUE,FALSE,1976,2,20,Major Jones
77191,Ozell,Jones,11/20/1960,California State-Fullerton,USA,83,235,FALSE,FALSE,TRUE,1984,4,90,Ozell Jones
77192,Rich,Jones,12/27/1946,Memphis,USA,80,77192,FALSE,TRUE,FALSE,1969,5,58,Rich Jones
77193,Bobby,Jones,12/18/1951,North Carolina,USA,81,210,FALSE,TRUE,FALSE,1974,1,5,Bobby Jones
77194,Robin,Jones,2/2/1954,St. Louis,USA,81,225,FALSE,FALSE,TRUE,-1,-1,-1,Robin Jones
77195,Nick,Jones,3/28/1945,Oregon,USA,74,77195,TRUE,FALSE,FALSE,1967,3,31,Nick Jones
77196,Sam,Jones,6/24/1933,North Carolina Central,USA,76,77196,TRUE,FALSE,FALSE,1957,1,8,Sam Jones
77197,Steve,Jones,10/17/1942,Oregon,USA,77,77197,TRUE,FALSE,FALSE,-22,-22,-22,Steve Jones
77198,Wali,Jones,2/14/1942,Villanova,USA,74,180,TRUE,FALSE,FALSE,1964,3,18,Wali Jones
77199,Wallace,Jones,7/14/1926,Kentucky,USA,76,225,FALSE,TRUE,FALSE,1949,1,8,Wallace Jones
77200,Larry,Jones,9/22/1942,Toledo,USA,74,180,TRUE,FALSE,FALSE,1964,3,20,Larry Jones
77201,Wil,Jones,2/27/1947,Albany State (GA),USA,80,205,FALSE,TRUE,FALSE,1969,5,69,Wil Jones
77202,Willie,Jones,6/29/1936,Northwestern,USA,75,77202,TRUE,FALSE,FALSE,1960,5,36,Willie Jones
77203,Willie,Jones,9/1/1959,Vanderbilt,USA,80,190,FALSE,TRUE,FALSE,1982,3,54,Willie Jones
77205,Eddie,Jordan,1/29/1955,Rutgers,USA,73,170,TRUE,FALSE,FALSE,1977,2,33,Eddie Jordan
77208,Thomas,Jordan,5/23/1968,Oklahoma State,USA,82,220,FALSE,TRUE,FALSE,-1,-1,-1,Thomas Jordan
77209,Walter,Jordan,2/19/1956,Purdue,USA,79,77209,FALSE,TRUE,FALSE,1978,4,84,Walter Jordan
77210,Phil,Jordon,9/12/1933,Whitworth,USA,82,205,FALSE,FALSE,TRUE,1956,,,Phil Jordon
77211,Johnny,Jorgensen,12/28/1921,DePaul,USA,74,185,TRUE,FALSE,FALSE,-1,-1,-1,Johnny Jorgensen
77212,Noble,Jorgensen,5/18/1925,Iowa,USA,81,228,FALSE,FALSE,TRUE,-1,-1,-1,Noble Jorgensen
77213,Roger,Jorgensen,9/2/1920,Ohio State,USA,77,200,FALSE,FALSE,TRUE,-1,-1,-1,Roger Jorgensen
77214,Yvon,Joseph,10/31/1957,Georgia Tech,USA,83,245,FALSE,TRUE,FALSE,1985,2,36,Yvon Joseph
77215,Jeff,Judkins,3/23/1956,Utah,USA,78,77215,TRUE,FALSE,FALSE,1978,2,30,Jeff Judkins
77217,Edwin,Kachan,9/15/1925,DePaul,USA,74,175,TRUE,FALSE,FALSE,1948,,,Edwin Kachan
77218,George,Kaftan,2/22/1928,Holy Cross,USA,75,190,FALSE,TRUE,FALSE,1949,2,,George Kaftan
77219,Ed,Kalafat,10/13/1932,Minnesota,USA,78,245,FALSE,FALSE,TRUE,1954,1,9,Ed Kalafat
77221,Ralph,Kaplowitz,5/18/1919,New York University,USA,74,170,TRUE,FALSE,FALSE,-1,-1,-1,Ralph Kaplowitz
77222,Tony,Kappen,4/13/1919,Forest Hills HS (NY),USA,70,165,TRUE,FALSE,FALSE,-1,-1,-1,Tony Kappen
77223,George,Karl,5/12/1951,North Carolina,USA,74,185,TRUE,FALSE,FALSE,1973,4,66,George Karl
77225,Ed,Kasid,8/13/1923,Minneapolis Vocational HS (MN),USA,71,185,TRUE,FALSE,FALSE,-1,-1,-1,Ed Kasid
77226,Leo,Katkaveck,4/17/1923,North Carolina State,USA,72,185,TRUE,FALSE,FALSE,1948,,,Leo Katkaveck
77227,Bob,Kauffman,7/13/1946,Guilford,USA,80,240,FALSE,TRUE,FALSE,1968,1,3,Bob Kauffman
77228,Wilbert,Kautz,9/7/1915,Loyola-Chicago,USA,71,180,TRUE,FALSE,FALSE,-1,-1,-1,Wilbert Kautz
77229,Clarence,Kea,2/2/1959,Lamar,USA,78,77229,FALSE,TRUE,FALSE,1980,8,169,Clarence Kea
77230,Michael,Kearns,6/18/1929,Princeton,USA,74,178,TRUE,FALSE,FALSE,1951,5,48,Michael Kearns
77231,Tommy,Kearns,10/6/1936,North Carolina,USA,71,185,TRUE,FALSE,FALSE,1958,4,29,Tommy Kearns
77233,Harold,Keeling,9/18/1963,Santa Clara,USA,76,185,TRUE,FALSE,FALSE,1985,3,63,Harold Keeling
77234,Ken,Keller,4/5/1905,St. John's (NY),USA,,,,,,-1,-1,-1,Ken Keller
77235,Rich,Kelley,3/23/1953,Stanford,USA,84,235,FALSE,FALSE,TRUE,1975,1,7,Rich Kelley
77236,Clark,Kellogg,7/2/1961,Ohio State,USA,79,225,FALSE,TRUE,FALSE,1982,1,8,Clark Kellogg
77237,Gerard,Kelly,6/14/1918,Marshall,USA,74,172,FALSE,TRUE,FALSE,-1,-1,-1,Gerard Kelly
77238,Tom,Kelly,3/5/1924,New York University,USA,72,170,TRUE,FALSE,FALSE,1948,,,Tom Kelly
77239,Greg,Kelser,9/17/1957,Michigan State,USA,79,190,FALSE,TRUE,FALSE,1979,1,4,Greg Kelser
77240,Ben,Kelso,4/11/1949,Central Michigan,USA,75,195,TRUE,FALSE,FALSE,1973,8,129,Ben Kelso
77242,Frank,Kendrick,9/11/1950,Purdue,USA,78,198,FALSE,TRUE,FALSE,1974,3,47,Frank Kendrick
77243,Eugene,Kennedy,8/23/1949,TCU,USA,77,77243,FALSE,FALSE,FALSE,1971,9,139,Eugene Kennedy
77244,Joe,Kennedy,1/12/1947,Duke,USA,78,210,FALSE,TRUE,FALSE,1968,10,122,Joe Kennedy
77245,William,Kennedy,5/17/1938,Temple,USA,71,77245,TRUE,FALSE,FALSE,1960,2,15,William Kennedy
77246,Larry,Kenon,12/13/1952,Memphis,USA,81,77246,FALSE,TRUE,FALSE,1973,3,50,Larry Kenon
77247,Bill,Kenville,12/1/1930,St. Bonaventure,USA,74,187,TRUE,FALSE,FALSE,1953,,,Bill Kenville
77248,Johnny,Kerr,8/17/1932,Illinois,USA,81,230,FALSE,FALSE,TRUE,1954,1,6,Johnny Kerr
77249,Jack,Kerris,1/30/1925,Loyola-Chicago,USA,78,215,FALSE,TRUE,FALSE,1949,1,9,Jack Kerris
77251,Alec,Kessler,1/13/1967,Georgia,USA,83,230,FALSE,TRUE,FALSE,1990,1,12,Alec Kessler
77254,Warren,Kidd,9/9/1970,Middle Tennessee State,USA,81,235,FALSE,TRUE,FALSE,-1,-1,-1,Warren Kidd
77255,Irv,Kiffin,8/8/1951,Oklahoma Baptist,USA,81,225,FALSE,TRUE,FALSE,-1,-1,-1,Irv Kiffin
77256,Jack,Kiley,1/5/1929,Syracuse,USA,73,170,TRUE,FALSE,FALSE,1951,2,13,Jack Kiley
77257,Ernie,Killum,6/11/1948,Stetson,USA,75,77257,TRUE,FALSE,FALSE,1970,2,30,Ernie Killum
77258,Carl,Kilpatrick,5/16/1956,Louisiana-Monroe,USA,82,230,FALSE,FALSE,TRUE,1978,8,158,Carl Kilpatrick
77259,Toby,Kimball,9/7/1942,Connecticut,USA,78,220,FALSE,TRUE,FALSE,1965,3,26,Toby Kimball
77260,Bo,Kimble,4/9/1966,Loyola-Marymount,USA,76,190,TRUE,FALSE,FALSE,1990,1,8,Bo Kimble
77261,Stan,Kimbrough,4/24/1966,Xavier,USA,71,153,FALSE,TRUE,FALSE,-1,-1,-1,Stan Kimbrough
77262,Chad,Kinch,5/22/1958,North Carolina-Charlotte,USA,76,190,TRUE,FALSE,FALSE,1980,1,22,Chad Kinch
77263,Albert,King,12/17/1959,Maryland,USA,78,190,FALSE,TRUE,FALSE,1981,1,10,Albert King
77264,Bernard,King,12/4/1956,Tennessee,USA,79,205,FALSE,TRUE,FALSE,1977,1,7,Bernard King
77266,Dan,King,1/7/1931,Western Kentucky,USA,78,77266,FALSE,FALSE,FALSE,-22,-22,-22,Dan King
77268,George,King,8/16/1928,University of Charleston,USA,72,175,TRUE,FALSE,FALSE,1950,8,,George King
77270,Jim,King,2/7/1941,Tulsa,USA,74,175,TRUE,FALSE,FALSE,1963,2,13,Jim King
77272,Maury,King,3/12/1935,Kansas,USA,74,195,TRUE,FALSE,FALSE,1957,6,48,Maury King
77273,Reggie,King,2/14/1957,Alabama,USA,78,225,FALSE,TRUE,FALSE,1979,1,18,Reggie King
77276,Tom,King,3/9/1924,Michigan,USA,72,165,TRUE,FALSE,FALSE,-1,-1,-1,Tom King
77277,Bob,Kinney,9/16/1920,Rice,USA,78,77277,FALSE,FALSE,TRUE,-22,-22,-22,Bob Kinney
77278,Walt,Kirk,9/3/1924,Illinois,USA,75,77278,TRUE,FALSE,FALSE,-22,-22,-22,Walt Kirk
77279,Doug,Kistler,3/21/1938,Duke,USA,81,77279,FALSE,TRUE,FALSE,1961,3,26,Doug Kistler
77280,Curtis,Kitchen,1/30/1964,South Florida,USA,81,77280,FALSE,TRUE,FALSE,1986,6,122,Curtis Kitchen
77283,Leo,Klier,5/21/1923,Notre Dame,USA,74,170,TRUE,FALSE,FALSE,-1,-1,-1,Leo Klier
77284,Herm,Klotz,10/21/1921,Villanova,USA,67,150,TRUE,FALSE,FALSE,-1,-1,-1,Herm Klotz
77285,Duane,Klueh,1/6/1926,Indiana State,USA,75,175,TRUE,FALSE,FALSE,1949,8,,Duane Klueh
77287,Bob,Knight,4/14/1905,Weaver HS (CT),USA,74,185,TRUE,TRUE,FALSE,-1,-1,-1,Bob Knight
77288,Ron,Knight,8/4/1947,California State-Los Angeles,USA,79,77288,FALSE,TRUE,FALSE,1970,5,76,Ron Knight
77289,Toby,Knight,5/3/1955,Notre Dame,USA,81,210,FALSE,TRUE,FALSE,1977,2,32,Toby Knight
77290,Billy,Knight,6/9/1952,Pittsburgh,USA,78,77290,FALSE,TRUE,FALSE,1974,2,21,Billy Knight
77291,Lee,Knorek,7/15/1921,Detroit,USA,79,215,FALSE,FALSE,TRUE,-1,-1,-1,Lee Knorek
77292,Dick,Knostman,8/9/1931,Kansas State,USA,78,215,FALSE,FALSE,TRUE,1953,,,Dick Knostman
77293,Rod,Knowles,2/27/1946,Davidson,USA,81,215,FALSE,FALSE,TRUE,1968,6,77,Rod Knowles
77294,Bart,Kofoed,3/24/1964,Nebraska-Kearney,USA,76,210,FALSE,TRUE,FALSE,1987,5,107,Bart Kofoed
77295,Don,Kojis,7/15/1939,Marquette,USA,75,202,FALSE,TRUE,FALSE,1961,2,21,Don Kojis
77296,Milo,Komenich,6/22/1920,Wyoming,USA,79,212,FALSE,FALSE,TRUE,-1,-1,-1,Milo Komenich
77297,Howard,Komives,5/9/1941,Bowling Green,USA,73,77297,TRUE,FALSE,FALSE,1964,2,13,Howard Komives
77299,Bud,Koper,8/9/1942,Oklahoma City,USA,78,210,TRUE,FALSE,FALSE,1964,2,14,Bud Koper
77300,Joe,Kopicki,6/12/1960,Detroit,USA,81,240,FALSE,TRUE,FALSE,1982,3,56,Joe Kopicki
77301,Frank,Kornet,1/27/1967,Vanderbilt,USA,81,225,FALSE,TRUE,FALSE,1989,2,30,Frank Kornet
77302,Len,Kosmalski,11/29/1951,Tennessee,USA,83,245,FALSE,FALSE,TRUE,1974,2,24,Len Kosmalski
77303,Andy,Kostecka,2/10/1921,Georgetown,USA,75,77303,FALSE,FALSE,FALSE,-22,-22,-22,Andy Kostecka
77304,Harold,Kottman,8/22/1922,Culver-Stockton,USA,80,77304,FALSE,FALSE,TRUE,-22,-22,-22,Harold Kottman
77305,Tom,Kozelko,7/1/1951,Toledo,USA,80,220,FALSE,TRUE,FALSE,1973,3,48,Tom Kozelko
77306,Arvid,Kramer,10/2/1956,Augustana (SD),USA,81,220,FALSE,FALSE,TRUE,1979,3,45,Arvid Kramer
77307,Barry,Kramer,11/10/1942,New York University,USA,76,200,FALSE,TRUE,FALSE,1964,1,6,Barry Kramer
77308,Joel,Kramer,11/30/1955,San Diego State,USA,79,203,FALSE,TRUE,FALSE,1978,3,63,Joel Kramer
77309,Dan,Kraus,2/13/1923,Georgetown,USA,72,195,TRUE,FALSE,FALSE,1948,,,Dan Kraus
77310,Herb,Krautblatt,11/19/1926,Rider,USA,73,190,TRUE,FALSE,FALSE,1948,,,Herb Krautblatt
77311,Jim,Krebs,9/8/1935,Southern Methodist,USA,80,230,FALSE,FALSE,TRUE,1957,1,3,Jim Krebs
77312,Wayne,Kreklow,1/4/1957,Drake,USA,76,175,TRUE,FALSE,FALSE,1979,3,53,Wayne Kreklow
77313,Tom,Kron,2/28/1943,Kentucky,USA,77,200,TRUE,FALSE,FALSE,1966,3,24,Tom Kron
77314,Tom,Kropp,2/12/1953,Nebraska-Kearney,USA,75,77314,TRUE,FALSE,FALSE,1975,3,48,Tom Kropp
77316,Steve,Kuberski,11/6/1947,Bradley,USA,80,215,FALSE,TRUE,FALSE,1969,4,52,Steve Kuberski
77317,Leo,Kubiak,12/25/1926,Bowling Green,USA,71,160,TRUE,FALSE,FALSE,1948,,,Leo Kubiak
77318,Bruce,Kuczenski,2/3/1961,Connecticut,USA,82,77318,FALSE,TRUE,FALSE,1983,3,59,Bruce Kuczenski
77319,Frank,Kudelka,6/25/1925,St. Mary's (CA),USA,74,193,TRUE,FALSE,FALSE,-1,-1,-1,Frank Kudelka
77320,John,Kuester,2/6/1955,North Carolina,USA,74,180,TRUE,FALSE,FALSE,1977,3,53,John Kuester
77322,Ray,Kuka,2/17/1922,Notre Dame,USA,75,200,FALSE,TRUE,FALSE,-1,-1,-1,Ray Kuka
77323,Kevin,Kunnert,11/11/1951,Iowa,USA,84,230,FALSE,FALSE,TRUE,1973,1,12,Kevin Kunnert
77324,Mitch,Kupchak,5/24/1954,North Carolina,USA,81,230,FALSE,TRUE,FALSE,1976,1,13,Mitch Kupchak
77325,Charles,Kupec,1/16/1953,Michigan,USA,78,220,FALSE,FALSE,TRUE,1975,4,56,Charles Kupec
77326,Sam,Lacey,3/28/1948,New Mexico State,USA,82,77326,FALSE,FALSE,TRUE,1970,1,5,Sam Lacey
77327,Fred,LaCour,2/7/1938,San Francisco,USA,77,77327,TRUE,FALSE,FALSE,1960,3,22,Fred LaCour
77328,Tom,LaGarde,2/10/1955,North Carolina,USA,82,220,FALSE,FALSE,TRUE,1977,1,9,Tom LaGarde
77329,Pete,Lalich,6/23/1920,Ohio,USA,74,190,FALSE,TRUE,FALSE,-1,-1,-1,Pete Lalich
77330,Bo,Lamar,4/7/1951,Louisiana-Lafayette,USA,73,77330,TRUE,FALSE,FALSE,1973,3,44,Bo Lamar
77331,John,Lambert,1/14/1953,Southern California,USA,82,225,FALSE,FALSE,TRUE,1975,1,15,John Lambert
77332,Jeff,Lamp,3/9/1959,Virginia,USA,78,195,TRUE,FALSE,FALSE,1981,1,15,Jeff Lamp
77333,Jim,Lampley,7/2/1960,Arkansas-Little Rock,USA,82,230,FALSE,TRUE,FALSE,1983,5,102,Jim Lampley
77334,Mark,Landsberger,5/21/1955,Arizona State,USA,80,215,FALSE,TRUE,FALSE,1977,2,35,Mark Landsberger
77335,Jerome,Lane,12/4/1966,Pittsburgh,USA,78,77335,FALSE,TRUE,FALSE,1988,1,23,Jerome Lane
77338,Stu,Lantz,7/13/1946,Nebraska,USA,75,175,TRUE,FALSE,FALSE,1968,3,23,Stu Lantz
77339,York,Larese,7/18/1938,North Carolina,USA,76,183,TRUE,FALSE,FALSE,1961,2,20,York Larese
77340,Rudy,LaRusso,11/11/1937,Dartmouth,USA,80,220,FALSE,TRUE,FALSE,1959,2,10,Rudy LaRusso
77341,John,Laskowski,6/7/1953,Indiana,USA,78,77341,TRUE,FALSE,FALSE,1975,2,32,John Laskowski
77342,Dave,Lattin,12/23/1943,Texas-El Paso,USA,78,77342,FALSE,TRUE,FALSE,1967,1,10,Dave Lattin
77344,Rich,Laurel,7/11/1954,Hofstra,USA,78,190,TRUE,FALSE,FALSE,1977,1,19,Rich Laurel
77345,Walt,Lautenbach,11/17/1922,Wisconsin,USA,74,185,FALSE,TRUE,FALSE,-1,-1,-1,Walt Lautenbach
77346,Tony,Lavelli,7/11/1926,Yale,USA,75,185,FALSE,TRUE,FALSE,1949,1,4,Tony Lavelli
77347,Bob,Lavoy,6/29/1926,Western Kentucky,USA,79,185,FALSE,TRUE,FALSE,1950,1,8,Bob Lavoy
77348,Ed,Lawrence,12/8/1952,McNeese State,USA,83,228,FALSE,FALSE,TRUE,1976,5,84,Ed Lawrence
77350,Dennis,Layton,12/24/1948,Southern California,USA,73,180,TRUE,FALSE,FALSE,1971,3,48,Dennis Layton
77351,Emanuel,Leaks,11/27/1945,Niagara,USA,80,225,FALSE,FALSE,TRUE,1968,2,20,Emanuel Leaks
77352,Hal,Lear,1/31/1935,Temple,USA,71,163,TRUE,FALSE,FALSE,1956,1,7,Hal Lear
77353,Allen,Leavell,5/27/1957,Oklahoma City,USA,73,170,TRUE,FALSE,FALSE,1979,5,104,Allen Leavell
77354,Jeff,Lebo,10/5/1966,North Carolina,USA,74,77354,FALSE,TRUE,FALSE,-22,-22,-22,Jeff Lebo
77356,Butch,Lee,12/5/1956,Marquette,USA,72,185,TRUE,FALSE,FALSE,1978,1,10,Butch Lee
77357,Clyde,Lee,3/14/1944,Vanderbilt,USA,82,205,FALSE,TRUE,FALSE,1966,1,3,Clyde Lee
77358,Doug,Lee,10/24/1964,Purdue,USA,77,200,TRUE,FALSE,FALSE,1987,2,35,Doug Lee
77359,George,Lee,11/23/1936,Michigan,USA,76,200,FALSE,TRUE,FALSE,1959,4,24,George Lee
77360,Greg,Lee,12/12/1951,UCLA,USA,75,77360,TRUE,FALSE,FALSE,1974,7,115,Greg Lee
77361,Keith,Lee,12/28/1962,Memphis,USA,82,77361,FALSE,TRUE,FALSE,1985,1,11,Keith Lee
77362,Kurk,Lee,6/3/1967,Towson,USA,75,190,TRUE,FALSE,FALSE,-1,-1,-1,Kurk Lee
77363,Rock,Lee,5/1/1955,San Diego State,USA,82,220,FALSE,FALSE,TRUE,-1,-1,-1,Rock Lee
77364,Ron,Lee,11/2/1952,Oregon,USA,75,193,TRUE,FALSE,FALSE,1976,1,10,Ron Lee
77365,Russell,Lee,1/27/1950,Marshall,USA,77,185,FALSE,TRUE,FALSE,1972,1,6,Russell Lee
77366,Ed,Leede,7/17/1927,Dartmouth,USA,75,77366,TRUE,FALSE,FALSE,-22,-22,-22,Ed Leede
77367,Hank,Lefkowitz,8/31/1923,Case Western Reserve,USA,74,190,FALSE,TRUE,FALSE,-1,-1,-1,Hank Lefkowitz
77369,George,Lehmann,5/1/1942,Campbell,USA,72,180,TRUE,FALSE,FALSE,-1,-1,-1,George Lehmann
77370,Gary,Leonard,2/16/1967,Missouri,USA,85,250,FALSE,FALSE,TRUE,1989,2,34,Gary Leonard
77371,Bob,Leonard,7/17/1932,Indiana,USA,75,185,TRUE,FALSE,FALSE,1954,2,10,Bob Leonard
77372,Jim,Les,8/18/1963,Bradley,USA,71,165,TRUE,FALSE,FALSE,1986,3,70,Jim Les
77373,Ronnie,Lester,1/1/1959,Iowa,USA,74,175,TRUE,FALSE,FALSE,1980,1,10,Ronnie Lester
77374,Clifford,Lett,12/23/1965,Florida,USA,75,170,TRUE,FALSE,FALSE,-1,-1,-1,Clifford Lett
77375,Andrew,Levane,4/11/1920,St. John's (NY),USA,74,190,FALSE,TRUE,FALSE,-1,-1,-1,Andrew Levane
77376,Lafayette,Lever,8/18/1960,Arizona State,USA,75,170,TRUE,FALSE,FALSE,1982,1,11,Lafayette Lever
77377,Cliff,Levingston,1/4/1961,Wichita State,USA,80,210,FALSE,TRUE,FALSE,1982,1,9,Cliff Levingston
77379,Fred,Lewis,1/6/1921,Eastern Kentucky,USA,74,195,FALSE,TRUE,FALSE,-1,-1,-1,Fred Lewis
77380,Freddie,Lewis,7/1/1943,Arizona State,USA,72,175,TRUE,FALSE,FALSE,1966,10,88,Freddie Lewis
77381,Grady,Lewis,3/25/1917,Oklahoma,USA,79,215,FALSE,TRUE,FALSE,-1,-1,-1,Grady Lewis
77383,Ralph,Lewis,3/28/1963,La Salle,USA,78,200,TRUE,FALSE,FALSE,1985,6,139,Ralph Lewis
77384,Reggie,Lewis,11/21/1965,Northeastern,USA,79,195,TRUE,FALSE,FALSE,1987,1,22,Reggie Lewis
77385,Bobby,Lewis,3/20/1945,North Carolina,USA,75,175,TRUE,FALSE,FALSE,1967,4,39,Bobby Lewis
77386,Marcus,Liberty,10/27/1968,Illinois,USA,80,205,FALSE,TRUE,FALSE,1990,2,42,Marcus Liberty
77387,Todd,Lichti,1/8/1967,Stanford,USA,76,205,TRUE,FALSE,FALSE,1989,1,15,Todd Lichti
77388,Bill,Ligon,5/19/1952,Vanderbilt,USA,76,180,TRUE,FALSE,FALSE,1974,10,175,Bill Ligon
77389,Steve,Lingenfelter,6/10/1958,South Dakota State,USA,81,225,FALSE,TRUE,FALSE,1981,2,44,Steve Lingenfelter
77392,Ron,Livingstone,10/9/1925,Wyoming,USA,82,220,FALSE,FALSE,TRUE,1949,1,6,Ron Livingstone
77394,Earl,Lloyd,4/3/1928,West Virginia State,USA,78,200,FALSE,TRUE,FALSE,1950,9,,Earl Lloyd
77395,Lewis,Lloyd,2/22/1959,Drake,USA,78,205,TRUE,FALSE,FALSE,1981,4,76,Lewis Lloyd
77396,Scott,Lloyd,12/19/1952,Arizona State,USA,82,230,FALSE,FALSE,TRUE,1976,2,24,Scott Lloyd
77397,Bob,Lochmueller,6/5/1927,Louisville,USA,77,185,FALSE,TRUE,FALSE,1952,1,7,Bob Lochmueller
77398,Robert,Lock,5/22/1966,Kentucky,USA,81,225,FALSE,TRUE,FALSE,1988,3,51,Robert Lock
77399,Darrell,Lockhart,9/14/1960,Auburn,USA,81,245,FALSE,TRUE,FALSE,1983,2,35,Darrell Lockhart
77401,Kevin,Loder,3/15/1959,Alabama State,USA,78,205,FALSE,TRUE,FALSE,1981,1,17,Kevin Loder
77402,Don,Lofgran,11/18/1928,San Francisco,USA,77,200,FALSE,TRUE,FALSE,1950,1,11,Don Lofgran
77403,Johnny,Logan,1/1/1921,Indiana,USA,74,175,TRUE,FALSE,FALSE,-1,-1,-1,Johnny Logan
77406,Paul,Long,2/8/1944,Wake Forest,USA,74,180,TRUE,FALSE,FALSE,1967,5,45,Paul Long
77409,Jim,Loscutoff,2/4/1930,Oregon,USA,77,220,FALSE,TRUE,FALSE,1955,1,3,Jim Loscutoff
77410,Plummer,Lott,12/11/1945,Seattle,USA,77,210,FALSE,TRUE,FALSE,1967,5,54,Plummer Lott
77411,Kevin,Loughery,3/28/1940,St. John's (NY),USA,75,190,TRUE,FALSE,FALSE,1962,2,11,Kevin Loughery
77412,Bob,Love,12/8/1942,Southern,USA,80,215,FALSE,TRUE,FALSE,1965,4,33,Bob Love
77413,Stan,Love,4/9/1949,Oregon,USA,81,215,FALSE,TRUE,FALSE,1971,1,9,Stan Love
77414,Clyde,Lovellette,9/7/1929,Kansas,USA,81,234,FALSE,FALSE,TRUE,1952,1,9,Clyde Lovellette
77415,Sidney,Lowe,1/21/1960,North Carolina State,USA,72,195,TRUE,FALSE,FALSE,1983,2,25,Sidney Lowe
77416,Chuck,Lowery,11/12/1949,Puget Sound,USA,75,77416,TRUE,FALSE,FALSE,1971,8,125,Chuck Lowery
77417,Al,Lucas,7/4/1922,Fordham,USA,75,195,FALSE,TRUE,FALSE,-1,-1,-1,Al Lucas
77418,Jerry,Lucas,3/30/1940,Ohio State,USA,80,77418,FALSE,TRUE,FALSE,-22,-22,-22,Jerry Lucas
77419,John,Lucas,10/31/1953,Maryland,USA,75,175,TRUE,FALSE,FALSE,1976,1,1,John Lucas
77420,Maurice,Lucas,2/18/1952,Marquette,USA,81,215,FALSE,TRUE,FALSE,1974,1,14,Maurice Lucas
77421,Ted,Luckenbill,7/27/1939,Houston,USA,78,205,FALSE,TRUE,FALSE,1961,2,15,Ted Luckenbill
77422,Jim,Luisi,11/2/1928,St. Francis (NY),USA,74,180,TRUE,FALSE,FALSE,1951,6,56,Jim Luisi
77423,Al,Lujack,10/5/1921,Georgetown,USA,75,220,FALSE,TRUE,FALSE,-1,-1,-1,Al Lujack
77424,Phil,Lumpkin,12/20/1951,Miami (Ohio),USA,72,165,TRUE,FALSE,FALSE,1974,2,34,Phil Lumpkin
77425,Ray,Lumpp,7/11/1923,New York University,USA,73,178,TRUE,FALSE,FALSE,1948,,,Ray Lumpp
77426,Kevin,Lynch,12/24/1968,Minnesota,USA,77,195,FALSE,TRUE,FALSE,1991,2,28,Kevin Lynch
77427,Mike,Lynn,11/25/1945,UCLA,USA,79,215,FALSE,TRUE,FALSE,1968,4,39,Mike Lynn
77428,Mike,Macaluso,7/20/1951,Canisius,USA,77,210,FALSE,TRUE,FALSE,1973,6,88,Mike Macaluso
77429,Ed,Macauley,3/22/1928,St. Louis,USA,80,185,FALSE,FALSE,TRUE,1949,,,Ed Macauley
77430,Ronnie,MacGilvray,7/20/1930,St. John's (NY),USA,74,185,TRUE,FALSE,FALSE,1952,,,Ronnie MacGilvray
77432,Ollie,Mack,6/6/1957,East Carolina,USA,75,185,TRUE,FALSE,FALSE,1979,2,25,Ollie Mack
77435,Rudy,Macklin,2/19/1958,Louisiana State,USA,79,77435,FALSE,TRUE,FALSE,1981,3,52,Rudy Macklin
77436,Johnny,Macknowski,1/7/1923,Seton Hall,USA,73,77436,TRUE,FALSE,FALSE,-22,-22,-22,Johnny Macknowski
77438,Kyle,Macy,4/9/1957,Kentucky,USA,75,175,TRUE,FALSE,FALSE,1979,1,22,Kyle Macy
77439,Jack,Maddox,12/10/1921,West Texas A&M,USA,74,185,FALSE,TRUE,FALSE,-1,-1,-1,Jack Maddox
77441,Norm,Mager,3/23/1926,City College of New York,USA,77,185,FALSE,TRUE,FALSE,1950,5,,Norm Mager
77442,Dave,Magley,11/24/1959,Kansas,USA,80,202,FALSE,TRUE,FALSE,1982,2,28,Dave Magley
77443,John,Mahnken,6/16/1922,Georgetown,USA,80,220,FALSE,FALSE,TRUE,-1,-1,-1,John Mahnken
77444,Francis,Mahoney,11/20/1927,Brown,USA,74,205,FALSE,TRUE,FALSE,1950,6,,Francis Mahoney
77447,Lionel,Malamed,11/15/1924,City College of New York,USA,69,150,TRUE,FALSE,FALSE,-1,-1,-1,Lionel Malamed
77449,Moses,Malone,3/23/1955,Petersburg HS (VA),USA,82,215,FALSE,FALSE,TRUE,-1,-1,-1,Moses Malone
77450,Steve,Malovic,7/21/1956,San Diego State,USA,82,230,FALSE,TRUE,FALSE,1978,7,149,Steve Malovic
77451,Ted,Manakas,2/22/1951,Princeton,USA,74,180,TRUE,FALSE,FALSE,1973,3,36,Ted Manakas
77452,John,Mandic,10/3/1919,Oregon State,USA,76,205,FALSE,TRUE,FALSE,1947,,,John Mandic
77453,Frank,Mangiapane,8/25/1925,New York University,USA,70,195,TRUE,FALSE,FALSE,-1,-1,-1,Frank Mangiapane
77454,Ed,Manning,1/2/1944,Jackson State,USA,79,210,FALSE,TRUE,FALSE,1967,8,80,Ed Manning
77456,Pace,Mannion,9/22/1960,Utah,USA,79,190,TRUE,FALSE,FALSE,1983,2,43,Pace Mannion
77457,Nick,Mantis,12/7/1935,Northwestern,USA,75,190,TRUE,FALSE,FALSE,1959,5,37,Nick Mantis
77458,Peter,Maravich,8/20/1920,Davis & Elkins,USA,72,77458,FALSE,FALSE,FALSE,-22,-22,-22,Peter Maravich
77459,Pete,Maravich,6/22/1947,Louisiana State,USA,77,77459,TRUE,FALSE,FALSE,1970,1,3,Pete Maravich
77460,Roy,Marble,12/13/1966,Iowa,USA,78,190,TRUE,FALSE,FALSE,1989,1,23,Roy Marble
77462,Saul,Mariaschin,9/1/1924,Harvard,USA,71,165,TRUE,FALSE,FALSE,1947,,,Saul Mariaschin
77463,Jack,Marin,10/12/1944,Duke,USA,78,77463,FALSE,TRUE,FALSE,1966,1,5,Jack Marin
77464,Harvey,Marlatt,8/26/1948,Eastern Michigan,USA,75,185,TRUE,FALSE,FALSE,-1,-1,-1,Harvey Marlatt
77465,Eric,Marsh,3/10/1954,Manhattan,USA,75,200,TRUE,FALSE,FALSE,1977,8,165,Eric Marsh
77466,Jim,Marsh,4/26/1946,Southern California,USA,79,215,FALSE,TRUE,FALSE,1968,11,136,Jim Marsh
77467,Tom,Marshall,1/6/1931,Western Kentucky,USA,76,215,FALSE,TRUE,FALSE,1954,1,7,Tom Marshall
77468,Vester,Marshall,12/22/1948,Oklahoma,USA,79,200,FALSE,TRUE,FALSE,-1,-1,-1,Vester Marshall
77469,Brian,Martin,8/18/1962,Kansas,USA,81,212,FALSE,TRUE,FALSE,1984,9,185,Brian Martin
77471,Donald,Martin,5/25/1920,Georgetown,USA,68,160,TRUE,FALSE,FALSE,-1,-1,-1,Donald Martin
77472,Fernando,Martin,3/25/1962,Real Madrid,Spain,81,220,FALSE,FALSE,TRUE,1985,2,38,Fernando Martin
77473,Don,Martin,2/7/1920,Central Missouri,USA,79,77473,FALSE,FALSE,FALSE,-22,-22,-22,Don Martin
77474,Jeff,Martin,1/14/1967,Murray State,USA,77,195,TRUE,FALSE,FALSE,1989,2,31,Jeff Martin
77475,Larue,Martin,3/26/1950,Loyola-Chicago,USA,83,208,FALSE,FALSE,TRUE,1972,1,1,Larue Martin
77476,Mo,Martin,7/2/1964,St. Joseph's (PA),USA,78,200,TRUE,FALSE,FALSE,1986,1,16,Mo Martin
77477,Phil,Martin,4/2/1928,Toledo,USA,75,77477,TRUE,FALSE,FALSE,1954,4,29,Phil Martin
77478,Bob,Martin,10/7/1969,Minnesota,USA,84,250,FALSE,FALSE,TRUE,-1,-1,-1,Bob Martin
77479,Ronald,Martin,4/11/1939,St. Bonaventure,USA,74,77479,TRUE,FALSE,FALSE,1961,2,10,Ronald Martin
77480,Slater,Martin,10/22/1925,Texas-Austin,USA,70,170,TRUE,FALSE,FALSE,-1,-1,-1,Slater Martin
77481,Bill,Martin,8/16/1962,Georgetown,USA,79,205,FALSE,TRUE,FALSE,1985,2,26,Bill Martin
77482,Al,Masino,2/5/1928,Canisius,USA,70,174,TRUE,FALSE,FALSE,-1,-1,-1,Al Masino
77483,Eddie,Mast,10/3/1948,Temple,USA,81,220,FALSE,TRUE,FALSE,1969,3,40,Eddie Mast
77484,Wes,Matthews,8/24/1959,Wisconsin,USA,73,170,TRUE,FALSE,FALSE,1980,1,14,Wes Matthews
77485,Ariel,Maughan,2/23/1923,Utah State,USA,76,190,FALSE,TRUE,FALSE,-1,-1,-1,Ariel Maughan
77486,Marlon,Maxey,2/19/1969,Texas-El Paso,USA,80,250,FALSE,TRUE,FALSE,1992,2,28,Marlon Maxey
77487,Cedric,Maxwell,11/21/1955,North Carolina-Charlotte,USA,80,205,FALSE,TRUE,FALSE,1977,1,12,Cedric Maxwell
77489,Don,May,1/3/1946,Dayton,USA,76,200,FALSE,TRUE,FALSE,1968,3,30,Don May
77490,Scott,May,3/19/1954,Indiana,USA,78,215,FALSE,TRUE,FALSE,1976,1,2,Scott May
77492,Clyde,Mayes,3/17/1953,Furman,USA,80,225,FALSE,TRUE,FALSE,1975,2,22,Clyde Mayes
77493,Tharon,Mayes,9/9/1968,Florida State,USA,75,77493,TRUE,FALSE,FALSE,-22,-22,-22,Tharon Mayes
77494,Ken,Mayfield,5/11/1948,Tuskegee,USA,74,77494,TRUE,FALSE,FALSE,1971,3,50,Ken Mayfield
77495,Bill,Mayfield,10/17/1957,Iowa,USA,79,205,FALSE,TRUE,FALSE,-1,-1,-1,Bill Mayfield
77496,Travis,Mays,6/19/1968,Texas-Austin,USA,74,190,TRUE,FALSE,FALSE,1990,1,14,Travis Mays
77497,Matt,Mazza,9/23/1923,Michigan State,USA,75,210,FALSE,TRUE,FALSE,-1,-1,-1,Matt Mazza
77498,Bob,McAdoo,9/25/1951,North Carolina,USA,81,210,FALSE,FALSE,TRUE,1972,1,2,Bob McAdoo
77499,Ken,McBride,4/14/1905,Maryland-Eastern Shore,USA,75,190,FALSE,TRUE,FALSE,1952,,,Ken McBride
77500,Brendan,McCann,7/5/1935,St. Bonaventure,USA,74,178,TRUE,FALSE,FALSE,1957,1,5,Brendan McCann
77502,Mel,McCants,8/19/1967,Purdue,USA,80,240,FALSE,TRUE,FALSE,-1,-1,-1,Mel McCants
77503,Mike,McCarron,3/2/1922,Seton Hall,USA,71,180,TRUE,FALSE,FALSE,-1,-1,-1,Mike McCarron
77504,Andre,McCarter,8/25/1953,UCLA,USA,75,190,TRUE,FALSE,FALSE,1976,6,89,Andre McCarter
77505,Willie,McCarter,7/26/1946,Drake,USA,75,175,TRUE,FALSE,FALSE,1969,1,12,Willie McCarter
77506,Johnny,McCarthy,4/25/1934,Canisius,USA,73,77506,TRUE,FALSE,FALSE,-22,-22,-22,Johnny McCarthy
77507,Howie,McCarty,4/2/1905,Wayne State,USA,,,,,,-1,-1,-1,Howie McCarty
77509,Dwayne,McClain,2/7/1963,Villanova,USA,78,185,TRUE,FALSE,FALSE,1985,2,27,Dwayne McClain
77510,"Ted, Hound Dog",McClain,8/30/1947,Tennessee State,USA,73,180,TRUE,FALSE,FALSE,1971,2,22,"Ted, Hound Dog McClain"
77512,Jack,McCloskey,9/19/1925,Pennsylvania,USA,74,190,TRUE,FALSE,FALSE,-1,-1,-1,Jack McCloskey
77513,John,McConathy,4/9/1930,Northwestern State,USA,77,195,FALSE,TRUE,FALSE,1951,1,5,John McConathy
77514,Paul,McConnell,7/1/1928,Marshall,USA,70,77514,FALSE,FALSE,FALSE,-22,-22,-22,Paul McConnell
77515,Keith,McCord,6/22/1957,Alabama-Birmingham,USA,79,77515,TRUE,FALSE,FALSE,1979,1,198,Keith McCord
77516,Tim,McCormick,3/10/1962,Michigan,USA,83,240,FALSE,FALSE,TRUE,1984,1,12,Tim McCormick
77517,Paul,McCracken,9/11/1950,California State-Northridge,USA,76,180,TRUE,FALSE,FALSE,-1,-1,-1,Paul McCracken
77518,Scooter,McCray,2/8/1960,Louisville,USA,81,215,FALSE,TRUE,FALSE,1983,2,36,Scooter McCray
77520,John,McCullough,10/5/1956,Oklahoma,USA,76,190,TRUE,FALSE,FALSE,1979,4,85,John McCullough
77523,Jim,McDaniels,4/2/1948,Western Kentucky,USA,83,228,FALSE,FALSE,TRUE,1971,2,23,Jim McDaniels
77524,Ben,McDonald,7/20/1962,California-Irvine,USA,80,210,FALSE,TRUE,FALSE,1984,3,50,Ben McDonald
77525,Glenn,McDonald,3/18/1952,Long Beach State,USA,78,190,FALSE,TRUE,FALSE,1974,1,17,Glenn McDonald
77527,Hank,McDowell,11/13/1959,Memphis,USA,81,215,FALSE,TRUE,FALSE,1981,5,102,Hank McDowell
77528,Jim,McElroy,10/4/1953,Central Michigan,USA,75,190,TRUE,FALSE,FALSE,1975,3,38,Jim McElroy
77529,Mel,McGaha,9/26/1926,Arkansas,USA,73,77529,TRUE,FALSE,FALSE,-22,-22,-22,Mel McGaha
77530,Mike,McGee,7/29/1959,Michigan,USA,77,190,FALSE,TRUE,FALSE,1981,1,19,Mike McGee
77531,Bill,McGill,9/16/1939,Utah,USA,81,225,FALSE,FALSE,TRUE,1962,1,1,Bill McGill
77532,George,McGinnis,8/12/1950,Indiana,USA,80,235,FALSE,TRUE,FALSE,1973,2,22,George McGinnis
77533,Jon,McGlocklin,6/10/1943,Indiana,USA,77,77533,TRUE,FALSE,FALSE,1965,3,24,Jon McGlocklin
77534,Gil,McGregor,6/14/1949,Wake Forest,USA,80,240,FALSE,TRUE,FALSE,1971,6,89,Gil McGregor
77535,Allie,McGuire,7/10/1951,Marquette,USA,75,175,TRUE,FALSE,FALSE,1973,3,49,Allie McGuire
77536,Al,McGuire,9/7/1928,St. John's (NY),USA,74,180,TRUE,FALSE,FALSE,1951,6,55,Al McGuire
77537,Dick,McGuire,1/25/1926,St. John's (NY),USA,72,180,TRUE,FALSE,FALSE,1949,1,7,Dick McGuire
77540,Kenny,McIntosh,1/21/1949,Eastern Michigan,USA,79,225,FALSE,TRUE,FALSE,1971,1,15,Kenny McIntosh
77541,Kevin,McKenna,1/8/1959,Creighton,USA,77,195,FALSE,TRUE,FALSE,1981,4,88,Kevin McKenna
77542,Forrest,McKenzie,2/16/1963,Loyola-Marymount,USA,79,200,FALSE,TRUE,FALSE,1986,3,48,Forrest McKenzie
77543,Stan,McKenzie,10/6/1944,New York University,USA,77,195,FALSE,TRUE,FALSE,1966,11,94,Stan McKenzie
77545,Carlton,McKinney,10/21/1964,Southern Methodist,USA,76,190,FALSE,TRUE,FALSE,-1,-1,-1,Carlton McKinney
77546,Horace,McKinney,1/1/1919,North Carolina,USA,78,185,FALSE,TRUE,FALSE,-1,-1,-1,Horace McKinney
77547,Billy,McKinney,6/5/1955,Northwestern,USA,72,77547,FALSE,FALSE,FALSE,1977,6,115,Billy McKinney
77548,Mccoy,McLemore,4/3/1942,Drake,USA,79,230,FALSE,TRUE,FALSE,1964,3,23,Mccoy McLemore
77549,George,McLeod,1/3/1931,TCU,USA,77,77549,FALSE,FALSE,FALSE,-22,-22,-22,George McLeod
77551,Jack,McMahon,12/3/1928,St. John's (NY),USA,73,185,TRUE,FALSE,FALSE,1952,,,Jack McMahon
77553,Tom,McMillen,5/26/1952,Maryland,USA,83,215,FALSE,TRUE,FALSE,1974,1,9,Tom McMillen
77554,Jim,McMillian,3/11/1948,Columbia,USA,77,215,FALSE,TRUE,FALSE,1970,1,13,Jim McMillian
77555,Shellie,McMillon,3/11/1936,Bradley,USA,77,205,FALSE,TRUE,FALSE,1958,6,42,Shellie McMillon
77556,Mal,McMullan,8/23/1927,Xavier,USA,,77556,FALSE,FALSE,FALSE,-22,-22,-22,Mal McMullan
77557,Chet,McNabb,4/4/1905,Arizona State,USA,,77557,FALSE,FALSE,FALSE,-22,-22,-22,Chet McNabb
77558,Mark,McNamara,6/8/1959,California,USA,83,235,FALSE,FALSE,TRUE,1982,1,22,Mark McNamara
77559,Joe,McNamee,9/24/1926,San Francisco,USA,78,210,FALSE,FALSE,TRUE,1950,1,9,Joe McNamee
77560,Chris,McNealy,7/15/1961,San Jose State,USA,79,77560,FALSE,TRUE,FALSE,1983,2,38,Chris McNealy
77561,Larry,McNeill,1/31/1951,Marquette,USA,81,195,FALSE,TRUE,FALSE,1973,2,25,Larry McNeill
77562,Bob,McNeill,10/22/1938,St. Joseph's (PA),USA,73,170,TRUE,FALSE,FALSE,1960,3,19,Bob McNeill
77563,Carl,McNulty,2/14/1930,Purdue,USA,75,185,TRUE,FALSE,FALSE,1952,,,Carl McNulty
77565,Cozell,McQueen,1/18/1962,North Carolina State,USA,83,77565,FALSE,TRUE,FALSE,1985,4,91,Cozell McQueen
77566,Thales,McReynolds,6/8/1943,Miles,USA,75,185,TRUE,FALSE,FALSE,1965,11,82,Thales McReynolds
77567,Eric,McWilliams,4/18/1950,Long Beach State,USA,80,200,FALSE,TRUE,FALSE,1972,3,37,Eric McWilliams
77568,George,Mearns,4/18/1922,Rhode Island,USA,75,175,FALSE,TRUE,FALSE,-1,-1,-1,George Mearns
77570,Cliff,Meely,7/10/1947,Colorado,USA,80,215,FALSE,TRUE,FALSE,1971,1,7,Cliff Meely
77571,Scott,Meents,1/4/1964,Illinois,USA,82,77571,FALSE,TRUE,FALSE,1986,4,74,Scott Meents
77572,Dick,Mehen,5/20/1922,Tennessee,USA,77,195,FALSE,TRUE,FALSE,-1,-1,-1,Dick Mehen
77573,Don,Meineke,10/30/1930,Dayton,USA,79,208,FALSE,TRUE,FALSE,1952,,,Don Meineke
77574,Carl,Meinhold,3/29/1926,Long Island-Brooklyn,USA,74,77574,FALSE,FALSE,FALSE,-22,-22,-22,Carl Meinhold
77575,Gary,Melchionni,1/19/1951,Duke,USA,74,77575,TRUE,FALSE,FALSE,1973,2,33,Gary Melchionni
77576,Bill,Melchionni,10/19/1944,Villanova,USA,73,165,TRUE,FALSE,FALSE,1966,2,19,Bill Melchionni
77577,Ed,Melvin,2/13/1916,Duquesne,USA,69,170,FALSE,TRUE,FALSE,-1,-1,-1,Ed Melvin
77578,Dean,Meminger,5/13/1948,Marquette,USA,73,175,TRUE,FALSE,FALSE,1971,1,16,Dean Meminger
77579,Chuck,Mencel,4/21/1933,Minnesota,USA,72,168,TRUE,FALSE,FALSE,1955,2,12,Chuck Mencel
77580,John,Mengelt,10/16/1949,Auburn,USA,74,195,TRUE,FALSE,FALSE,1971,2,21,John Mengelt
77581,Ken,Menke,10/2/1922,Illinois,USA,72,168,TRUE,FALSE,FALSE,-1,-1,-1,Ken Menke
77582,Joe,Meriweather,10/26/1953,Southern Illinois,USA,82,215,FALSE,FALSE,TRUE,1975,1,11,Joe Meriweather
77583,Porter,Meriwether,3/16/1940,Tennessee State,USA,74,180,TRUE,FALSE,FALSE,1962,3,21,Porter Meriwether
77584,Tom,Meschery,10/26/1938,St. Mary's (CA),USA,78,215,FALSE,TRUE,FALSE,1961,1,7,Tom Meschery
77586,Dave,Meyers,4/21/1953,UCLA,USA,81,215,FALSE,TRUE,FALSE,1975,1,2,Dave Meyers
77587,Stan,Miasek,8/8/1924,No School,USA,77,210,FALSE,TRUE,FALSE,-1,-1,-1,Stan Miasek
77588,Larry,Micheaux,3/24/1960,Houston,USA,81,220,FALSE,TRUE,FALSE,1983,2,29,Larry Micheaux
77589,Zigmund,Mihalik,9/22/1916,Ford City HS (PA),USA,72,180,TRUE,FALSE,FALSE,-1,-1,-1,Zigmund Mihalik
77590,Ed,Mikan,10/20/1925,DePaul,USA,80,230,FALSE,FALSE,TRUE,1948,1,5,Ed Mikan
77591,Larry,Mikan,4/8/1948,Minnesota,USA,79,77591,FALSE,TRUE,FALSE,1970,4,64,Larry Mikan
77593,Vern,Mikkelsen,10/21/1928,Hamline,USA,79,230,FALSE,TRUE,FALSE,1949,,,Vern Mikkelsen
77594,Al,Miksis,2/2/1928,Western Illinois,USA,79,210,FALSE,FALSE,TRUE,-1,-1,-1,Al Miksis
77596,Eddie,Miles,7/5/1940,Seattle,USA,76,195,TRUE,FALSE,FALSE,1963,1,4,Eddie Miles
77598,Nat,Militzok,5/3/1923,Cornell,USA,75,195,FALSE,TRUE,FALSE,-1,-1,-1,Nat Militzok
77599,Eddie,Miller,6/18/1931,Syracuse,USA,80,225,FALSE,TRUE,FALSE,1952,,,Eddie Miller
77600,Harry,Miller,7/28/1923,North Carolina,USA,76,230,FALSE,FALSE,TRUE,-1,-1,-1,Harry Miller
77601,Jay,Miller,7/19/1943,Notre Dame,USA,77,205,FALSE,TRUE,FALSE,-1,-1,-1,Jay Miller
77602,Dick,Miller,4/26/1958,Toledo,USA,78,215,FALSE,TRUE,FALSE,1980,2,40,Dick Miller
77603,Bob,Miller,7/9/1956,Cincinnati,USA,82,230,FALSE,TRUE,FALSE,1978,4,85,Bob Miller
77604,Walt,Miller,7/30/1915,Duquesne,USA,74,190,FALSE,TRUE,FALSE,-1,-1,-1,Walt Miller
77605,Bill,Miller,11/24/1924,North Carolina,USA,75,190,FALSE,TRUE,FALSE,-1,-1,-1,Bill Miller
77606,John,Mills,9/7/1919,Western Kentucky,USA,80,203,FALSE,FALSE,TRUE,-1,-1,-1,John Mills
77609,Dirk,Minniefield,1/17/1961,Kentucky,USA,75,77609,TRUE,FALSE,FALSE,1983,2,33,Dirk Minniefield
77610,Dave,Minor,2/23/1922,UCLA,USA,74,185,TRUE,FALSE,FALSE,-1,-1,-1,Dave Minor
77612,Mark,Minor,5/14/1950,Ohio State,USA,78,77612,FALSE,TRUE,FALSE,1972,1,165,Mark Minor
77613,Wat,Misaka,12/21/1923,Utah,USA,67,150,TRUE,FALSE,FALSE,1947,,,Wat Misaka
77614,Todd,Mitchell,7/26/1966,Purdue,USA,79,77614,FALSE,TRUE,FALSE,1988,2,43,Todd Mitchell
77615,Mike,Mitchell,1/1/1956,Auburn,USA,79,215,FALSE,TRUE,FALSE,1978,1,15,Mike Mitchell
77616,Murray,Mitchell,3/19/1923,Sam Houston State,USA,78,,FALSE,FALSE,TRUE,1948,,,Murray Mitchell
77618,Steve,Mix,12/30/1947,Toledo,USA,79,215,FALSE,TRUE,FALSE,1969,5,61,Steve Mix
77619,Bill,Mlkvy,1/19/1931,Temple,USA,76,190,FALSE,TRUE,FALSE,1952,,,Bill Mlkvy
77621,Larry,Moffett,11/5/1954,UNLV,USA,80,210,FALSE,TRUE,FALSE,1977,2,34,Larry Moffett
77622,Leo,Mogus,4/13/1921,Youngstown State,USA,76,190,FALSE,TRUE,FALSE,-1,-1,-1,Leo Mogus
77623,Paul,Mokeski,1/3/1957,Kansas,USA,84,250,FALSE,FALSE,TRUE,1979,2,42,Paul Mokeski
77624,Jack,Molinas,10/1/1931,Columbia,USA,78,200,FALSE,TRUE,FALSE,1953,1,3,Jack Molinas
77625,Wayne,Molis,4/17/1943,Lewis,USA,80,230,FALSE,TRUE,FALSE,1965,10,75,Wayne Molis
77626,Sidney,Moncrief,9/21/1957,Arkansas,USA,76,180,TRUE,FALSE,FALSE,1979,1,5,Sidney Moncrief
77627,Eric,Money,2/6/1955,Arizona,USA,72,170,TRUE,FALSE,FALSE,1974,2,33,Eric Money
77628,Rodney,Monroe,4/16/1968,North Carolina State,USA,75,185,TRUE,FALSE,FALSE,1991,2,30,Rodney Monroe
77630,Howie,Montgomery,8/22/1940,Texas-Pan American,USA,76,220,FALSE,TRUE,FALSE,1962,7,59,Howie Montgomery
77631,Jim,Mooney,7/8/1930,Villanova,USA,77,215,FALSE,TRUE,FALSE,-1,-1,-1,Jim Mooney
77632,Andre,Moore,7/2/1964,Loyola-Chicago,USA,81,215,FALSE,TRUE,FALSE,1987,2,31,Andre Moore
77633,Johnny,Moore,3/3/1958,Texas-Austin,USA,73,175,TRUE,FALSE,FALSE,1979,2,43,Johnny Moore
77634,Jackie,Moore,9/24/1932,La Salle,USA,77,180,FALSE,TRUE,FALSE,-1,-1,-1,Jackie Moore
77635,Lowes,Moore,5/5/1957,West Virginia,USA,73,170,TRUE,FALSE,FALSE,1980,3,52,Lowes Moore
77636,Otto,Moore,8/27/1946,Texas-Pan American,USA,83,205,FALSE,FALSE,TRUE,1968,1,6,Otto Moore
77637,Ron,Moore,1/16/1962,West Virginia State,USA,84,260,FALSE,FALSE,TRUE,1987,2,25,Ron Moore
77639,Jackie,Moreland,3/11/1938,Louisiana Tech,USA,79,215,FALSE,TRUE,FALSE,1960,1,4,Jackie Moreland
77640,Guy,Morgan,8/23/1960,Wake Forest,USA,80,205,TRUE,FALSE,FALSE,1982,2,40,Guy Morgan
77641,Rex,Morgan,10/27/1948,Jacksonville,USA,77,77641,TRUE,FALSE,FALSE,1970,2,21,Rex Morgan
77642,Elmo,Morgenthaler,8/3/1922,New Mexico Tech,USA,81,230,FALSE,FALSE,TRUE,-1,-1,-1,Elmo Morgenthaler
77644,Darren,Morningstar,4/22/1969,Pittsburgh,USA,82,235,FALSE,FALSE,TRUE,1992,2,47,Darren Morningstar
77646,Max,Morris,3/14/1925,Northwestern,USA,74,195,FALSE,TRUE,FALSE,-1,-1,-1,Max Morris
77647,Isaiah,Morris,4/2/1969,Arkansas,USA,80,229,FALSE,TRUE,FALSE,1992,2,37,Isaiah Morris
77648,Dwight,Morrison,4/26/1932,Idaho,USA,80,77648,FALSE,TRUE,FALSE,1954,2,14,Dwight Morrison
77649,Mike,Morrison,8/16/1967,Loyola-Maryland,USA,76,195,TRUE,FALSE,FALSE,1989,2,51,Mike Morrison
77652,Richard,Morton,2/2/1966,California State-Fullerton,USA,75,77652,FALSE,TRUE,FALSE,-22,-22,-22,Richard Morton
77653,Glenn,Mosley,12/26/1955,Seton Hall,USA,80,195,FALSE,TRUE,FALSE,1977,1,20,Glenn Mosley
77654,Perry,Moss,11/11/1958,Northeastern,USA,74,185,TRUE,FALSE,FALSE,1982,3,69,Perry Moss
77657,Chuck,Mrazovich,2/26/1924,Eastern Kentucky,USA,77,185,FALSE,TRUE,FALSE,1950,3,,Chuck Mrazovich
77658,Erwin,Mueller,3/12/1944,San Francisco,USA,80,230,FALSE,TRUE,FALSE,1966,2,20,Erwin Mueller
77659,Joe,Mullaney,11/17/1925,Holy Cross,USA,72,77659,TRUE,FALSE,FALSE,-22,-22,-22,Joe Mullaney
77660,Bob,Mullens,11/1/1922,Fordham,USA,73,77660,FALSE,FALSE,FALSE,-22,-22,-22,Bob Mullens
77662,Jeff,Mullins,3/18/1942,Duke,USA,76,77662,TRUE,FALSE,FALSE,1964,1,5,Jeff Mullins
77664,Chris,Munk,8/5/1967,Southern California,USA,81,77664,FALSE,TRUE,FALSE,-22,-22,-22,Chris Munk
77665,George,Munroe,1/5/1922,Dartmouth,USA,71,170,TRUE,FALSE,FALSE,-1,-1,-1,George Munroe
77668,Allen,Murphy,7/15/1952,Louisville,USA,76,77668,TRUE,FALSE,FALSE,1975,2,35,Allen Murphy
77669,Calvin,Murphy,5/9/1948,Niagara,USA,69,165,TRUE,FALSE,FALSE,1970,2,18,Calvin Murphy
77670,Jay,Murphy,6/26/1962,Boston College,USA,81,220,FALSE,TRUE,FALSE,1984,2,31,Jay Murphy
77671,John,Murphy,9/13/1924,Simon Gratz HS (PA),USA,74,175,FALSE,TRUE,FALSE,1975,8,140,John Murphy
77672,Dick,Murphy,3/10/1921,Manhattan,USA,73,77672,TRUE,FALSE,FALSE,-22,-22,-22,Dick Murphy
77673,Ronnie,Murphy,7/29/1964,Jacksonville,USA,77,225,FALSE,TRUE,FALSE,1987,1,17,Ronnie Murphy
77674,Tod,Murphy,12/24/1963,California-Irvine,USA,81,220,FALSE,FALSE,TRUE,1986,3,53,Tod Murphy
77675,Ken,Murray,4/20/1928,St. Bonaventure,USA,74,190,TRUE,FALSE,FALSE,1950,4,,Ken Murray
77676,Dorie,Murrey,9/7/1943,Detroit,USA,80,215,FALSE,TRUE,FALSE,1966,2,12,Dorie Murrey
77677,Angelo,Musi,7/25/1918,Temple,USA,69,145,TRUE,FALSE,FALSE,-1,-1,-1,Angelo Musi
77681,Bob,Naber,9/3/1929,Louisville,USA,75,185,FALSE,TRUE,FALSE,-1,-1,-1,Bob Naber
77682,Boris,Nachamkin,12/6/1933,New York University,USA,78,210,FALSE,TRUE,FALSE,1954,2,16,Boris Nachamkin
77683,Jerry,Nagel,5/18/1928,Loyola-Chicago,USA,72,190,TRUE,FALSE,FALSE,1949,4,,Jerry Nagel
77684,Fred,Nagy,1/3/1924,Akron,USA,73,185,TRUE,FALSE,FALSE,1947,,,Fred Nagy
77685,Larry,Nance,2/12/1959,Clemson,USA,82,77685,FALSE,TRUE,FALSE,1981,1,20,Larry Nance
77686,Paul,Napolitano,2/3/1923,San Francisco,USA,74,77686,FALSE,FALSE,FALSE,-22,-22,-22,Paul Napolitano
77687,Charles,Nash,7/24/1942,Kentucky,USA,77,215,FALSE,TRUE,FALSE,1964,2,12,Charles Nash
77688,Bob,Nash,8/24/1950,Hawaii,USA,80,195,FALSE,TRUE,FALSE,1972,1,9,Bob Nash
77689,Swen,Nater,1/14/1950,UCLA,USA,83,240,FALSE,FALSE,TRUE,1973,1,16,Swen Nater
77690,Howard,Nathan,1/21/1972,Louisiana-Monroe,USA,71,175,TRUE,FALSE,FALSE,-1,-1,-1,Howard Nathan
77691,Calvin,Natt,1/8/1957,Louisiana-Monroe,USA,78,77691,FALSE,TRUE,FALSE,1979,1,8,Calvin Natt
77692,Kenny,Natt,10/5/1958,Louisiana-Monroe,USA,75,185,TRUE,FALSE,FALSE,1980,2,30,Kenny Natt
77693,Willie,Naulls,10/7/1934,UCLA,USA,78,225,FALSE,TRUE,FALSE,1956,,,Willie Naulls
77694,Craig,Neal,2/16/1964,Georgia Tech,USA,77,165,TRUE,FALSE,FALSE,1988,3,71,Craig Neal
77695,Jim,Neal,5/21/1930,Wofford,USA,83,235,FALSE,FALSE,TRUE,1953,1,6,Jim Neal
77696,Lloyd,Neal,12/10/1950,Tennessee State,USA,79,77696,FALSE,TRUE,FALSE,1972,3,31,Lloyd Neal
77697,Ed,Nealy,2/19/1960,Kansas State,USA,79,238,FALSE,TRUE,FALSE,1982,8,166,Ed Nealy
77698,Al,Negratti,6/12/1921,Seton Hall,USA,75,200,FALSE,TRUE,FALSE,-1,-1,-1,Al Negratti
77699,Barry,Nelson,9/19/1949,Duquesne,USA,82,77699,FALSE,FALSE,TRUE,1971,5,85,Barry Nelson
77700,Don,Nelson,5/15/1940,Iowa,USA,78,210,FALSE,TRUE,FALSE,1962,3,17,Don Nelson
77701,Louie,Nelson,5/28/1951,Washington,USA,75,190,TRUE,FALSE,FALSE,1973,2,19,Louie Nelson
77704,Martin,Nessley,2/16/1965,Duke,USA,86,260,FALSE,TRUE,FALSE,1987,6,116,Martin Nessley
77705,Johnny,Neumann,9/11/1951,Mississippi,USA,78,200,TRUE,FALSE,FALSE,1973,6,98,Johnny Neumann
77706,Paul,Neumann,1/30/1938,Stanford,USA,73,175,TRUE,FALSE,FALSE,1959,4,27,Paul Neumann
77707,Chuck,Nevitt,6/13/1959,North Carolina State,USA,89,77707,FALSE,FALSE,TRUE,1982,3,63,Chuck Nevitt
77710,Mike,Newlin,1/2/1949,Utah,USA,76,77710,TRUE,FALSE,FALSE,1971,2,24,Mike Newlin
77712,Dave,Newmark,9/11/1946,Columbia,USA,84,240,FALSE,FALSE,TRUE,1968,3,31,Dave Newmark
77713,Jack,Nichols,4/9/1926,Washington,USA,79,222,FALSE,FALSE,TRUE,1948,1,12,Jack Nichols
77715,Carl,Nicks,10/6/1958,Indiana State,USA,73,175,TRUE,FALSE,FALSE,1980,1,23,Carl Nicks
77716,Rich,Niemann,7/2/1946,St. Louis,USA,84,77716,FALSE,FALSE,TRUE,1968,4,42,Rich Niemann
77717,John,Niemiera,5/26/1921,Notre Dame,USA,73,165,TRUE,FALSE,FALSE,-1,-1,-1,John Niemiera
77718,Mike,Niles,3/31/1955,California State-Fullerton,USA,78,225,FALSE,TRUE,FALSE,1979,4,83,Mike Niles
77719,Kurt,Nimphius,3/13/1958,Arizona State,USA,82,218,FALSE,FALSE,TRUE,1980,3,47,Kurt Nimphius
77720,Dyron,Nix,2/11/1967,Tennessee,USA,79,210,TRUE,FALSE,FALSE,1989,2,29,Dyron Nix
77721,Norm,Nixon,10/11/1955,Duquesne,USA,74,170,TRUE,FALSE,FALSE,1977,1,22,Norm Nixon
77722,Chuck,Noble,7/24/1931,Louisville,USA,76,190,TRUE,FALSE,FALSE,1954,4,30,Chuck Noble
77723,Paul,Noel,8/4/1924,Kentucky,USA,76,185,FALSE,TRUE,FALSE,-1,-1,-1,Paul Noel
77724,Jim,Nolan,6/9/1927,Georgia Tech,USA,80,210,FALSE,FALSE,TRUE,1949,2,,Jim Nolan
77725,Paul,Nolen,9/3/1929,Texas Tech,USA,82,,FALSE,FALSE,TRUE,1953,,,Paul Nolen
77727,Robert,Nordmann,12/11/1939,St. Louis,USA,82,225,FALSE,FALSE,TRUE,1961,3,25,Robert Nordmann
77728,Johnny,Norlander,3/5/1921,Hamline,USA,75,180,FALSE,TRUE,FALSE,-1,-1,-1,Johnny Norlander
77729,Connie,Norman,9/24/1953,Arizona,USA,75,175,TRUE,FALSE,FALSE,1974,3,37,Connie Norman
77731,Audie,Norris,12/18/1960,Jackson State,USA,81,230,FALSE,FALSE,TRUE,1982,2,37,Audie Norris
77732,Sylvester,Norris,2/18/1957,Jackson State,USA,83,220,FALSE,FALSE,TRUE,1979,3,63,Sylvester Norris
77733,Willie,Norwood,8/8/1947,Alcorn State,USA,79,77733,FALSE,TRUE,FALSE,1969,2,19,Willie Norwood
77734,George,Nostrand,1/25/1924,Wyoming,USA,80,195,FALSE,FALSE,TRUE,-1,-1,-1,George Nostrand
77735,Stan,Noszka,9/19/1920,Duquesne,USA,73,185,TRUE,FALSE,FALSE,-1,-1,-1,Stan Noszka
77736,Mike,Novak,4/23/1915,Loyola-Chicago,USA,81,219,FALSE,FALSE,TRUE,-1,-1,-1,Mike Novak
77737,Mel,Nowell,12/27/1939,Ohio State,USA,74,170,TRUE,FALSE,FALSE,1962,12,90,Mel Nowell
77738,Dennis,Nutt,3/25/1963,TCU,USA,74,170,TRUE,FALSE,FALSE,-1,-1,-1,Dennis Nutt
77741,Ed,O'Bannon,,,,,,,,,,,,Ed O'Bannon
77742,John,O'Boyle,3/7/1928,Colorado State,USA,74,185,TRUE,FALSE,FALSE,-1,-1,-1,John O'Boyle
77743,Buckshot,O'Brien,4/28/1928,Butler,USA,,,,,,1950,6,,Buckshot O'Brien
77744,Bob,O'Brien,1/26/1927,Pepperdine,USA,76,190,FALSE,TRUE,FALSE,-1,-1,-1,Bob O'Brien
77745,Dermie,O'Connell,4/13/1928,Holy Cross,USA,72,174,TRUE,FALSE,FALSE,-1,-1,-1,Dermie O'Connell
77746,Andy,O'Donnell,3/10/1925,Loyola-Maryland,USA,73,180,TRUE,FALSE,FALSE,-1,-1,-1,Andy O'Donnell
77747,Carlos,Ogden,12/29/1946,Santa Clara,USA,78,215,FALSE,TRUE,FALSE,1969,1,13,Carlos Ogden
77748,Ralph,Ogden,1/25/1948,Santa Clara,USA,77,205,FALSE,TRUE,FALSE,1970,4,53,Ralph Ogden
77750,Francis,O'Grady,1/19/1920,Georgetown,USA,71,160,TRUE,FALSE,FALSE,-1,-1,-1,Francis O'Grady
77751,Don,Ohl,4/18/1936,Illinois,USA,75,190,TRUE,FALSE,FALSE,1958,5,36,Don Ohl
77752,Dick,O'Keefe,9/29/1923,Santa Clara,USA,74,77752,FALSE,FALSE,FALSE,1947,1,9,Dick O'Keefe
77753,Tommy,O'Keefe,7/16/1926,Georgetown,USA,74,185,TRUE,FALSE,FALSE,1950,4,,Tommy O'Keefe
77754,Mike,O'Koren,2/7/1958,North Carolina,USA,79,207,FALSE,TRUE,FALSE,1980,1,6,Mike O'Koren
77756,Mark,Olberding,4/21/1956,Minnesota,USA,80,225,FALSE,TRUE,FALSE,-1,-1,-1,Mark Olberding
77757,Jawann,Oldham,7/4/1957,Seattle,USA,84,215,FALSE,FALSE,TRUE,1980,2,41,Jawann Oldham
77758,Johnny,Oldham,6/22/1923,Western Kentucky,USA,75,175,TRUE,FALSE,FALSE,1949,2,,Johnny Oldham
77759,Frank,Oleynick,2/20/1955,Seattle,USA,74,77759,TRUE,FALSE,FALSE,1975,1,12,Frank Oleynick
77760,John,Olive,3/1/1955,Villanova,USA,79,210,FALSE,TRUE,FALSE,1977,8,168,John Olive
77764,Gene,Ollrich,6/30/1922,Drake,USA,71,160,TRUE,FALSE,FALSE,-1,-1,-1,Gene Ollrich
77765,Enoch,Olsen,7/25/1940,Louisville,USA,80,220,FALSE,TRUE,FALSE,1962,2,13,Enoch Olsen
77766,Grady,O'Malley,4/25/1948,Manhattan,USA,77,77766,FALSE,TRUE,FALSE,1969,1,214,Grady O'Malley
77767,Mike,O'Neill,4/10/1905,California,USA,75,210,FALSE,TRUE,FALSE,-1,-1,-1,Mike O'Neill
77768,Barry,Orms,5/1/1946,St. Louis,USA,75,190,TRUE,FALSE,FALSE,1968,8,96,Barry Orms
77769,Johnny,Orr,6/10/1927,Beloit,USA,75,77769,FALSE,FALSE,FALSE,-22,-22,-22,Johnny Orr
77770,Louis,Orr,5/7/1958,Syracuse,USA,80,175,FALSE,TRUE,FALSE,1980,2,29,Louis Orr
77771,Jose,Ortiz,10/25/1963,Oregon State,USA,82,225,FALSE,TRUE,FALSE,1987,1,15,Jose Ortiz
77772,Chuck,Osborne,1/21/1939,Western Kentucky,USA,78,77772,FALSE,TRUE,FALSE,1961,3,28,Chuck Osborne
77773,Kevin,O'Shea,7/10/1925,Notre Dame,USA,74,77773,FALSE,FALSE,FALSE,1950,1,10,Kevin O'Shea
77774,Garland,O'Shields,5/23/1921,Tennessee,USA,73,195,TRUE,FALSE,FALSE,-1,-1,-1,Garland O'Shields
77775,Wally,Osterkorn,7/6/1928,Illinois,USA,77,215,FALSE,TRUE,FALSE,1950,2,,Wally Osterkorn
77776,Dan,O'Sullivan,3/3/1968,Fordham,USA,82,250,,,,-1,-1,-1,Dan O'Sullivan
77777,Matt,Othick,3/16/1969,Arizona,USA,74,165,TRUE,FALSE,FALSE,-1,-1,-1,Matt Othick
77778,Don,Otten,4/18/1921,Bowling Green,USA,82,240,FALSE,FALSE,TRUE,-1,-1,-1,Don Otten
77779,Mac,Otten,12/16/1925,Bowling Green,USA,79,220,FALSE,TRUE,FALSE,1949,3,,Mac Otten
77780,Claude,Overton,12/16/1927,East Central,USA,74,195,TRUE,FALSE,FALSE,1950,5,,Claude Overton
77782,Eddie,Owens,12/26/1953,UNLV,USA,79,210,FALSE,TRUE,FALSE,1977,2,31,Eddie Owens
77783,James,Owens,9/2/1925,Baylor,USA,75,185,TRUE,FALSE,FALSE,-1,-1,-1,James Owens
77784,Jim,Owens,5/1/1950,Arizona State,USA,77,200,FALSE,TRUE,FALSE,1973,8,128,Jim Owens
77785,Keith,Owens,5/31/1969,UCLA,USA,79,225,FALSE,TRUE,FALSE,-1,-1,-1,Keith Owens
77786,Tom,Owens,6/28/1949,South Carolina,USA,82,215,FALSE,FALSE,TRUE,1971,4,58,Tom Owens
77788,Joe,Pace,12/18/1953,Coppin State,USA,82,220,FALSE,FALSE,TRUE,1976,2,31,Joe Pace
77789,Gerald,Paddio,4/21/1965,UNLV,USA,79,205,FALSE,TRUE,FALSE,1988,3,74,Gerald Paddio
77790,Fred,Paine,12/7/1925,Westminster,USA,77,210,FALSE,TRUE,FALSE,-1,-1,-1,Fred Paine
77791,Togo,Palazzi,8/8/1932,Holy Cross,USA,76,205,FALSE,TRUE,FALSE,1954,1,5,Togo Palazzi
77792,Jim,Palmer,6/8/1933,Dayton,USA,80,224,FALSE,TRUE,FALSE,1957,2,12,Jim Palmer
77793,John,Palmer,9/14/1921,Princeton,USA,76,180,FALSE,TRUE,FALSE,-1,-1,-1,John Palmer
77794,Walter,Palmer,10/23/1968,Dartmouth,USA,85,215,FALSE,FALSE,TRUE,1990,2,33,Walter Palmer
77797,Estes,Parham,12/27/1921,Texas Wesleyan,USA,75,200,FALSE,TRUE,FALSE,1948,,,Estes Parham
77799,Medford,Park,4/11/1933,Missouri,USA,74,205,TRUE,FALSE,FALSE,-1,-1,-1,Medford Park
77800,Sonny,Parker,3/22/1955,Texas A&M,USA,78,200,FALSE,TRUE,FALSE,1976,1,17,Sonny Parker
77801,Jack,Parkinson,3/4/1924,Kentucky,USA,72,174,TRUE,FALSE,FALSE,1948,,,Jack Parkinson
77802,Jack,Parr,3/13/1936,Kansas State,USA,81,220,FALSE,FALSE,TRUE,1958,10,70,Jack Parr
77803,Doyle,Parrack,12/6/1921,Oklahoma State,USA,72,165,FALSE,TRUE,FALSE,-1,-1,-1,Doyle Parrack
77804,Charlie,Parsley,10/13/1925,Western Kentucky,USA,74,175,TRUE,FALSE,FALSE,-1,-1,-1,Charlie Parsley
77806,Marty,Passaglia,4/22/1919,Santa Clara,USA,72,170,TRUE,FALSE,FALSE,-1,-1,-1,Marty Passaglia
77807,George A.,Pastushok,4/6/1905,St. John's (NY),USA,,,,,,-1,-1,-1,George A. Pastushok
77808,Myles,Patrick,11/16/1954,Auburn,USA,80,220,FALSE,TRUE,FALSE,-1,-1,-1,Myles Patrick
77809,Stan,Patrick,5/5/1922,Illinois,USA,74,185,FALSE,TRUE,FALSE,-1,-1,-1,Stan Patrick
77811,George,Patterson,11/26/1939,Toledo,USA,79,230,FALSE,FALSE,TRUE,1961,12,100,George Patterson
77812,Steve,Patterson,6/24/1948,UCLA,USA,81,77812,FALSE,FALSE,TRUE,1971,2,18,Steve Patterson
77813,Tommy,Patterson,10/15/1948,Ouachita Baptist,USA,78,220,FALSE,TRUE,FALSE,1972,2,25,Tommy Patterson
77814,Worthy,Patterson,6/17/1931,Connecticut,USA,74,175,TRUE,FALSE,FALSE,-1,-1,-1,Worthy Patterson
77815,Charlie,Paulk,6/14/1946,Northeastern State,USA,80,219,FALSE,TRUE,FALSE,1968,1,7,Charlie Paulk
77816,Jerry,Paulson,7/21/1935,Manhattan,USA,74,185,TRUE,FALSE,FALSE,1957,3,17,Jerry Paulson
77817,Billy,Paultz,7/30/1948,St. John's (NY),USA,83,235,FALSE,FALSE,TRUE,1970,7,103,Billy Paultz
77818,Jim,Paxson,12/19/1932,Dayton,USA,78,200,TRUE,FALSE,FALSE,1956,1,3,Jim Paxson
77819,Jim,Paxson,7/9/1957,Dayton,USA,78,200,TRUE,FALSE,FALSE,1979,1,12,Jim Paxson
77820,John,Paxson,9/29/1960,Notre Dame,USA,74,185,TRUE,FALSE,FALSE,1983,1,19,John Paxson
77821,Johnny,Payak,11/20/1926,Bowling Green,USA,76,174,TRUE,FALSE,FALSE,-1,-1,-1,Johnny Payak
77822,Kenny,Payne,11/25/1966,Louisville,USA,80,195,FALSE,TRUE,FALSE,1989,1,19,Kenny Payne
77823,Tom,Payne,11/19/1950,Kentucky,USA,86,240,FALSE,FALSE,TRUE,-1,-1,-1,Tom Payne
77824,Mel,Payton,7/16/1926,Tulane,USA,76,185,TRUE,FALSE,FALSE,1951,2,18,Mel Payton
77825,George,Pearcy,7/2/1919,Indiana State,USA,73,165,TRUE,FALSE,FALSE,-1,-1,-1,George Pearcy
77826,Henry,Pearcy,7/21/1922,Indiana State,USA,73,170,TRUE,FALSE,FALSE,-1,-1,-1,Henry Pearcy
77827,Wiley,Peck,9/15/1957,Mississippi State,USA,79,220,TRUE,FALSE,FALSE,1979,1,19,Wiley Peck
77828,Jake,Pelkington,1/3/1916,Manhattan,USA,78,220,FALSE,FALSE,TRUE,-1,-1,-1,Jake Pelkington
77829,Sam,Pellom,10/2/1951,Buffalo State,USA,81,225,FALSE,TRUE,FALSE,-1,-1,-1,Sam Pellom
77834,Warren,Perkins,2/2/1924,Tulane,USA,75,190,TRUE,FALSE,FALSE,1949,4,,Warren Perkins
77835,Curtis,Perry,9/13/1948,Missouri State,USA,79,77835,FALSE,TRUE,FALSE,1970,3,35,Curtis Perry
77839,Jim,Petersen,2/22/1962,Minnesota,USA,82,235,FALSE,TRUE,FALSE,1984,3,51,Jim Petersen
77840,Loy,Petersen,7/26/1945,Oregon State,USA,77,77840,TRUE,FALSE,FALSE,1968,2,17,Loy Petersen
77841,Ed,Peterson,6/27/1924,Cornell,USA,81,220,FALSE,FALSE,TRUE,1948,,,Ed Peterson
77842,Mel,Peterson,3/23/1938,Wheaton,USA,76,185,TRUE,FALSE,FALSE,1960,11,78,Mel Peterson
77843,Bob,Peterson,1/25/1932,Oregon,USA,77,210,FALSE,TRUE,FALSE,1953,,,Bob Peterson
77844,Geoff,Petrie,4/17/1948,Princeton,USA,76,190,TRUE,FALSE,FALSE,1970,1,8,Geoff Petrie
77845,Drazen,Petrovic,10/22/1964,Real Madrid,Croatia,77,195,TRUE,FALSE,FALSE,1986,3,60,Drazen Petrovic
77846,Richard,Petruska,1/25/1969,UCLA,USA,82,260,FALSE,FALSE,TRUE,1993,2,46,Richard Petruska
77847,Bob,Pettit,12/12/1932,Louisiana State,USA,81,205,FALSE,TRUE,FALSE,1954,1,2,Bob Pettit
77848,Roger,Phegley,10/16/1956,Bradley,USA,78,205,TRUE,FALSE,FALSE,1978,1,14,Roger Phegley
77849,Jim,Phelan,3/19/1929,La Salle,USA,73,175,TRUE,FALSE,FALSE,1951,8,77,Jim Phelan
77850,Jack,Phelan,11/6/1925,DePaul,USA,77,195,FALSE,TRUE,FALSE,-1,-1,-1,Jack Phelan
77852,Mike,Phelps,10/3/1961,Alcorn State,USA,76,180,TRUE,FALSE,FALSE,1985,7,144,Mike Phelps
77853,Andy,Phillip,3/7/1922,Illinois,USA,75,77853,TRUE,FALSE,FALSE,-22,-22,-22,Andy Phillip
77854,Eddie,Phillips,9/29/1961,Alabama,USA,79,225,FALSE,TRUE,FALSE,1982,1,21,Eddie Phillips
77855,Gary,Phillips,12/7/1939,Houston,USA,75,189,TRUE,FALSE,FALSE,1961,1,9,Gary Phillips
77858,Stan,Pietkiewicz,7/14/1956,Auburn,USA,77,200,TRUE,FALSE,FALSE,1978,7,133,Stan Pietkiewicz
77859,John,Pilch,7/11/1925,Wyoming,USA,75,185,FALSE,TRUE,FALSE,1950,2,,John Pilch
77861,John,Pinone,2/19/1961,Villanova,USA,80,77861,FALSE,TRUE,FALSE,1983,3,58,John Pinone
77862,Dave,Piontek,8/27/1934,Xavier,USA,78,230,FALSE,TRUE,FALSE,1956,,,Dave Piontek
77863,Tom,Piotrowski,10/17/1960,La Salle,USA,85,240,FALSE,FALSE,TRUE,1983,3,62,Tom Piotrowski
77864,Charlie,Pittman,3/23/1958,Maryland,USA,80,220,FALSE,TRUE,FALSE,1982,3,61,Charlie Pittman
77865,Gary,Plummer,2/21/1962,Boston University,USA,81,215,FALSE,TRUE,FALSE,1984,2,45,Gary Plummer
77866,Dwayne,Polee,3/2/1963,Pepperdine,USA,77,180,FALSE,TRUE,FALSE,1986,3,54,Dwayne Polee
77867,Jim,Pollard,7/9/1922,Stanford,USA,75,77867,FALSE,TRUE,FALSE,-22,-22,-22,Jim Pollard
77868,Ralph,Polson,10/26/1929,Whitworth,USA,79,77868,FALSE,TRUE,FALSE,1952,1,5,Ralph Polson
77869,Cliff,Pondexter,9/15/1954,Long Beach State,USA,81,233,FALSE,TRUE,FALSE,1974,1,16,Cliff Pondexter
77870,David,Pope,4/15/1962,Norfolk State,USA,79,220,FALSE,TRUE,FALSE,1984,3,62,David Pope
77872,Dave,Popson,5/17/1964,North Carolina,USA,82,220,FALSE,FALSE,TRUE,1987,4,88,Dave Popson
77873,Ben,Poquette,5/7/1955,Central Michigan,USA,81,235,FALSE,TRUE,FALSE,1977,2,36,Ben Poquette
77875,Howard,Porter,8/31/1948,Villanova,USA,80,220,FALSE,TRUE,FALSE,1971,2,32,Howard Porter
77876,Kevin,Porter,4/17/1950,St. Francis (PA),USA,72,170,TRUE,FALSE,FALSE,1972,3,39,Kevin Porter
77878,Bob,Portman,3/22/1947,Creighton,USA,77,200,FALSE,TRUE,FALSE,1969,1,7,Bob Portman
77879,Paul,Pressey,12/24/1958,Tulsa,USA,77,185,TRUE,FALSE,FALSE,1982,1,20,Paul Pressey
77880,Dominic,Pressley,5/30/1964,Boston College,USA,74,77880,TRUE,FALSE,FALSE,1986,5,99,Dominic Pressley
77881,Harold,Pressley,7/14/1963,Villanova,USA,79,210,FALSE,TRUE,FALSE,1986,1,17,Harold Pressley
77882,Tony,Price,1/5/1957,Pennsylvania,USA,78,190,TRUE,FALSE,FALSE,1979,2,29,Tony Price
77883,Jim,Price,11/27/1949,Louisville,USA,75,77883,TRUE,FALSE,FALSE,1972,2,16,Jim Price
77884,Mike,Price,9/11/1948,Illinois,USA,75,77884,TRUE,FALSE,FALSE,1970,1,17,Mike Price
77886,Bob,Priddy,3/24/1930,New Mexico State,USA,75,77886,FALSE,FALSE,FALSE,-22,-22,-22,Bob Priddy
77887,John,Pritchard,1/23/1927,Drake,USA,81,220,FALSE,FALSE,TRUE,1949,7,,John Pritchard
77888,Les,Pugh,9/18/1923,Ohio State,USA,79,190,FALSE,FALSE,TRUE,-1,-1,-1,Les Pugh
77889,Roy,Pugh,3/21/1923,Southern Methodist,USA,,,,,,1948,,,Roy Pugh
77890,Anthony,Pullard,6/23/1966,McNeese State,USA,82,245,FALSE,TRUE,FALSE,-1,-1,-1,Anthony Pullard
77891,Don,Putman,11/13/1922,Denver,USA,73,77891,FALSE,FALSE,FALSE,-22,-22,-22,Don Putman
77892,Bob,Quick,3/5/1946,Xavier,USA,77,77892,FALSE,TRUE,FALSE,1968,2,18,Bob Quick
77893,Brian,Quinnett,5/30/1966,Washington State,USA,80,235,TRUE,FALSE,FALSE,1989,2,50,Brian Quinnett
77894,Luke,Rackley,6/11/1946,Xavier,USA,82,220,FALSE,FALSE,TRUE,1969,3,37,Luke Rackley
77895,Howie,Rader,3/29/1921,Long Island-Brooklyn,USA,73,190,TRUE,FALSE,FALSE,-1,-1,-1,Howie Rader
77896,Mark,Radford,7/5/1959,Oregon State,USA,76,190,TRUE,FALSE,FALSE,1981,3,53,Mark Radford
77897,Wayne,Radford,5/29/1956,Indiana,USA,75,205,TRUE,FALSE,FALSE,1978,2,27,Wayne Radford
77899,Frank,Radovich,3/3/1938,Indiana,USA,80,235,FALSE,TRUE,FALSE,1960,2,14,Frank Radovich
77900,Moe,Radovich,5/5/1929,Wyoming,USA,72,160,TRUE,FALSE,FALSE,1952,,,Moe Radovich
77901,Ray,Radziszewski,3/1/1935,St. Joseph's (PA),USA,77,77901,FALSE,TRUE,FALSE,1957,4,30,Ray Radziszewski
77902,Ray,Ragelis,12/10/1928,Northwestern,USA,76,205,FALSE,TRUE,FALSE,1951,2,17,Ray Ragelis
77903,Sherwin,Raiken,10/29/1928,Villanova,USA,74,185,TRUE,FALSE,FALSE,-1,-1,-1,Sherwin Raiken
77904,Ed,Rains,12/24/1956,South Alabama,USA,79,190,FALSE,TRUE,FALSE,1981,2,30,Ed Rains
77905,Kurt,Rambis,2/25/1958,Santa Clara,USA,80,213,FALSE,TRUE,FALSE,1980,3,58,Kurt Rambis
77906,Cal,Ramsey,7/13/1937,New York University,USA,76,200,FALSE,TRUE,FALSE,1959,2,13,Cal Ramsey
77907,Frank,Ramsey,7/13/1931,Kentucky,USA,75,190,FALSE,TRUE,FALSE,1953,1,5,Frank Ramsey
77908,Ray,Ramsey,7/18/1921,Bradley,USA,74,165,TRUE,FALSE,FALSE,-1,-1,-1,Ray Ramsey
77910,Wally,Rank,3/1/1958,San Jose State,USA,78,220,FALSE,TRUE,FALSE,1980,5,99,Wally Rank
77911,Kelvin,Ransey,5/3/1958,Ohio State,USA,74,170,TRUE,FALSE,FALSE,1980,1,4,Kelvin Ransey
77912,Sam,Ranzino,6/21/1927,North Carolina State,USA,73,185,TRUE,FALSE,FALSE,1951,1,8,Sam Ranzino
77913,George,Ratkovicz,11/13/1922,Lindblom HS (IL),USA,79,77913,FALSE,TRUE,FALSE,-22,-22,-22,George Ratkovicz
77914,Ed,Ratleff,3/29/1950,Long Beach State,USA,78,195,TRUE,FALSE,FALSE,1973,1,6,Ed Ratleff
77915,Mike,Ratliff,6/7/1951,Wisconsin-Eau Claire,USA,82,230,FALSE,FALSE,TRUE,1972,2,28,Mike Ratliff
77916,Leo,Rautins,3/20/1960,Syracuse,USA,80,215,FALSE,TRUE,FALSE,1983,1,17,Leo Rautins
77917,Clifford,Ray,1/21/1949,Oklahoma,USA,81,230,FALSE,FALSE,TRUE,1971,3,40,Clifford Ray
77918,Don,Ray,7/8/1921,Western Kentucky,USA,77,190,FALSE,TRUE,FALSE,1948,1,11,Don Ray
77919,Jim,Ray,1/12/1934,Toledo,USA,72,180,TRUE,FALSE,FALSE,1956,,,Jim Ray
77920,Jamesearl,Ray,7/27/1957,Jacksonville,USA,80,215,FALSE,TRUE,FALSE,1980,1,5,Jamesearl Ray
77921,Craig,Raymond,4/5/1945,Brigham Young,USA,83,235,FALSE,FALSE,TRUE,1967,1,12,Craig Raymond
77922,Connie,Rea,1/27/1935,Centenary-Louisiana,USA,75,175,TRUE,FALSE,FALSE,1953,,,Connie Rea
77923,Joe,Reaves,5/27/1950,Bethel,USA,77,210,FALSE,TRUE,FALSE,1973,3,42,Joe Reaves
77925,Frank,Reddout,4/14/1905,Syracuse,USA,77,195,FALSE,TRUE,FALSE,1953,,,Frank Reddout
77926,Marlon,Redmond,4/15/1955,San Francisco,USA,78,188,TRUE,FALSE,FALSE,1977,3,60,Marlon Redmond
77927,Hub,Reed,10/4/1936,Oklahoma City,USA,81,77927,FALSE,FALSE,TRUE,1958,2,14,Hub Reed
77928,Ron,Reed,11/2/1942,Notre Dame,USA,77,205,FALSE,TRUE,FALSE,1965,3,20,Ron Reed
77929,Willis,Reed,6/25/1942,Grambling,USA,82,235,FALSE,FALSE,TRUE,1964,2,8,Willis Reed
77932,Richie,Regan,11/30/1930,Seton Hall,USA,74,77932,TRUE,FALSE,FALSE,1953,1,4,Richie Regan
77933,Don,Rehfeldt,1/7/1927,Wisconsin,USA,78,210,FALSE,TRUE,FALSE,1950,1,2,Don Rehfeldt
77935,Jim,Reid,8/3/1945,Winston-Salem State,USA,78,77935,FALSE,FALSE,TRUE,-22,-22,-22,Jim Reid
77936,Robert,Reid,8/30/1955,St. Mary's (TX),USA,80,205,FALSE,TRUE,FALSE,1977,2,40,Robert Reid
77937,Billy,Reid,9/10/1957,San Francisco,USA,77,190,TRUE,FALSE,FALSE,1980,9,182,Billy Reid
77938,Joseph,Reiser,12/17/1914,New York University,USA,71,165,TRUE,FALSE,FALSE,1947,,,Joseph Reiser
77939,Richard,Rellford,2/16/1964,Michigan,USA,78,230,FALSE,TRUE,FALSE,1986,5,95,Richard Rellford
77941,John,Rennicke,8/11/1929,Drake,USA,74,185,TRUE,FALSE,FALSE,1951,6,51,John Rennicke
77942,Rob,Rensberger,3/7/1921,Notre Dame,USA,74,77942,FALSE,FALSE,FALSE,-22,-22,-22,Rob Rensberger
77944,Kevin,Restani,12/23/1951,San Francisco,USA,81,225,FALSE,TRUE,FALSE,1974,3,39,Kevin Restani
77945,George,Reynolds,11/23/1947,Houston,USA,76,195,TRUE,FALSE,FALSE,1969,9,117,George Reynolds
77946,Jerry,Reynolds,12/23/1962,Louisiana State,USA,80,200,TRUE,FALSE,FALSE,1985,1,22,Jerry Reynolds
77947,Gene,Rhodes,9/2/1927,Western Kentucky,USA,73,77947,FALSE,FALSE,FALSE,-22,-22,-22,Gene Rhodes
77950,Clint,Richardson,8/7/1956,Seattle,USA,75,77950,TRUE,FALSE,FALSE,1979,2,36,Clint Richardson
77952,Micheal Ray,Richardson,4/11/1955,Montana,USA,77,189,TRUE,FALSE,FALSE,1978,1,4,Micheal Ray Richardson
77954,John,Richter,3/12/1937,North Carolina State,USA,81,225,FALSE,TRUE,FALSE,1959,1,6,John Richter
77955,Dick,Ricketts,12/4/1933,Duquesne,USA,79,215,FALSE,TRUE,FALSE,1955,1,1,Dick Ricketts
77957,Jackie,Ridgle,2/13/1948,California,USA,76,195,TRUE,FALSE,FALSE,1971,3,41,Jackie Ridgle
77958,Mel,Riebe,7/12/1916,Wooster,USA,71,77958,FALSE,FALSE,FALSE,-22,-22,-22,Mel Riebe
77959,Jim,Riffey,12/14/1923,Tulane,USA,76,77959,FALSE,TRUE,FALSE,-22,-22,-22,Jim Riffey
77960,Tom,Riker,2/28/1950,South Carolina,USA,82,225,FALSE,TRUE,FALSE,1972,1,8,Tom Riker
77962,Pat,Riley,3/20/1945,Kentucky,USA,76,205,TRUE,FALSE,FALSE,1967,1,7,Pat Riley
77963,Bob,Riley,7/6/1948,Mount St. Mary's,USA,81,77963,FALSE,TRUE,FALSE,1970,5,82,Bob Riley
77964,Ron,Riley,11/11/1950,Southern California,USA,80,195,FALSE,TRUE,FALSE,1972,3,38,Ron Riley
77965,Rich,Rinaldi,8/3/1949,St. Peter's,USA,75,77965,TRUE,FALSE,FALSE,1971,3,43,Rich Rinaldi
77966,Mike,Riordan,7/9/1945,Providence,USA,76,200,FALSE,TRUE,FALSE,1967,12,128,Mike Riordan
77967,Arnie,Risen,10/9/1924,Ohio State,USA,81,200,FALSE,FALSE,TRUE,-1,-1,-1,Arnie Risen
77968,Goebel,Ritter,2/26/1924,Eastern Kentucky,USA,74,77968,TRUE,FALSE,FALSE,-22,-22,-22,Goebel Ritter
77969,Ramon,Rivas,6/3/1966,Temple,Puerto Rico,82,260,FALSE,TRUE,FALSE,-1,-1,-1,Ramon Rivas
77970,David,Rivers,1/20/1965,Notre Dame,USA,72,77970,TRUE,FALSE,FALSE,1988,1,25,David Rivers
77972,Lee,Robbins,2/11/1922,Colorado,USA,75,175,FALSE,TRUE,FALSE,-1,-1,-1,Lee Robbins
77973,Rick,Roberson,7/7/1947,Cincinnati,USA,81,231,FALSE,FALSE,TRUE,1969,1,15,Rick Roberson
77975,Anthony,Roberts,4/15/1955,Oral Roberts,USA,77,185,FALSE,TRUE,FALSE,1977,1,21,Anthony Roberts
77977,Joe,Roberts,5/18/1936,Ohio State,USA,78,214,FALSE,TRUE,FALSE,1960,3,21,Joe Roberts
77978,Marv,Roberts,1/29/1950,Utah State,USA,80,77978,FALSE,TRUE,FALSE,1971,3,45,Marv Roberts
77979,Bill,Roberts,4/8/1905,Wyoming,USA,,,,,,-1,-1,-1,Bill Roberts
77983,Tony,Robertson,1/1/1956,West Virginia,USA,76,195,TRUE,FALSE,FALSE,1977,4,88,Tony Robertson
77984,Rick,Robey,1/30/1956,Kentucky,USA,83,230,FALSE,FALSE,TRUE,1978,1,3,Rick Robey
77986,Cliff T.,Robinson,3/13/1960,Southern California,USA,81,220,FALSE,TRUE,FALSE,1979,1,11,Cliff T. Robinson
77988,Flynn,Robinson,4/28/1941,Wyoming,USA,73,185,TRUE,FALSE,FALSE,1965,2,15,Flynn Robinson
77989,Jackie,Robinson,5/20/1955,UNLV,USA,78,210,FALSE,TRUE,FALSE,1978,4,67,Jackie Robinson
77993,Truck,Robinson,10/4/1951,Tennessee State,USA,79,225,FALSE,TRUE,FALSE,1974,2,22,Truck Robinson
77994,Oliver,Robinson,3/13/1960,Alabama-Birmingham,USA,76,180,TRUE,FALSE,FALSE,1982,2,24,Oliver Robinson
77996,Wayne,Robinson,4/19/1958,Virginia Tech,USA,80,217,FALSE,TRUE,FALSE,1980,2,31,Wayne Robinson
77997,Bill,Robinzine,1/20/1953,DePaul,USA,79,230,FALSE,TRUE,FALSE,1975,1,10,Bill Robinzine
77998,Dave,Robisch,12/22/1949,Kansas,USA,82,235,FALSE,FALSE,TRUE,1971,3,44,Dave Robisch
77999,Red,Rocha,9/18/1923,Oregon State,USA,81,185,FALSE,FALSE,TRUE,1947,,,Red Rocha
78000,John,Roche,9/26/1949,South Carolina,USA,75,170,TRUE,FALSE,FALSE,1971,1,14,John Roche
78001,Gene,Rock,11/4/1921,Southern California,USA,69,155,TRUE,FALSE,FALSE,-1,-1,-1,Gene Rock
78002,Jack,Rocker,8/12/1922,California,USA,77,78002,FALSE,FALSE,TRUE,-22,-22,-22,Jack Rocker
78003,Guy,Rodgers,9/1/1935,Temple,USA,72,78003,TRUE,FALSE,FALSE,-22,-22,-22,Guy Rodgers
78007,Johnny,Rogers,12/30/1963,California-Irvine,USA,82,225,FALSE,TRUE,FALSE,1986,2,34,Johnny Rogers
78008,Marshall,Rogers,8/27/1953,Texas-Pan American,USA,73,190,TRUE,FALSE,FALSE,1976,2,34,Marshall Rogers
78010,Al,Roges,10/25/1930,Long Island-Brooklyn,USA,76,195,FALSE,TRUE,FALSE,-1,-1,-1,Al Roges
78011,Ken,Rohloff,4/18/1939,North Carolina State,USA,72,195,TRUE,FALSE,FALSE,1963,7,59,Ken Rohloff
78012,Kenny,Rollins,9/14/1923,Kentucky,USA,72,168,TRUE,FALSE,FALSE,1948,,,Kenny Rollins
78013,Phil,Rollins,1/19/1934,Louisville,USA,74,185,TRUE,FALSE,FALSE,1956,,,Phil Rollins
78014,Tree,Rollins,6/16/1955,Clemson,USA,85,235,FALSE,FALSE,TRUE,1977,1,14,Tree Rollins
78015,Lorenzo,Romar,11/13/1958,Washington,USA,73,175,TRUE,FALSE,FALSE,1980,7,141,Lorenzo Romar
78016,Robert,Rose,12/27/1964,George Mason,USA,77,180,FALSE,TRUE,FALSE,-1,-1,-1,Robert Rose
78017,Alexander,Rosenberg,4/7/1918,St. Joseph's (PA),USA,70,165,TRUE,FALSE,FALSE,-1,-1,-1,Alexander Rosenberg
78018,Lennie,Rosenbluth,1/22/1933,North Carolina,USA,76,190,FALSE,TRUE,FALSE,1957,1,6,Lennie Rosenbluth
78019,Hank,Rosenstein,6/16/1920,City College of New York,USA,76,185,FALSE,TRUE,FALSE,-1,-1,-1,Hank Rosenstein
78020,Dick,Rosenthal,1/20/1933,Notre Dame,USA,77,205,FALSE,TRUE,FALSE,1954,1,4,Dick Rosenthal
78021,Doug,Roth,8/24/1967,Tennessee,USA,83,255,FALSE,TRUE,FALSE,1989,2,41,Doug Roth
78022,Scott,Roth,6/3/1963,Wisconsin,USA,80,212,FALSE,TRUE,FALSE,1985,4,82,Scott Roth
78023,Irv,Rothenberg,12/31/1921,Long Island-Brooklyn,USA,79,215,FALSE,FALSE,TRUE,1947,,,Irv Rothenberg
78024,Mickey,Rottner,3/23/1919,Loyola-Chicago,USA,70,180,TRUE,FALSE,FALSE,-1,-1,-1,Mickey Rottner
78025,Dan,Roundfield,5/26/1953,Central Michigan,USA,80,205,FALSE,TRUE,FALSE,1975,2,28,Dan Roundfield
78026,Giff,Roux,6/28/1923,Kansas,USA,77,195,FALSE,TRUE,FALSE,-1,-1,-1,Giff Roux
78027,Ron,Rowan,4/23/1962,St. John's (NY),USA,77,200,FALSE,TRUE,FALSE,1986,3,67,Ron Rowan
78028,Curtis,Rowe,7/2/1949,UCLA,USA,79,225,FALSE,TRUE,FALSE,1971,1,11,Curtis Rowe
78029,Jim,Rowinski,1/4/1961,Purdue,USA,80,250,FALSE,FALSE,TRUE,1984,4,86,Jim Rowinski
78030,Derrick,Rowland,6/21/1959,SUNY-Potsdam,USA,77,195,FALSE,TRUE,FALSE,1981,10,211,Derrick Rowland
78031,Brian,Rowsom,10/23/1965,North Carolina-Wilmington,USA,81,220,FALSE,TRUE,FALSE,1987,2,34,Brian Rowsom
78033,Bob,Royer,10/15/1927,Indiana State,USA,70,155,TRUE,FALSE,FALSE,1949,8,,Bob Royer
78035,Delaney,Rudd,11/8/1962,Wake Forest,USA,74,180,TRUE,FALSE,FALSE,1985,4,83,Delaney Rudd
78036,John,Rudd,8/7/1955,McNeese State,USA,79,230,FALSE,TRUE,FALSE,1978,2,32,John Rudd
78037,John,Rudometkin,6/6/1940,Southern California,USA,78,205,FALSE,TRUE,FALSE,1962,2,9,John Rudometkin
78039,Paul,Ruffner,10/15/1948,Brigham Young,USA,82,225,FALSE,FALSE,TRUE,1970,2,28,Paul Ruffner
78040,Joe,Ruklick,8/3/1938,Northwestern,USA,81,220,FALSE,TRUE,FALSE,1959,2,9,Joe Ruklick
78041,Jeff,Ruland,12/16/1958,Iona,USA,82,78041,FALSE,FALSE,TRUE,1980,2,25,Jeff Ruland
78042,Bob,Rule,6/29/1944,Colorado State,USA,81,220,FALSE,FALSE,TRUE,1967,2,19,Bob Rule
78043,Jerry,Rullo,6/23/1923,Temple,USA,70,165,TRUE,FALSE,FALSE,-1,-1,-1,Jerry Rullo
78045,Cazzie,Russell,6/7/1944,Michigan,USA,77,218,FALSE,TRUE,FALSE,1966,1,1,Cazzie Russell
78046,Frank,Russell,4/17/1949,Detroit,USA,75,180,TRUE,FALSE,FALSE,1972,3,35,Frank Russell
78047,Campy,Russell,1/12/1952,Michigan,USA,80,215,FALSE,TRUE,FALSE,1974,1,8,Campy Russell
78048,Walker,Russell,10/26/1960,Western Michigan,USA,77,195,TRUE,FALSE,FALSE,1982,4,78,Walker Russell
78049,Bill,Russell,2/12/1934,San Francisco,USA,82,215,FALSE,FALSE,TRUE,1956,1,2,Bill Russell
78050,Ed,Sadowski,7/11/1917,Seton Hall,USA,77,240,FALSE,FALSE,TRUE,-1,-1,-1,Ed Sadowski
78051,Kenny,Sailors,1/14/1922,Wyoming,USA,70,175,TRUE,FALSE,FALSE,-1,-1,-1,Kenny Sailors
78055,Ralph,Sampson,7/7/1960,Virginia,USA,88,78055,FALSE,FALSE,TRUE,1983,1,1,Ralph Sampson
78057,Frankie,Sanders,1/23/1957,Southern,USA,78,200,FALSE,TRUE,FALSE,1978,1,20,Frankie Sanders
78059,Mike,Sanders,5/7/1960,UCLA,USA,78,210,FALSE,TRUE,FALSE,1982,4,74,Mike Sanders
78060,Thomas,Sanders,11/8/1938,New York University,USA,78,210,FALSE,TRUE,FALSE,1960,1,8,Thomas Sanders
78061,Bob,Santini,2/17/1935,Iona,USA,77,190,FALSE,TRUE,FALSE,1953,5,,Bob Santini
78062,Wayne,Sappleton,11/17/1960,Loyola-Chicago,USA,81,215,FALSE,TRUE,FALSE,1982,2,38,Wayne Sappleton
78063,Frank,Saul,2/16/1924,Seton Hall,USA,74,185,TRUE,FALSE,FALSE,1949,1,10,Frank Saul
78064,Woody,Sauldsberry,7/11/1934,Texas Southern,USA,79,220,FALSE,TRUE,FALSE,1957,8,60,Woody Sauldsberry
78065,Fred,Saunders,6/13/1951,Syracuse,USA,79,210,FALSE,TRUE,FALSE,1974,2,31,Fred Saunders
78066,Don,Savage,4/9/1928,Le Moyne,USA,75,205,FALSE,TRUE,FALSE,1951,2,14,Don Savage
78067,Alan,Sawyer,1/1/1928,UCLA,USA,77,195,FALSE,TRUE,FALSE,1950,3,,Alan Sawyer
78068,Dewayne,Scales,12/28/1958,Louisiana State,USA,80,208,FALSE,TRUE,FALSE,1980,2,36,Dewayne Scales
78069,Frank,Schade,1/22/1950,Wisconsin-Eau Claire,USA,73,170,TRUE,FALSE,FALSE,1972,4,53,Frank Schade
78070,Ben,Schadler,3/9/1924,Northwestern,USA,72,185,FALSE,TRUE,FALSE,1947,,,Ben Schadler
78071,Herm,Schaefer,12/20/1919,Indiana,USA,72,175,TRUE,FALSE,FALSE,-1,-1,-1,Herm Schaefer
78072,Bob,Schafer,4/16/1905,Villanova,USA,75,195,TRUE,FALSE,FALSE,1955,3,17,Bob Schafer
78073,Ben,Scharnus,12/11/1917,Seton Hall,USA,74,173,FALSE,TRUE,FALSE,-1,-1,-1,Ben Scharnus
78074,Marv,Schatzman,2/18/1927,St. Louis,USA,77,200,FALSE,TRUE,FALSE,1949,,,Marv Schatzman
78075,Fred,Schaus,6/30/1925,West Virginia,USA,77,78075,FALSE,TRUE,FALSE,-22,-22,-22,Fred Schaus
78076,Dolph,Schayes,5/19/1928,New York University,USA,80,195,FALSE,TRUE,FALSE,1948,1,4,Dolph Schayes
78078,Ossie,Schectman,3/30/1919,Long Island-Brooklyn,USA,72,175,TRUE,FALSE,FALSE,-1,-1,-1,Ossie Schectman
78080,Tom,Scheffler,10/27/1954,Purdue,USA,83,240,FALSE,FALSE,TRUE,1977,6,117,Tom Scheffler
78081,Dave,Schellhase,10/14/1944,Purdue,USA,75,205,TRUE,FALSE,FALSE,1966,1,10,Dave Schellhase
78082,Herb,Scherer,12/21/1929,Long Island-Brooklyn,USA,81,212,FALSE,FALSE,TRUE,1950,2,,Herb Scherer
78084,Dale,Schlueter,11/12/1945,Colorado State,USA,82,225,FALSE,FALSE,TRUE,1967,6,63,Dale Schlueter
78085,Otto,Schnellbacher,4/15/1923,Kansas,USA,76,78085,FALSE,FALSE,FALSE,-22,-22,-22,Otto Schnellbacher
78086,Dick,Schnittker,5/27/1928,Ohio State,USA,77,200,FALSE,TRUE,FALSE,1950,1,4,Dick Schnittker
78087,Russ,Schoene,4/16/1960,Tennessee-Chattanooga,USA,82,210,FALSE,TRUE,FALSE,1982,2,45,Russ Schoene
78088,Dave,Scholz,4/12/1948,Illinois,USA,80,220,FALSE,TRUE,FALSE,1969,4,56,Dave Scholz
78089,Milt,Schoon,2/25/1922,Valparaiso,USA,79,230,FALSE,FALSE,TRUE,-1,-1,-1,Milt Schoon
78091,Howie,Schultz,7/3/1922,Hamline,USA,78,200,FALSE,TRUE,FALSE,-1,-1,-1,Howie Schultz
78092,Dick,Schulz,1/3/1917,Wisconsin,USA,74,192,FALSE,TRUE,FALSE,-1,-1,-1,Dick Schulz
78093,John,Schweitz,4/19/1960,Richmond,USA,78,78093,TRUE,FALSE,FALSE,1982,6,138,John Schweitz
78094,Freddie,Scolari,3/1/1922,San Francisco,USA,71,180,TRUE,FALSE,FALSE,-1,-1,-1,Freddie Scolari
78095,Alvin,Scott,9/14/1955,Oral Roberts,USA,79,78095,FALSE,TRUE,FALSE,1977,7,136,Alvin Scott
78097,Charlie,Scott,12/15/1948,North Carolina,USA,77,78097,TRUE,FALSE,FALSE,1970,7,106,Charlie Scott
78100,Ray,Scott,7/12/1938,Portland,USA,81,215,FALSE,TRUE,FALSE,1961,1,4,Ray Scott
78102,Carey,Scurry,12/4/1962,Long Island-Brooklyn,USA,79,188,FALSE,TRUE,FALSE,1985,2,37,Carey Scurry
78103,Bruce,Seals,6/18/1953,Xavier of Louisiana,USA,80,210,FALSE,TRUE,FALSE,1975,2,21,Bruce Seals
78105,Ed,Searcy,4/17/1952,St. John's (NY),USA,78,78105,FALSE,TRUE,FALSE,1974,5,82,Ed Searcy
78106,Ken,Sears,8/17/1933,Santa Clara,USA,81,198,FALSE,TRUE,FALSE,1955,1,4,Ken Sears
78107,Wayne,See,11/3/1923,Northern Arizona,USA,75,190,TRUE,FALSE,FALSE,-1,-1,-1,Wayne See
78109,Glen,Selbo,3/29/1926,Wisconsin,USA,75,196,FALSE,TRUE,FALSE,1947,1,2,Glen Selbo
78110,Brad,Sellers,12/17/1962,Ohio State,USA,84,210,FALSE,TRUE,FALSE,1986,1,9,Brad Sellers
78111,Phil,Sellers,11/20/1953,Rutgers,USA,76,195,FALSE,TRUE,FALSE,1976,3,38,Phil Sellers
78112,Rollie,Seltz,1/25/1924,Hamline,USA,70,165,TRUE,FALSE,FALSE,-1,-1,-1,Rollie Seltz
78113,Frank,Selvy,11/9/1932,Furman,USA,74,180,TRUE,FALSE,FALSE,1954,1,1,Frank Selvy
78114,Jim,Seminoff,9/1/1922,Southern California,USA,74,190,TRUE,FALSE,FALSE,-1,-1,-1,Jim Seminoff
78115,George,Senesky,4/4/1922,St. Joseph's (PA),USA,74,78115,TRUE,FALSE,FALSE,-22,-22,-22,George Senesky
78116,Tom,Sewell,3/11/1962,Lamar,USA,77,185,TRUE,FALSE,FALSE,1984,1,22,Tom Sewell
78117,Paul,Seymour,1/30/1928,Toledo,USA,73,180,TRUE,FALSE,FALSE,-1,-1,-1,Paul Seymour
78118,Nick,Shaback,9/10/1918,James Monroe HS (NY),USA,71,180,TRUE,FALSE,FALSE,-1,-1,-1,Nick Shaback
78120,Carl,Shaeffer,10/25/1924,Alabama,USA,75,185,TRUE,FALSE,FALSE,-1,-1,-1,Carl Shaeffer
78121,Lee,Shaffer,2/23/1939,North Carolina,USA,79,220,FALSE,TRUE,FALSE,1960,1,5,Lee Shaffer
78123,Earl,Shannon,11/23/1921,Rhode Island,USA,71,170,TRUE,FALSE,FALSE,-1,-1,-1,Earl Shannon
78124,Howie,Shannon,6/10/1923,Kansas State,USA,74,175,TRUE,FALSE,FALSE,1949,1,1,Howie Shannon
78125,Charlie,Share,3/14/1927,Bowling Green,USA,83,235,FALSE,FALSE,TRUE,1950,1,1,Charlie Share
78126,Bill,Sharman,5/25/1926,Southern California,USA,73,175,TRUE,FALSE,FALSE,1950,2,,Bill Sharman
78128,Ron,Shavlik,12/4/1933,North Carolina State,USA,80,200,FALSE,TRUE,FALSE,1956,1,4,Ron Shavlik
78130,Bob,Shea,9/11/1924,Rhode Island,USA,74,194,FALSE,TRUE,FALSE,-1,-1,-1,Bob Shea
78131,Fred,Sheffield,11/5/1923,Utah,USA,74,165,FALSE,TRUE,FALSE,-1,-1,-1,Fred Sheffield
78132,Craig,Shelton,5/1/1957,Georgetown,USA,79,210,FALSE,TRUE,FALSE,1980,2,28,Craig Shelton
78133,Lonnie,Shelton,10/19/1955,Oregon State,USA,80,240,FALSE,TRUE,FALSE,1976,2,25,Lonnie Shelton
78135,Steve,Sheppard,3/21/1954,Maryland,USA,78,215,FALSE,TRUE,FALSE,1977,2,30,Steve Sheppard
78136,Edmund,Sherod,9/13/1959,Virginia Commonwealth,USA,74,170,TRUE,FALSE,FALSE,1981,4,72,Edmund Sherod
78138,Gene,Short,8/7/1953,Jackson State,USA,78,78138,FALSE,TRUE,FALSE,1975,1,9,Gene Short
78139,Purvis,Short,7/2/1957,Jackson State,USA,79,210,FALSE,TRUE,FALSE,1978,1,5,Purvis Short
78140,Dexter,Shouse,3/24/1963,South Alabama,USA,74,200,FALSE,TRUE,FALSE,1985,4,92,Dexter Shouse
78141,Dick,Shrider,2/7/1923,Ohio,USA,74,78141,TRUE,FALSE,FALSE,-22,-22,-22,Dick Shrider
78142,Gene,Shue,12/18/1931,Maryland,USA,74,78142,TRUE,FALSE,FALSE,1954,1,3,Gene Shue
78143,John,Shumate,4/6/1952,Notre Dame,USA,81,235,FALSE,TRUE,FALSE,1974,1,4,John Shumate
78144,Sam,Sibert,2/11/1949,Kentucky State,USA,79,78144,FALSE,TRUE,FALSE,1972,2,19,Sam Sibert
78145,Mark,Sibley,11/13/1950,Northwestern,USA,74,175,TRUE,FALSE,FALSE,1973,4,64,Mark Sibley
78146,Jerry,Sichting,11/29/1956,Purdue,USA,73,168,TRUE,FALSE,FALSE,1979,4,82,Jerry Sichting
78147,Larry,Siegfried,5/22/1939,Ohio State,USA,75,190,TRUE,FALSE,FALSE,1961,1,3,Larry Siegfried
78148,Ralph,Siewert,12/31/1923,Dakota Wesleyan,USA,85,230,FALSE,FALSE,TRUE,-1,-1,-1,Ralph Siewert
78149,Jack,Sikma,11/14/1955,Illinois Wesleyan,USA,83,78149,FALSE,FALSE,TRUE,1977,1,8,Jack Sikma
78150,James,Silas,2/11/1949,Stephen F. Austin,USA,73,180,TRUE,FALSE,FALSE,1972,5,70,James Silas
78151,Paul,Silas,7/12/1943,Creighton,USA,79,220,FALSE,TRUE,FALSE,1964,2,10,Paul Silas
78152,Mike,Silliman,5/4/1944,Army,USA,78,78152,FALSE,TRUE,FALSE,1966,8,69,Mike Silliman
78153,Connie,Simmons,3/15/1925,Flushing HS (NY),USA,80,78153,FALSE,FALSE,TRUE,-22,-22,-22,Connie Simmons
78154,Johnny,Simmons,7/7/1924,New York University,USA,73,78154,TRUE,FALSE,FALSE,-22,-22,-22,Johnny Simmons
78157,Ralph,Simpson,8/10/1949,Michigan State,USA,77,200,TRUE,FALSE,FALSE,1972,1,11,Ralph Simpson
78159,Doug,Sims,6/29/1943,Kent State,USA,79,195,FALSE,TRUE,FALSE,-1,-1,-1,Doug Sims
78160,Bob,Sims,10/9/1938,Pepperdine,USA,77,78160,FALSE,TRUE,FALSE,1960,7,54,Bob Sims
78161,Scott,Sims,4/18/1955,Missouri,USA,73,170,TRUE,FALSE,FALSE,1977,5,103,Scott Sims
78162,Mckinley,Singleton,10/29/1961,Alabama-Birmingham,USA,77,175,FALSE,TRUE,FALSE,1984,6,120,Mckinley Singleton
78163,Zeke,Sinicola,1/25/1929,Niagara,USA,70,165,TRUE,FALSE,FALSE,1951,1,4,Zeke Sinicola
78164,Charlie,Sitton,7/3/1962,Oregon State,USA,80,210,FALSE,TRUE,FALSE,1984,2,38,Charlie Sitton
78167,Al,Skinner,6/16/1952,Massachusetts,USA,75,190,TRUE,FALSE,FALSE,1974,9,160,Al Skinner
78168,Talvin,Skinner,9/10/1952,Maryland-Eastern Shore,USA,77,195,FALSE,TRUE,FALSE,1974,3,44,Talvin Skinner
78169,Whitey,Skoog,11/2/1926,Minnesota,USA,71,180,TRUE,FALSE,FALSE,1951,,,Whitey Skoog
78170,Jeff,Slade,3/1/1941,Kenyon,USA,78,220,FALSE,TRUE,FALSE,1962,11,85,Jeff Slade
78171,Jim,Slaughter,5/13/1928,South Carolina,USA,83,210,FALSE,FALSE,TRUE,1951,4,31,Jim Slaughter
78172,Jose,Slaughter,9/9/1960,Portland,USA,77,205,TRUE,FALSE,FALSE,1982,2,43,Jose Slaughter
78173,Jerry,Sloan,3/28/1942,Evansville,USA,77,195,TRUE,FALSE,FALSE,1965,1,4,Jerry Sloan
78174,Tom,Sluby,2/18/1962,Notre Dame,USA,76,200,TRUE,FALSE,FALSE,1984,2,41,Tom Sluby
78175,Keith,Smart,9/21/1964,Indiana,USA,73,175,TRUE,FALSE,FALSE,1988,2,41,Keith Smart
78176,Belus,Smawley,3/20/1918,Appalachian State,USA,73,195,TRUE,FALSE,FALSE,-1,-1,-1,Belus Smawley
78177,Jack,Smiley,12/22/1922,Illinois,USA,75,190,TRUE,FALSE,FALSE,-1,-1,-1,Jack Smiley
78178,Adrian,Smith,10/5/1936,Kentucky,USA,73,180,TRUE,FALSE,FALSE,1958,15,85,Adrian Smith
78179,Charles,Smith,11/29/1967,Georgetown,USA,73,160,FALSE,TRUE,FALSE,-1,-1,-1,Charles Smith
78181,Clinton,Smith,1/19/1964,Cleveland State,USA,78,210,FALSE,TRUE,FALSE,1986,5,97,Clinton Smith
78182,Deb,Smith,1/7/1920,Utah,USA,75,78182,FALSE,FALSE,FALSE,-22,-22,-22,Deb Smith
78183,Derek,Smith,11/1/1961,Louisville,USA,78,205,TRUE,FALSE,FALSE,1982,2,35,Derek Smith
78184,Don,Smith,10/10/1951,Dayton,USA,72,160,TRUE,FALSE,FALSE,1974,2,19,Don Smith
78185,Donald,Smith,7/27/1920,Minnesota,USA,74,190,FALSE,TRUE,FALSE,1947,,,Donald Smith
78187,Ed,Smith,7/5/1929,Harvard,USA,78,180,FALSE,TRUE,FALSE,1951,1,6,Ed Smith
78188,Elmore,Smith,5/9/1949,Kentucky State,USA,85,250,FALSE,FALSE,TRUE,1971,1,3,Elmore Smith
78189,Garfield,Smith,11/18/1945,Eastern Kentucky,USA,81,235,FALSE,FALSE,TRUE,1968,3,32,Garfield Smith
78190,Greg,Smith,1/28/1947,Western Kentucky,USA,77,195,FALSE,TRUE,FALSE,1968,4,50,Greg Smith
78191,Jim,Smith,4/12/1958,Ohio State,USA,81,225,FALSE,TRUE,FALSE,1981,3,54,Jim Smith
78192,Keith,Smith,3/9/1964,Loyola-Marymount,USA,75,180,TRUE,FALSE,FALSE,1986,2,45,Keith Smith
78194,Labradford,Smith,4/3/1969,Louisville,USA,75,200,FALSE,TRUE,FALSE,1991,1,19,Labradford Smith
78195,Larry,Smith,1/18/1958,Alcorn State,USA,80,215,FALSE,TRUE,FALSE,1980,2,24,Larry Smith
78197,Michael,Smith,5/19/1965,Brigham Young,USA,82,225,TRUE,FALSE,FALSE,1989,1,13,Michael Smith
78198,Otis,Smith,1/30/1964,Jacksonville,USA,77,210,FALSE,TRUE,FALSE,1986,2,41,Otis Smith
78199,Phil,Smith,4/22/1952,San Francisco,USA,76,185,TRUE,FALSE,FALSE,1974,2,29,Phil Smith
78200,Randy,Smith,12/12/1948,Buffalo State,USA,75,78200,TRUE,FALSE,FALSE,1971,7,104,Randy Smith
78201,Reggie,Smith,8/21/1970,TCU,USA,82,78201,FALSE,TRUE,FALSE,1992,2,31,Reggie Smith
78202,Bingo,Smith,2/26/1946,Tulsa,USA,77,195,FALSE,TRUE,FALSE,1969,1,6,Bingo Smith
78203,Bobby,Smith,8/20/1937,West Virginia,USA,76,78203,TRUE,FALSE,FALSE,1959,3,18,Bobby Smith
78204,Robert,Smith,3/10/1955,UNLV,USA,71,78204,TRUE,FALSE,FALSE,1977,3,65,Robert Smith
78205,Sammy,Smith,1/8/1955,UNLV,USA,76,200,FALSE,TRUE,FALSE,1977,3,48,Sammy Smith
78207,Bill,Smith,2/14/1949,Syracuse,USA,84,220,FALSE,FALSE,TRUE,1971,3,42,Bill Smith
78208,Willie,Smith,10/26/1953,Missouri,USA,74,170,TRUE,FALSE,FALSE,1976,2,18,Willie Smith
78209,Bill,Smith,4/26/1939,St. Peter's,USA,77,78209,FALSE,FALSE,FALSE,1961,5,42,Bill Smith
78212,Joe,Smyth,5/22/1929,Niagara,USA,75,215,FALSE,TRUE,FALSE,1953,,,Joe Smyth
78213,Dick,Snyder,2/1/1944,Davidson,USA,77,78213,TRUE,FALSE,FALSE,1966,2,14,Dick Snyder
78214,George,Sobek,2/10/1920,Notre Dame,USA,72,180,TRUE,FALSE,FALSE,-1,-1,-1,George Sobek
78215,Ricky,Sobers,1/15/1953,UNLV,USA,75,198,TRUE,FALSE,FALSE,1975,1,16,Ricky Sobers
78216,Ron,Sobie,9/21/1934,DePaul,USA,75,185,TRUE,FALSE,FALSE,1956,1,6,Ron Sobie
78217,Mike,Sojourner,10/16/1953,Utah,USA,81,225,FALSE,FALSE,TRUE,1974,1,10,Mike Sojourner
78219,Willie,Somerset,3/17/1942,Duquesne,USA,68,170,TRUE,FALSE,FALSE,1965,7,56,Willie Somerset
78220,Dave,Sorenson,7/8/1948,Ohio State,USA,80,225,FALSE,TRUE,FALSE,1970,2,26,Dave Sorenson
78221,Gino,Sovran,12/17/1924,Detroit,USA,74,175,FALSE,TRUE,FALSE,-1,-1,-1,Gino Sovran
78222,Jim,Spanarkel,6/28/1957,Duke,USA,77,78222,TRUE,FALSE,FALSE,1979,1,16,Jim Spanarkel
78223,Guy,Sparrow,11/2/1932,Detroit,USA,78,218,FALSE,TRUE,FALSE,1955,3,19,Guy Sparrow
78225,Odie,Spears,6/26/1925,Western Kentucky,USA,77,205,FALSE,TRUE,FALSE,1948,,,Odie Spears
78226,Art,Spector,10/17/1920,Villanova,USA,76,200,FALSE,TRUE,FALSE,-1,-1,-1,Art Spector
78227,Andre,Spencer,7/20/1964,Northern Arizona,USA,78,210,FALSE,TRUE,FALSE,-1,-1,-1,Andre Spencer
78230,Lou,Spicer,11/12/1922,Syracuse,USA,74,195,FALSE,TRUE,FALSE,-1,-1,-1,Lou Spicer
78231,Craig,Spitzer,12/18/1945,Tulane,USA,84,78231,FALSE,FALSE,TRUE,-22,-22,-22,Craig Spitzer
78232,Art,Spoelstra,9/11/1932,Western Kentucky,USA,81,220,FALSE,FALSE,TRUE,1954,4,34,Art Spoelstra
78233,Larry,Spriggs,9/8/1959,Howard,USA,79,230,FALSE,TRUE,FALSE,1981,4,81,Larry Spriggs
78234,Jim,Springer,6/17/1926,Canterbury,USA,81,235,FALSE,FALSE,TRUE,1956,,,Jim Springer
78235,Jim,Spruill,2/26/1923,Rice,USA,74,225,FALSE,TRUE,FALSE,-1,-1,-1,Jim Spruill
78237,Kevin,Stacom,9/4/1951,Providence,USA,75,185,TRUE,FALSE,FALSE,1974,2,35,Kevin Stacom
78238,Dave,Stallworth,12/20/1941,Wichita State,USA,79,200,FALSE,TRUE,FALSE,1965,1,3,Dave Stallworth
78239,Isaac,Stallworth,1/18/1950,Kansas,USA,77,190,FALSE,TRUE,FALSE,1972,1,7,Isaac Stallworth
78240,Ed,Stanczak,8/15/1921,Central HS (IN),USA,73,185,FALSE,TRUE,FALSE,-1,-1,-1,Ed Stanczak
78241,Terence,Stansbury,2/27/1961,Temple,USA,77,78241,TRUE,FALSE,FALSE,1984,1,15,Terence Stansbury
78243,Keith,Starr,3/14/1954,Pittsburgh,USA,78,78243,TRUE,FALSE,FALSE,1976,4,52,Keith Starr
78244,Larry,Staverman,10/11/1936,Thomas More,USA,79,205,FALSE,TRUE,FALSE,1958,9,64,Larry Staverman
78245,Larry,Steele,5/5/1949,Kentucky,USA,77,180,TRUE,FALSE,FALSE,1971,3,37,Larry Steele
78247,Everette,Stephens,10/21/1966,Purdue,USA,74,78247,TRUE,FALSE,FALSE,1988,2,31,Everette Stephens
78249,Jack,Stephens,5/18/1933,Notre Dame,USA,75,78249,TRUE,FALSE,FALSE,1955,2,7,Jack Stephens
78250,Brook,Steppe,11/7/1959,Georgia Tech,USA,77,78250,TRUE,FALSE,FALSE,1982,1,17,Brook Steppe
78251,Barry,Stevens,1/17/1963,Iowa State,USA,77,195,TRUE,FALSE,FALSE,1985,2,43,Barry Stevens
78252,Wayne,Stevens,6/19/1936,Cincinnati,USA,75,185,FALSE,TRUE,FALSE,1958,7,49,Wayne Stevens
78253,Dennis,Stewart,4/11/1947,Michigan,USA,78,78253,FALSE,TRUE,FALSE,1969,4,44,Dennis Stewart
78256,Norm,Stewart,1/20/1935,Missouri,USA,77,205,FALSE,TRUE,FALSE,1956,,,Norm Stewart
78257,Steve,Stipanovich,11/17/1960,Missouri,USA,83,245,FALSE,FALSE,TRUE,1983,1,2,Steve Stipanovich
78259,Sam,Stith,7/22/1937,St. Bonaventure,USA,74,78259,TRUE,FALSE,FALSE,1960,8,56,Sam Stith
78260,Tom,Stith,1/21/1939,St. Bonaventure,USA,77,78260,FALSE,TRUE,FALSE,1961,1,2,Tom Stith
78261,Alex,Stivrins,11/29/1962,Colorado,USA,80,220,FALSE,TRUE,FALSE,1985,4,75,Alex Stivrins
78264,Greg,Stokes,8/5/1963,Iowa,USA,82,220,FALSE,TRUE,FALSE,1985,2,33,Greg Stokes
78266,Art,Stolkey,10/23/1920,Detroit,USA,73,180,TRUE,FALSE,FALSE,-1,-1,-1,Art Stolkey
78267,Paul,Stovall,8/16/1948,Arizona State,USA,76,215,FALSE,TRUE,FALSE,1972,2,22,Paul Stovall
78268,Joe,Strawder,9/21/1940,Bradley,USA,82,78268,FALSE,FALSE,TRUE,1964,4,34,Joe Strawder
78269,Bill,Stricker,1/22/1948,Pacific,USA,80,78269,FALSE,TRUE,FALSE,1970,4,54,Bill Stricker
78270,Roger,Strickland,9/4/1940,Jacksonville,USA,77,200,FALSE,TRUE,FALSE,1963,1,7,Roger Strickland
78271,John,Stroeder,7/24/1958,Montana,USA,82,260,FALSE,TRUE,FALSE,1980,8,168,John Stroeder
78273,Lamont,Strothers,5/10/1968,Christopher Newport,USA,76,190,TRUE,FALSE,FALSE,1991,2,43,Lamont Strothers
78274,John,Stroud,10/29/1957,Mississippi,USA,79,215,FALSE,TRUE,FALSE,1980,2,27,John Stroud
78275,Gene,Stump,11/13/1923,DePaul,USA,74,185,FALSE,TRUE,FALSE,1947,,,Gene Stump
78276,Stan,Stutz,4/14/1920,Rhode Island,USA,70,78276,FALSE,FALSE,FALSE,-22,-22,-22,Stan Stutz
78277,Gary,Suiter,1/18/1945,Midwestern State,USA,81,78277,FALSE,FALSE,TRUE,-22,-22,-22,Gary Suiter
78278,Don,Sunderlage,12/20/1929,Illinois,USA,73,180,TRUE,FALSE,FALSE,1951,1,9,Don Sunderlage
78279,Jon,Sundvold,7/2/1961,Missouri,USA,74,170,TRUE,FALSE,FALSE,1983,1,16,Jon Sundvold
78280,Dick,Surhoff,11/16/1929,Long Island-Brooklyn,USA,76,210,FALSE,TRUE,FALSE,1952,,,Dick Surhoff
78281,Dane,Suttle,8/9/1961,Pepperdine,USA,75,190,TRUE,FALSE,FALSE,1983,7,152,Dane Suttle
78283,Bennie,Swain,12/16/1933,Texas Southern,USA,80,220,FALSE,TRUE,FALSE,1958,1,7,Bennie Swain
78284,Norm,Swanson,10/4/1930,Detroit,USA,78,210,FALSE,TRUE,FALSE,1953,,,Norm Swanson
78285,Dan,Swartz,12/23/1934,Morehead State,USA,76,215,FALSE,TRUE,FALSE,1956,4,,Dan Swartz
78286,Aaron,Swinson,12/21/1970,Auburn,USA,77,230,FALSE,TRUE,FALSE,-1,-1,-1,Aaron Swinson
78287,Wallace,Sydnor,9/19/1921,Western Kentucky,USA,70,175,TRUE,FALSE,FALSE,-1,-1,-1,Wallace Sydnor
78291,Sid,Tannenbaum,10/8/1925,New York University,USA,72,78291,TRUE,FALSE,FALSE,-22,-22,-22,Sid Tannenbaum
78293,Roy,Tarpley,11/28/1964,Michigan,USA,84,230,FALSE,TRUE,FALSE,1986,1,7,Roy Tarpley
78294,Earl,Tatum,7/26/1953,Marquette,USA,76,185,TRUE,FALSE,FALSE,1976,2,21,Earl Tatum
78295,Anthony,Taylor,11/30/1965,Oregon,USA,76,175,TRUE,FALSE,FALSE,1988,2,44,Anthony Taylor
78296,Brian,Taylor,6/9/1951,Princeton,USA,74,185,TRUE,FALSE,FALSE,1972,2,23,Brian Taylor
78297,Jay,Taylor,10/3/1967,Eastern Illinois,USA,75,190,FALSE,TRUE,FALSE,-1,-1,-1,Jay Taylor
78298,Fred,Taylor,2/5/1948,Texas-Pan American,USA,77,180,TRUE,FALSE,FALSE,1970,2,27,Fred Taylor
78299,Jeff,Taylor,1/1/1960,Texas Tech,USA,76,175,TRUE,FALSE,FALSE,1982,2,42,Jeff Taylor
78301,Leonard,Taylor,5/2/1966,California,USA,80,78301,FALSE,TRUE,FALSE,-22,-22,-22,Leonard Taylor
78302,Roland,Taylor,3/13/1946,La Salle,USA,72,175,TRUE,FALSE,FALSE,1969,12,167,Roland Taylor
78303,Vince,Taylor,9/11/1960,Duke,USA,77,180,TRUE,FALSE,FALSE,1982,2,34,Vince Taylor
78304,Terry,Teagle,4/10/1960,Baylor,USA,77,195,TRUE,FALSE,FALSE,1982,1,16,Terry Teagle
78305,Ira,Terrell,6/19/1954,Southern Methodist,USA,80,200,FALSE,TRUE,FALSE,1976,3,45,Ira Terrell
78306,Chuck,Terry,9/27/1950,Long Beach State,USA,78,215,TRUE,FALSE,FALSE,1972,2,29,Chuck Terry
78307,Carlos,Terry,6/22/1956,Winston-Salem State,USA,76,210,TRUE,FALSE,FALSE,1978,5,104,Carlos Terry
78308,Claude,Terry,1/12/1950,Stanford,USA,77,195,TRUE,FALSE,FALSE,1972,3,42,Claude Terry
78309,Tom,Thacker,11/2/1939,Cincinnati,USA,74,170,TRUE,FALSE,FALSE,1963,,,Tom Thacker
78310,Reggie,Theus,10/13/1957,UNLV,USA,78,190,TRUE,FALSE,FALSE,1978,1,9,Reggie Theus
78311,Peter,Thibeaux,10/3/1961,St. Mary's (CA),USA,79,210,FALSE,TRUE,FALSE,1983,4,77,Peter Thibeaux
78312,Bill,Thieben,3/28/1935,Hofstra,USA,78,215,FALSE,TRUE,FALSE,1956,,,Bill Thieben
78313,Justus,Thigpen,8/13/1947,Weber State,USA,73,160,TRUE,FALSE,FALSE,1969,11,147,Justus Thigpen
78314,David,Thirdkill,4/12/1960,Bradley,USA,79,195,FALSE,TRUE,FALSE,1982,1,15,David Thirdkill
78316,Charles,Thomas,10/3/1969,Eastern Michigan,USA,75,175,TRUE,FALSE,FALSE,-1,-1,-1,Charles Thomas
78317,Irving,Thomas,1/2/1966,Florida State,USA,80,225,FALSE,TRUE,FALSE,-1,-1,-1,Irving Thomas
78318,Isiah,Thomas,4/30/1961,Indiana,USA,73,180,TRUE,FALSE,FALSE,1981,1,2,Isiah Thomas
78320,Jim,Thomas,10/19/1960,Indiana,USA,75,190,TRUE,FALSE,FALSE,1983,2,40,Jim Thomas
78321,Joe,Thomas,6/27/1948,Marquette,USA,78,78321,FALSE,TRUE,FALSE,1970,6,95,Joe Thomas
78322,Terry,Thomas,8/20/1953,Detroit,USA,80,220,FALSE,TRUE,FALSE,1975,9,151,Terry Thomas
78323,Bernard,Thompson,8/30/1962,Fresno State,USA,78,210,TRUE,FALSE,FALSE,1984,1,19,Bernard Thompson
78325,Corny,Thompson,2/5/1960,Connecticut,USA,80,225,FALSE,TRUE,FALSE,1982,3,50,Corny Thompson
78326,David,Thompson,7/13/1954,North Carolina State,USA,76,195,TRUE,FALSE,FALSE,1975,1,1,David Thompson
78327,George,Thompson,11/29/1947,Marquette,USA,74,78327,TRUE,FALSE,FALSE,1969,5,66,George Thompson
78328,John,Thompson,9/2/1941,Providence,USA,82,78328,FALSE,TRUE,FALSE,1964,3,25,John Thompson
78329,Kevin,Thompson,2/7/1971,North Carolina State,USA,83,260,FALSE,FALSE,TRUE,1993,2,48,Kevin Thompson
78331,Mychal,Thompson,1/30/1955,Minnesota,USA,82,226,FALSE,FALSE,TRUE,1978,1,1,Mychal Thompson
78332,Paul,Thompson,5/25/1961,Tulane,USA,78,78332,TRUE,FALSE,FALSE,1983,3,50,Paul Thompson
78333,Stephen,Thompson,12/2/1968,Syracuse,USA,76,185,FALSE,TRUE,FALSE,-1,-1,-1,Stephen Thompson
78335,Rod,Thorn,5/23/1941,West Virginia,USA,76,195,TRUE,FALSE,FALSE,1963,1,2,Rod Thorn
78340,Mel,Thurston,1/16/1919,Canisius,USA,72,175,TRUE,FALSE,FALSE,-1,-1,-1,Mel Thurston
78341,Howard,Tidrick,6/14/1915,Washington & Jefferson,USA,73,190,TRUE,FALSE,FALSE,-1,-1,-1,Howard Tidrick
78342,Dan,Tieman,11/30/1940,Thomas More,USA,72,185,TRUE,FALSE,FALSE,-1,-1,-1,Dan Tieman
78343,Darren,Tillis,2/23/1960,Cleveland State,USA,83,215,FALSE,FALSE,TRUE,1982,1,23,Darren Tillis
78344,Jack,Tingle,12/30/1924,Kentucky,USA,76,78344,FALSE,FALSE,FALSE,-22,-22,-22,Jack Tingle
78346,Marko,Todorovich,6/11/1923,Wyoming,USA,77,78346,FALSE,TRUE,FALSE,1947,-22,-22,Marko Todorovich
78347,Tom,Tolbert,10/16/1965,Arizona,USA,79,78347,FALSE,TRUE,FALSE,1988,2,34,Tom Tolbert
78348,Ray,Tolbert,9/10/1958,Indiana,USA,81,225,FALSE,TRUE,FALSE,1981,1,18,Ray Tolbert
78349,Dean,Tolson,11/25/1951,Arkansas,USA,80,190,FALSE,TRUE,FALSE,1974,5,80,Dean Tolson
78350,Rudy,Tomjanovich,11/24/1948,Michigan,USA,80,218,FALSE,TRUE,FALSE,1970,1,2,Rudy Tomjanovich
78351,Andrew,Toney,11/23/1957,Louisiana-Lafayette,USA,75,178,TRUE,FALSE,FALSE,1980,1,8,Andrew Toney
78352,Sedric,Toney,4/13/1962,Dayton,USA,74,178,TRUE,FALSE,FALSE,1985,3,59,Sedric Toney
78353,Andy,Tonkovich,11/1/1922,Marshall,USA,73,185,TRUE,FALSE,FALSE,1948,1,1,Andy Tonkovich
78355,Jack,Toomay,8/9/1922,Pacific,USA,78,78355,FALSE,FALSE,FALSE,-22,-22,-22,Jack Toomay
78356,Bernard,Toone,7/14/1956,Marquette,USA,81,210,FALSE,TRUE,FALSE,1979,2,37,Bernard Toone
78357,Irv,Torgoff,3/6/1917,Long Island-Brooklyn,USA,73,192,FALSE,TRUE,FALSE,-1,-1,-1,Irv Torgoff
78358,Gene,Tormohlen,5/12/1937,Tennessee,USA,80,78358,FALSE,FALSE,TRUE,1959,2,11,Gene Tormohlen
78359,Bill,Tosheff,6/2/1926,Indiana,USA,73,175,TRUE,FALSE,FALSE,1951,4,32,Bill Tosheff
78360,Bob,Tough,8/28/1920,St. John's (NY),USA,72,185,TRUE,FALSE,FALSE,-1,-1,-1,Bob Tough
78361,Monte,Towe,9/27/1953,North Carolina State,USA,67,150,TRUE,FALSE,FALSE,1975,4,57,Monte Towe
78363,William,Towery,6/20/1920,Western Kentucky,USA,76,210,FALSE,FALSE,TRUE,-1,-1,-1,William Towery
78364,Linton,Townes,11/30/1959,James Madison,USA,79,78364,FALSE,TRUE,FALSE,1982,2,33,Linton Townes
78365,Raymond,Townsend,12/20/1955,UCLA,USA,75,175,TRUE,FALSE,FALSE,1978,1,22,Raymond Townsend
78366,George,Trapp,7/11/1948,Long Beach State,USA,80,205,FALSE,TRUE,FALSE,1971,1,5,George Trapp
78367,John,Trapp,10/2/1945,UNLV,USA,79,210,FALSE,TRUE,FALSE,1968,2,15,John Trapp
78368,Dick,Triptow,11/3/1922,DePaul,USA,72,170,TRUE,FALSE,FALSE,-1,-1,-1,Dick Triptow
78369,Kelly,Tripucka,2/16/1959,Notre Dame,USA,78,220,FALSE,TRUE,FALSE,1981,1,12,Kelly Tripucka
78370,John,Tschogl,4/25/1950,California-Santa Barbara,USA,78,206,FALSE,TRUE,FALSE,-1,-1,-1,John Tschogl
78371,Lou,Tsioropoulos,8/31/1930,Kentucky,USA,77,190,FALSE,TRUE,FALSE,1953,7,,Lou Tsioropoulos
78372,Al,Tucker,2/24/1943,Oklahoma Baptist,USA,80,190,FALSE,TRUE,FALSE,1967,1,6,Al Tucker
78374,Jim,Tucker,12/11/1932,Duquesne,USA,79,185,FALSE,TRUE,FALSE,1954,3,24,Jim Tucker
78375,Trent,Tucker,12/20/1959,Minnesota,USA,77,193,TRUE,FALSE,FALSE,1982,1,6,Trent Tucker
78377,Andre,Turner,12/13/1964,Memphis,USA,71,160,TRUE,FALSE,FALSE,1986,3,69,Andre Turner
78378,Elston,Turner,6/10/1959,Mississippi,USA,77,190,TRUE,FALSE,FALSE,1981,2,43,Elston Turner
78379,Henry,Turner,8/18/1966,California State-Fullerton,USA,79,200,TRUE,FALSE,FALSE,-1,-1,-1,Henry Turner
78380,Jack,Turner,6/29/1930,Western Kentucky,USA,76,170,TRUE,FALSE,FALSE,1954,1,8,Jack Turner
78381,Jeff,Turner,4/9/1962,Vanderbilt,USA,81,78381,FALSE,TRUE,FALSE,1984,1,17,Jeff Turner
78382,Jack,Turner,6/5/1939,Louisville,USA,77,78382,FALSE,FALSE,FALSE,1961,2,18,Jack Turner
78385,Bill,Turner,2/18/1944,Akron,USA,79,220,FALSE,TRUE,FALSE,1967,3,27,Bill Turner
78386,Mel,Turpin,12/28/1960,Kentucky,USA,83,240,FALSE,FALSE,TRUE,1984,1,6,Mel Turpin
78387,Dave,Twardzik,9/20/1950,Old Dominion,USA,73,175,TRUE,FALSE,FALSE,1972,2,26,Dave Twardzik
78388,Jack,Twyman,5/11/1934,Cincinnati,USA,78,210,FALSE,TRUE,FALSE,1955,2,8,Jack Twyman
78390,Terry,Tyler,10/30/1956,Detroit,USA,79,215,FALSE,TRUE,FALSE,1978,2,23,Terry Tyler
78391,Charlie,Tyra,8/16/1935,Louisville,USA,80,230,FALSE,FALSE,TRUE,1957,1,2,Charlie Tyra
78392,Wes,Unseld,3/14/1946,Louisville,USA,79,245,FALSE,FALSE,TRUE,1968,1,2,Wes Unseld
78393,Hal,Uplinger,9/30/1929,Long Island-Brooklyn,USA,76,185,TRUE,FALSE,FALSE,-1,-1,-1,Hal Uplinger
78394,Kelvin,Upshaw,1/24/1963,Utah,USA,74,180,TRUE,FALSE,FALSE,-1,-1,-1,Kelvin Upshaw
78395,Darnell,Valentine,2/3/1959,Kansas,USA,74,183,TRUE,FALSE,FALSE,1981,1,16,Darnell Valentine
78396,Ron,Valentine,11/27/1957,Old Dominion,USA,79,210,FALSE,TRUE,FALSE,1980,3,51,Ron Valentine
78397,John,Vallely,10/3/1948,UCLA,USA,75,185,TRUE,FALSE,FALSE,1970,1,14,John Vallely
78398,Dick,Van Arsdale,2/22/1943,Indiana,USA,77,210,TRUE,FALSE,FALSE,1965,2,10,Dick Van Arsdale
78399,Tom,Van Arsdale,2/22/1943,Indiana,USA,77,202,FALSE,TRUE,FALSE,1965,2,11,Tom Van Arsdale
78400,Jan,Van Breda Kolff,12/16/1951,Vanderbilt,USA,79,195,FALSE,TRUE,FALSE,1974,2,20,Jan Van Breda Kolff
78401,Butch,Van Breda Kolff,10/28/1922,New York University,USA,75,185,TRUE,TRUE,FALSE,-1,-1,-1,Butch Van Breda Kolff
78402,Gene,Vance,2/25/1923,Illinois,USA,75,195,TRUE,FALSE,FALSE,1947,,,Gene Vance
78403,Log,Vander Velden,4/3/1971,Wisconsin-Green Bay,USA,80,215,FALSE,TRUE,FALSE,-1,-1,-1,Log Vander Velden
78404,Kiki,Vandeweghe,8/1/1958,UCLA,USA,80,220,FALSE,TRUE,FALSE,1980,1,11,Kiki Vandeweghe
78405,Ernie,Vandeweghe,9/12/1928,Colgate,USA,75,78405,FALSE,TRUE,FALSE,-22,-22,-22,Ernie Vandeweghe
78406,Norm,Van Lier,4/1/1947,St. Francis (PA),USA,73,173,TRUE,FALSE,FALSE,1969,3,34,Norm Van Lier
78407,Nick,Vanos,4/13/1963,Santa Clara,USA,85,255,FALSE,FALSE,TRUE,1985,2,32,Nick Vanos
78409,Charles,Vaughn,2/19/1940,Southern Illinois,USA,75,190,TRUE,FALSE,FALSE,1962,4,26,Charles Vaughn
78411,Virgil,Vaughn,5/15/1918,Western Kentucky,USA,76,205,FALSE,TRUE,FALSE,-1,-1,-1,Virgil Vaughn
78412,Loy,Vaught,,,,,,,,,,,,Loy Vaught
78413,Bob,Verga,9/7/1945,Duke,USA,73,190,TRUE,FALSE,FALSE,1967,3,25,Bob Verga
78414,Peter,Verhoeven,2/15/1959,Fresno State,USA,81,215,FALSE,TRUE,FALSE,1981,4,85,Peter Verhoeven
78415,Gundars,Vetra,5/22/1967,VEF Riga,Latvia,78,195,FALSE,TRUE,FALSE,-1,-1,-1,Gundars Vetra
78416,Joao,Vianna,11/15/1966,Travajara,Brazil,81,215,FALSE,TRUE,FALSE,-1,-1,-1,Joao Vianna
78417,Sam,Vincent,5/18/1963,Michigan State,USA,74,185,TRUE,FALSE,FALSE,1985,1,20,Sam Vincent
78418,Jay,Vincent,6/10/1959,Michigan State,USA,79,220,FALSE,TRUE,FALSE,1981,2,24,Jay Vincent
78419,Gary,Voce,11/24/1965,Notre Dame,USA,81,240,FALSE,TRUE,FALSE,-1,-1,-1,Gary Voce
78420,Floyd,Volker,6/21/1921,Wyoming,USA,76,205,FALSE,TRUE,FALSE,-1,-1,-1,Floyd Volker
78421,Alexander,Volkov,3/29/1964,Stroitel,Ukraine,82,218,FALSE,FALSE,TRUE,1986,6,134,Alexander Volkov
78422,Whitey,Von Nieda,6/19/1922,Penn State,USA,,,,,,-1,-1,-1,Whitey Von Nieda
78423,Danny,Vranes,10/29/1958,Utah,USA,79,210,FALSE,TRUE,FALSE,1981,1,5,Danny Vranes
78425,Brett,Vroman,12/25/1955,UNLV,USA,84,220,FALSE,FALSE,TRUE,1978,4,87,Brett Vroman
78426,Mark,Wade,10/15/1965,UNLV,USA,71,160,TRUE,FALSE,FALSE,-1,-1,-1,Mark Wade
78427,Clint,Wager,1/20/1920,St. Mary's (MN),USA,77,210,FALSE,FALSE,TRUE,-1,-1,-1,Clint Wager
78428,Danny,Wagner,8/1/1922,Texas-Austin,USA,72,170,TRUE,FALSE,FALSE,-1,-1,-1,Danny Wagner
78429,Milt,Wagner,2/20/1963,Louisville,USA,77,185,TRUE,FALSE,FALSE,1986,2,35,Milt Wagner
78430,Granville,Waiters,1/8/1961,Ohio State,USA,83,78430,FALSE,FALSE,TRUE,1983,2,39,Granville Waiters
78431,Andre,Wakefield,1/11/1955,Loyola-Chicago,USA,74,175,TRUE,FALSE,FALSE,1978,5,107,Andre Wakefield
78432,Neal,Walk,7/29/1948,Florida,USA,82,220,FALSE,FALSE,TRUE,1969,1,2,Neal Walk
78433,Andy,Walker,3/25/1955,Niagara,USA,76,78433,TRUE,FALSE,FALSE,1976,7,111,Andy Walker
78434,Brady,Walker,3/15/1921,Brigham Young,USA,78,205,FALSE,TRUE,FALSE,1948,,,Brady Walker
78435,Chet,Walker,2/22/1940,Bradley,USA,79,212,FALSE,TRUE,FALSE,1962,2,12,Chet Walker
78436,Foots,Walker,5/21/1951,West Georgia,USA,73,172,TRUE,FALSE,FALSE,1974,3,38,Foots Walker
78437,Darrell,Walker,3/9/1961,Arkansas,USA,76,180,TRUE,FALSE,FALSE,1983,1,12,Darrell Walker
78438,Horace,Walker,4/17/1938,Michigan State,USA,75,78438,FALSE,TRUE,FALSE,1960,4,30,Horace Walker
78439,Jimmy,Walker,4/8/1944,Providence,USA,75,195,TRUE,FALSE,FALSE,1967,1,1,Jimmy Walker
78440,Kenny,Walker,8/18/1964,Kentucky,USA,80,210,FALSE,TRUE,FALSE,1986,1,5,Kenny Walker
78441,Phil,Walker,3/20/1956,Millersville,USA,75,180,TRUE,FALSE,FALSE,1977,2,39,Phil Walker
78442,Wally,Walker,7/18/1954,Virginia,USA,80,190,FALSE,TRUE,FALSE,1976,1,5,Wally Walker
78443,Michael,Wallace,7/12/1918,Scranton,USA,73,185,TRUE,FALSE,FALSE,-1,-1,-1,Michael Wallace
78444,Dwight,Waller,10/5/1945,Tennessee State,USA,78,220,FALSE,TRUE,FALSE,1968,10,131,Dwight Waller
78445,Jamie,Waller,11/20/1964,Virginia Union,USA,76,215,FALSE,TRUE,FALSE,1987,3,48,Jamie Waller
78446,Jim,Walsh,8/29/1931,Stanford,USA,76,195,FALSE,TRUE,FALSE,1952,,,Jim Walsh
78447,Paul,Walther,3/23/1927,Tennessee,USA,74,78447,TRUE,FALSE,FALSE,-22,-22,-22,Paul Walther
78448,Rabbit,Walthour,4/11/1905,Benjamin Franklin HS (NY),USA,71,163,TRUE,FALSE,FALSE,-1,-1,-1,Rabbit Walthour
78449,Lloyd,Walton,11/23/1953,Marquette,USA,72,160,TRUE,FALSE,FALSE,1976,3,40,Lloyd Walton
78450,Bill,Walton,11/5/1952,UCLA,USA,83,78450,FALSE,FALSE,TRUE,1974,1,1,Bill Walton
78453,Bobby,Wanzer,6/4/1921,Seton Hall,USA,72,170,TRUE,FALSE,FALSE,1948,1,10,Bobby Wanzer
78454,Perry,Warbington,9/7/1952,Georgia Southern,USA,74,78454,TRUE,FALSE,FALSE,1974,9,145,Perry Warbington
78455,Gerry,Ward,9/6/1941,Boston College,USA,76,195,TRUE,FALSE,FALSE,1963,1,5,Gerry Ward
78456,Henry,Ward,1/30/1952,Jackson State,USA,76,195,TRUE,FALSE,FALSE,1975,6,99,Henry Ward
78457,Jim,Ware,5/2/1944,Oklahoma City,USA,79,210,FALSE,TRUE,FALSE,1966,3,26,Jim Ware
78458,Ben,Warley,9/4/1936,Tennessee State,USA,77,200,FALSE,TRUE,FALSE,1961,1,6,Ben Warley
78459,Bob,Warlick,3/20/1941,Pepperdine,USA,77,78459,TRUE,FALSE,FALSE,-22,-22,-22,Bob Warlick
78460,Cornell,Warner,8/12/1948,Jackson State,USA,81,220,FALSE,TRUE,FALSE,1970,2,24,Cornell Warner
78461,Johnny,Warren,7/7/1947,St. John's (NY),USA,75,180,TRUE,FALSE,FALSE,1969,1,11,Johnny Warren
78462,Bryan,Warrick,7/22/1959,St. Joseph's (PA),USA,77,195,TRUE,FALSE,FALSE,1982,2,25,Bryan Warrick
78463,Chris,Washburn,5/13/1965,North Carolina State,USA,83,225,FALSE,FALSE,TRUE,1986,1,3,Chris Washburn
78464,Duane,Washington,8/31/1964,Middle Tennessee State,USA,76,195,TRUE,FALSE,FALSE,1987,2,36,Duane Washington
78465,Dwayne,Washington,1/6/1964,Syracuse,USA,74,190,TRUE,FALSE,FALSE,1986,1,13,Dwayne Washington
78466,Jim,Washington,7/1/1943,Villanova,USA,79,210,FALSE,TRUE,FALSE,1965,1,6,Jim Washington
78467,Kermit,Washington,9/17/1951,American,USA,80,230,FALSE,TRUE,FALSE,1973,1,5,Kermit Washington
78468,Richard,Washington,7/15/1955,UCLA,USA,82,220,FALSE,TRUE,FALSE,1976,1,3,Richard Washington
78469,Bobby,Washington,7/11/1947,Eastern Kentucky,USA,71,175,TRUE,FALSE,FALSE,-1,-1,-1,Bobby Washington
78470,Stan,Washington,1/23/1952,San Diego,USA,76,78470,TRUE,FALSE,FALSE,1974,4,66,Stan Washington
78471,Wilson,Washington,8/3/1955,Old Dominion,USA,81,227,FALSE,TRUE,FALSE,1977,2,25,Wilson Washington
78473,Slick,Watts,7/22/1951,Xavier of Louisiana,USA,73,175,TRUE,FALSE,FALSE,-1,-1,-1,Slick Watts
78474,Ron,Watts,5/21/1943,Wake Forest,USA,78,210,FALSE,TRUE,FALSE,1965,2,17,Ron Watts
78475,Nick,Weatherspoon,7/20/1950,Illinois,USA,79,195,FALSE,TRUE,FALSE,1973,1,13,Nick Weatherspoon
78477,Jeff,Webb,7/6/1948,Kansas State,USA,76,170,TRUE,FALSE,FALSE,-1,-1,-1,Jeff Webb
78478,Marcus,Webb,5/9/1970,Alabama,USA,81,255,FALSE,TRUE,FALSE,-1,-1,-1,Marcus Webb
78479,Forest,Weber,3/18/1918,Purdue,USA,78,225,FALSE,FALSE,TRUE,-1,-1,-1,Forest Weber
78481,Marvin,Webster,4/13/1952,Morgan State,USA,85,78481,FALSE,FALSE,TRUE,1975,1,3,Marvin Webster
78482,Scott,Wedman,7/29/1952,Colorado,USA,79,215,FALSE,TRUE,FALSE,1974,1,6,Scott Wedman
78483,Dick,Wehr,12/9/1925,Rice,USA,76,78483,FALSE,FALSE,FALSE,-22,-22,-22,Dick Wehr
78484,Brant,Weidner,10/28/1960,William & Mary,USA,81,230,FALSE,TRUE,FALSE,1983,4,90,Brant Weidner
78485,Bob,Weiss,5/7/1942,Penn State,USA,75,180,TRUE,FALSE,FALSE,1965,3,22,Bob Weiss
78486,Rick,Weitzman,4/30/1946,Northeastern,USA,74,78486,TRUE,FALSE,FALSE,1967,1,110,Rick Weitzman
78488,Owen,Wells,12/9/1950,Detroit,USA,79,200,FALSE,TRUE,FALSE,1974,5,77,Owen Wells
78489,Ralph,Wells,9/3/1940,Northwestern,USA,73,180,TRUE,FALSE,FALSE,-1,-1,-1,Ralph Wells
78492,Matt,Wenstrom,11/4/1970,North Carolina,USA,85,250,FALSE,FALSE,TRUE,-1,-1,-1,Matt Wenstrom
78493,Robert,Werdann,,,,,,,,,,,,Robert Werdann
78494,Ray,Wertis,1/1/1922,St. John's (NY),USA,71,,TRUE,FALSE,FALSE,-1,-1,-1,Ray Wertis
78495,Walt,Wesley,1/25/1945,Kansas,USA,83,220,FALSE,FALSE,TRUE,1966,1,6,Walt Wesley
78497,Jerry,West,5/28/1938,West Virginia,USA,75,175,TRUE,FALSE,FALSE,1960,1,2,Jerry West
78499,Roland,West,6/6/1944,Cincinnati,USA,76,178,TRUE,FALSE,FALSE,1967,20,162,Roland West
78500,Paul,Westphal,11/30/1950,Southern California,USA,76,195,TRUE,FALSE,FALSE,1972,1,10,Paul Westphal
78501,John,Wetzel,10/22/1944,Virginia Tech,USA,77,78501,TRUE,FALSE,FALSE,1966,8,75,John Wetzel
78504,Clinton,Wheeler,10/27/1959,William Paterson,USA,73,185,TRUE,FALSE,FALSE,1981,7,150,Clinton Wheeler
78506,Lucian,Whitaker,8/29/1930,Kentucky,USA,73,180,TRUE,FALSE,FALSE,1952,,,Lucian Whitaker
78507,Eric,White,12/30/1965,Pepperdine,USA,80,200,FALSE,TRUE,FALSE,1987,3,65,Eric White
78508,Herb,White,6/15/1948,Georgia,USA,74,78508,TRUE,FALSE,FALSE,1970,8,133,Herb White
78509,Hubie,White,1/26/1940,Villanova,USA,76,205,TRUE,FALSE,FALSE,1962,2,14,Hubie White
78510,Jojo,White,11/16/1946,Kansas,USA,75,190,TRUE,FALSE,FALSE,1969,1,9,Jojo White
78512,Rory,White,8/16/1959,South Alabama,USA,80,210,FALSE,TRUE,FALSE,1982,4,86,Rory White
78513,Rudy,White,6/23/1953,Arizona State,USA,74,195,TRUE,FALSE,FALSE,1975,3,47,Rudy White
78514,Tony,White,2/15/1965,Tennessee,USA,74,170,TRUE,FALSE,FALSE,1987,2,33,Tony White
78515,Willie,White,8/20/1962,Tennessee-Chattanooga,USA,75,195,TRUE,FALSE,FALSE,1984,2,42,Willie White
78516,Jerome,Whitehead,9/30/1956,Marquette,USA,82,220,FALSE,FALSE,TRUE,1978,2,41,Jerome Whitehead
78519,Charles,Whitney,6/22/1957,North Carolina State,USA,77,235,FALSE,TRUE,FALSE,1980,1,16,Charles Whitney
78520,Sidney,Wicks,9/19/1949,UCLA,USA,81,78520,FALSE,TRUE,FALSE,1971,1,2,Sidney Wicks
78521,Murray,Wier,12/12/1926,Iowa,USA,69,155,TRUE,FALSE,FALSE,1948,,,Murray Wier
78522,Bob,Wiesenhahn,12/22/1938,Cincinnati,USA,76,215,FALSE,TRUE,FALSE,1961,2,11,Bob Wiesenhahn
78523,Mitchell,Wiggins,9/28/1959,Florida State,USA,76,78523,TRUE,FALSE,FALSE,1983,1,23,Mitchell Wiggins
78524,Ken,Wilburn,6/8/1944,Central State,USA,78,195,FALSE,TRUE,FALSE,1966,4,39,Ken Wilburn
78525,D.C.,Wilcutt,3/25/1923,St. Louis,USA,74,165,TRUE,FALSE,FALSE,1948,,,D.C. Wilcutt
78526,Gene,Wiley,11/12/1937,Wichita State,USA,82,210,FALSE,FALSE,TRUE,1962,2,15,Gene Wiley
78527,Michael,Wiley,10/16/1957,Long Beach State,USA,81,200,FALSE,TRUE,FALSE,1980,2,39,Michael Wiley
78528,Morlon,Wiley,9/24/1966,Long Beach State,USA,76,185,TRUE,FALSE,FALSE,1988,2,46,Morlon Wiley
78529,Win,Wilfong,3/18/1932,Memphis,USA,74,185,TRUE,FALSE,FALSE,1957,1,4,Win Wilfong
78530,Lenny,Wilkens,10/28/1937,Providence,USA,73,180,TRUE,FALSE,FALSE,1960,1,6,Lenny Wilkens
78531,Bob,Wilkerson,8/15/1954,Indiana,USA,78,195,TRUE,FALSE,FALSE,1976,1,11,Bob Wilkerson
78532,Jamaal,Wilkes,5/2/1953,UCLA,USA,78,190,FALSE,TRUE,FALSE,1974,1,11,Jamaal Wilkes
78533,James,Wilkes,3/12/1958,UCLA,USA,79,195,FALSE,TRUE,FALSE,1980,3,50,James Wilkes
78534,Eddielee,Wilkins,5/7/1962,Gardner-Webb,USA,82,220,FALSE,FALSE,TRUE,1984,6,133,Eddielee Wilkins
78537,Jeff,Wilkins,3/9/1955,Illinois State,USA,82,230,FALSE,FALSE,TRUE,1977,2,37,Jeff Wilkins
78538,Dale,Wilkinson,3/18/1960,Idaho State,USA,82,220,FALSE,TRUE,FALSE,1982,10,221,Dale Wilkinson
78539,Arthur,Williams,9/29/1939,California State-Poly Pomona,USA,73,180,TRUE,FALSE,FALSE,-1,-1,-1,Arthur Williams
78540,Bernie,Williams,12/30/1945,La Salle,USA,75,175,TRUE,FALSE,FALSE,1969,2,21,Bernie Williams
78541,Chuckie,Williams,12/31/1953,Kansas State,USA,75,78541,TRUE,FALSE,FALSE,1976,1,15,Chuckie Williams
78543,Cliff,Williams,4/15/1945,Bowling Green,USA,75,180,TRUE,FALSE,FALSE,-1,-1,-1,Cliff Williams
78545,Don,Williams,8/2/1956,Notre Dame,USA,74,180,TRUE,FALSE,FALSE,1978,5,96,Don Williams
78546,Earl,Williams,3/24/1951,Winston-Salem State,USA,79,230,FALSE,FALSE,TRUE,1974,3,49,Earl Williams
78547,Chuck,Williams,6/6/1946,Colorado,USA,74,175,TRUE,FALSE,FALSE,1968,6,76,Chuck Williams
78548,Freeman,Williams,5/15/1956,Portland State,USA,76,190,TRUE,FALSE,FALSE,1978,1,8,Freeman Williams
78549,Gus,Williams,10/10/1953,Southern California,USA,74,175,TRUE,FALSE,FALSE,1975,2,20,Gus Williams
78550,Guy,Williams,7/1/1960,Washington State,USA,81,200,FALSE,TRUE,FALSE,1983,2,34,Guy Williams
78554,John,Williams,10/26/1966,Louisiana State,USA,80,235,FALSE,TRUE,FALSE,1986,1,12,John Williams
78555,Kenny,Williams,6/9/1969,Elizabeth City State,USA,81,78555,FALSE,TRUE,FALSE,1990,2,46,Kenny Williams
78556,Kevin,Williams,9/11/1961,St. John's (NY),USA,74,175,TRUE,FALSE,FALSE,1983,2,46,Kevin Williams
78558,Mike,Williams,8/14/1963,Bradley,USA,80,255,TRUE,FALSE,FALSE,1986,3,51,Mike Williams
78560,Milt,Williams,11/22/1945,Lincoln (MO),USA,74,182,TRUE,FALSE,FALSE,1968,17,202,Milt Williams
78563,Rickey,Williams,3/12/1957,Long Beach State,USA,73,175,TRUE,FALSE,FALSE,1978,10,190,Rickey Williams
78564,Bob,Williams,5/12/1931,Florida A&M,USA,78,230,FALSE,TRUE,FALSE,-1,-1,-1,Bob Williams
78565,Rob,Williams,5/5/1961,Houston,USA,74,175,TRUE,FALSE,FALSE,1982,1,19,Rob Williams
78566,Pete,Williams,3/10/1965,Arizona,USA,79,190,FALSE,TRUE,FALSE,1985,4,89,Pete Williams
78567,Ron,Williams,9/24/1944,West Virginia,USA,75,188,TRUE,FALSE,FALSE,1968,1,9,Ron Williams
78568,Sam,Williams,1/22/1945,Iowa,USA,75,180,TRUE,FALSE,FALSE,1968,3,35,Sam Williams
78569,Samuel,Williams,3/7/1959,Arizona State,USA,80,210,FALSE,TRUE,FALSE,1981,2,33,Samuel Williams
78570,Sly,Williams,1/26/1958,Rhode Island,USA,79,210,FALSE,TRUE,FALSE,1979,1,21,Sly Williams
78571,Ray,Williams,10/14/1954,Minnesota,USA,75,188,TRUE,FALSE,FALSE,1977,1,10,Ray Williams
78573,Ward,Williams,6/26/1923,Indiana,USA,76,195,FALSE,TRUE,FALSE,1948,1,8,Ward Williams
78574,Willie,Williams,7/28/1946,Florida State,USA,79,78574,FALSE,TRUE,FALSE,1970,3,38,Willie Williams
78575,John,Williamson,11/10/1951,New Mexico State,USA,74,185,TRUE,FALSE,FALSE,1973,6,96,John Williamson
78577,Bill,Willoughby,5/20/1957,Dwight Morrow HS (NJ),USA,80,205,FALSE,TRUE,FALSE,1975,2,19,Bill Willoughby
78578,Othell,Wilson,10/26/1961,Virginia,USA,72,190,TRUE,FALSE,FALSE,1984,2,35,Othell Wilson
78579,George,Wilson,5/9/1942,Cincinnati,USA,80,225,FALSE,FALSE,TRUE,1964,,,George Wilson
78580,Isaiah,Wilson,5/31/1948,Baltimore,USA,74,175,TRUE,FALSE,FALSE,1971,2,29,Isaiah Wilson
78581,Mike,Wilson,9/15/1959,Marquette,USA,75,175,TRUE,FALSE,FALSE,1982,3,47,Mike Wilson
78582,Nikita,Wilson,2/25/1964,Louisiana State,USA,80,200,FALSE,TRUE,FALSE,1987,2,30,Nikita Wilson
78583,Rick,Wilson,2/7/1956,Louisville,USA,76,200,TRUE,FALSE,FALSE,1978,2,25,Rick Wilson
78584,Ricky,Wilson,7/16/1964,George Mason,USA,75,195,TRUE,FALSE,FALSE,1986,3,52,Ricky Wilson
78585,Bobby,Wilson,1/15/1951,Wichita State,USA,74,175,TRUE,FALSE,FALSE,1974,3,52,Bobby Wilson
78586,Bob,Wilson,3/8/1926,West Virginia State,USA,76,185,TRUE,FALSE,FALSE,-1,-1,-1,Bob Wilson
78587,Thomas,Wilson,8/7/1955,Western Carolina,USA,75,175,TRUE,FALSE,FALSE,1978,5,101,Thomas Wilson
78589,Kennard,Winchester,9/3/1966,Averett,USA,77,210,FALSE,TRUE,FALSE,-1,-1,-1,Kennard Winchester
78590,Tony,Windis,1/27/1933,Wyoming,USA,73,160,TRUE,FALSE,FALSE,1959,5,32,Tony Windis
78591,John,Windsor,4/3/1940,Stanford,USA,80,215,FALSE,TRUE,FALSE,1962,5,39,John Windsor
78592,Lee,Winfield,2/4/1947,North Texas,USA,74,174,TRUE,FALSE,FALSE,1969,3,32,Lee Winfield
78596,Harthorne,Wingo,9/9/1947,Friendship (SC),USA,78,210,FALSE,TRUE,FALSE,-1,-1,-1,Harthorne Wingo
78597,Marv,Winkler,2/18/1948,Louisiana-Lafayette,USA,73,164,TRUE,FALSE,FALSE,1970,3,50,Marv Winkler
78600,Brian,Winters,3/1/1952,South Carolina,USA,76,185,TRUE,FALSE,FALSE,1974,1,12,Brian Winters
78601,Voise,Winters,10/12/1962,Bradley,USA,80,200,FALSE,TRUE,FALSE,1985,2,44,Voise Winters
78602,Willie,Wise,3/3/1947,Drake,USA,78,210,FALSE,TRUE,FALSE,1969,5,64,Willie Wise
78603,Luke,Witte,10/19/1950,Ohio State,USA,84,235,FALSE,FALSE,TRUE,1973,4,57,Luke Witte
78605,Garry,Witts,7/3/1959,Holy Cross,USA,79,190,TRUE,FALSE,FALSE,1981,5,103,Garry Witts
78606,Dave,Wohl,11/2/1949,Pennsylvania,USA,74,185,TRUE,FALSE,FALSE,1971,3,46,Dave Wohl
78609,Howard,Wood,5/20/1959,Tennessee,USA,79,78609,FALSE,TRUE,FALSE,1981,2,27,Howard Wood
78610,Al,Wood,6/2/1958,North Carolina,USA,78,193,TRUE,FALSE,FALSE,1981,1,4,Al Wood
78611,Leon,Wood,3/25/1962,California State-Fullerton,USA,75,185,TRUE,FALSE,FALSE,1984,1,10,Leon Wood
78612,Bob,Wood,10/7/1921,Northern Illinois,USA,70,,TRUE,FALSE,FALSE,-1,-1,-1,Bob Wood
78614,Mike,Woodson,3/24/1958,Indiana,USA,77,195,TRUE,FALSE,FALSE,1980,1,12,Mike Woodson
78615,Orlando,Woolridge,12/16/1959,Notre Dame,USA,81,78615,FALSE,TRUE,FALSE,1981,1,6,Orlando Woolridge
78616,Mark,Workman,3/10/1930,West Virginia,USA,81,215,FALSE,FALSE,TRUE,1952,1,1,Mark Workman
78617,Tom,Workman,11/14/1944,Seattle,USA,79,218,FALSE,TRUE,FALSE,1967,1,8,Tom Workman
78618,Sam,Worthen,1/17/1958,Marquette,USA,77,195,TRUE,FALSE,FALSE,1980,2,26,Sam Worthen
78620,Brad,Wright,3/26/1962,UCLA,USA,83,225,FALSE,TRUE,FALSE,1985,3,49,Brad Wright
78621,Howard,Wright,12/20/1967,Stanford,USA,80,220,FALSE,TRUE,FALSE,-1,-1,-1,Howard Wright
78622,Joby,Wright,9/5/1950,Indiana,USA,80,220,FALSE,TRUE,FALSE,1972,2,18,Joby Wright
78623,Larry,Wright,11/23/1954,Grambling,USA,73,160,TRUE,FALSE,FALSE,1976,1,14,Larry Wright
78627,A.J.,Wynder,9/11/1964,Fairfield,USA,74,180,TRUE,FALSE,FALSE,-1,-1,-1,A.J. Wynder
78628,George,Yardley,11/3/1928,Stanford,USA,77,190,FALSE,TRUE,FALSE,1950,1,7,George Yardley
78629,Barry,Yates,1/30/1946,Maryland,USA,79,215,FALSE,TRUE,FALSE,1971,8,131,Barry Yates
78630,Wayne,Yates,11/7/1937,Memphis,USA,80,235,FALSE,FALSE,TRUE,1961,1,5,Wayne Yates
78631,Charlie,Yelverton,12/5/1948,Fordham,USA,74,190,TRUE,FALSE,FALSE,1971,2,25,Charlie Yelverton
78632,Rich,Yonakor,10/3/1958,North Carolina,USA,81,78632,FALSE,TRUE,FALSE,1980,3,61,Rich Yonakor
78633,Danny,Young,7/26/1962,Wake Forest,USA,76,175,TRUE,FALSE,FALSE,1984,2,39,Danny Young
78634,Michael,Young,1/2/1961,Houston,USA,79,220,TRUE,FALSE,FALSE,1984,1,24,Michael Young
78635,Perry,Young,8/4/1963,Virginia Tech,USA,77,210,TRUE,FALSE,FALSE,1985,3,61,Perry Young
78638,Max,Zaslofsky,12/7/1925,St. John's (NY),USA,74,170,TRUE,FALSE,FALSE,-1,-1,-1,Max Zaslofsky
78639,Robert,Zawoluk,10/13/1930,St. John's (NY),USA,79,215,FALSE,TRUE,FALSE,1952,,,Robert Zawoluk
78640,Dave,Zeller,6/8/1939,Miami (Ohio),USA,73,78640,TRUE,FALSE,FALSE,1961,7,61,Dave Zeller
78641,Gary,Zeller,11/20/1947,Drake,USA,75,205,TRUE,FALSE,FALSE,1970,5,83,Gary Zeller
78642,Hank,Zeller,7/10/1918,Washington & Jefferson,USA,76,210,FALSE,FALSE,TRUE,-1,-1,-1,Hank Zeller
78643,Tony,Zeno,10/1/1957,Arizona State,USA,80,210,FALSE,TRUE,FALSE,1979,2,32,Tony Zeno
78644,Phil,Zevenbergen,4/13/1964,Washington,USA,82,230,FALSE,TRUE,FALSE,1987,3,50,Phil Zevenbergen
78647,Jim,Zoet,12/30/1953,Kent State,USA,85,240,FALSE,FALSE,TRUE,-1,-1,-1,Jim Zoet
78648,Bill,Zopf,6/7/1948,Duquesne,USA,73,78648,TRUE,FALSE,FALSE,1970,2,33,Bill Zopf
78650,Matt,Zunic,12/19/1919,George Washington,USA,75,195,TRUE,FALSE,FALSE,1947,,,Matt Zunic
78651,John,Tresvant,11/6/1939,Seattle,USA,79,215,FALSE,TRUE,FALSE,1964,5,40,John Tresvant
78653,Charlie,Shipp,12/3/1913,Catholic,USA,73,200,TRUE,FALSE,FALSE,-1,-1,-1,Charlie Shipp
78654,Barry,Sumpter,11/11/1965,Austin Peay,USA,83,215,FALSE,TRUE,FALSE,1988,3,56,Barry Sumpter
78655,John,Coker,,,,,,,,,,,,John Coker
78656,Blair,Rasmussen,11/13/1962,Oregon,USA,76,172,FALSE,TRUE,FALSE,1985,1,15,Blair Rasmussen
79635,Bobby,Watson,,,,,,,,,,,,Bobby Watson
90000,Mark,Jones,4/10/1961,St. Bonaventure,USA,,,,,,1983,4,82,Mark Jones
100263,Bill,Laimbeer,1/1/1900,,USA,83,245,FALSE,FALSE,TRUE,1979,3,65,Bill Laimbeer
100686,Michaela,Pavlickova,,,,,,,,,,,,Michaela Pavlickova
100729,Michelle,Snow,,,,,,,,,,,,Michelle Snow
101106,Andrew,Bogut,11/28/1984,Utah,Australia,84,260,FALSE,FALSE,TRUE,2005,1,1,Andrew Bogut
101107,Marvin,Williams,6/19/1986,North Carolina,USA,80,237,FALSE,TRUE,FALSE,2005,1,2,Marvin Williams
101109,Raymond,Felton,6/26/1984,North Carolina,USA,73,205,TRUE,FALSE,FALSE,2005,1,5,Raymond Felton
101110,Martell,Webster,12/4/1986,Seattle Preparatory HS (WA),USA,79,230,TRUE,TRUE,FALSE,2005,1,6,Martell Webster
101111,Charlie,Villanueva,8/24/1984,Connecticut,USA,83,232,FALSE,TRUE,FALSE,2005,1,7,Charlie Villanueva
101112,Channing,Frye,5/17/1983,Arizona,USA,84,255,FALSE,TRUE,TRUE,2005,1,8,Channing Frye
101113,Ike,Diogu,9/11/1983,Arizona State,USA,81,250,FALSE,TRUE,FALSE,2005,1,9,Ike Diogu
101114,Deron,Williams,6/26/1984,Illinois,USA,75,200,TRUE,FALSE,FALSE,2005,1,3,Deron Williams
101115,Andrew,Bynum,10/27/1987,St. Joseph HS (NJ),USA,84,285,FALSE,FALSE,TRUE,2005,1,10,Andrew Bynum
101117,Yaroslav,Korolev,5/7/1987,CSKA Moscow,Russia,81,203,FALSE,TRUE,FALSE,2005,1,12,Yaroslav Korolev
101118,Sean,May,4/4/1984,North Carolina,USA,81,266,FALSE,TRUE,TRUE,2005,1,13,Sean May
101119,Rashad,McCants,9/25/1984,North Carolina,USA,76,215,TRUE,FALSE,FALSE,2005,1,14,Rashad McCants
101120,Antoine,Wright,2/6/1984,Texas A&M,USA,79,215,TRUE,TRUE,FALSE,2005,1,15,Antoine Wright
101121,Joey,Graham,6/11/1982,Oklahoma State,USA,79,230,FALSE,TRUE,FALSE,2005,1,16,Joey Graham
101122,Danny,Granger,4/20/1983,New Mexico,USA,81,222,TRUE,TRUE,FALSE,2005,1,17,Danny Granger
101123,Gerald,Green,1/26/1986,No College,USA,79,205,TRUE,TRUE,FALSE,2005,1,18,Gerald Green
101124,Hakim,Warrick,7/8/1982,Syracuse,USA,81,219,FALSE,TRUE,FALSE,2005,1,19,Hakim Warrick
101125,Julius,Hodge,11/18/1983,North Carolina State,USA,79,220,TRUE,FALSE,FALSE,2005,1,20,Julius Hodge
101126,Nate,Robinson,5/31/1984,Washington,USA,69,180,TRUE,FALSE,FALSE,2005,1,21,Nate Robinson
101127,Jarrett,Jack,10/28/1983,Georgia Tech,USA,75,200,TRUE,FALSE,FALSE,2005,1,22,Jarrett Jack
101128,Francisco,Garcia,12/31/1981,Louisville,Dominican Republic,79,215,TRUE,TRUE,FALSE,2005,1,23,Francisco Garcia
101129,Luther,Head,11/26/1982,Illinois,USA,75,185,TRUE,FALSE,FALSE,2005,1,24,Luther Head
101130,Johan,Petro,1/27/1986,Pau Orthez,France,84,247,FALSE,FALSE,TRUE,2005,1,25,Johan Petro
101131,Jason,Maxiell,2/18/1983,Cincinnati,USA,79,260,FALSE,TRUE,FALSE,2005,1,26,Jason Maxiell
101132,Linas,Kleiza,1/3/1985,Missouri,Lithuania,80,234,FALSE,TRUE,FALSE,2005,1,27,Linas Kleiza
101133,Ian,Mahinmi,11/5/1986,,France,83,262,FALSE,FALSE,TRUE,2005,1,28,Ian Mahinmi
101134,Wayne,Simien,3/9/1983,Kansas,USA,81,250,FALSE,TRUE,FALSE,2005,1,29,Wayne Simien
101135,David,Lee,4/29/1983,Florida,USA,81,245,FALSE,TRUE,TRUE,2005,1,30,David Lee
101136,Salim,Stoudamire,10/11/1982,Arizona,USA,73,101136,FALSE,FALSE,FALSE,2005,2,31,Salim Stoudamire
101137,Daniel,Ewing,3/26/1983,Duke,USA,75,185,TRUE,FALSE,FALSE,2005,2,32,Daniel Ewing
101138,Brandon,Bass,4/30/1985,Louisiana State,USA,80,250,FALSE,TRUE,FALSE,2005,2,33,Brandon Bass
101139,CJ,Miles,3/18/1987,No College,USA,78,220,TRUE,FALSE,FALSE,2005,2,34,CJ Miles
101141,Ersan,Ilyasova,5/15/1987,FC Barcelona,Turkey,81,235,FALSE,TRUE,FALSE,2005,2,36,Ersan Ilyasova
101142,Ronny,Turiaf,1/13/1983,Gonzaga,France,82,249,FALSE,FALSE,FALSE,2005,2,37,Ronny Turiaf
101143,Travis,Diener,3/1/1982,Marquette,USA,73,175,TRUE,FALSE,FALSE,2005,2,38,Travis Diener
101144,Von,Wafer,7/21/1985,Florida State,USA,77,101144,TRUE,FALSE,FALSE,2005,2,39,Von Wafer
101145,Monta,Ellis,10/26/1985,No College,USA,75,185,TRUE,FALSE,FALSE,2005,2,40,Monta Ellis
101146,Roko,Ukic,12/5/1984,Virtus Roma,Croatia,77,190,TRUE,FALSE,FALSE,2005,2,41,Roko Ukic
101147,Chris,Taft,3/10/1985,Pittsburgh,USA,82,261,FALSE,TRUE,FALSE,2005,2,42,Chris Taft
101148,Mile,Ilic,6/2/1984,FMP,Serbia,85,255,FALSE,FALSE,TRUE,2005,2,43,Mile Ilic
101149,Martynas,Andriuskevicius,3/12/1986,Zalgiris,Lithuania,86,240,FALSE,FALSE,TRUE,2005,2,44,Martynas Andriuskevicius
101150,Lou,Williams,10/27/1986,South Gwinnett HS (GA),USA,74,175,TRUE,FALSE,FALSE,2005,2,45,Lou Williams
101151,Erazem,Lorbek,,,,,,,,,,,,Erazem Lorbek
101152,Bracey,Wright,7/1/1984,Indiana,USA,75,201,TRUE,FALSE,FALSE,2005,2,47,Bracey Wright
101153,Mickael,Gelabale,5/22/1983,Real Madrid,France,79,215,FALSE,TRUE,FALSE,2005,2,48,Mickael Gelabale
101154,Andray,Blatche,8/22/1986,South Kent HS (CT),USA,83,260,FALSE,TRUE,TRUE,2005,2,49,Andray Blatche
101155,Ryan,Gomes,9/1/1982,Providence,USA,79,245,FALSE,TRUE,FALSE,2005,2,50,Ryan Gomes
101156,Robert,Whaley,4/16/1982,Walsh,USA,82,260,FALSE,FALSE,TRUE,2005,2,51,Robert Whaley
101158,Orien,Greene,2/4/1982,Louisiana-Lafayette,USA,76,208,TRUE,FALSE,FALSE,2005,2,53,Orien Greene
101159,Dijon,Thompson,3/23/1983,UCLA,USA,80,200,TRUE,TRUE,FALSE,2005,2,54,Dijon Thompson
101160,Lawrence,Roberts,10/20/1982,Mississippi State,USA,81,240,FALSE,TRUE,FALSE,2005,2,55,Lawrence Roberts
101161,Amir,Johnson,5/1/1987,No College,USA,81,240,FALSE,TRUE,TRUE,2005,2,56,Amir Johnson
101162,Marcin,Gortat,2/17/1984,RheinEnergie Cologne,Poland,83,240,FALSE,FALSE,TRUE,2005,2,57,Marcin Gortat
101165,Alex,Acker,1/21/1983,Pepperdine,USA,77,185,TRUE,FALSE,FALSE,2005,2,60,Alex Acker
101166,Uros,Slokar,5/14/1983,Benetton Treviso,Slovenia,82,238,FALSE,TRUE,FALSE,2005,2,58,Uros Slokar
101177,Fabricio,Oberto,3/21/1975,Valencia,Argentina,82,245,FALSE,FALSE,TRUE,-1,-1,-1,Fabricio Oberto
101178,Arvydas,Macijauskas,1/19/1980,Tau Ceramica,Lithuania,76,214,TRUE,FALSE,FALSE,-1,-1,-1,Arvydas Macijauskas
101179,Ronnie,Price,6/21/1983,Utah Valley,USA,74,190,TRUE,FALSE,FALSE,-1,-1,-1,Ronnie Price
101180,Sarunas,Jasikevicius,3/5/1976,Maryland,Lithuania,,,,,,-1,-1,-1,Sarunas Jasikevicius
101181,Jose,Calderon,9/28/1981,Tau Ceramica,Spain,75,200,TRUE,FALSE,FALSE,-1,-1,-1,Jose Calderon
101182,Donell,Taylor,7/26/1982,Alabama-Birmingham,USA,77,193,TRUE,FALSE,FALSE,-1,-1,-1,Donell Taylor
101183,Shavlik,Randolph,11/24/1983,Duke,USA,82,236,FALSE,TRUE,FALSE,-1,-1,-1,Shavlik Randolph
101184,Deng,Gai,3/22/1982,Fairfield,South Sudan,81,250,FALSE,TRUE,FALSE,-1,-1,-1,Deng Gai
101185,Rawle,Marshall,2/20/1982,Oakland,USA,79,190,TRUE,TRUE,FALSE,-1,-1,-1,Rawle Marshall
101186,Lucas,Tischer,,,,,,,,,,,,Lucas Tischer
101187,Alan,Anderson,10/16/1982,Michigan State,USA,78,220,TRUE,TRUE,FALSE,-1,-1,-1,Alan Anderson
101188,Eddie,Basden,2/15/1983,North Carolina-Charlotte,USA,77,215,TRUE,FALSE,FALSE,-1,-1,-1,Eddie Basden
101189,James,Singleton,7/20/1981,Murray State,USA,80,230,FALSE,TRUE,FALSE,-1,-1,-1,James Singleton
101190,Matt,Walsh,12/2/1982,Florida,USA,78,220,TRUE,TRUE,FALSE,-1,-1,-1,Matt Walsh
101194,Anthony,Roberson,2/14/1983,Florida,USA,74,101194,TRUE,FALSE,FALSE,-22,-22,-22,Anthony Roberson
101195,Luke,Schenscher,12/31/1981,Georgia Tech,USA,85,101195,FALSE,FALSE,TRUE,-22,-22,-22,Luke Schenscher
101198,Will,Bynum,1/4/1983,Georgia Tech,USA,72,185,TRUE,FALSE,FALSE,-1,-1,-1,Will Bynum
101204,Dwayne,Jones,6/9/1983,St. Joseph's (PA),USA,83,248,FALSE,TRUE,TRUE,-1,-1,-1,Dwayne Jones
101207,Kevin,Burleson,4/9/1979,Minnesota,USA,75,205,TRUE,FALSE,FALSE,-1,-1,-1,Kevin Burleson
101208,Spencer,Nelson,,,,,,,,,,,,Spencer Nelson
101209,Devin,Green,10/25/1982,Hampton,USA,79,212,TRUE,TRUE,FALSE,-1,-1,-1,Devin Green
101211,Stephen,Graham,6/11/1982,Oklahoma State,USA,78,215,TRUE,TRUE,FALSE,-22,-22,-22,Stephen Graham
101212,Esteban,Batista,9/2/1983,Trouville,Uruguay,82,101212,FALSE,TRUE,TRUE,-22,-22,-22,Esteban Batista
101213,Sharrod,Ford,1/9/1982,Clemson,USA,81,101213,FALSE,FALSE,FALSE,-22,-22,-22,Sharrod Ford
101214,Jawad,Williams,2/19/1983,North Carolina,USA,81,225,FALSE,TRUE,FALSE,-1,-1,-1,Jawad Williams
101215,Will,Conroy,12/8/1982,Washington,USA,74,195,TRUE,FALSE,FALSE,-1,-1,-1,Will Conroy
101216,Marcus,Campbell,,,,,,,,,,,,Marcus Campbell
101217,D'or,Fischer,,,,,,,,,,,,D'or Fischer
101219,Anthony,Grundy,4/15/1979,North Carolina State,USA,75,185,TRUE,FALSE,FALSE,-1,-1,-1,Anthony Grundy
101223,Aaron,Miles,4/13/1983,Kansas,USA,73,190,TRUE,FALSE,FALSE,-1,-1,-1,Aaron Miles
101224,Deji,Akindele,,,,,,,,,,,,Deji Akindele
101225,Justin,Davis,,,,,,,,,,,,Justin Davis
101226,Matt,Nelson,,,,,,,,,,,,Matt Nelson
101227,Kennedy,Winston,,,,,,,,,,,,Kennedy Winston
101228,Kyle,Bailey,,,,,,,,,,,,Kyle Bailey
101230,Noel,Felix,10/4/1981,Fresno State,USA,81,225,FALSE,TRUE,FALSE,-1,-1,-1,Noel Felix
101232,Roger,Powell,1/15/1983,Illinois,USA,78,101232,FALSE,FALSE,FALSE,-22,-22,-22,Roger Powell
101235,Kelenna,Azubuike,12/16/1983,Kentucky,United Kingdom,77,215,TRUE,FALSE,FALSE,-1,-1,-1,Kelenna Azubuike
101236,Chuck,Hayes,6/11/1983,Kentucky,USA,78,240,FALSE,TRUE,TRUE,-1,-1,-1,Chuck Hayes
101238,Boniface,Ndong,9/3/1977,Dijon,Senegal,84,205,FALSE,FALSE,TRUE,-1,-1,-1,Boniface Ndong
101239,Otis,George,,,,,,,,,,,,Otis George
101240,Kevin,Braswell,,,,,,,,,,,,Kevin Braswell
101242,Jason,Capel,,,,,,,,,,,,Jason Capel
101243,Chris,Alexander,,,,,,,,,,,,Chris Alexander
101245,Filiberto,Rivera,,,,,,,,,,,,Filiberto Rivera
101247,Keith,Langford,9/15/1983,Kansas,USA,76,215,TRUE,FALSE,FALSE,-1,-1,-1,Keith Langford
101249,John,Lucas III,11/21/1982,Oklahoma State,USA,71,166,TRUE,FALSE,FALSE,-1,-1,-1,John Lucas III
101250,Adam,Chubb,,,,,,,,,,,,Adam Chubb
101251,Ricky,Shields,,,,,,,,,,,,Ricky Shields
101252,Sean,Banks,,,,,,,,,,,,Sean Banks
101253,Olu,Famutimi,,,,,,,,,,,,Olu Famutimi
101254,Herve,Lamizana,,,,,,,,,,,,Herve Lamizana
101255,Steve,Castleberry,,,,,,,,,,,,Steve Castleberry
101256,Anthony,Lever-Pedroza,,,,,,,,,,,,Anthony Lever-Pedroza
101257,Eric,Sandrin,,,,,,,,,,,,Eric Sandrin
101258,Corey,Williams,8/8/1977,Oklahoma State,USA,75,101258,TRUE,FALSE,FALSE,1992,2,33,Corey Williams
101259,Toree,Morris,,,,,,,,,,,,Toree Morris
101260,Bryant,Matthews,,,,,,,,,,,,Bryant Matthews
101261,Andre,Owens,10/31/1980,Houston,USA,76,200,TRUE,FALSE,FALSE,-1,-1,-1,Andre Owens
101262,Cory,Violette,,,,,,,,,,,,Cory Violette
200081,Jamario,Moon,6/13/1980,Meridian CC,USA,80,205,FALSE,TRUE,FALSE,-1,-1,-1,Jamario Moon
200390,Cheyne,Gadson,,,,,,,,,,,,Cheyne Gadson
200510,Charles,Gaines,,,,,,,,,,,,Charles Gaines
200517,Joe,Shipp,,,,,,,,,,,,Joe Shipp
200555,TJ,Cummings,,,,,,,,,,,,TJ Cummings
200557,Chet,Mason,,,,,,,,,,,,Chet Mason
200575,Romel,Beck,,,,,,,,,,,,Romel Beck
200583,Brandon,Robinson,,,,,,,,,,,,Brandon Robinson
200745,Andrea,Bargnani,10/26/1985,Benetton Treviso,Italy,84,245,FALSE,FALSE,FALSE,2006,1,1,Andrea Bargnani
200746,LaMarcus,Aldridge,7/19/1985,University of Texas at Austin,USA,83,250,FALSE,TRUE,TRUE,2006,1,2,LaMarcus Aldridge
200747,Adam,Morrison,7/19/1984,Gonzaga,USA,80,205,FALSE,TRUE,FALSE,2006,1,3,Adam Morrison
200748,Tyrus,Thomas,8/17/1986,Louisiana State,USA,82,225,FALSE,TRUE,FALSE,2006,1,4,Tyrus Thomas
200749,Shelden,Williams,10/21/1983,Duke,USA,81,250,FALSE,TRUE,TRUE,2006,1,5,Shelden Williams
200750,Brandon,Roy,7/23/1984,Washington,USA,78,211,TRUE,FALSE,FALSE,2006,1,6,Brandon Roy
200751,Randy,Foye,9/24/1983,Villanova,USA,76,218,TRUE,FALSE,FALSE,2006,1,7,Randy Foye
200752,Rudy,Gay,8/17/1986,Connecticut,USA,80,250,TRUE,TRUE,FALSE,2006,1,8,Rudy Gay
200753,Patrick,O'Bryant,6/20/1986,Bradley,USA,84,250,FALSE,FALSE,TRUE,2006,1,9,Patrick O'Bryant
200754,Mouhamed,Sene,5/12/1986,Verviers-Pepinster,Senegal,83,200754,FALSE,FALSE,TRUE,2006,1,10,Mouhamed Sene
200755,JJ,Redick,6/24/1984,Duke,USA,75,200,TRUE,FALSE,FALSE,2006,1,11,JJ Redick
200756,Hilton,Armstrong,11/23/1984,Connecticut,USA,83,235,FALSE,TRUE,TRUE,2006,1,12,Hilton Armstrong
200757,Thabo,Sefolosha,5/2/1984,Angelico Biella,Switzerland,78,215,TRUE,TRUE,FALSE,2006,1,13,Thabo Sefolosha
200758,Ronnie,Brewer,3/20/1985,Arkansas,USA,79,235,FALSE,TRUE,FALSE,2006,1,14,Ronnie Brewer
200759,Cedric,Simmons,1/3/1986,North Carolina State,USA,81,235,FALSE,TRUE,FALSE,2006,1,15,Cedric Simmons
200760,Rodney,Carney,4/5/1984,Memphis,USA,79,205,FALSE,TRUE,FALSE,2006,1,16,Rodney Carney
200761,Shawne,Williams,2/16/1986,Memphis,USA,82,230,FALSE,TRUE,FALSE,2006,1,17,Shawne Williams
200762,Oleksiy,Pecherov,12/8/1985,Kyiv,Ukraine,84,200762,FALSE,TRUE,TRUE,2006,1,18,Oleksiy Pecherov
200763,Quincy,Douby,5/16/1984,Rutgers,USA,75,175,TRUE,FALSE,FALSE,2006,1,19,Quincy Douby
200764,Renaldo,Balkman,7/14/1984,South Carolina,USA,80,225,FALSE,TRUE,FALSE,2006,1,20,Renaldo Balkman
200765,Rajon,Rondo,2/22/1986,Kentucky,USA,73,180,TRUE,FALSE,FALSE,2006,1,21,Rajon Rondo
200766,Marcus,Williams,12/3/1985,Connecticut,USA,75,205,TRUE,FALSE,FALSE,2006,1,22,Marcus Williams
200767,Josh,Boone,11/21/1984,Connecticut,USA,82,240,FALSE,TRUE,TRUE,2006,1,23,Josh Boone
200769,Shannon,Brown,11/29/1985,Michigan State,USA,75,215,TRUE,FALSE,FALSE,2006,1,25,Shannon Brown
200770,Jordan,Farmar,11/30/1986,UCLA,USA,74,180,TRUE,FALSE,FALSE,2006,1,26,Jordan Farmar
200771,Sergio,Rodriguez,6/12/1986,Estudiantes,Spain,75,176,TRUE,FALSE,FALSE,2006,1,27,Sergio Rodriguez
200772,Maurice,Ager,2/9/1984,Michigan State,USA,77,202,TRUE,TRUE,FALSE,2006,1,28,Maurice Ager
200776,Mardy,Collins,8/4/1984,Temple,USA,78,220,TRUE,FALSE,FALSE,2006,1,29,Mardy Collins
200777,Joel,Freeland,2/7/1987,Malaga,United Kingdom,82,225,FALSE,TRUE,TRUE,2006,1,30,Joel Freeland
200778,James,White,10/21/1982,Cincinnati,USA,79,215,TRUE,TRUE,FALSE,2006,2,31,James White
200779,Steve,Novak,6/13/1983,Marquette,USA,82,225,FALSE,TRUE,FALSE,2006,2,32,Steve Novak
200780,Solomon,Jones,7/16/1984,South Florida,USA,82,235,FALSE,TRUE,FALSE,2006,2,33,Solomon Jones
200781,Paul,Davis,7/21/1984,Michigan State,USA,83,270,FALSE,FALSE,TRUE,2006,2,34,Paul Davis
200783,Craig,Smith,11/10/1983,Boston College,USA,79,265,FALSE,TRUE,FALSE,2006,2,36,Craig Smith
200784,Bobby,Jones,1/9/1984,Washington,USA,79,200784,FALSE,TRUE,FALSE,2006,2,37,Bobby Jones
200785,Kosta,Perovic,2/19/1985,Partizan,Serbia,86,240,FALSE,FALSE,TRUE,2006,2,38,Kosta Perovic
200786,David,Noel,2/27/1984,North Carolina,USA,78,230,TRUE,TRUE,FALSE,2006,2,39,David Noel
200787,Denham,Brown,,,,,,,,,,,,Denham Brown
200788,James,Augustine,2/27/1984,Illinois,USA,82,235,FALSE,TRUE,FALSE,2006,2,41,James Augustine
200789,Daniel,Gibson,2/27/1986,Texas,USA,74,190,TRUE,FALSE,FALSE,2006,2,42,Daniel Gibson
200790,Marcus,Vinicius,5/31/1984,Sao Carlos,Brazil,80,225,FALSE,TRUE,FALSE,2006,2,43,Marcus Vinicius
200792,Alexander,Johnson,2/8/1983,Florida State,USA,81,200792,FALSE,TRUE,FALSE,2006,2,45,Alexander Johnson
200793,Dee,Brown,8/17/1984,Illinois,USA,72,185,TRUE,FALSE,FALSE,2006,2,46,Dee Brown
200794,Paul,Millsap,2/10/1985,Louisiana Tech,USA,79,257,FALSE,TRUE,FALSE,2006,2,47,Paul Millsap
200796,Leon,Powe,1/22/1984,California,USA,80,240,FALSE,TRUE,FALSE,2006,2,49,Leon Powe
200797,Ryan,Hollins,10/10/1984,UCLA,USA,84,240,FALSE,FALSE,FALSE,2006,2,50,Ryan Hollins
200798,Cheikh,Samb,10/22/1984,WTC Cornella,Senegal,85,245,FALSE,FALSE,TRUE,2006,2,51,Cheikh Samb
200799,Guillermo,Diaz,3/4/1985,Miami,USA,,200799,FALSE,FALSE,FALSE,2006,2,52,Guillermo Diaz
200801,Hassan,Adams,6/20/1984,Arizona,USA,76,220,FALSE,TRUE,FALSE,2006,2,54,Hassan Adams
200805,JR,Pinnock,,,,,,,,,,,,JR Pinnock
200806,Damir,Markota,12/26/1985,Cibona,Croatia,82,225,FALSE,TRUE,FALSE,2006,2,59,Damir Markota
200807,Will,Blalock,9/8/1983,Iowa State,USA,72,205,TRUE,FALSE,FALSE,2006,2,60,Will Blalock
200809,Chris,Quinn,9/27/1983,Notre Dame,USA,74,200809,TRUE,FALSE,FALSE,-22,-22,-22,Chris Quinn
200810,Allan,Ray,6/17/1984,Villanova,USA,,,,,,-1,-1,-1,Allan Ray
200811,Lou,Amundson,12/7/1982,UNLV,USA,81,220,FALSE,TRUE,FALSE,-1,-1,-1,Lou Amundson
200812,Daniel,Horton,,,,,,,,,,,,Daniel Horton
200813,Vincent,Grier,,,,,,,,,,,,Vincent Grier
200814,Tarence,Kinsey,3/21/1984,South Carolina,USA,78,189,TRUE,FALSE,FALSE,-1,-1,-1,Tarence Kinsey
200815,Jamar,Smith,,,,,,,,,,,,Jamar Smith
200816,Jorge,Garbajosa,12/19/1977,Malaga,Spain,81,245,FALSE,TRUE,FALSE,-1,-1,-1,Jorge Garbajosa
200817,Pooh,Jeter,12/2/1983,Portland,USA,71,175,TRUE,FALSE,FALSE,-1,-1,-1,Pooh Jeter
200818,Justin,Williams,5/12/1984,Wyoming,USA,82,200818,FALSE,FALSE,FALSE,-22,-22,-22,Justin Williams
200819,Kevin,Pittsnogle,,,,,,,,,,,,Kevin Pittsnogle
200821,Yakhouba,Diawara,8/29/1982,Pepperdine,USA,79,225,TRUE,TRUE,FALSE,-1,-1,-1,Yakhouba Diawara
200822,Pops,Mensah-Bonsu,9/7/1983,George Washington,USA,81,235,FALSE,TRUE,FALSE,-1,-1,-1,Pops Mensah-Bonsu
200823,Robert,Hite,1/12/1984,Miami,USA,74,184,TRUE,FALSE,FALSE,-1,-1,-1,Robert Hite
200825,Matt,Haryasz,,,,,,,,,,,,Matt Haryasz
200826,J.J.,Barea,6/26/1984,Northeastern,Puerto Rico,70,180,TRUE,FALSE,FALSE,-1,-1,-1,J.J. Barea
200827,Darius,Washington,12/6/1985,Memphis,USA,74,195,TRUE,FALSE,FALSE,-1,-1,-1,Darius Washington
200828,Pat,Carroll,,,,,,,,,,,,Pat Carroll
200829,Ivan,McFarlin,4/26/1982,Oklahoma State,USA,79,229,FALSE,TRUE,FALSE,-1,-1,-1,Ivan McFarlin
200830,Charles,Lee,,,,,,,,,,,,Charles Lee
200835,Walter,Herrmann,6/26/1979,Malaga,Argentina,81,225,FALSE,TRUE,FALSE,-1,-1,-1,Walter Herrmann
200836,Akin,Akingbala,,,,,,,,,,,,Akin Akingbala
200837,Mike,Hall,6/5/1984,George Washington,USA,80,200837,FALSE,TRUE,FALSE,-22,-22,-22,Mike Hall
200838,Kevinn,Pinkney,10/20/1983,Nevada-Reno,USA,82,245,FALSE,TRUE,FALSE,-1,-1,-1,Kevinn Pinkney
200839,Mike,Harris,6/15/1983,Rice,USA,78,242,FALSE,TRUE,FALSE,-1,-1,-1,Mike Harris
200840,Chris,McCray,5/27/1984,Maryland,USA,77,192,TRUE,FALSE,FALSE,-1,-1,-1,Chris McCray
200841,Cedric,Bozeman,3/7/1983,UCLA,USA,78,207,TRUE,FALSE,FALSE,-1,-1,-1,Cedric Bozeman
200842,Rob,Griffin,,,,,,,,,,,,Rob Griffin
200843,LaVell,Blanchard,,,,,,,,,,,,LaVell Blanchard
200844,Davin,White,,,,,,,,,,,,Davin White
200845,Dawan,Robinson,,,,,,,,,,,,Dawan Robinson
200846,Kenny,Adeleke,,,,,,,,,,,,Kenny Adeleke
200847,Brandon,Bowman,,,,,,FALSE,FALSE,FALSE,,,,Brandon Bowman
200848,Steven,Smith,4/12/1983,La Salle,USA,81,250,FALSE,TRUE,FALSE,-1,-1,-1,Steven Smith
200849,Jackie,Manuel,,,,,,,,,,,,Jackie Manuel
200852,Antoine,Hood,,,,,,,,,,,,Antoine Hood
200853,Ondrej,Starosta,,,,,,,,,,,,Ondrej Starosta
200855,Frans,Steyn,,,,,,,,,,,,Frans Steyn
200856,Brian,Chase,,,,,,,,,,,,Brian Chase
200857,Elton,Brown,,,,,,,,,,,,Elton Brown
200858,Milone,Clark,,,,,,,,,,,,Milone Clark
200859,Paul,Miller,,,,,,,,,,,,Paul Miller
200862,Scooter,McFadgon,,,,,,,,,,,,Scooter McFadgon
200863,Tyrone,Ellis,,,,,,,,,,,,Tyrone Ellis
200894,Isma'il,Muhammad,,,,,,,,,,,,Isma'il Muhammad
200918,Rod,Benson,,,,,,,,,,,,Rod Benson
200951,Chris,Ellis,,,,,,,,,,,,Chris Ellis
200962,Justin,Williams,,,,,,,,,,,,Justin Williams
200970,Renaldo,Major,5/7/1982,Fresno State,USA,79,190,FALSE,TRUE,FALSE,-1,-1,-1,Renaldo Major
200971,Dontell,Jefferson,12/15/1983,Arkansas,USA,77,200971,TRUE,FALSE,FALSE,-22,-22,-22,Dontell Jefferson
200978,Jeremy,Richardson,3/1/1984,Delta State,USA,79,195,TRUE,TRUE,FALSE,-1,-1,-1,Jeremy Richardson
200984,Lance,Allred,2/2/1981,Weber State,USA,83,250,FALSE,FALSE,TRUE,-1,-1,-1,Lance Allred
201001,Andre,Patterson,,,,,,,,,,,,Andre Patterson
201005,Andre,Brown,,,,,,,,,,,,Andre Brown
201015,Antywane,Robinson,,,,,,,,,,,,Antywane Robinson
201019,Gerry,McNamara,,,,,,,,,,,,Gerry McNamara
201041,Walker,Russell,10/6/1982,Jacksonville State,USA,72,170,TRUE,FALSE,FALSE,1982,4,78,Walker Russell
201043,Randolph,Morris,1/2/1986,Kentucky,USA,83,275,FALSE,FALSE,TRUE,-1,-1,-1,Randolph Morris
201141,Greg,Oden,1/22/1988,Ohio State,USA,84,273,FALSE,FALSE,TRUE,2007,1,1,Greg Oden
201146,Jianlian,Yi,10/27/1987,Guangdong,China,84,201146,FALSE,TRUE,FALSE,2007,1,6,Jianlian Yi
201147,Corey,Brewer,3/5/1986,Florida,USA,81,188,TRUE,TRUE,FALSE,2007,1,7,Corey Brewer
201148,Brandan,Wright,10/5/1987,North Carolina,USA,82,210,FALSE,FALSE,FALSE,2007,1,8,Brandan Wright
201149,Joakim,Noah,2/25/1985,Florida,USA,83,232,FALSE,TRUE,TRUE,2007,1,9,Joakim Noah
201150,Spencer,Hawes,4/28/1988,Washington,USA,85,245,FALSE,TRUE,TRUE,2007,1,10,Spencer Hawes
201151,Acie,Law,1/25/1985,Texas A&M,USA,75,202,TRUE,FALSE,FALSE,2007,1,11,Acie Law
201152,Thaddeus,Young,6/21/1988,Georgia Tech,USA,80,235,FALSE,TRUE,FALSE,2007,1,12,Thaddeus Young
201153,Julian,Wright,5/20/1987,Kansas,USA,80,225,FALSE,TRUE,FALSE,2007,1,13,Julian Wright
201154,Al,Thornton,12/7/1983,Florida State,USA,80,235,FALSE,TRUE,FALSE,2007,1,14,Al Thornton
201155,Rodney,Stuckey,4/21/1986,Eastern Washington,USA,77,210,FALSE,FALSE,FALSE,2007,1,15,Rodney Stuckey
201156,Nick,Young,6/1/1985,Southern California,USA,79,210,TRUE,TRUE,FALSE,2007,1,16,Nick Young
201157,Sean,Williams,9/13/1986,Boston College,USA,82,235,FALSE,TRUE,TRUE,2007,1,17,Sean Williams
201158,Marco,Belinelli,3/25/1986,Fortitudo Bologna,Italy,77,220,TRUE,FALSE,FALSE,2007,1,18,Marco Belinelli
201159,Javaris,Crittenton,12/31/1987,Georgia Tech,USA,77,200,TRUE,FALSE,FALSE,2007,1,19,Javaris Crittenton
201160,Jason,Smith,3/2/1986,Colorado State,USA,84,240,FALSE,TRUE,TRUE,2007,1,20,Jason Smith
201161,Daequan,Cook,4/28/1987,Ohio State,USA,77,210,TRUE,FALSE,FALSE,2007,1,21,Daequan Cook
201162,Jared,Dudley,7/10/1985,Boston College,USA,78,237,FALSE,TRUE,FALSE,2007,1,22,Jared Dudley
201163,Wilson,Chandler,5/10/1987,DePaul,USA,80,235,FALSE,TRUE,FALSE,2007,1,23,Wilson Chandler
201164,Rudy,Fernandez,4/4/1985,DKV Joventut,Spain,78,185,,,,2007,1,24,Rudy Fernandez
201165,Morris,Almond,2/2/1985,Rice,USA,78,225,TRUE,FALSE,FALSE,2007,1,25,Morris Almond
201166,Aaron,Brooks,1/14/1985,Oregon,USA,72,161,TRUE,FALSE,FALSE,2007,1,26,Aaron Brooks
201167,Arron,Afflalo,10/15/1985,UCLA,USA,77,210,TRUE,FALSE,FALSE,2007,1,27,Arron Afflalo
201168,Tiago,Splitter,1/1/1985,,Brazil,83,245,FALSE,TRUE,TRUE,2007,1,28,Tiago Splitter
201169,Alando,Tucker,2/11/1984,Wisconsin,USA,78,205,FALSE,TRUE,FALSE,2007,1,29,Alando Tucker
201171,Carl,Landry,9/19/1983,Purdue,USA,81,248,FALSE,TRUE,FALSE,2007,2,31,Carl Landry
201172,Gabe,Pruitt,4/19/1986,Southern California,USA,76,170,TRUE,FALSE,FALSE,2007,2,32,Gabe Pruitt
201173,Marcus,Williams,11/18/1986,Arizona,USA,79,207,TRUE,FALSE,FALSE,2007,2,33,Marcus Williams
201174,Nick,Fazekas,6/17/1985,Nevada-Reno,USA,83,235,FALSE,TRUE,FALSE,2007,2,34,Nick Fazekas
201175,Glen,Davis,1/1/1986,Louisiana State,USA,81,289,FALSE,TRUE,TRUE,2007,2,35,Glen Davis
201176,Jermareo,Davidson,11/15/1984,Alabama,USA,82,201176,FALSE,TRUE,FALSE,2007,2,36,Jermareo Davidson
201177,Josh,McRoberts,2/28/1987,Duke,USA,82,240,FALSE,FALSE,FALSE,2007,2,37,Josh McRoberts
201178,Kyrylo,Fesenko,12/24/1986,Cherkaski,Ukraine,85,280,FALSE,FALSE,TRUE,2007,2,38,Kyrylo Fesenko
201180,Yue,Sun,11/6/1985,Beijing,China,81,205,TRUE,FALSE,FALSE,2007,2,40,Yue Sun
201181,Chris,Richard,12/25/1984,Florida,USA,81,256,FALSE,TRUE,FALSE,2007,2,41,Chris Richard
201182,Derrick,Byars,4/25/1984,Vanderbilt,USA,79,220,TRUE,TRUE,FALSE,2007,2,42,Derrick Byars
201183,Adam,Haluska,,,,,,,,,,,,Adam Haluska
201184,Reyshawn,Terry,,,,,,,,,,,,Reyshawn Terry
201185,Jared,Jordan,,,,,,,,,,,,Jared Jordan
201186,Stephane,Lasme,12/17/1982,Massachusetts,Gabon,80,215,FALSE,TRUE,FALSE,2007,2,46,Stephane Lasme
201187,Dominic,McGuire,10/20/1985,Fresno State,USA,81,235,FALSE,TRUE,FALSE,2007,2,47,Dominic McGuire
201188,Marc,Gasol,1/29/1985,FC Barcelona,Spain,83,255,FALSE,FALSE,TRUE,2007,2,48,Marc Gasol
201189,Aaron,Gray,12/7/1984,Pittsburgh,USA,84,270,FALSE,FALSE,TRUE,2007,2,49,Aaron Gray
201191,JamesOn,Curry,1/7/1986,Oklahoma State,USA,75,190,TRUE,FALSE,FALSE,2007,2,51,JamesOn Curry
201192,Taurean,Green,11/28/1986,Florida,USA,72,177,TRUE,FALSE,FALSE,2007,2,52,Taurean Green
201193,Demetris,Nichols,9/4/1984,Syracuse,USA,80,201193,FALSE,FALSE,FALSE,2007,2,53,Demetris Nichols
201194,Brad,Newley,,,,,,,,,,,,Brad Newley
201195,Herbert,Hill,10/1/1984,Providence,USA,82,240,FALSE,TRUE,TRUE,2007,2,55,Herbert Hill
201196,Ramon,Sessions,4/11/1986,Nevada,USA,75,190,TRUE,FALSE,FALSE,2007,2,56,Ramon Sessions
201197,Sammy,Mejia,,,,,,,,,,,,Sammy Mejia
201199,DJ,Strawberry,6/15/1985,Maryland,USA,77,201,TRUE,FALSE,FALSE,2007,2,59,DJ Strawberry
201201,Marcus,Slaughter,,,,,,,,,,,,Marcus Slaughter
201202,Joel,Anthony,8/9/1982,UNLV,Canada,81,245,FALSE,FALSE,TRUE,-1,-1,-1,Joel Anthony
201203,Mustafa,Shakur,8/18/1984,Arizona,USA,75,190,TRUE,FALSE,FALSE,-1,-1,-1,Mustafa Shakur
201204,Brandon,Wallace,,,,,,,,,,,,Brandon Wallace
201207,Coby,Karl,6/8/1983,Boise State,USA,77,215,TRUE,FALSE,FALSE,-1,-1,-1,Coby Karl
201208,Darryl,Watkins,11/8/1984,Syracuse,USA,83,258,FALSE,FALSE,TRUE,-1,-1,-1,Darryl Watkins
201213,Larry,Turner,,,,,,,,,,,,Larry Turner
201225,Carlos,Powell,,,,,,,,,,,,Carlos Powell
201226,Kevin,Kruger,,,,,,,,,,,,Kevin Kruger
201227,Torrell,Martin,,,,,,,,,,,,Torrell Martin
201228,C.J.,Watson,4/17/1984,Tennessee,USA,74,175,TRUE,FALSE,FALSE,-1,-1,-1,C.J. Watson
201229,Anthony,Tolliver,6/1/1985,Creighton,USA,80,240,FALSE,TRUE,FALSE,-1,-1,-1,Anthony Tolliver
201230,Doug,Thomas,,,,,,,,,,,,Doug Thomas
201231,Nik,Caner-Medley,,,,,,,,,,,,Nik Caner-Medley
201232,Jared,Newson,,,,,,,,,,,,Jared Newson
201233,Roderick,Wilmont,,,,,,,,,,,,Roderick Wilmont
201234,Trey,Johnson,8/30/1984,Jackson State,USA,77,215,TRUE,FALSE,FALSE,-1,-1,-1,Trey Johnson
201235,Courtney,Sims,10/21/1983,Michigan,USA,83,201235,FALSE,FALSE,FALSE,-22,-22,-22,Courtney Sims
201236,Lukasz,Obrzut,,,,,,,,,,,,Lukasz Obrzut
201237,Brent,Petway,,,,,,,,,,,,Brent Petway
201238,Mario,West,6/19/1984,Georgia Tech,USA,77,201238,TRUE,FALSE,FALSE,-22,-22,-22,Mario West
201239,Rashid,Byrd,,,,,,,,,,,,Rashid Byrd
201240,Brad,Stricker,,,,,,,,,,,,Brad Stricker
201242,Thomas,Gardner,2/8/1985,Missouri,USA,77,225,TRUE,FALSE,FALSE,-1,-1,-1,Thomas Gardner
201243,Jared,Homan,,,,,,,,,,,,Jared Homan
201248,Anthony,Richardson,,,,,,,,,,,,Anthony Richardson
201249,Jamaal,Tatum,,,,,,,,,,,,Jamaal Tatum
201251,Jamon,Lucas,,,,,,,,,,,,Jamon Lucas
201252,Willie,Deane,,,,,,,,,,,,Willie Deane
201266,Brian,Hamilton,,,,,,,,,,,,Brian Hamilton
201274,Ivan,Johnson,4/10/1984,California State-San Bernardino,USA,80,255,FALSE,TRUE,FALSE,-1,-1,-1,Ivan Johnson
201281,Andre,Ingram,11/19/1985,American University,USA,75,190,TRUE,FALSE,FALSE,-1,-1,-1,Andre Ingram
201286,Eric,Dawson,7/7/1984,Midwestern State,USA,81,250,FALSE,TRUE,FALSE,-1,-1,-1,Eric Dawson
201291,Carldell,Johnson,1/28/1983,Alabama-Birmingham,USA,70,180,TRUE,FALSE,FALSE,-1,-1,-1,Carldell Johnson
201336,Blake,Ahearn,5/27/1984,Missouri State,USA,74,190,TRUE,FALSE,FALSE,-1,-1,-1,Blake Ahearn
201342,Gabe,Muoneke,,,,,,,,,,,,Gabe Muoneke
201351,Ron,Howard,,,,,,,,,,,,Ron Howard
201446,Mike,Taylor,1/21/1986,Iowa State,USA,74,165,TRUE,FALSE,FALSE,2008,2,55,Mike Taylor
201563,Michael,Beasley,1/9/1989,Kansas State,USA,81,235,FALSE,FALSE,FALSE,2008,1,2,Michael Beasley
201564,O.J.,Mayo,11/5/1987,Southern California,USA,77,210,TRUE,FALSE,FALSE,2008,1,3,O.J. Mayo
201565,Derrick,Rose,10/4/1988,Memphis,USA,75,200,TRUE,FALSE,FALSE,2008,1,1,Derrick Rose
201568,Danilo,Gallinari,8/8/1988,Olimpia Milano,Italy,82,236,FALSE,TRUE,FALSE,2008,1,6,Danilo Gallinari
201570,Joe,Alexander,12/26/1986,West Virginia,USA,80,230,FALSE,TRUE,FALSE,2008,1,8,Joe Alexander
201571,D.J.,Augustin,11/10/1987,Texas-Austin,USA,71,183,TRUE,FALSE,FALSE,2008,1,9,D.J. Augustin
201573,Jerryd,Bayless,8/20/1988,Arizona,USA,75,200,TRUE,FALSE,FALSE,2008,1,11,Jerryd Bayless
201574,Jason,Thompson,7/21/1986,Rider,USA,83,250,FALSE,TRUE,TRUE,2008,1,12,Jason Thompson
201575,Brandon,Rush,7/7/1985,Kansas,USA,78,225,TRUE,TRUE,FALSE,2008,1,13,Brandon Rush
201576,Anthony,Randolph,7/15/1989,Louisiana State,USA,,,,,,2008,1,14,Anthony Randolph
201577,Robin,Lopez,4/1/1988,Stanford,USA,84,281,FALSE,FALSE,TRUE,2008,1,15,Robin Lopez
201578,Marreese,Speights,8/4/1987,Florida,USA,82,255,FALSE,TRUE,TRUE,2008,1,16,Marreese Speights
201579,Roy,Hibbert,12/11/1986,Georgetown,USA,86,270,FALSE,FALSE,TRUE,2008,1,17,Roy Hibbert
201580,JaVale,McGee,1/19/1988,Nevada,USA,84,270,FALSE,TRUE,TRUE,2008,1,18,JaVale McGee
201581,JJ,Hickson,9/4/1988,North Carolina State,USA,81,242,FALSE,TRUE,TRUE,2008,1,19,JJ Hickson
201582,Alexis,Ajinca,5/6/1988,Hyeres-Toulon,France,86,248,FALSE,FALSE,TRUE,2008,1,20,Alexis Ajinca
201583,Ryan,Anderson,5/6/1988,California,USA,81,240,FALSE,TRUE,FALSE,2008,1,21,Ryan Anderson
201584,Courtney,Lee,10/3/1985,Western Kentucky,USA,77,215,TRUE,FALSE,FALSE,2008,1,22,Courtney Lee
201585,Kosta,Koufos,2/24/1989,Ohio State,USA,84,245,FALSE,FALSE,TRUE,2008,1,23,Kosta Koufos
201586,Serge,Ibaka,9/18/1989,Ricoh Manresa,DR Congo,83,235,FALSE,FALSE,FALSE,2008,1,24,Serge Ibaka
201588,George,Hill,5/4/1986,Indiana-Purdue Indianapolis,USA,76,188,TRUE,FALSE,FALSE,2008,1,26,George Hill
201589,Darrell,Arthur,3/25/1988,Kansas,USA,81,235,FALSE,TRUE,FALSE,2008,1,27,Darrell Arthur
201590,Donte,Greene,2/21/1988,Syracuse,USA,83,226,FALSE,TRUE,FALSE,2008,1,28,Donte Greene
201591,DJ,White,8/31/1986,Indiana,USA,81,250,FALSE,TRUE,FALSE,2008,1,29,DJ White
201592,J.R.,Giddens,2/13/1985,New Mexico,USA,77,215,TRUE,FALSE,FALSE,2008,1,30,J.R. Giddens
201593,Nikola,Pekovic,1/3/1986,Panathinaikos,Montenegro,83,307,FALSE,FALSE,TRUE,2008,2,31,Nikola Pekovic
201594,Walter,Sharpe,7/18/1986,Alabama-Birmingham,USA,81,245,FALSE,TRUE,FALSE,2008,2,32,Walter Sharpe
201595,Joey,Dorsey,12/16/1983,Memphis,USA,,201595,FALSE,FALSE,FALSE,2008,2,33,Joey Dorsey
201596,Mario,Chalmers,5/19/1986,Kansas,USA,74,190,TRUE,FALSE,FALSE,2008,2,34,Mario Chalmers
201599,DeAndre,Jordan,7/21/1988,,,83,265,FALSE,FALSE,TRUE,,,,DeAndre Jordan
201600,Omer,Asik,7/4/1986,Fenerbahce,Turkey,84,255,FALSE,FALSE,TRUE,2008,2,36,Omer Asik
201601,Luc,Mbah a Moute,9/9/1986,UCLA,Cameroon,80,230,FALSE,TRUE,FALSE,2008,2,37,Luc Mbah a Moute
201602,Kyle,Weaver,2/18/1986,Washington State,USA,78,201,TRUE,FALSE,FALSE,2008,2,38,Kyle Weaver
201603,Sonny,Weems,7/8/1986,Arkansas,USA,78,205,TRUE,TRUE,FALSE,2008,2,39,Sonny Weems
201604,Chris,Douglas-Roberts,1/8/1987,Memphis,USA,79,210,TRUE,FALSE,FALSE,2008,2,40,Chris Douglas-Roberts
201605,Nathan,Jawai,10/10/1986,Midland (Texas),Australia,82,280,FALSE,TRUE,FALSE,2008,2,41,Nathan Jawai
201606,Sean,Singletary,9/6/1985,Virginia,USA,72,185,TRUE,FALSE,FALSE,2008,2,42,Sean Singletary
201607,Patrick,Ewing,5/20/1984,Georgetown,USA,80,235,FALSE,TRUE,FALSE,2008,2,43,Patrick Ewing
201609,Goran,Dragic,5/6/1986,Union Olimpija,Slovenia,76,190,TRUE,FALSE,FALSE,2008,2,45,Goran Dragic
201610,Trent,Plaisted,,,,,,,,,,,,Trent Plaisted
201611,Henry,Walker,10/9/1987,Kansas State,USA,78,235,FALSE,TRUE,FALSE,2008,2,47,Henry Walker
201612,Malik,Hairston,2/23/1987,Oregon,USA,78,220,TRUE,FALSE,FALSE,2008,2,48,Malik Hairston
201613,Richard,Hendrix,,,,,,,,,,,,Richard Hendrix
201616,Darnell,Jackson,11/7/1985,Kansas,USA,81,253,FALSE,TRUE,FALSE,2008,2,52,Darnell Jackson
201619,Sasha,Kaun,5/8/1985,Kansas,Russia,83,260,FALSE,FALSE,TRUE,2008,2,56,Sasha Kaun
201620,James,Gist,,,,,,,,,,,,James Gist
201621,Joe,Crawford,6/17/1986,Kentucky,USA,77,210,TRUE,FALSE,FALSE,2008,2,58,Joe Crawford
201622,Deron,Washington,,,,,,,,,,,,Deron Washington
201623,Semih,Erden,7/28/1986,Fenerbahce,Turkey,84,240,FALSE,FALSE,TRUE,2008,2,60,Semih Erden
201624,David,Padgett,,,,,,,,,,,,David Padgett
201627,Anthony,Morrow,9/27/1985,Georgia Tech,USA,77,210,TRUE,FALSE,FALSE,-1,-1,-1,Anthony Morrow
201628,Bobby,Brown,9/24/1984,Cal State-Fullerton,USA,74,175,TRUE,FALSE,FALSE,-1,-1,-1,Bobby Brown
201629,Othello,Hunter,5/28/1986,Ohio State,USA,,,,,,-1,-1,-1,Othello Hunter
201630,Dion,Dowell,,,,,,,,,,,,Dion Dowell
201631,Steven,Hill,11/14/1985,Arkansas,USA,84,201631,FALSE,FALSE,FALSE,-22,-22,-22,Steven Hill
201632,Hamed,Haddadi,5/19/1985,Saba Battery,Iran,86,265,FALSE,FALSE,TRUE,-1,-1,-1,Hamed Haddadi
201633,Rob,Kurz,3/5/1985,Notre Dame,USA,81,232,FALSE,TRUE,FALSE,-1,-1,-1,Rob Kurz
201634,DeMarcus,Nelson,11/2/1985,Duke,USA,76,200,TRUE,FALSE,FALSE,-1,-1,-1,DeMarcus Nelson
201635,Brandon,Heath,,,,,,,,,,,,Brandon Heath
201636,CJ,Giles,,,,,,,,,,,,CJ Giles
201641,Curtis,Sumpter,,,,,,,,,,,,Curtis Sumpter
201642,Taj,McCullough,,,,,,,,,,,,Taj McCullough
201643,Dan,Grunfeld,,,,,,,,,,,,Dan Grunfeld
201644,Omar,Barlett,,,,,,,,,,,,Omar Barlett
201645,Tre,Kelley,,,,,,,,,,,,Tre Kelley
201646,Brian,Hamilton,,,,,,,,,,,,Brian Hamilton
201647,Marcus,Hubbard,,,,,,,,,,,,Marcus Hubbard
201648,Frank,Robinson,,,,,,,,,,,,Frank Robinson
201649,Vernon,Hamilton,,,,,,,,,,,,Vernon Hamilton
201650,JaJuan,Smith,,,,,,,,,,,,JaJuan Smith
201651,James,Mays,,,,,,,,,,,,James Mays
201652,Charles,Rhodes,,,,,,,,,,,,Charles Rhodes
201653,Coleman,Collins,,,,,,,,,,,,Coleman Collins
201654,Kai,Zhang,,,,,,,,,,,,Kai Zhang
201657,Gerry,McNamara,,,,,,,,,,,,Gerry McNamara
201731,Kurt,Looby,,,,,,,,,,,,Kurt Looby
201776,David,Monds,,,,,,,,,,,,David Monds
201781,Russell,Robinson,,,,,,,,,,,,Russell Robinson
201785,Othyus,Jeffers,8/5/1985,Robert Morris-Chicago,USA,77,210,TRUE,TRUE,FALSE,-1,-1,-1,Othyus Jeffers
201792,Moses,Ehambe,,,,,,,,,,,,Moses Ehambe
201802,Oliver,Lafayette,5/6/1984,Houston,USA,74,190,TRUE,FALSE,FALSE,-1,-1,-1,Oliver Lafayette
201805,Chris,Hunter,7/9/1984,Michigan,USA,83,240,FALSE,TRUE,TRUE,-1,-1,-1,Chris Hunter
201814,Gary,Forbes,2/25/1985,Massachusetts,Panama,79,220,FALSE,TRUE,FALSE,-1,-1,-1,Gary Forbes
201820,Josh,Davis,,,,,,,,,,,,Josh Davis
201821,Trey,Gilder,1/24/1985,Northwestern State,USA,81,201821,FALSE,FALSE,FALSE,-22,-22,-22,Trey Gilder
201831,Lanny,Smith,,,,,,,,,,,,Lanny Smith
201834,Bennet,Davis,,,,,,,,,,,,Bennet Davis
201848,Longar,Longar,,,,,,,,,,,,Longar Longar
201858,Cartier,Martin,11/20/1984,Kansas State,USA,79,220,FALSE,TRUE,FALSE,-22,-22,-22,Cartier Martin
201880,Greg,Stiemsma,9/26/1985,Wisconsin,USA,83,260,FALSE,FALSE,TRUE,-1,-1,-1,Greg Stiemsma
201933,Blake,Griffin,3/16/1989,Oklahoma,USA,81,250,FALSE,TRUE,FALSE,2009,1,1,Blake Griffin
201934,Hasheem,Thabeet,2/16/1987,Connecticut,Tanzania,87,263,FALSE,FALSE,TRUE,2009,1,2,Hasheem Thabeet
201936,Tyreke,Evans,9/19/1989,Memphis,USA,78,220,TRUE,FALSE,FALSE,2009,1,4,Tyreke Evans
201937,Ricky,Rubio,10/21/1990,FC Barcelona,Spain,74,190,TRUE,FALSE,FALSE,2009,1,5,Ricky Rubio
201938,Jonny,Flynn,2/6/1989,Syracuse,USA,72,185,TRUE,FALSE,FALSE,2009,1,6,Jonny Flynn
201941,Jordan,Hill,7/27/1987,Arizona,USA,82,240,FALSE,TRUE,TRUE,2009,1,8,Jordan Hill
201943,Brandon,Jennings,9/23/1989,Virtus Roma,USA,73,170,TRUE,FALSE,FALSE,2009,1,10,Brandon Jennings
201944,Terrence,Williams,6/28/1987,Louisville,USA,78,220,TRUE,TRUE,FALSE,2009,1,11,Terrence Williams
201945,Gerald,Henderson,12/9/1987,Duke,USA,77,215,TRUE,FALSE,FALSE,2009,1,12,Gerald Henderson
201946,Tyler,Hansbrough,11/3/1985,North Carolina,USA,81,250,,,,2009,1,13,Tyler Hansbrough
201947,Earl,Clark,1/17/1988,Louisville,USA,82,201947,FALSE,TRUE,FALSE,2009,1,14,Earl Clark
201948,Austin,Daye,6/5/1988,Gonzaga,USA,83,220,FALSE,TRUE,FALSE,2009,1,15,Austin Daye
201951,Ty,Lawson,11/3/1987,North Carolina,USA,71,195,TRUE,FALSE,FALSE,2009,1,18,Ty Lawson
201952,Jeff,Teague,6/10/1988,Wake Forest,USA,75,195,TRUE,FALSE,FALSE,2009,1,19,Jeff Teague
201953,Eric,Maynor,6/11/1987,Virginia Commonwealth,USA,75,175,TRUE,FALSE,FALSE,2009,1,20,Eric Maynor
201954,Darren,Collison,8/23/1987,UCLA,USA,72,160,TRUE,FALSE,FALSE,2009,1,21,Darren Collison
201956,Omri,Casspi,6/22/1988,Maccabi Tel Aviv,Israel,81,225,FALSE,TRUE,FALSE,2009,1,23,Omri Casspi
201957,Byron,Mullens,2/14/1989,Ohio State,USA,84,275,FALSE,FALSE,TRUE,2009,1,24,Byron Mullens
201958,Rodrigue,Beaubois,2/24/1988,Cholet,France,74,185,TRUE,FALSE,FALSE,2009,1,25,Rodrigue Beaubois
201960,DeMarre,Carroll,7/27/1986,Missouri,USA,78,215,FALSE,TRUE,FALSE,2009,1,27,DeMarre Carroll
201961,Wayne,Ellington,11/29/1987,North Carolina,USA,76,207,TRUE,FALSE,FALSE,2009,1,28,Wayne Ellington
201962,Toney,Douglas,3/16/1986,Florida State,USA,74,195,TRUE,FALSE,FALSE,2009,1,29,Toney Douglas
201963,Christian,Eyenga,6/22/1989,DKV Joventut,Congo,79,210,FALSE,TRUE,FALSE,2009,1,30,Christian Eyenga
201964,Victor,Claver,8/30/1988,Valencia,Spain,,201964,FALSE,FALSE,FALSE,2009,1,22,Victor Claver
201965,Jeff,Ayres,4/29/1987,Arizona State,USA,81,250,FALSE,TRUE,TRUE,2009,2,31,Jeff Ayres
201966,Jermaine,Taylor,12/8/1986,Central Florida,USA,76,210,TRUE,FALSE,FALSE,2009,2,32,Jermaine Taylor
201967,Dante,Cunningham,4/22/1987,Villanova,USA,80,230,FALSE,TRUE,FALSE,2009,2,33,Dante Cunningham
201969,DaJuan,Summers,1/24/1988,Georgetown,USA,80,240,FALSE,TRUE,FALSE,2009,2,35,DaJuan Summers
201970,Sam,Young,6/1/1985,Pittsburgh,USA,78,225,TRUE,TRUE,FALSE,2009,2,36,Sam Young
201971,DeJuan,Blair,4/22/1989,Pittsburgh,USA,79,270,FALSE,TRUE,TRUE,2009,2,37,DeJuan Blair
201972,Jon,Brockman,3/20/1987,Washington,USA,79,255,FALSE,TRUE,FALSE,2009,2,38,Jon Brockman
201973,Jonas,Jerebko,3/2/1987,Angelico Biella,Sweden,82,231,FALSE,TRUE,FALSE,2009,2,39,Jonas Jerebko
201974,Derrick,Brown,9/8/1987,Xavier,USA,80,233,FALSE,TRUE,FALSE,2009,2,40,Derrick Brown
201975,Jodie,Meeks,8/21/1987,Kentucky,USA,76,210,TRUE,FALSE,FALSE,2009,2,41,Jodie Meeks
201976,Patrick,Beverley,7/12/1988,Arkansas,USA,74,180,TRUE,FALSE,FALSE,2009,2,42,Patrick Beverley
201977,Marcus,Thornton,6/5/1987,Louisiana State,USA,76,205,TRUE,TRUE,FALSE,2009,2,43,Marcus Thornton
201978,Chase,Budinger,5/22/1988,Arizona,USA,79,209,FALSE,TRUE,FALSE,2009,2,44,Chase Budinger
201979,Nick,Calathes,2/7/1989,Florida,USA,78,213,TRUE,FALSE,FALSE,2009,2,45,Nick Calathes
201980,Danny,Green,6/22/1987,North Carolina,USA,78,215,TRUE,FALSE,FALSE,2009,2,46,Danny Green
201981,Taylor,Griffin,4/18/1986,Oklahoma,USA,79,201981,FALSE,TRUE,FALSE,2009,2,48,Taylor Griffin
201983,Goran,Suton,,,,,,,,,,,,Goran Suton
201985,AJ,Price,10/7/1986,Connecticut,USA,74,195,TRUE,FALSE,FALSE,2009,2,52,AJ Price
201986,Nando,De Colo,6/23/1987,Valencia,France,77,201986,TRUE,FALSE,FALSE,2009,2,53,Nando De Colo
201987,Robert,Vaden,3/3/1985,Alabama-Birmingham,USA,77,201987,TRUE,TRUE,FALSE,2009,2,54,Robert Vaden
201991,Lester,Hudson,8/7/1984,Tennessee-Martin,USA,75,190,TRUE,FALSE,FALSE,2009,2,58,Lester Hudson
201993,Robert,Dozier,,,,,,,,,,,,Robert Dozier
201998,Curtis,Jerrells,2/5/1987,Baylor,USA,73,195,TRUE,FALSE,FALSE,-1,-1,-1,Curtis Jerrells
201999,Warren,Carter,,,,,,,,,,,,Warren Carter
202065,Shaun,Pruitt,,,,,,,,,,,,Shaun Pruitt
202067,Diamon,Simpson,9/8/1987,St. Mary's (CA),USA,79,230,FALSE,TRUE,FALSE,-1,-1,-1,Diamon Simpson
202068,Marcus,Landry,11/1/1985,Wisconsin,USA,79,230,FALSE,TRUE,FALSE,-1,-1,-1,Marcus Landry
202069,Dontaye,Draper,,,,,,,,,,,,Dontaye Draper
202070,Tony,Gaffney,11/14/1984,Massachusetts,USA,80,205,FALSE,TRUE,FALSE,-1,-1,-1,Tony Gaffney
202071,Michael,Fey,,,,,,,,,,,,Michael Fey
202074,Raymond,Sykes,,,,,,,,,,,,Raymond Sykes
202075,Luke,Nevill,,,,,,,,,,,,Luke Nevill
202076,Thomas,Kelati,,,,,,,,,,,,Thomas Kelati
202077,Jerel,McNeal,6/1/1987,Marquette,USA,75,200,TRUE,FALSE,FALSE,-1,-1,-1,Jerel McNeal
202078,Leon,Rodgers,,,,,,,,,,,,Leon Rodgers
202079,Antonio,Anderson,6/5/1985,Memphis,USA,78,215,TRUE,FALSE,FALSE,-1,-1,-1,Antonio Anderson
202081,Garret,Siler,10/25/1986,Augusta State,USA,83,305,FALSE,FALSE,TRUE,-1,-1,-1,Garret Siler
202082,Larry,Owens,1/8/1983,Oral Roberts,USA,79,210,TRUE,TRUE,FALSE,-1,-1,-1,Larry Owens
202083,Wesley,Matthews,10/14/1986,Marquette,USA,77,220,TRUE,FALSE,FALSE,-1,-1,-1,Wesley Matthews
202087,Alonzo,Gee,5/29/1987,Alabama,USA,78,225,FALSE,TRUE,FALSE,-1,-1,-1,Alonzo Gee
202091,Dionte,Christmas,9/15/1986,Temple,USA,,,,,,-1,-1,-1,Dionte Christmas
202130,Reggie,Williams,9/14/1986,Virginia Military Institute,USA,78,205,FALSE,TRUE,FALSE,-1,-1,-1,Reggie Williams
202132,Cedric,Jackson,3/5/1986,Cleveland State,USA,75,190,TRUE,FALSE,FALSE,-1,-1,-1,Cedric Jackson
202148,Mickell,Gladness,7/26/1986,Alabama A&M,USA,83,220,FALSE,FALSE,TRUE,-1,-1,-1,Mickell Gladness
202175,Darnell,Lazare,,,,,,,,,,,,Darnell Lazare
202178,Sundiata,Gaines,4/18/1986,Georgia,USA,73,200,TRUE,FALSE,FALSE,-1,-1,-1,Sundiata Gaines
202197,Shane,Edwards,5/31/1987,Arkansas-Little Rock,USA,79,202197,FALSE,FALSE,FALSE,-22,-22,-22,Shane Edwards
202213,Connor,Atchley,,,,,,,,,,,,Connor Atchley
202217,Jeremy,Wise,,,,,,,,,,,,Jeremy Wise
202220,Zabian,Dowdell,9/10/1984,Virginia Tech,USA,75,191,TRUE,FALSE,FALSE,-1,-1,-1,Zabian Dowdell
202221,Brian,Butch,12/22/1984,Wisconsin,USA,83,240,FALSE,FALSE,TRUE,-1,-1,-1,Brian Butch
202227,Terrel,Harris,8/10/1987,Oklahoma State,USA,76,190,TRUE,FALSE,FALSE,-1,-1,-1,Terrel Harris
202238,Kenny,Hasbrouck,8/14/1986,Siena,USA,75,202238,TRUE,FALSE,FALSE,-22,-22,-22,Kenny Hasbrouck
202322,John,Wall,9/6/1990,Kentucky,USA,75,210,TRUE,FALSE,FALSE,2010,1,1,John Wall
202323,Evan,Turner,10/27/1988,Ohio State,USA,78,220,TRUE,TRUE,FALSE,2010,1,2,Evan Turner
202324,Derrick,Favors,7/15/1991,Georgia Tech,USA,81,265,FALSE,TRUE,FALSE,2010,1,3,Derrick Favors
202325,Wesley,Johnson,7/11/1987,Syracuse,USA,79,215,TRUE,TRUE,FALSE,2010,1,4,Wesley Johnson
202326,DeMarcus,Cousins,8/13/1990,Kentucky,USA,82,270,FALSE,FALSE,TRUE,2010,1,5,DeMarcus Cousins
202327,Ekpe,Udoh,5/20/1987,Baylor,USA,82,245,FALSE,TRUE,TRUE,2010,1,6,Ekpe Udoh
202328,Greg,Monroe,6/4/1990,Georgetown,USA,82,250,FALSE,TRUE,TRUE,2010,1,7,Greg Monroe
202329,Al-Farouq,Aminu,9/21/1990,Wake Forest,USA,80,220,FALSE,TRUE,FALSE,2010,1,8,Al-Farouq Aminu
202330,Gordon,Hayward,3/23/1990,Butler,USA,79,225,FALSE,TRUE,FALSE,2010,1,9,Gordon Hayward
202332,Cole,Aldrich,10/31/1988,Kansas,USA,83,253,FALSE,FALSE,TRUE,2010,1,11,Cole Aldrich
202333,Xavier,Henry,3/15/1991,Kansas,USA,78,220,TRUE,TRUE,FALSE,2010,1,12,Xavier Henry
202334,Ed,Davis,6/5/1989,North Carolina,USA,81,218,FALSE,TRUE,TRUE,2010,1,13,Ed Davis
202335,Patrick,Patterson,3/14/1989,Kentucky,USA,80,235,FALSE,TRUE,FALSE,2010,1,14,Patrick Patterson
202336,Larry,Sanders,11/21/1988,Virginia Commonwealth,USA,83,202336,FALSE,FALSE,FALSE,2010,1,15,Larry Sanders
202337,Luke,Babbitt,6/20/1989,Nevada-Reno,USA,81,225,FALSE,TRUE,FALSE,2010,1,16,Luke Babbitt
202338,Kevin,Seraphin,12/7/1989,Cholet,France,82,285,FALSE,TRUE,TRUE,2010,1,17,Kevin Seraphin
202339,Eric,Bledsoe,12/9/1989,Kentucky,USA,73,214,TRUE,FALSE,FALSE,2010,1,18,Eric Bledsoe
202340,Avery,Bradley,11/26/1990,University of Texas at Austin,USA,75,180,TRUE,FALSE,FALSE,2010,1,19,Avery Bradley
202341,James,Anderson,3/25/1989,Oklahoma State,USA,78,213,TRUE,TRUE,FALSE,2010,1,20,James Anderson
202342,Craig,Brackins,10/9/1987,Iowa State,USA,82,230,FALSE,TRUE,FALSE,2010,1,21,Craig Brackins
202343,Elliot,Williams,6/20/1989,Memphis,USA,77,190,TRUE,FALSE,FALSE,2010,1,22,Elliot Williams
202344,Trevor,Booker,11/25/1987,Clemson,USA,80,228,FALSE,TRUE,FALSE,2010,1,23,Trevor Booker
202345,Damion,James,10/7/1987,Texas-Austin,USA,79,225,FALSE,TRUE,FALSE,2010,1,24,Damion James
202346,Dominique,Jones,10/15/1988,South Florida,USA,77,215,TRUE,FALSE,FALSE,2010,1,25,Dominique Jones
202347,Quincy,Pondexter,3/10/1988,Washington,USA,79,230,FALSE,TRUE,FALSE,2010,1,26,Quincy Pondexter
202348,Jordan,Crawford,10/23/1988,Xavier,USA,77,195,TRUE,FALSE,FALSE,2010,1,27,Jordan Crawford
202349,Greivis,Vasquez,1/16/1987,Maryland,Venezuela,78,217,TRUE,FALSE,FALSE,2010,1,28,Greivis Vasquez
202350,Daniel,Orton,8/6/1990,Kentucky,USA,82,275,FALSE,FALSE,TRUE,2010,1,29,Daniel Orton
202351,Lazar,Hayward,11/26/1986,Marquette,USA,78,225,FALSE,TRUE,FALSE,2010,1,30,Lazar Hayward
202353,Tibor,Pleiss,11/2/1989,FC Barcelona,Germany,87,202353,FALSE,FALSE,TRUE,2010,2,31,Tibor Pleiss
202354,Dexter,Pittman,3/2/1988,Texas-Austin,USA,83,285,FALSE,FALSE,TRUE,2010,2,32,Dexter Pittman
202355,Hassan,Whiteside,6/13/1989,Marshall,USA,84,265,FALSE,FALSE,TRUE,2010,2,33,Hassan Whiteside
202356,Armon,Johnson,2/23/1989,Nevada-Reno,USA,75,195,TRUE,FALSE,FALSE,2010,2,34,Armon Johnson
202357,Nemanja,Bjelica,5/9/1988,,Serbia,81,234,FALSE,TRUE,FALSE,2010,2,35,Nemanja Bjelica
202358,Terrico,White,3/7/1990,Mississippi,USA,77,202358,TRUE,FALSE,FALSE,2010,2,36,Terrico White
202359,Darington,Hobson,9/29/1987,New Mexico,USA,79,210,TRUE,FALSE,FALSE,2010,2,37,Darington Hobson
202360,Andy,Rautins,11/2/1986,Syracuse,USA,76,190,TRUE,FALSE,FALSE,2010,2,38,Andy Rautins
202361,Landry,Fields,6/27/1988,Stanford,USA,79,215,TRUE,TRUE,FALSE,2010,2,39,Landry Fields
202362,Lance,Stephenson,9/5/1990,Cincinnati,USA,77,230,FALSE,TRUE,FALSE,2010,2,40,Lance Stephenson
202363,Jarvis,Varnado,3/1/1988,Mississippi State,USA,81,230,FALSE,TRUE,TRUE,2010,2,41,Jarvis Varnado
202364,Da'Sean,Butler,1/25/1988,West Virginia,USA,79,202364,FALSE,TRUE,FALSE,2010,2,42,Da'Sean Butler
202365,Devin,Ebanks,10/28/1989,West Virginia,USA,81,215,FALSE,TRUE,FALSE,2010,2,43,Devin Ebanks
202366,Jerome,Jordan,9/29/1986,Tulsa,Jamaica,84,253,FALSE,FALSE,TRUE,2010,2,44,Jerome Jordan
202371,Gani,Lawal,11/7/1988,Georgia Tech,USA,81,234,FALSE,TRUE,FALSE,2010,2,46,Gani Lawal
202374,Solomon,Alabi,3/21/1988,Florida State,Nigeria,85,252,FALSE,FALSE,TRUE,2010,2,50,Solomon Alabi
202375,Magnum,Rolle,2/23/1986,Louisiana Tech,Bahamas,83,235,FALSE,TRUE,FALSE,2010,2,51,Magnum Rolle
202376,Luke,Harangody,1/2/1988,Notre Dame,USA,79,245,FALSE,TRUE,FALSE,2010,2,52,Luke Harangody
202377,Pape,Sy,4/5/1988,Le Havre,France,79,225,TRUE,TRUE,FALSE,2010,2,53,Pape Sy
202378,Willie,Warren,10/22/1989,Oklahoma,USA,76,203,TRUE,FALSE,FALSE,2010,2,54,Willie Warren
202379,Jeremy,Evans,10/24/1987,Western Kentucky,USA,81,200,FALSE,TRUE,FALSE,2010,2,55,Jeremy Evans
202380,Hamady,Ndiaye,1/12/1987,Rutgers,Senegal,84,235,FALSE,FALSE,TRUE,2010,2,56,Hamady Ndiaye
202382,Derrick,Caracter,5/4/1988,Texas-El Paso,USA,81,275,FALSE,TRUE,FALSE,2010,2,58,Derrick Caracter
202383,Stanley,Robinson,,,,,,,,,,,,Stanley Robinson
202385,Ryan,Reid,10/30/1986,Florida State,USA,80,235,FALSE,TRUE,FALSE,2010,2,57,Ryan Reid
202386,Ben,Uzoh,3/18/1988,Tulsa,USA,75,205,TRUE,FALSE,FALSE,-1,-1,-1,Ben Uzoh
202388,Donald,Sloan,1/15/1988,Texas A&M,USA,75,205,TRUE,FALSE,FALSE,-1,-1,-1,Donald Sloan
202389,Timofey,Mozgov,7/16/1986,Khimki,Russia,85,275,FALSE,FALSE,TRUE,-1,-1,-1,Timofey Mozgov
202390,Gary,Neal,10/3/1984,Towson,USA,76,210,TRUE,FALSE,FALSE,-1,-1,-1,Gary Neal
202391,Jeremy,Lin,8/23/1988,Harvard,USA,75,200,TRUE,FALSE,FALSE,-1,-1,-1,Jeremy Lin
202392,Marqus,Blakely,10/22/1988,Vermont,USA,77,225,FALSE,TRUE,FALSE,-1,-1,-1,Marqus Blakely
202393,Vernon,Goodridge,,,,,,,,,,,,Vernon Goodridge
202394,Matt,Janning,,,,,,,,,,,,Matt Janning
202395,Sherron,Collins,3/18/1987,Kansas,USA,71,205,TRUE,FALSE,FALSE,-1,-1,-1,Sherron Collins
202396,Samardo,Samuels,1/9/1989,Louisville,Jamaica,,,,,,-1,-1,-1,Samardo Samuels
202397,Ish,Smith,7/5/1988,Wake Forest,USA,72,175,FALSE,FALSE,FALSE,-22,-22,-22,Ish Smith
202399,Jeff,Adrien,2/10/1986,Connecticut,USA,,,,,,-1,-1,-1,Jeff Adrien
202400,Anthony,Mason,,,,,,,,,,,,Anthony Mason
202402,Kevin,Palmer,,,,,,,,,,,,Kevin Palmer
202404,Drew,Naymick,,,,,,,,,,,,Drew Naymick
202405,Tweety,Carter,,,,,,,,,,,,Tweety Carter
202406,Jerome,Dyson,5/1/1987,Connecticut,USA,75,202406,TRUE,FALSE,FALSE,-22,-22,-22,Jerome Dyson
202407,Elijah,Millsap,8/12/1987,Alabama-Birmingham,USA,79,215,TRUE,TRUE,FALSE,-1,-1,-1,Elijah Millsap
202408,Marcus,Cousin,12/18/1986,Houston,USA,83,255,FALSE,TRUE,FALSE,-1,-1,-1,Marcus Cousin
202409,Ricardo,Marsh,,,,,,,,,,,,Ricardo Marsh
202410,Evan,Brock,,,,,,,,,,,,Evan Brock
202411,Richard,Delk,,,,,,,,,,,,Richard Delk
202412,Manny,Harris,9/21/1989,Michigan,USA,77,185,TRUE,FALSE,FALSE,-1,-1,-1,Manny Harris
202416,Jon,Scheyer,,,,,,,,,,,,Jon Scheyer
202417,Stephen,Dennis,,,,,,,,,,,,Stephen Dennis
202418,Matt,Rogers,,,,,,,,,,,,Matt Rogers
202419,Chris,Johnson,7/17/1985,Louisiana State,USA,83,210,FALSE,TRUE,FALSE,-1,-1,-1,Chris Johnson
202420,Eric,Boateng,,,,,,,,,,,,Eric Boateng
202421,Ryan,Thompson,,,,,,,,,,,,Ryan Thompson
202423,Chris,Kramer,,,,,,,,,,,,Chris Kramer
202446,Jamar,Smith,,,,,,,,,,,,Jamar Smith
202458,Justin,Dentmon,9/5/1985,Washington,USA,71,185,TRUE,FALSE,FALSE,-1,-1,-1,Justin Dentmon
202464,Devin,Sweetney,,,,,,,,,,,,Devin Sweetney
202498,Lance,Thomas,4/24/1988,Duke,USA,80,240,FALSE,TRUE,FALSE,-22,-22,-22,Lance Thomas
202513,Stefhon,Hannah,,,,,,,,,,,,Stefhon Hannah
202518,Kammron,Taylor,,,,,,,,,,,,Kammron Taylor
202536,Jerry,Smith,9/26/1987,Louisville,USA,74,190,TRUE,FALSE,FALSE,1963,2,12,Jerry Smith
202545,Luke,Zeller,4/7/1987,Notre Dame,USA,83,245,FALSE,TRUE,TRUE,-1,-1,-1,Luke Zeller
202550,Josh,Bostic,,,,,,,,,,,,Josh Bostic
202586,DeShawn,Sims,,,,,,,,,,,,DeShawn Sims
202620,Arinze,Onuaku,7/13/1987,Syracuse,USA,81,255,FALSE,TRUE,TRUE,-1,-1,-1,Arinze Onuaku
202622,Courtney,Fortson,5/23/1988,Arkansas,USA,71,185,TRUE,FALSE,FALSE,-1,-1,-1,Courtney Fortson
202682,Derrick,Williams,5/25/1991,Arizona,USA,80,240,FALSE,TRUE,FALSE,2011,1,2,Derrick Williams
202683,Enes,Freedom,5/20/1992,Fenerbahce,Turkey,82,250,FALSE,FALSE,TRUE,2011,1,3,Enes Freedom
202686,Jan,Vesely,4/24/1990,Partizan,Czech Republic,84,242,FALSE,TRUE,FALSE,2011,1,6,Jan Vesely
202687,Bismack,Biyombo,8/28/1992,Baloncesto Fuenlabrada,DRC,80,255,FALSE,FALSE,TRUE,2011,1,7,Bismack Biyombo
202688,Brandon,Knight,12/2/1991,Kentucky,USA,74,182,TRUE,FALSE,FALSE,2011,1,8,Brandon Knight
202689,Kemba,Walker,5/8/1990,Connecticut,USA,72,184,TRUE,FALSE,FALSE,2011,1,9,Kemba Walker
202690,Jimmer,Fredette,2/25/1989,Brigham Young,USA,74,195,TRUE,FALSE,FALSE,2011,1,10,Jimmer Fredette
202692,Alec,Burks,7/20/1991,,,78,214,TRUE,FALSE,FALSE,,,,Alec Burks
202694,Marcus,Morris Sr.,9/2/1989,Kansas,USA,80,218,FALSE,TRUE,FALSE,2011,1,14,Marcus Morris Sr.
202697,Iman,Shumpert,6/26/1990,Georgia Tech,USA,77,212,TRUE,FALSE,FALSE,2011,1,17,Iman Shumpert
202698,Chris,Singleton,11/21/1989,Florida State,USA,81,228,FALSE,TRUE,FALSE,2011,1,18,Chris Singleton
202700,Donatas,Motiejunas,9/20/1990,Lithuania,Lithuania,84,220,FALSE,TRUE,TRUE,2011,1,20,Donatas Motiejunas
202701,Nolan,Smith,7/25/1988,Duke,USA,74,185,TRUE,FALSE,FALSE,2011,1,21,Nolan Smith
202702,Kenneth,Faried,11/19/1989,Morehead State,USA,80,220,FALSE,TRUE,TRUE,2011,1,22,Kenneth Faried
202703,Nikola,Mirotic,2/11/1991,Real Madrid,Montenegro,82,250,FALSE,TRUE,FALSE,2011,1,23,Nikola Mirotic
202705,MarShon,Brooks,1/26/1989,Providence,USA,77,200,TRUE,FALSE,FALSE,2011,1,25,MarShon Brooks
202706,Jordan,Hamilton,10/6/1990,Texas-Austin,USA,79,220,TRUE,TRUE,FALSE,2011,1,26,Jordan Hamilton
202707,JaJuan,Johnson,2/8/1989,Purdue,USA,82,221,FALSE,TRUE,FALSE,2011,1,27,JaJuan Johnson
202708,Norris,Cole,10/13/1988,Cleveland State,USA,74,175,TRUE,FALSE,FALSE,2011,1,28,Norris Cole
202709,Cory,Joseph,8/20/1991,,,74,200,TRUE,FALSE,FALSE,,,,Cory Joseph
202711,Bojan,Bogdanovic,4/18/1989,Fenerbahce,Croatia,79,226,FALSE,TRUE,FALSE,2011,2,31,Bojan Bogdanovic
202712,Justin,Harper,8/30/1989,Richmond,USA,82,225,FALSE,TRUE,FALSE,2011,2,32,Justin Harper
202713,Kyle,Singler,5/4/1988,Duke,USA,80,228,FALSE,TRUE,FALSE,2011,2,33,Kyle Singler
202714,Shelvin,Mack,4/22/1990,Butler,USA,75,203,TRUE,FALSE,FALSE,2011,2,34,Shelvin Mack
202715,Tyler,Honeycutt,7/15/1990,UCLA,USA,80,188,FALSE,TRUE,FALSE,2011,2,35,Tyler Honeycutt
202716,Jordan,Williams,10/11/1990,Maryland,USA,82,202716,FALSE,FALSE,TRUE,2011,2,36,Jordan Williams
202717,Trey,Thompkins,5/29/1990,Georgia,USA,82,245,FALSE,TRUE,FALSE,2011,2,37,Trey Thompkins
202718,Chandler,Parsons,10/25/1988,Florida,USA,81,230,FALSE,TRUE,FALSE,2011,2,38,Chandler Parsons
202719,Jeremy,Tyler,6/21/1991,Tokyo Apache,USA,82,250,FALSE,TRUE,FALSE,2011,2,39,Jeremy Tyler
202720,Jon,Leuer,5/14/1989,Wisconsin,USA,82,228,FALSE,TRUE,FALSE,2011,2,40,Jon Leuer
202721,Darius,Morris,1/3/1991,Michigan,USA,76,195,TRUE,FALSE,FALSE,2011,2,41,Darius Morris
202722,Davis,Bertans,11/12/1992,Baskonia,Latvia,82,225,FALSE,TRUE,FALSE,2011,2,42,Davis Bertans
202723,Malcolm,Lee,5/22/1990,UCLA,USA,77,202723,FALSE,FALSE,FALSE,2011,2,43,Malcolm Lee
202724,Charles,Jenkins,2/28/1989,Hofstra,USA,75,215,TRUE,FALSE,FALSE,2011,2,44,Charles Jenkins
202725,Josh,Harrellson,2/12/1989,Kentucky,USA,82,275,FALSE,TRUE,TRUE,2011,2,45,Josh Harrellson
202726,Andrew,Goudelock,12/7/1988,College of Charleston,USA,75,200,TRUE,FALSE,FALSE,2011,2,46,Andrew Goudelock
202727,Travis,Leslie,3/29/1990,Georgia,USA,,,,,,2011,2,47,Travis Leslie
202728,Keith,Benson,8/13/1988,Oakland,USA,83,230,FALSE,TRUE,TRUE,2011,2,48,Keith Benson
202729,Josh,Selby,3/27/1991,Kansas,USA,74,183,TRUE,FALSE,FALSE,2011,2,49,Josh Selby
202730,Lavoy,Allen,2/4/1989,Temple,USA,81,260,FALSE,TRUE,TRUE,2011,2,50,Lavoy Allen
202731,Vernon,Macklin,9/25/1986,Florida,USA,82,227,FALSE,TRUE,FALSE,2011,2,52,Vernon Macklin
202732,DeAndre,Liggins,3/31/1988,Kentucky,USA,78,209,TRUE,FALSE,FALSE,2011,2,53,DeAndre Liggins
202734,E'Twaun,Moore,2/25/1989,Purdue,USA,75,191,TRUE,FALSE,FALSE,2011,2,55,E'Twaun Moore
202738,Isaiah,Thomas,2/7/1989,Washington,USA,69,185,TRUE,FALSE,FALSE,2011,2,60,Isaiah Thomas
202775,Edwin,Ubiles,11/26/1986,Siena,Puerto Rico,78,204,TRUE,TRUE,FALSE,-1,-1,-1,Edwin Ubiles
202779,Dwight,Buycks,3/6/1989,Marquette,USA,75,190,TRUE,FALSE,FALSE,-1,-1,-1,Dwight Buycks
202792,Tyren,Johnson,,,,,,,,,,,,Tyren Johnson
202797,Lawrence,Hill,,,,,,,,,,,,Lawrence Hill
202808,Chris,Daniels,,,,,,,,,,,,Chris Daniels
202809,Cory,Higgins,6/14/1989,Colorado,USA,77,180,TRUE,FALSE,FALSE,-1,-1,-1,Cory Higgins
202810,D.J.,Kennedy,11/5/1989,St. John's (NY),USA,77,214,TRUE,TRUE,FALSE,-1,-1,-1,D.J. Kennedy
202814,Mychel,Thompson,6/1/1988,Pepperdine,USA,78,211,FALSE,TRUE,FALSE,-1,-1,-1,Mychel Thompson
202815,Jake,Anderson,,,,,,,,,,,,Jake Anderson
202820,Jarrid,Famous,,,,,,,,,,,,Jarrid Famous
202841,Cameron,Jones,,,,,,,,,,,,Cameron Jones
202862,Dennis,Horner,2/5/1988,North Carolina State,USA,81,230,FALSE,TRUE,FALSE,-1,-1,-1,Dennis Horner
202872,Durrell,Summers,,,,,,,,,,,,Durrell Summers
202874,Chris,Wright,9/30/1988,Dayton,USA,81,226,FALSE,TRUE,FALSE,-1,-1,-1,Chris Wright
202880,Jeff,Foote,7/14/1987,Cornell,USA,84,265,FALSE,TRUE,TRUE,-1,-1,-1,Jeff Foote
202904,Gilbert,Brown,,,,,,,,,,,,Gilbert Brown
202912,Frank,Hassell,,,,,,,,,,,,Frank Hassell
202918,Xavier,Silas,1/22/1988,Northern Illinois,USA,77,205,TRUE,FALSE,FALSE,2011,,,Xavier Silas
202933,Julyan,Stone,12/7/1988,Texas-El Paso,USA,78,202933,TRUE,FALSE,FALSE,-22,-22,-22,Julyan Stone
202935,Adrian,Oliver,,,,,,,,,,,,Adrian Oliver
202951,Jeremy,Pargo,3/17/1986,Gonzaga,USA,74,202951,FALSE,FALSE,FALSE,2009,0,0,Jeremy Pargo
202952,Malcolm,Thomas,11/8/1988,San Diego State,USA,81,225,FALSE,TRUE,FALSE,-1,-1,-1,Malcolm Thomas
202954,Brad,Wanamaker,7/25/1989,Pittsburgh,USA,75,210,TRUE,FALSE,FALSE,-1,-1,-1,Brad Wanamaker
202956,Gary,Flowers,,,,,,,,,,,,Gary Flowers
202957,Drew,Neitzel,,,,,,,,,,,,Drew Neitzel
202959,Tommy,Mitchell,,,,,,,,,,,,Tommy Mitchell
202961,Julian,Khazzouh,,,,,,,,,,,,Julian Khazzouh
202962,Greg,Smith,1/8/1991,Fresno State,USA,82,250,FALSE,FALSE,TRUE,-1,-1,-1,Greg Smith
202963,Jerome,Randle,,,,,,,,,,,,Jerome Randle
202970,Gustavo,Ayon,4/1/1985,Baloncesto Fuenlabrada,Mexico,,,,,,-1,-1,-1,Gustavo Ayon
203006,Josh,Akognon,2/10/1986,California State-Fullerton,USA,71,203006,TRUE,FALSE,FALSE,-22,-22,-22,Josh Akognon
203077,Michael,Kidd-Gilchrist,9/26/1993,Kentucky,USA,78,232,FALSE,TRUE,FALSE,2012,1,2,Michael Kidd-Gilchrist
203079,Dion,Waiters,12/10/1991,Syracuse,USA,75,210,TRUE,FALSE,FALSE,2012,1,4,Dion Waiters
203080,Thomas,Robinson,3/17/1991,Kansas,USA,82,237,FALSE,TRUE,FALSE,2012,1,5,Thomas Robinson
203081,Damian,Lillard,7/15/1990,,,74,195,FALSE,FALSE,FALSE,,,,Damian Lillard
203082,Terrence,Ross,2/5/1991,Washington,USA,79,206,TRUE,TRUE,FALSE,2012,1,8,Terrence Ross
203085,Austin,Rivers,8/1/1992,Duke,USA,76,200,TRUE,FALSE,FALSE,2012,1,10,Austin Rivers
203086,Meyers,Leonard,2/27/1992,Illinois,USA,84,260,FALSE,TRUE,TRUE,2012,1,11,Meyers Leonard
203087,Jeremy,Lamb,5/30/1992,Connecticut,USA,77,180,TRUE,TRUE,FALSE,2012,1,12,Jeremy Lamb
203088,Kendall,Marshall,8/19/1991,North Carolina,USA,76,200,TRUE,FALSE,FALSE,2012,1,13,Kendall Marshall
203089,John,Henson,12/28/1990,North Carolina,USA,81,219,FALSE,TRUE,TRUE,2012,1,14,John Henson
203090,Maurice,Harkless,5/11/1993,St. John's,USA,79,220,TRUE,TRUE,FALSE,2012,1,15,Maurice Harkless
203091,Royce,White,4/10/1991,Iowa State,USA,80,260,FALSE,TRUE,FALSE,2012,1,16,Royce White
203092,Tyler,Zeller,1/17/1990,North Carolina,USA,83,253,FALSE,TRUE,TRUE,2012,1,17,Tyler Zeller
203093,Terrence,Jones,1/9/1992,Kentucky,USA,81,252,FALSE,TRUE,FALSE,2012,1,18,Terrence Jones
203094,Andrew,Nicholson,12/8/1989,St. Bonaventure,Canada,81,250,FALSE,TRUE,FALSE,2012,1,19,Andrew Nicholson
203095,Evan,Fournier,10/29/1992,Poitiers Basket 86,France,78,205,TRUE,TRUE,FALSE,2012,1,20,Evan Fournier
203096,Jared,Sullinger,3/4/1992,Ohio State,USA,81,260,FALSE,TRUE,TRUE,2012,1,21,Jared Sullinger
203097,Fab,Melo,6/20/1990,Syracuse,Brazil,84,255,FALSE,FALSE,TRUE,2012,1,22,Fab Melo
203098,John,Jenkins,3/6/1991,Vanderbilt,USA,76,215,TRUE,FALSE,FALSE,2012,1,23,John Jenkins
203099,Jared,Cunningham,5/22/1991,Oregon State,USA,76,195,TRUE,FALSE,FALSE,2012,1,24,Jared Cunningham
203100,Tony,Wroten,4/13/1993,Washington,USA,78,205,TRUE,FALSE,FALSE,2012,1,25,Tony Wroten
203101,Miles,Plumlee,9/1/1988,Duke,USA,83,249,FALSE,FALSE,TRUE,2012,1,26,Miles Plumlee
203102,Arnett,Moultrie,11/18/1990,Mississippi State,USA,82,240,FALSE,TRUE,FALSE,2012,1,27,Arnett Moultrie
203103,Perry,Jones III,9/24/1991,Baylor,USA,83,235,FALSE,TRUE,FALSE,2012,1,28,Perry Jones III
203104,Marquis,Teague,2/28/1993,Kentucky,USA,74,189,TRUE,FALSE,FALSE,2012,1,29,Marquis Teague
203105,Festus,Ezeli,10/21/1989,Vanderbilt,Nigeria,83,265,FALSE,FALSE,TRUE,2012,1,30,Festus Ezeli
203106,Jeffery,Taylor,5/23/1989,Vanderbilt,Sweden,,203106,FALSE,FALSE,FALSE,2012,2,31,Jeffery Taylor
203107,Tomas,Satoransky,10/30/1991,,Czech Republic,79,210,TRUE,FALSE,FALSE,2012,2,32,Tomas Satoransky
203108,Bernard,James,2/7/1985,Florida State,USA,82,235,FALSE,FALSE,TRUE,2012,2,33,Bernard James
203111,Orlando,Johnson,3/11/1989,California-Santa Barbara,USA,77,203111,FALSE,FALSE,FALSE,2012,2,36,Orlando Johnson
203112,Quincy,Acy,10/6/1990,Baylor,USA,79,240,FALSE,TRUE,FALSE,2012,2,37,Quincy Acy
203113,Quincy,Miller,11/18/1992,Baylor,USA,81,210,FALSE,TRUE,FALSE,2012,2,38,Quincy Miller
203115,Will,Barton,1/6/1991,Memphis,USA,77,181,TRUE,FALSE,FALSE,2012,2,40,Will Barton
203116,Tyshawn,Taylor,4/12/1990,Kansas,USA,75,185,TRUE,FALSE,FALSE,2012,2,41,Tyshawn Taylor
203117,Doron,Lamb,11/6/1991,Kentucky,USA,76,200,TRUE,FALSE,FALSE,2012,2,42,Doron Lamb
203118,Mike,Scott,7/16/1988,Virginia,USA,79,237,FALSE,TRUE,FALSE,2012,2,43,Mike Scott
203119,Kim,English,9/24/1988,Missouri,USA,78,200,TRUE,FALSE,FALSE,2012,2,44,Kim English
203120,Justin,Hamilton,4/1/1990,Louisiana State,USA,84,255,FALSE,FALSE,TRUE,2012,2,45,Justin Hamilton
203121,Darius,Miller,3/21/1990,Kentucky,USA,78,225,FALSE,TRUE,FALSE,2012,2,46,Darius Miller
203122,Kevin,Murphy,3/6/1990,Tennessee Tech,USA,78,185,TRUE,FALSE,FALSE,2012,2,47,Kevin Murphy
203123,Kostas,Papanikolaou,7/31/1990,FC Barcelona,Greece,80,235,FALSE,TRUE,FALSE,2012,2,48,Kostas Papanikolaou
203124,Kyle,O'Quinn,3/26/1990,Norfolk State,USA,81,250,FALSE,TRUE,TRUE,2012,2,49,Kyle O'Quinn
203126,Kris,Joseph,12/17/1988,Syracuse,Canada,79,210,FALSE,TRUE,FALSE,2012,2,51,Kris Joseph
203128,Furkan,Aldemir,8/9/1991,Galatasaray,Turkey,82,240,FALSE,TRUE,TRUE,2012,2,53,Furkan Aldemir
203129,Tornike,Shengelia,10/5/1991,Spirou Charleroi,Georgia,81,220,FALSE,TRUE,FALSE,2012,2,54,Tornike Shengelia
203130,Darius,Johnson-Odom,9/28/1989,Marquette,USA,74,215,TRUE,FALSE,FALSE,2012,2,55,Darius Johnson-Odom
203133,Robbie,Hummel,3/8/1989,Purdue,USA,81,219,FALSE,TRUE,FALSE,2012,2,58,Robbie Hummel
203135,Robert,Sacre,6/6/1989,Gonzaga,Canada,84,270,FALSE,FALSE,TRUE,2012,2,60,Robert Sacre
203136,Ognjen,Kuzmic,5/16/1990,Malaga,Serbia,84,260,FALSE,FALSE,TRUE,2012,2,52,Ognjen Kuzmic
203138,Hollis,Thompson,4/3/1991,Georgetown,USA,80,206,FALSE,TRUE,FALSE,-1,-1,-1,Hollis Thompson
203139,Viacheslav,Kravtsov,8/25/1987,Donetsk,Ukraine,83,254,FALSE,FALSE,TRUE,-1,-1,-1,Viacheslav Kravtsov
203141,Mirza,Teletovic,9/17/1985,Baskonia,Bosnia and Herzegovina,81,242,FALSE,TRUE,FALSE,-1,-1,-1,Mirza Teletovic
203142,Chris,Copeland,3/17/1984,Colorado,USA,81,239,FALSE,TRUE,FALSE,-1,-1,-1,Chris Copeland
203143,Pablo,Prigioni,5/17/1977,Baskonia,Argentina,75,203143,TRUE,FALSE,FALSE,-22,-22,-22,Pablo Prigioni
203144,Alexey,Shved,12/16/1988,CSKA Moscow,Russia,78,187,TRUE,FALSE,FALSE,-1,-1,-1,Alexey Shved
203145,Kent,Bazemore,7/1/1989,Old Dominion,USA,76,195,TRUE,TRUE,FALSE,-1,-1,-1,Kent Bazemore
203146,Maalik,Wayns,5/2/1991,Villanova,USA,73,195,TRUE,FALSE,FALSE,-1,-1,-1,Maalik Wayns
203147,Chris,Smith,10/13/1987,Louisville,USA,74,200,TRUE,FALSE,FALSE,-1,-1,-1,Chris Smith
203148,Brian,Roberts,12/3/1985,Dayton,USA,73,173,TRUE,FALSE,FALSE,-1,-1,-1,Brian Roberts
203149,Micheal,Eric,,,,,,,,,,,,Micheal Eric
203153,Reeves,Nelson,,,,,,,,,,,,Reeves Nelson
203154,Greg,Somogyi,,,,,,,,,,,,Greg Somogyi
203155,Oscar,Bellfield,,,,,,,,,,,,Oscar Bellfield
203156,Henry,Sims,3/27/1990,Georgetown,USA,82,248,FALSE,TRUE,TRUE,-1,-1,-1,Henry Sims
203157,John,Shurna,,,,,,,,,,,,John Shurna
203158,Kevin,Jones,8/25/1989,West Virginia,USA,80,260,FALSE,TRUE,FALSE,-1,-1,-1,Kevin Jones
203159,Scott,Machado,6/8/1990,Iona,USA,73,205,TRUE,FALSE,FALSE,-1,-1,-1,Scott Machado
203160,Steven,Gray,,,,,,,,,,,,Steven Gray
203162,Ben,Hansbrough,12/23/1987,Notre Dame,USA,75,203162,TRUE,FALSE,FALSE,-22,-22,-22,Ben Hansbrough
203163,Carleton,Scott,,,,,,,,,,,,Carleton Scott
203164,Lance,Goulbourne,,,,,,,,,,,,Lance Goulbourne
203174,Tyler,Wilkerson,,,,,,,,,,,,Tyler Wilkerson
203176,Kyle,Fogg,,,,,,,,,,,,Kyle Fogg
203178,Wesley,Witherspoon,,,,,,,,,,,,Wesley Witherspoon
203180,Hank,Thorns,,,,,,,,,,,,Hank Thorns
203183,Tony,Mitchell,8/7/1989,Alabama,USA,78,216,FALSE,TRUE,FALSE,-1,-1,-1,Tony Mitchell
203185,Carlon,Brown,,,,,,,,,,,,Carlon Brown
203186,Willie,Reed,5/16/1990,St. Louis,USA,83,245,FALSE,FALSE,TRUE,2011,0,0,Willie Reed
203187,Chris,Johnson,4/29/1990,Dayton,USA,78,206,FALSE,TRUE,FALSE,-1,-1,-1,Chris Johnson
203190,Micah,Downs,,,,,,,,,,,,Micah Downs
203191,Josh,Akognon,,,,,,,,,,,,Josh Akognon
203192,Demonte,Harper,,,,,,,,,,,,Demonte Harper
203193,Dallas,Lauderdale,,,,,,,,,,,,Dallas Lauderdale
203195,Michael,Dunigan,,,,,,,,,,,,Michael Dunigan
203196,Ronnie,Aguilar,,,,,,,,,,,,Ronnie Aguilar
203197,Diante,Garrett,11/3/1988,Iowa State,USA,76,190,TRUE,FALSE,FALSE,-1,-1,-1,Diante Garrett
203198,Kevin,Anderson,,,,,,,,,,,,Kevin Anderson
203199,DeQuan,Jones,6/20/1990,Miami,USA,80,221,FALSE,TRUE,FALSE,-1,-1,-1,DeQuan Jones
203200,Justin,Holiday,4/5/1989,Washington,USA,78,180,TRUE,TRUE,FALSE,-1,-1,-1,Justin Holiday
203201,Mustapha,Farrakhan,,,,,,,,,,,,Mustapha Farrakhan
203203,Chris,Wright,11/4/1989,Georgetown,USA,73,210,TRUE,FALSE,FALSE,-1,-1,-1,Chris Wright
203204,Devin,Searcy,,,,,,,,,,,,Devin Searcy
203206,Ryan,Allen,,,,,,,,,,,,Ryan Allen
203210,JaMychal,Green,6/21/1990,Alabama,USA,81,227,FALSE,TRUE,TRUE,-1,-1,-1,JaMychal Green
203262,Mac,Koshwal,,,,,,,,,,,,Mac Koshwal
203263,James,Nunnally,7/14/1990,Cal-Santa Barbara,USA,79,205,FALSE,TRUE,FALSE,-1,-1,-1,James Nunnally
203268,Jorge,Gutierrez,12/27/1988,California,Mexico,75,189,TRUE,FALSE,FALSE,-1,-1,-1,Jorge Gutierrez
203315,Toure',Murry,11/8/1989,Wichita State,USA,77,195,FALSE,TRUE,FALSE,-1,-1,-1,Toure' Murry
203317,Tim,Ohlbrecht,8/30/1988,Skyliners Frankfurt,Germany,83,255,FALSE,TRUE,TRUE,-1,-1,-1,Tim Ohlbrecht
203318,Glen,Rice,1/1/1991,Georgia Tech,USA,78,206,TRUE,TRUE,FALSE,2013,2,35,Glen Rice
203327,Daniel,Nwaelele,,,,,,,,,,,,Daniel Nwaelele
203377,Ramone,Moore,,,,,,,,,,,,Ramone Moore
203382,Aron,Baynes,12/9/1986,Washington State,Australia,82,260,FALSE,TRUE,TRUE,-1,-1,-1,Aron Baynes
203457,Nerlens,Noel,4/10/1994,Kentucky,USA,82,220,FALSE,TRUE,TRUE,2013,1,6,Nerlens Noel
203459,Allen,Crabbe,4/9/1992,California,USA,77,212,TRUE,TRUE,FALSE,2013,2,31,Allen Crabbe
203460,Andre,Roberson,12/4/1991,Colorado,USA,79,210,TRUE,TRUE,FALSE,2013,1,26,Andre Roberson
203461,Anthony,Bennett,3/14/1993,UNLV,Canada,80,235,FALSE,TRUE,FALSE,2013,1,1,Anthony Bennett
203462,Archie,Goodwin,8/17/1994,Kentucky,USA,77,205,TRUE,FALSE,FALSE,2013,1,29,Archie Goodwin
203463,Ben,McLemore,2/11/1993,Kansas,USA,75,195,TRUE,FALSE,FALSE,2013,1,7,Ben McLemore
203464,Brandon,Paul,4/30/1991,Illinois,USA,76,200,TRUE,FALSE,FALSE,-1,-1,-1,Brandon Paul
203466,CJ,Leslie,,,,,,,,,,,,CJ Leslie
203467,Carrick,Felix,8/17/1990,Arizona State,USA,78,201,TRUE,TRUE,FALSE,2013,2,33,Carrick Felix
203469,Cody,Zeller,10/5/1992,Indiana,USA,83,240,FALSE,TRUE,TRUE,2013,1,4,Cody Zeller
203471,Dennis,Schroder,9/15/1993,,,73,172,TRUE,FALSE,FALSE,,,,Dennis Schroder
203472,Deshaun,Thomas,,,,,,,,,,,,Deshaun Thomas
203473,Dewayne,Dedmon,8/12/1989,Southern California,USA,82,245,FALSE,FALSE,TRUE,-1,-1,-1,Dewayne Dedmon
203474,DJ,Stephens,12/19/1990,Memphis,USA,77,188,TRUE,TRUE,FALSE,-1,-1,-1,DJ Stephens
203475,Erick,Green,5/9/1991,Virginia Tech,USA,76,185,TRUE,FALSE,FALSE,2013,2,46,Erick Green
203476,Gorgui,Dieng,1/18/1990,Louisville,Senegal,82,248,FALSE,FALSE,TRUE,2013,1,21,Gorgui Dieng
203477,Isaiah,Canaan,5/21/1991,Murray State,USA,72,200,TRUE,FALSE,FALSE,2013,2,34,Isaiah Canaan
203479,Jamaal,Franklin,7/21/1991,San Diego State,USA,77,191,TRUE,FALSE,FALSE,2013,2,41,Jamaal Franklin
203480,James,Southerland,4/28/1990,Syracuse,USA,80,215,FALSE,TRUE,FALSE,-1,-1,-1,James Southerland
203481,Jeff,Withey,3/7/1990,Kansas,USA,84,230,FALSE,FALSE,TRUE,2013,2,39,Jeff Withey
203483,Kenny,Kadji,,,,,,,,,,,,Kenny Kadji
203485,Lorenzo,Brown,8/26/1990,North Carolina State,USA,77,189,TRUE,FALSE,FALSE,2013,2,52,Lorenzo Brown
203487,Michael,Carter-Williams,10/10/1991,Syracuse,USA,77,190,TRUE,FALSE,FALSE,2013,1,11,Michael Carter-Williams
203488,Mike,Muscala,7/1/1991,Bucknell,USA,83,240,FALSE,TRUE,TRUE,2013,2,44,Mike Muscala
203489,Nate,Wolters,5/15/1991,South Dakota State,USA,76,190,TRUE,FALSE,FALSE,2013,2,38,Nate Wolters
203490,Otto,Porter Jr.,6/3/1993,Georgetown,USA,80,198,FALSE,TRUE,FALSE,2013,1,3,Otto Porter Jr.
203491,Peyton,Siva,10/24/1990,Louisville,USA,72,185,TRUE,FALSE,FALSE,2013,2,56,Peyton Siva
203492,Ray,McCallum,6/12/1991,Detroit,USA,75,190,TRUE,FALSE,FALSE,2013,2,36,Ray McCallum
203493,Reggie,Bullock,3/16/1991,North Carolina,USA,78,205,TRUE,TRUE,FALSE,2013,1,25,Reggie Bullock
203494,Richard,Howell,,,,,,,,,,,,Richard Howell
203495,Ricky,Ledo,9/10/1992,Providence,USA,79,195,TRUE,FALSE,FALSE,2013,2,43,Ricky Ledo
203496,Robert,Covington,12/14/1990,Tennessee State,USA,79,209,FALSE,TRUE,FALSE,-1,-1,-1,Robert Covington
203498,Shabazz,Muhammad,11/13/1992,UCLA,USA,78,203498,TRUE,TRUE,FALSE,2013,1,14,Shabazz Muhammad
203499,Shane,Larkin,10/2/1992,Miami,USA,71,175,TRUE,FALSE,FALSE,2013,1,18,Shane Larkin
203502,Tony,Mitchell,4/7/1992,North Texas,USA,,,,,,2013,2,37,Tony Mitchell
203503,Tony,Snell,11/10/1991,New Mexico,USA,78,213,TRUE,FALSE,FALSE,2013,1,20,Tony Snell
203504,Trey,Burke,11/12/1992,Michigan,USA,72,185,TRUE,FALSE,FALSE,2013,1,9,Trey Burke
203505,Vander,Blue,7/17/1992,Marquette,USA,77,200,TRUE,FALSE,FALSE,-1,-1,-1,Vander Blue
203506,Victor,Oladipo,5/4/1992,Indiana,USA,75,213,TRUE,FALSE,FALSE,2013,1,2,Victor Oladipo
203508,Sergey,Karasev,10/26/1993,Zenit Saint Petersburg,Russia,79,208,TRUE,TRUE,FALSE,2013,1,19,Sergey Karasev
203509,Myck,Kabongo,,,,,,,,,,,,Myck Kabongo
203510,Pierre,Jackson,8/29/1991,Baylor,USA,70,180,TRUE,FALSE,FALSE,2013,2,42,Pierre Jackson
203511,Grant,Jerrett,7/8/1993,Arizona,USA,82,203511,FALSE,TRUE,FALSE,2013,2,40,Grant Jerrett
203512,Lucas,Nogueira,7/26/1992,Estudiantes,Brazil,84,203512,FALSE,FALSE,TRUE,2013,1,16,Lucas Nogueira
203513,Erik,Murphy,10/26/1990,Florida,Finland,82,230,FALSE,TRUE,FALSE,2013,2,49,Erik Murphy
203515,Phil,Pressey,2/17/1991,Missouri,USA,71,175,TRUE,FALSE,FALSE,-1,-1,-1,Phil Pressey
203516,James,Ennis III,7/1/1990,Cal State-Long Beach,USA,78,215,FALSE,TRUE,FALSE,2013,2,50,James Ennis III
203517,Nemanja,Nedovic,6/16/1991,Lietuvos rytas Vilnius,Serbia,75,203517,TRUE,FALSE,FALSE,2013,1,30,Nemanja Nedovic
203518,Alex,Abrines,8/1/1993,FC Barcelona,Spain,78,200,TRUE,FALSE,FALSE,2013,2,32,Alex Abrines
203519,Adonis,Thomas,3/25/1993,Memphis,USA,79,203519,TRUE,TRUE,FALSE,-22,-22,-22,Adonis Thomas
203520,Livio,Jean-Charles,,,,,,,,,,,,Livio Jean-Charles
203521,Matthew,Dellavedova,9/8/1990,St. Mary's,Australia,75,200,TRUE,FALSE,FALSE,-1,-1,-1,Matthew Dellavedova
203524,Solomon,Hill,3/18/1991,Arizona,USA,78,226,FALSE,TRUE,FALSE,2013,1,23,Solomon Hill
203526,Raul,Neto,5/19/1992,Murcia,Brazil,74,180,TRUE,FALSE,FALSE,2013,2,47,Raul Neto
203527,Ryan,Kelly,4/9/1991,Duke,USA,83,230,FALSE,TRUE,FALSE,2013,2,48,Ryan Kelly
203528,Romero,Osby,,,,,,,,,,,,Romero Osby
203529,Arsalan,Kazemi,,,,,,,,,,,,Arsalan Kazemi
203530,Joffrey,Lauvergne,9/30/1991,Khimki,France,83,260,FALSE,FALSE,TRUE,2013,2,55,Joffrey Lauvergne
203539,Gal,Mekel,3/4/1988,Wichita State,Israel,75,191,TRUE,FALSE,FALSE,-1,-1,-1,Gal Mekel
203540,Gigi,Datome,11/27/1987,Virtus Roma,Italy,80,215,FALSE,TRUE,FALSE,-1,-1,-1,Gigi Datome
203543,Vitor,Faverani,5/5/1988,Valencia,Brazil,83,260,FALSE,FALSE,TRUE,-1,-1,-1,Vitor Faverani
203544,Pero,Antic,7/29/1982,Olympiacos,Macedonia,83,260,FALSE,TRUE,TRUE,-1,-1,-1,Pero Antic
203545,Miroslav,Raduljica,1/5/1988,Efes Pilsen,Serbia,84,250,FALSE,FALSE,TRUE,-1,-1,-1,Miroslav Raduljica
203546,Ian,Clark,3/7/1991,Belmont,USA,75,175,TRUE,FALSE,FALSE,-1,-1,-1,Ian Clark
203547,Eric,Griffin,,,,,,,,,,,,Eric Griffin
203548,Elias,Harris,7/6/1989,Gonzaga,Germany,80,239,FALSE,TRUE,FALSE,-1,-1,-1,Elias Harris
203551,Dee,Bost,,,,,,,,,,,,Dee Bost
203556,Trent,Lockett,,,,,,,,,,,,Trent Lockett
203558,David,Lighty,,,,,,,,,,,,David Lighty
203560,E.J.,Singler,,,,,,,,,,,,E.J. Singler
203561,Brandon,Davies,7/25/1991,Brigham Young,USA,82,240,FALSE,TRUE,FALSE,-1,-1,-1,Brandon Davies
203564,Kalin,Lucas,5/24/1989,Michigan State,USA,73,195,TRUE,FALSE,FALSE,-1,-1,-1,Kalin Lucas
203565,Patrick,Christopher,6/3/1988,California,USA,,,,,,-1,-1,-1,Patrick Christopher
203566,Mickey,McConnell,,,,,,,,,,,,Mickey McConnell
203568,Damen,Bell-Holter,,,,,,,,,,,,Damen Bell-Holter
203569,Chris,Babb,2/14/1990,Iowa State,USA,77,225,TRUE,FALSE,FALSE,-1,-1,-1,Chris Babb
203576,Rodney,Williams,,,,,,,,,,,,Rodney Williams
203577,Carlos,Morais,,,,,,,,,,,,Carlos Morais
203579,Khalif,Wyatt,,,,,,,,,,,,Khalif Wyatt
203580,Larry,Drew II,3/5/1990,UCLA,USA,74,180,TRUE,FALSE,FALSE,-1,-1,-1,Larry Drew II
203583,Abdul,Gaddy,1/26/1992,Washington,USA,,203583,FALSE,FALSE,FALSE,2013,0,0,Abdul Gaddy
203584,Troy,Daniels,7/15/1991,Va Commonwealth,USA,76,200,TRUE,FALSE,FALSE,-1,-1,-1,Troy Daniels
203585,Rodney,McGruder,7/29/1991,Kansas State,USA,76,205,TRUE,FALSE,FALSE,-1,-1,-1,Rodney McGruder
203586,Charlie,Westbrook,,,,,,,,,,,,Charlie Westbrook
203587,Courtney,Fells,,,,,,,,,,,,Courtney Fells
203588,Michael,Lee,,,,,,,,,,,,Michael Lee
203589,Olek,Czyz,,,,,,,,,,,,Olek Czyz
203590,Trey,McKinney-Jones,8/27/1990,Miami,USA,77,220,TRUE,FALSE,FALSE,-1,-1,-1,Trey McKinney-Jones
203613,Jonathon,Simmons,9/14/1989,Houston,USA,78,195,FALSE,TRUE,FALSE,2012,0,0,Jonathon Simmons
203629,Garlon,Green,,,,,,,,,,,,Garlon Green
203658,Norvel,Pelle,2/3/1993,Iona,Antigua and Barbuda,82,231,FALSE,FALSE,TRUE,-1,-1,-1,Norvel Pelle
203687,Reggie,Hearn,8/14/1991,Northwestern,USA,77,210,TRUE,FALSE,FALSE,2013,0,0,Reggie Hearn
203705,Josh,Magette,11/28/1989,Alabama-Huntsville,USA,73,203705,FALSE,FALSE,FALSE,2012,0,0,Josh Magette
203710,C.J.,Williams,2/6/1990,North Carolina State,USA,77,203710,TRUE,FALSE,FALSE,2012,0,0,C.J. Williams
203798,PJ,Hairston,12/24/1992,North Carolina,USA,78,230,TRUE,TRUE,FALSE,2014,1,26,PJ Hairston
203805,Will,Cherry,2/8/1991,Montana,USA,,,,,,-1,-1,-1,Will Cherry
203810,Casper,Ware,1/17/1990,Long Beach State,USA,,,,,,-1,-1,-1,Casper Ware
203816,Scotty,Hopson,8/8/1989,Tennessee,USA,79,204,TRUE,TRUE,FALSE,2011,0,0,Scotty Hopson
203893,Russ,Smith,4/19/1991,Louisville,USA,72,165,TRUE,FALSE,FALSE,2014,2,47,Russ Smith
203894,Shabazz,Napier,7/14/1991,Connecticut,USA,72,175,TRUE,FALSE,FALSE,2014,1,24,Shabazz Napier
203895,Jordan,McRae,3/28/1991,Tennessee,USA,77,179,TRUE,FALSE,FALSE,2014,2,58,Jordan McRae
203898,Tyler,Ennis,8/24/1994,Syracuse,Canada,75,194,TRUE,FALSE,FALSE,2014,1,18,Tyler Ennis
203900,Markel,Brown,1/29/1992,Oklahoma State,USA,75,190,TRUE,FALSE,FALSE,2014,2,44,Markel Brown
203901,Elfrid,Payton,2/22/1994,Louisana-Lafayette,USA,75,195,TRUE,FALSE,FALSE,2014,1,10,Elfrid Payton
203902,Semaj,Christon,11/1/1992,Xavier,USA,75,190,TRUE,FALSE,FALSE,2014,2,55,Semaj Christon
203905,Aaron,Craft,,,,,,,,,,,,Aaron Craft
203906,Devyn,Marble,9/21/1992,Iowa,USA,78,200,FALSE,TRUE,FALSE,2014,2,56,Devyn Marble
203907,Deonte,Burton,,,,,,,,,,,,Deonte Burton
203909,KJ,McDaniels,2/9/1993,Clemson,USA,78,205,TRUE,TRUE,FALSE,2014,2,32,KJ McDaniels
203910,Nick,Johnson,12/22/1992,Arizona,USA,75,202,TRUE,FALSE,FALSE,2014,2,42,Nick Johnson
203912,C.J.,Wilcox,12/30/1990,Washington,USA,77,195,TRUE,FALSE,FALSE,2014,1,28,C.J. Wilcox
203913,Jabari,Brown,12/18/1992,Missouri,USA,77,214,TRUE,FALSE,FALSE,2014,,,Jabari Brown
203917,Nik,Stauskas,10/7/1993,Michigan,Canada,78,203917,TRUE,FALSE,FALSE,2014,1,8,Nik Stauskas
203918,Rodney,Hood,10/20/1992,Duke,USA,80,208,TRUE,TRUE,FALSE,2014,1,23,Rodney Hood
203919,Jordan,Adams,7/8/1994,UCLA,USA,77,209,TRUE,FALSE,FALSE,2014,1,22,Jordan Adams
203920,Khem,Birch,9/28/1992,UNLV,Canada,80,233,FALSE,FALSE,TRUE,-1,-1,-1,Khem Birch
203921,Cleanthony,Early,4/17/1991,Wichita State,USA,80,210,FALSE,TRUE,FALSE,2014,2,34,Cleanthony Early
203922,Glenn,Robinson III,1/8/1994,Michigan,USA,78,222,FALSE,TRUE,FALSE,2014,2,40,Glenn Robinson III
203923,James,Young,8/16/1995,Kentucky,USA,78,203923,FALSE,FALSE,FALSE,2014,1,17,James Young
203925,Joe,Harris,9/6/1991,Virginia,USA,78,220,TRUE,TRUE,FALSE,2014,2,33,Joe Harris
203927,CJ,Fair,,,,,,,,,,,,CJ Fair
203928,Cory,Jefferson,12/26/1990,Baylor,USA,81,218,FALSE,TRUE,FALSE,2014,2,60,Cory Jefferson
203929,Melvin,Ejim,,,,,,,,,,,,Melvin Ejim
203930,Sean,Kilpatrick,1/6/1990,Cincinnati,USA,76,212,TRUE,FALSE,FALSE,-1,-1,-1,Sean Kilpatrick
203933,T.J.,Warren,9/5/1993,North Carolina State,USA,80,220,FALSE,TRUE,FALSE,2014,1,14,T.J. Warren
203934,Lamar,Patterson,8/12/1991,Pittsburgh,USA,77,225,TRUE,TRUE,FALSE,2014,2,48,Lamar Patterson
203940,Adreian,Payne,2/19/1991,Michigan State,USA,82,237,FALSE,TRUE,FALSE,2014,1,15,Adreian Payne
203942,Patric,Young,,,,,,,,,,,,Patric Young
203943,Noah,Vonleh,8/24/1995,Indiana,USA,82,257,FALSE,TRUE,FALSE,2014,1,9,Noah Vonleh
203945,Alex,Kirk,11/14/1991,New Mexico,USA,84,245,FALSE,FALSE,TRUE,-1,-1,-1,Alex Kirk
203946,Cameron,Bairstow,12/7/1990,New Mexico,Australia,81,203946,FALSE,TRUE,TRUE,2014,2,49,Cameron Bairstow
203947,Jordan,Bachynski,,,,,,,,,,,,Jordan Bachynski
203948,Johnny,O'Bryant III,6/1/1993,Louisiana State,USA,81,203948,FALSE,FALSE,FALSE,2014,2,36,Johnny O'Bryant III
203949,James Michael,McAdoo,1/4/1993,North Carolina,USA,81,230,FALSE,TRUE,FALSE,-1,-1,-1,James Michael McAdoo
203950,Jarnell,Stokes,1/7/1994,Tennessee,USA,81,255,FALSE,TRUE,TRUE,2014,2,35,Jarnell Stokes
203951,Keith,Appling,2/13/1992,Michigan State,USA,73,203951,FALSE,FALSE,FALSE,-22,-22,-22,Keith Appling
203953,Jabari,Parker,3/15/1995,Duke,USA,79,245,FALSE,TRUE,FALSE,2014,1,2,Jabari Parker
203954,Joel,Embiid,3/16/1994,Kansas,Cameroon,84,280,FALSE,TRUE,TRUE,2014,1,3,Joel Embiid
203955,Bryce,Cotton,8/11/1992,Providence,USA,73,165,TRUE,FALSE,FALSE,-1,-1,-1,Bryce Cotton
203956,Mitch,McGary,6/6/1992,Michigan,USA,82,255,FALSE,TRUE,FALSE,2014,1,21,Mitch McGary
203957,Dante,Exum,7/13/1995,Australian Institute of Sport,Australia,77,214,TRUE,FALSE,FALSE,2014,1,5,Dante Exum
203958,Andre,Dawkins,9/19/1991,Duke,USA,77,219,TRUE,FALSE,FALSE,-1,-1,-1,Andre Dawkins
203959,Scottie,Wilbekin,,,,,,,,,,,,Scottie Wilbekin
203960,JaKarr,Sampson,3/20/1993,St. John's (NY),USA,79,214,FALSE,TRUE,FALSE,-1,-1,-1,JaKarr Sampson
203961,Eric,Moreland,12/24/1991,Oregon State,USA,82,238,FALSE,TRUE,TRUE,-1,-1,-1,Eric Moreland
203962,Josh,Huestis,12/19/1991,Stanford,USA,79,230,TRUE,FALSE,FALSE,2014,1,29,Josh Huestis
203963,Shayne,Whittington,3/27/1991,Western Michigan,USA,83,250,FALSE,TRUE,TRUE,-1,-1,-1,Shayne Whittington
203964,Roscoe,Smith,,,,,,,,,,,,Roscoe Smith
203965,Justin,Cobbs,,,,,,,,,,,,Justin Cobbs
203966,Jamil,Wilson,11/21/1990,Marquette,USA,79,229,FALSE,TRUE,FALSE,-1,-1,-1,Jamil Wilson
203967,Dario,Saric,4/8/1994,,,82,225,,,,,,,Dario Saric
203968,Jerrelle,Benimon,8/1/1991,Towson,USA,,,,,,-1,-1,-1,Jerrelle Benimon
203990,Drew,Crawford,,,,,,,,,,,,Drew Crawford
203992,Bogdan,Bogdanovic,8/18/1992,,,77,220,FALSE,TRUE,FALSE,,,,Bogdan Bogdanovic
203995,Vasilije,Micic,,,,,,TRUE,FALSE,FALSE,,,,Vasilije Micic
203996,Damien,Inglis,5/20/1995,Chorale Roanne,France,80,246,FALSE,TRUE,FALSE,2014,2,31,Damien Inglis
203998,Bruno,Caboclo,9/21/1995,Pinheiros,Brazil,81,218,FALSE,TRUE,FALSE,2014,1,20,Bruno Caboclo
204002,Edy,Tavares,3/22/1992,Gran Canaria,Cabo Verde,87,265,FALSE,FALSE,TRUE,2014,2,43,Edy Tavares
204014,Damjan,Rudez,6/17/1986,Zaragoza,Croatia,82,228,FALSE,TRUE,FALSE,-1,-1,-1,Damjan Rudez
204020,Tyler,Johnson,5/7/1992,Fresno State,USA,75,186,TRUE,FALSE,FALSE,-1,-1,-1,Tyler Johnson
204021,Sim,Bhullar,12/2/1992,New Mexico State,Canada,89,360,FALSE,FALSE,TRUE,-1,-1,-1,Sim Bhullar
204022,Jack,Cooley,4/12/1991,Notre Dame,USA,82,274,FALSE,TRUE,TRUE,-1,-1,-1,Jack Cooley
204024,Christian,Watford,,,,,,,,,,,,Christian Watford
204025,Tim,Frazier,11/1/1990,Penn State,USA,72,170,TRUE,FALSE,FALSE,-1,-1,-1,Tim Frazier
204026,Brock,Motum,,,,,,,,,,,,Brock Motum
204027,Josh,Davis,,,,,,,,,,,,Josh Davis
204028,Tarik,Black,11/22/1991,Kansas,USA,81,250,FALSE,TRUE,TRUE,-1,-1,-1,Tarik Black
204029,Brady,Heslip,,,,,,,,,,,,Brady Heslip
204030,Mitchell,Watt,,,,,,,,,,,,Mitchell Watt
204033,David,Wear,9/21/1990,UCLA,USA,82,230,FALSE,TRUE,FALSE,-1,-1,-1,David Wear
204034,Luke,Hancock,,,,,,,,,,,,Luke Hancock
204037,Travis,Wear,9/21/1990,UCLA,USA,82,225,FALSE,TRUE,FALSE,-1,-1,-1,Travis Wear
204038,Langston,Galloway,12/9/1991,St. Joseph's (PA),USA,73,200,TRUE,FALSE,FALSE,-1,-1,-1,Langston Galloway
204039,Chris,Crawford,,,,,,,,,,,,Chris Crawford
204040,Ronald,Roberts Jr.,,,,,,,,,,,,Ronald Roberts Jr.
204041,Brian,Qvale,,,,,,,,,,,,Brian Qvale
204044,Orlando,Sanchez,,,,,,,,,,,,Orlando Sanchez
204053,Shawn,Jones,,,,,,,,,,,,Shawn Jones
204054,Zoran,Dragic,6/22/1989,Malaga,Slovenia,77,204054,TRUE,TRUE,FALSE,-22,-22,-22,Zoran Dragic
204061,Joe,Jackson,,,,,,,,,,,,Joe Jackson
204062,Casey,Prather,,,,,,,,,,,,Casey Prather
204063,Kadeem,Batts,,,,,,,,,,,,Kadeem Batts
204064,Akil,Mitchell,,,,,,,,,,,,Akil Mitchell
204065,David,Stockton,6/24/1991,Gonzaga,USA,71,165,TRUE,FALSE,FALSE,2014,0,0,David Stockton
204066,John,Holland,11/6/1988,Boston University,USA,77,204066,FALSE,FALSE,FALSE,-22,-22,-22,John Holland
204067,Jarell,Eddie,10/30/1991,Virginia Tech,USA,79,204067,TRUE,TRUE,FALSE,-22,-22,-22,Jarell Eddie
204071,Stephen,Holt,,,,,,,,,,,,Stephen Holt
204075,Talib,Zanna,,,,,,,,,,,,Talib Zanna
204076,Richard,Solomon,,,,,,,,,,,,Richard Solomon
204077,Michael,Jenkins,,,,,,,,,,,,Michael Jenkins
204078,Yuki,Togashi,,,,,,,,,,,,Yuki Togashi
204079,Drew,Gordon,7/12/1990,New Mexico,USA,81,245,FALSE,TRUE,TRUE,-1,-1,-1,Drew Gordon
204080,Geron,Johnson,,,,,,,,,,,,Geron Johnson
204098,Xavier,Munford,6/1/1992,Rhode Island,USA,76,173,TRUE,FALSE,FALSE,2014,,,Xavier Munford
204136,Marcus,Simmons,,,,,,,,,,,,Marcus Simmons
204179,Omari,Johnson,5/26/1989,Oregon State,Jamaica,81,220,FALSE,TRUE,FALSE,-1,-1,-1,Omari Johnson
204189,Jaron,Johnson,,,,,,,,,,,,Jaron Johnson
204192,Raphiael,Putney,,,,,,,,,,,,Raphiael Putney
204215,Bubu,Palo,,,,,,,,,,,,Bubu Palo
204222,Greg,Whittington,2/7/1993,Georgetown,USA,80,210,FALSE,TRUE,FALSE,-1,-1,-1,Greg Whittington
204289,Nick,Wiggins,,,,,,,,,,,,Nick Wiggins
204310,Davion,Berry,,,,,,,,,,,,Davion Berry
266266,Corey,Brewer,,,,,,,,,,,,Corey Brewer
266283,Chris,Richard,,,,,,,,,,,,Chris Richard
267617,Theodoros,Papaloukas,,,,,,,,,,,,Theodoros Papaloukas
267618,Josh,Childress,,,,,,,,,,,,Josh Childress
267619,Nikola,Vujcic,,,,,,,,,,,,Nikola Vujcic
267620,Ioannis,Bourousis,,,,,,,,,,,,Ioannis Bourousis
267621,Yotam,Halperin,,,,,,,,,,,,Yotam Halperin
267622,Linas,Kleiza,,,,,,,,,,,,Linas Kleiza
267624,Panagiotis,Vasilopoulos,,,,,,,,,,,,Panagiotis Vasilopoulos
267625,Andreas,Glyniadakis,,,,,,,,,,,,Andreas Glyniadakis
267633,Patrick,Beverley,,,,,,,,,,,,Patrick Beverley
267634,Milos,Teodosic,,,,,,,,,,,,Milos Teodosic
267635,Kostas,Sloukas,,,,,,,,,,,,Kostas Sloukas
267636,Sofoklis,Schortsanitis,,,,,,,,,,,,Sofoklis Schortsanitis
267637,Von,Wafer,,,,,,,,,,,,Von Wafer
416498,J.R.,Holden,,,,,,,,,,,,J.R. Holden
500032,Wesley,Matthews,,,,,,,,,,,,Wesley Matthews
600001,Nate,Thurmond,7/25/1941,Bowling Green,USA,83,225,FALSE,FALSE,TRUE,1963,1,3,Nate Thurmond
600003,Bob,Cousy,8/9/1928,Holy Cross,USA,73,175,TRUE,FALSE,FALSE,1950,1,3,Bob Cousy
600005,Bob,Lanier,9/10/1948,St. Bonaventure,USA,83,600005,FALSE,FALSE,TRUE,1970,1,1,Bob Lanier
600006,Earl,Monroe,11/21/1944,Winston-Salem State,USA,75,600006,TRUE,FALSE,FALSE,1967,1,2,Earl Monroe
600009,Rory,Sparrow,6/12/1958,Villanova,USA,74,175,TRUE,FALSE,FALSE,1980,4,75,Rory Sparrow
600010,Len,Elmore,3/28/1952,Maryland,USA,82,220,FALSE,FALSE,TRUE,1974,1,13,Len Elmore
600011,Lamar,Green,3/22/1947,Morehead State,USA,79,210,FALSE,TRUE,FALSE,1969,3,33,Lamar Green
600012,George,Mikan,6/18/1924,DePaul,USA,82,245,FALSE,FALSE,TRUE,-1,-1,-1,George Mikan
600013,Rick,Barry,3/28/1944,Miami,USA,79,205,FALSE,TRUE,FALSE,1965,1,2,Rick Barry
600014,Artis,Gilmore,9/21/1948,Jacksonville,USA,86,240,FALSE,FALSE,TRUE,1971,7,117,Artis Gilmore
600015,Oscar,Robertson,11/24/1938,Cincinnati,USA,77,205,TRUE,FALSE,FALSE,1960,1,1,Oscar Robertson
600016,Maurice,Stokes,6/17/1933,St. Francis (PA),USA,79,232,FALSE,TRUE,FALSE,1955,1,2,Maurice Stokes
1626143,Jahlil,Okafor,12/15/1995,Duke,USA,82,270,FALSE,TRUE,TRUE,2015,1,3,Jahlil Okafor
1626144,Emmanuel,Mudiay,3/5/1996,Guangdong,DRC,75,200,TRUE,FALSE,FALSE,2015,1,7,Emmanuel Mudiay
1626146,Cliff,Alexander,11/16/1995,Kansas,USA,80,240,FALSE,TRUE,FALSE,-1,-1,-1,Cliff Alexander
1626147,Justin,Anderson,11/19/1993,Virginia,USA,77,231,TRUE,TRUE,FALSE,2015,1,21,Justin Anderson
1626148,Anthony,Brown,10/10/1992,Stanford,USA,79,224,TRUE,TRUE,FALSE,2015,2,34,Anthony Brown
1626149,Montrezl,Harrell,1/26/1994,Louisville,USA,79,240,FALSE,TRUE,TRUE,2015,2,32,Montrezl Harrell
1626150,Andrew,Harrison,10/28/1994,Kentucky,USA,78,213,TRUE,FALSE,FALSE,2015,2,44,Andrew Harrison
1626151,Aaron,Harrison,10/28/1994,Kentucky,USA,78,210,TRUE,FALSE,FALSE,-1,-1,-1,Aaron Harrison
1626154,RJ,Hunter,10/24/1993,Georgia State,USA,77,185,TRUE,FALSE,FALSE,2015,1,28,RJ Hunter
1626155,Sam,Dekker,5/6/1994,Wisconsin,USA,80,219,FALSE,TRUE,FALSE,2015,1,18,Sam Dekker
1626159,Justise,Winslow,3/26/1996,Duke,USA,78,222,TRUE,TRUE,FALSE,2015,1,10,Justise Winslow
1626160,JP,Tokoto,,,,,,,,,,,,JP Tokoto
1626161,Willie,Cauley-Stein,8/18/1993,Kentucky,USA,84,240,FALSE,FALSE,TRUE,2015,1,6,Willie Cauley-Stein
1626163,Frank,Kaminsky,4/4/1993,Wisconsin,USA,84,240,FALSE,TRUE,TRUE,2015,1,9,Frank Kaminsky
1626165,Brandon,Ashley,,,,,,,,,,,,Brandon Ashley
1626166,Cameron,Payne,8/8/1994,,,75,183,TRUE,FALSE,FALSE,,,,Cameron Payne
1626169,Stanley,Johnson,5/29/1996,Arizona,USA,78,1626169,FALSE,FALSE,FALSE,2015,1,8,Stanley Johnson
1626170,Jerian,Grant,10/9/1992,Notre Dame,USA,76,205,TRUE,FALSE,FALSE,2015,1,19,Jerian Grant
1626173,Rashad,Vaughn,8/16/1996,UNLV,USA,78,202,TRUE,FALSE,FALSE,2015,1,17,Rashad Vaughn
1626174,Christian,Wood,9/27/1995,,,80,214,,,,,,,Christian Wood
1626175,Jordan,Mickey,7/9/1994,Louisiana State,USA,80,235,FALSE,TRUE,TRUE,2015,2,33,Jordan Mickey
1626176,Rakeem,Christmas,12/1/1991,Syracuse,USA,81,250,FALSE,TRUE,FALSE,2015,2,36,Rakeem Christmas
1626177,Dakari,Johnson,9/22/1995,Kentucky,USA,84,255,FALSE,FALSE,TRUE,2015,2,48,Dakari Johnson
1626178,Rondae,Hollis-Jefferson,1/3/1995,Arizona,USA,78,1626178,FALSE,TRUE,FALSE,2015,1,23,Rondae Hollis-Jefferson
1626180,Michael,Qualls,,,,,,,,,,,,Michael Qualls
1626182,Jonathan,Holmes,,,,,,,,,,,,Jonathan Holmes
1626183,Branden,Dawson,2/1/1993,Michigan State,USA,78,1626183,FALSE,TRUE,FALSE,2015,2,56,Branden Dawson
1626184,Chasson,Randle,2/5/1993,Stanford,USA,74,1626184,TRUE,FALSE,FALSE,-22,-22,-22,Chasson Randle
1626185,Jarell,Martin,5/24/1994,Louisiana State,USA,82,239,FALSE,TRUE,FALSE,2015,1,25,Jarell Martin
1626186,Corey,Hawkins,,,,,,,,,,,,Corey Hawkins
1626187,Michael,Frazier II,3/8/1994,Florida,USA,75,200,TRUE,FALSE,FALSE,-1,-1,-1,Michael Frazier II
1626188,Quinn,Cook,3/23/1993,Duke,USA,73,180,TRUE,FALSE,FALSE,-1,-1,-1,Quinn Cook
1626189,Terran,Petteway,,,,,,,,,,,,Terran Petteway
1626190,Dez,Wells,,,,,,,,,,,,Dez Wells
1626191,Chris,McCullough,2/5/1995,Syracuse,USA,81,215,FALSE,TRUE,FALSE,2015,1,29,Chris McCullough
1626193,Robert,Upshaw,,,,,,,,,,,,Robert Upshaw
1626195,Willy,Hernangomez,5/27/1994,Cajasol Sevilla,Spain,83,250,FALSE,TRUE,TRUE,2015,2,35,Willy Hernangomez
1626199,Darrun,Hilliard,4/13/1993,Villanova,USA,78,220,TRUE,FALSE,FALSE,2015,2,38,Darrun Hilliard
1626201,Wesley,Saunders,,,,,,,,,,,,Wesley Saunders
1626202,Joe,Young,6/27/1992,Oregon,USA,74,185,TRUE,FALSE,FALSE,2015,2,43,Joe Young
1626203,Treveon,Graham,10/28/1993,Virginia Commonwealth,USA,77,219,TRUE,TRUE,FALSE,-1,-1,-1,Treveon Graham
1626205,Vincent,Hunter,8/5/1994,Texas-El Paso,USA,80,208,FALSE,TRUE,FALSE,-1,-1,-1,Vincent Hunter
1626207,Ryan,Boatright,,,,,,,,,,,,Ryan Boatright
1626208,Keifer,Sykes,12/30/1993,Green Bay,USA,71,167,TRUE,FALSE,FALSE,-1,-1,-1,Keifer Sykes
1626209,Mario,Hezonja,2/25/1995,FC Barcelona,Croatia,80,220,TRUE,TRUE,FALSE,2015,1,5,Mario Hezonja
1626210,Alan,Williams,1/28/1993,Cal-Santa Barbara,USA,80,265,FALSE,TRUE,TRUE,-1,-1,-1,Alan Williams
1626213,Yanick,Moreira,,,,,,,,,,,,Yanick Moreira
1626214,Bryce,Dejean-Jones,8/21/1992,Iowa State,USA,78,203,TRUE,FALSE,FALSE,-1,-1,-1,Bryce Dejean-Jones
1626217,Chris,Walker,,,,,,,,,,,,Chris Walker
1626218,Sir'Dominic,Pointer,,,,,,,,,,,,Sir'Dominic Pointer
1626219,Juwan,Staten,,,,,,,,,,,,Juwan Staten
1626224,Cedi,Osman,4/8/1995,Anadolu Efes,Turkey,79,230,FALSE,TRUE,FALSE,2015,2,31,Cedi Osman
1626242,Luis,Montero,4/6/1993,Westchester C.C.,Dominican Republic,79,1626242,FALSE,FALSE,FALSE,-22,-22,-22,Luis Montero
1626245,Cristiano,Felicio,7/7/1992,Flamengo,Brazil,83,270,FALSE,TRUE,TRUE,-1,-1,-1,Cristiano Felicio
1626246,Boban,Marjanovic,8/15/1988,Crvena zvezda,Serbia,88,290,FALSE,FALSE,TRUE,-1,-1,-1,Boban Marjanovic
1626251,Duje,Dukan,12/4/1991,Wisconsin,Croatia,81,220,FALSE,TRUE,FALSE,-1,-1,-1,Duje Dukan
1626252,Michale,Kyser,,,,,,,,,,,,Michale Kyser
1626253,Axel,Toupane,7/23/1992,Strasbourg IG,France,79,210,TRUE,TRUE,FALSE,-1,-1,-1,Axel Toupane
1626254,Maurice,Ndour,6/18/1992,Ohio,Senegal,81,200,FALSE,TRUE,FALSE,-1,-1,-1,Maurice Ndour
1626257,Salah,Mejri,6/15/1986,Real Madrid,Tunisia,86,1626257,FALSE,FALSE,TRUE,-22,-22,-22,Salah Mejri
1626258,Corey,Walden,,,,,,,,,,,,Corey Walden
1626259,Malcolm,Miller,3/6/1993,Holy Cross,USA,79,210,TRUE,TRUE,FALSE,-1,-1,-1,Malcolm Miller
1626260,Levi,Randolph,10/3/1992,Alabama,USA,,1626260,FALSE,FALSE,FALSE,-22,-22,-22,Levi Randolph
1626261,Michael,Holyfield,,,,,,,,,,,,Michael Holyfield
1626262,Coty,Clarke,7/4/1992,Arkansas,USA,79,225,FALSE,TRUE,FALSE,-1,-1,-1,Coty Clarke
1626263,Shannon,Scott,,,,,,,,,,,,Shannon Scott
1626266,JJ,O'Brien,4/8/1992,San Diego State,USA,79,220,FALSE,TRUE,FALSE,-1,-1,-1,JJ O'Brien
1626269,Denzel,Livingston,,,,,,,,,,,,Denzel Livingston
1626270,Will,Cummings,,,,,,,,,,,,Will Cummings
1626271,Kyle,Casey,,,,,,,,,,,,Kyle Casey
1626272,Lazeric,Jones,,,,,,,,,,,,Lazeric Jones
1626273,Marcelo,Huertas,5/25/1983,FC Barcelona,Brazil,75,200,TRUE,FALSE,FALSE,-1,-1,-1,Marcelo Huertas
1626275,Travis,Trice II,,,,,,,,,,,,Travis Trice II
1626276,Darion,Atkins,,,,,,,,,,,,Darion Atkins
1626279,Jason,Washburn,,,,,,,,,,,,Jason Washburn
1626280,Sam,Thompson,,,,,,,,,,,,Sam Thompson
1626281,Jon,Horford,,,,,,,,,,,,Jon Horford
1626285,Kleon,Penn,,,,,,,,,,,,Kleon Penn
1626288,Joshua,Smith,,,,,,,,,,,,Joshua Smith
1626289,Marshall,Henderson,,,,,,,,,,,,Marshall Henderson
1626290,Corey,Webster,,,,,,,,,,,,Corey Webster
1626293,Edgar,Sosa,,,,,,,,,,,,Edgar Sosa
1626294,Jaleel,Roberts,,,,,,,,,,,,Jaleel Roberts
1626295,Nnanna,Egwu,,,,,,,,,,,,Nnanna Egwu
1626296,Jordan,Sibert,8/1/1992,Dayton,USA,76,187,TRUE,FALSE,FALSE,2015,,,Jordan Sibert
1626304,Youssou,Ndoye,,,,,,,,,,,,Youssou Ndoye
1626305,Nick,Minnerath,,,,,,,,,,,,Nick Minnerath
1626643,Jacob,Pullen,11/10/1989,Kansas State,USA,73,1626643,FALSE,FALSE,FALSE,-22,-22,-22,Jacob Pullen
1626710,Patrick,Richard,,,,,,,,,,,,Patrick Richard
1626780,Jonathan,Gibson,11/8/1987,New Mexico State,USA,74,185,TRUE,FALSE,FALSE,-1,-1,-1,Jonathan Gibson
1627098,Malcolm,Delaney,3/11/1989,Virginia Tech,USA,75,190,TRUE,FALSE,FALSE,-1,-1,-1,Malcolm Delaney
1627114,Tom,Abercrombie,,,,,,,,,,,,Tom Abercrombie
1627215,Walt,Lemon Jr.,7/26/1992,Bradley,USA,75,180,TRUE,FALSE,FALSE,2014,,,Walt Lemon Jr.
1627224,Chris,Udofia,,,,,,,,,,,,Chris Udofia
1627258,Sampson,Carter,,,,,,,,,,,,Sampson Carter
1627292,Kadeem,Jack,,,,,,,,,,,,Kadeem Jack
1627293,Alex,Stepheson,8/7/1987,Southern California,USA,82,270,FALSE,TRUE,FALSE,-1,-1,-1,Alex Stepheson
1627322,Bo,McCalebb,,,,,,,,,,,,Bo McCalebb
1627361,Dez,Wells,,,,,,,,,,,,Dez Wells
1627362,Briante,Weber,12/29/1992,Virginia Commonwealth,USA,74,165,TRUE,FALSE,FALSE,-1,-1,-1,Briante Weber
1627383,Luke,Martinez,,,,,,,,,,,,Luke Martinez
1627395,Julian,Washburn,12/18/1991,Texas-El Paso,USA,80,209,TRUE,TRUE,FALSE,2015,,,Julian Washburn
1627496,Derek,Cooke Jr.,,,,,,,,,,,,Derek Cooke Jr.
1627641,Deng,Deng,,,,,,,,,,,,Deng Deng
1627649,Brandon,Austin,,,,,,,,,,,,Brandon Austin
1627732,Ben,Simmons,7/20/1996,,,,,,,,,,,Ben Simmons
1627733,Dragan,Bender,11/17/1997,Maccabi Tel Aviv,Croatia,84,249,FALSE,TRUE,FALSE,2016,1,4,Dragan Bender
1627735,Wade,Baldwin IV,3/29/1996,Vanderbilt,USA,76,200,TRUE,FALSE,FALSE,2016,1,17,Wade Baldwin IV
1627737,Marquese,Chriss,7/2/1997,Washington,USA,81,240,FALSE,TRUE,FALSE,2016,1,8,Marquese Chriss
1627738,Deyonta,Davis,12/2/1996,Michigan State,USA,83,1627738,FALSE,FALSE,FALSE,2016,2,31,Deyonta Davis
1627740,Henry,Ellenson,1/13/1997,Marquette,USA,82,240,FALSE,TRUE,TRUE,2016,1,18,Henry Ellenson
1627743,Demetrius,Jackson,9/7/1994,Notre Dame,USA,73,201,TRUE,FALSE,FALSE,2016,2,45,Demetrius Jackson
1627744,Brice,Johnson,6/27/1994,North Carolina,USA,82,230,FALSE,TRUE,FALSE,2016,1,25,Brice Johnson
1627745,Damian,Jones,6/30/1995,Vanderbilt,USA,83,245,FALSE,FALSE,TRUE,2016,1,30,Damian Jones
1627746,Skal,Labissiere,3/18/1996,Kentucky,Haiti,82,235,FALSE,TRUE,TRUE,2016,1,28,Skal Labissiere
1627748,Thon,Maker,2/25/1997,Athlete Institute Prep,South Sudan,84,221,FALSE,TRUE,TRUE,2016,1,10,Thon Maker
1627749,Dejounte,Murray,9/19/1996,,,77,180,FALSE,FALSE,FALSE,,,,Dejounte Murray
1627753,Zhou,Qi,1/16/1996,Xinjiang,China,85,1627753,FALSE,FALSE,FALSE,2016,2,43,Zhou Qi
1627754,Diamond,Stone,2/10/1997,Maryland,USA,83,255,FALSE,FALSE,TRUE,2016,2,40,Diamond Stone
1627755,Tyler,Ulis,1/5/1996,Kentucky,USA,70,160,TRUE,FALSE,FALSE,2016,2,34,Tyler Ulis
1627756,Denzel,Valentine,11/16/1993,Michigan State,USA,76,220,TRUE,FALSE,FALSE,2016,1,14,Denzel Valentine
1627757,Stephen,Zimmerman,9/9/1996,UNLV,USA,84,240,FALSE,FALSE,TRUE,2016,2,41,Stephen Zimmerman
1627758,Ron,Baker,3/30/1993,Wichita State,USA,76,220,TRUE,FALSE,FALSE,-1,-1,-1,Ron Baker
1627760,Cat,Barber,7/25/1994,North Carolina State,USA,73,173,TRUE,FALSE,FALSE,2016,,,Cat Barber
1627761,DeAndre',Bembry,7/4/1994,St. Joseph's (PA),USA,77,210,TRUE,TRUE,FALSE,2016,1,21,DeAndre' Bembry
1627762,Joel,Bolomboy,1/28/1994,Weber State,Ukraine,81,1627762,FALSE,FALSE,FALSE,2016,2,52,Joel Bolomboy
1627765,Elgin,Cook,,,,,,,,,,,,Elgin Cook
1627766,Isaiah,Cousins,,,,,,,,,,,,Isaiah Cousins
1627767,Cheick,Diallo,9/13/1996,Kansas,Mali,80,219,FALSE,TRUE,TRUE,2016,2,33,Cheick Diallo
1627768,Perry,Ellis,,,,,,,,,,,,Perry Ellis
1627770,Kay,Felder,3/29/1995,Oakland,USA,69,176,TRUE,FALSE,FALSE,2016,2,54,Kay Felder
1627771,Michael,Gbinije,6/5/1992,Syracuse,USA,79,200,TRUE,TRUE,FALSE,2016,2,49,Michael Gbinije
1627772,Daniel,Hamilton,8/8/1995,UCONN,USA,79,195,TRUE,TRUE,FALSE,2016,2,56,Daniel Hamilton
1627773,AJ,Hammons,8/27/1992,Purdue,USA,84,1627773,FALSE,FALSE,TRUE,2016,2,46,AJ Hammons
1627774,Jake,Layman,3/7/1994,Maryland,USA,80,209,FALSE,TRUE,FALSE,2016,2,47,Jake Layman
1627775,Patrick,McCaw,10/25/1995,UNLV,USA,79,181,TRUE,FALSE,FALSE,2016,2,38,Patrick McCaw
1627776,Isaiah,Miles,,,,,,,,,,,,Isaiah Miles
1627778,Chinanu,Onuaku,11/1/1996,Louisville,USA,82,245,FALSE,FALSE,TRUE,2016,2,37,Chinanu Onuaku
1627779,Marcus,Paige,9/11/1993,North Carolina,USA,72,164,TRUE,FALSE,FALSE,2016,2,55,Marcus Paige
1627781,Malachi,Richardson,1/5/1996,Syracuse,USA,78,205,TRUE,FALSE,FALSE,2016,1,22,Malachi Richardson
1627782,Wayne,Selden,9/30/1994,Kansas,USA,76,232,TRUE,FALSE,FALSE,2016,,,Wayne Selden
1627784,Jarrod,Uthoff,5/19/1993,Iowa,USA,81,220,FALSE,TRUE,FALSE,-1,-1,-1,Jarrod Uthoff
1627785,Isaiah,Whitehead,3/8/1995,Seton Hall,USA,76,213,TRUE,FALSE,FALSE,2016,2,42,Isaiah Whitehead
1627786,Troy,Williams,12/30/1994,Indiana,USA,79,218,FALSE,TRUE,FALSE,-1,-1,-1,Troy Williams
1627787,Kyle,Wiltjer,10/20/1992,Gonzaga,Canada,82,1627787,FALSE,TRUE,FALSE,-22,-22,-22,Kyle Wiltjer
1627788,Furkan,Korkmaz,7/24/1997,Anadolu Efes,Turkey,79,202,TRUE,TRUE,FALSE,2016,1,26,Furkan Korkmaz
1627789,Timothe,Luwawu-Cabarrot,5/9/1995,,France,79,215,TRUE,TRUE,FALSE,2016,1,24,Timothe Luwawu-Cabarrot
1627790,Ante,Zizic,1/4/1997,Darussafaka,Croatia,82,266,FALSE,FALSE,TRUE,2016,1,23,Ante Zizic
1627791,Ben,Bentil,3/29/1995,Providence,Ghana,81,235,FALSE,TRUE,FALSE,2016,2,51,Ben Bentil
1627811,Zach,Auguste,,,,,,,,,,,,Zach Auguste
1627812,Yogi,Ferrell,5/9/1993,Indiana,USA,72,178,TRUE,FALSE,FALSE,-1,-1,-1,Yogi Ferrell
1627814,Damion,Lee,10/21/1992,,,77,210,,,,,,,Damion Lee
1627815,Sheldon,Mac,12/21/1992,Miami,USA,78,200,TRUE,TRUE,FALSE,2016,,,Sheldon Mac
1627816,Alex,Poythress,9/6/1993,Kentucky,USA,81,235,FALSE,TRUE,FALSE,-1,-1,-1,Alex Poythress
1627817,Tim,Quarterman,10/27/1994,Louisiana State,USA,78,1627817,FALSE,FALSE,FALSE,-22,-22,-22,Tim Quarterman
1627818,Kaleb,Tarczewski,,,,,,,,,,,,Kaleb Tarczewski
1627819,Isaiah,Taylor,7/11/1994,Texas,USA,75,1627819,TRUE,FALSE,FALSE,-22,-22,-22,Isaiah Taylor
1627820,Tyrone,Wallace,6/10/1994,California,USA,77,198,TRUE,FALSE,FALSE,2016,2,60,Tyrone Wallace
1627821,James,Webb III,8/19/1993,Boise State,USA,81,202,FALSE,TRUE,FALSE,2016,,,James Webb III
1627822,Petr,Cornelie,7/26/1995,Pau Orthez,France,83,1627822,FALSE,FALSE,FALSE,2016,2,53,Petr Cornelie
1627823,Juancho,Hernangomez,9/28/1995,Estudiantes,Spain,81,1627823,FALSE,FALSE,FALSE,2016,1,15,Juancho Hernangomez
1627825,Rade,Zagorac,,,,,,,,,,,,Rade Zagorac
1627827,Dorian,Finney-Smith,5/4/1993,,,79,220,FALSE,FALSE,FALSE,,,,Dorian Finney-Smith
1627829,Julian,Jacobs,,,,,,,,,,,,Julian Jacobs
1627832,Fred,VanVleet,2/25/1994,,,72,197,FALSE,FALSE,FALSE,,,,Fred VanVleet
1627834,Georgios,Papagiannis,7/3/1997,Panathinaikos,Greece,85,240,FALSE,FALSE,TRUE,2016,1,13,Georgios Papagiannis
1627835,Paul,Zipser,2/18/1994,Bayern Munich,Germany,80,226,FALSE,TRUE,FALSE,2016,2,48,Paul Zipser
1627836,Gracin,Bakumanya,,,,,,,,,,,,Gracin Bakumanya
1627841,Stefan,Jankovic,,,,,,,,,,,,Stefan Jankovic
1627843,Thomas,Walkup,,,,,,,,,,,,Thomas Walkup
1627846,Abdel,Nader,9/25/1993,Iowa State,Egypt,77,225,FALSE,TRUE,FALSE,2016,2,58,Abdel Nader
1627848,Shawn,Long,1/29/1993,Louisiana-Lafayette,USA,81,255,FALSE,TRUE,FALSE,-1,-1,-1,Shawn Long
1627849,Daniel,Ochefu,12/15/1993,Villanova,USA,83,245,FALSE,TRUE,FALSE,-1,-1,-1,Daniel Ochefu
1627850,Marshall,Plumlee,7/14/1992,Duke,USA,84,250,FALSE,FALSE,TRUE,-1,-1,-1,Marshall Plumlee
1627851,Mindaugas,Kuzminskas,10/19/1989,Malaga,Lithuania,81,215,FALSE,TRUE,FALSE,-1,-1,-1,Mindaugas Kuzminskas
1627852,Nicolas,Brussino,3/2/1993,Penarol,Argentina,80,195,FALSE,TRUE,FALSE,-1,-1,-1,Nicolas Brussino
1627853,Ryan,Arcidiacono,3/26/1994,Villanova,USA,75,195,TRUE,FALSE,FALSE,-1,-1,-1,Ryan Arcidiacono
1627854,Bryn,Forbes,7/23/1993,Michigan State,USA,74,205,TRUE,FALSE,FALSE,-1,-1,-1,Bryn Forbes
1627855,Okaro,White,8/13/1992,Florida State,USA,80,205,FALSE,TRUE,FALSE,-1,-1,-1,Okaro White
1627856,Matt,Costello,8/5/1993,Michigan State,USA,82,240,FALSE,TRUE,TRUE,-1,-1,-1,Matt Costello
1627858,Kyle,Collinsworth,10/3/1991,Brigham Young,USA,78,210,TRUE,FALSE,FALSE,2016,,,Kyle Collinsworth
1627861,Mike,Tobey,10/10/1994,Virginia,USA,84,260,FALSE,FALSE,TRUE,-1,-1,-1,Mike Tobey
1627862,Beau,Beech,,,,,,,,,,,,Beau Beech
1627863,Danuel,House Jr.,6/7/1993,Texas A&M,USA,78,220,TRUE,TRUE,FALSE,-1,-1,-1,Danuel House Jr.
1627865,Egidijus,Mockevicius,,,,,,,,,,,,Egidijus Mockevicius
1627866,Jameel,Warney,1/31/1994,Stony Brook,USA,80,260,FALSE,TRUE,FALSE,-1,-1,-1,Jameel Warney
1627867,Keith,Hornsby,,,,,,,,,,,,Keith Hornsby
1627868,Patricio,Garino,5/17/1993,George Washington,Argentina,78,203,TRUE,TRUE,FALSE,-1,-1,-1,Patricio Garino
1627873,Shawn,Dawson,,,,,,,,,,,,Shawn Dawson
1627875,Marcus,Georges-Hunt,3/28/1994,Georgia Tech,USA,77,226,TRUE,FALSE,FALSE,-1,-1,-1,Marcus Georges-Hunt
1627878,Nick,Zeisloft,,,,,,,,,,,,Nick Zeisloft
1627879,Nicolas,Laprovittola,1/31/1990,Estudiantes,Argentina,76,180,TRUE,FALSE,FALSE,-1,-1,-1,Nicolas Laprovittola
1627880,Quincy,Ford,,,,,,,,,,,,Quincy Ford
1627881,Rasheed,Sulaimon,,,,,,,,,,,,Rasheed Sulaimon
1627882,Andrew,Andrews,,,,,,,,,,,,Andrew Andrews
1627883,Jalen,Jones,5/27/1993,Texas A&M,USA,79,220,FALSE,TRUE,FALSE,2016,,,Jalen Jones
1627885,Shaquille,Harrison,10/6/1993,Tulsa,USA,76,195,TRUE,FALSE,FALSE,-1,-1,-1,Shaquille Harrison
1627886,D'Vauntes,Smith-Rivera,,,,,,,,,,,,D'Vauntes Smith-Rivera
1627887,Trey,Freeman,,,,,,,,,,,,Trey Freeman
1627888,Nikola,Jovanovic,,,,,,,,,,,,Nikola Jovanovic
1627902,Jaleel,Cousins,,,,,,,,,,,,Jaleel Cousins
1627938,J.J.,Avila,,,,,,,,,,,,J.J. Avila
1627954,Scott,Wood,,,,,,,,,,,,Scott Wood
1627982,Josh,Gray,9/9/1993,Louisiana State,USA,72,180,TRUE,FALSE,FALSE,-1,-1,-1,Josh Gray
1627988,Myke,Henry,12/23/1992,DePaul,USA,78,210,FALSE,TRUE,FALSE,2016,,,Myke Henry
1628021,David,Nwaba,1/14/1993,Cal Poly,USA,77,219,TRUE,TRUE,FALSE,-22,-22,-22,David Nwaba
1628035,Alfonzo,McKinnie,9/17/1992,Wisconsin-Green Bay,USA,79,215,FALSE,TRUE,FALSE,-1,-1,-1,Alfonzo McKinnie
1628041,Vashil,Fernandez,,,,,,,,,,,,Vashil Fernandez
1628070,Jordan,Loyd,7/27/1993,Indianapolis,USA,76,210,TRUE,FALSE,FALSE,-1,-1,-1,Jordan Loyd
1628174,Alex,Hamilton,,,,,,,,,,,,Alex Hamilton
1628176,LaDontae,Henton,,,,,,,,,,,,LaDontae Henton
1628221,Gabe,York,8/2/1993,Arizona,USA,75,190,TRUE,FALSE,FALSE,-1,-1,-1,Gabe York
1628238,Paris,Bass,8/29/1995,Detroit Mercy,USA,80,200,FALSE,TRUE,FALSE,-1,-1,-1,Paris Bass
1628241,Devin,Williams,,,,,,,,,,,,Devin Williams
1628249,Mitchell,Creek,4/27/1992,,Australia,78,225,TRUE,TRUE,FALSE,-1,-1,-1,Mitchell Creek
1628365,Markelle,Fultz,5/29/1998,Washington,USA,76,209,TRUE,FALSE,FALSE,2017,1,1,Markelle Fultz
1628367,Josh,Jackson,2/10/1997,Kansas,USA,80,207,TRUE,TRUE,FALSE,2017,1,4,Josh Jackson
1628368,De'Aaron,Fox,12/20/1997,,,75,185,FALSE,FALSE,FALSE,,,,De'Aaron Fox
1628373,Frank,Ntilikina,7/28/1998,Strasbourg IG,France,76,200,TRUE,FALSE,FALSE,2017,1,8,Frank Ntilikina
1628382,Justin,Jackson,3/28/1995,North Carolina,USA,80,220,FALSE,FALSE,FALSE,2017,1,15,Justin Jackson
1628383,Justin,Patton,6/14/1997,Creighton,USA,83,241,FALSE,FALSE,TRUE,2017,1,16,Justin Patton
1628385,Harry,Giles III,4/22/1998,Duke,USA,83,240,FALSE,TRUE,TRUE,2017,1,20,Harry Giles III
1628387,Ike,Anigbogu,10/16/1998,UCLA,USA,82,250,FALSE,FALSE,TRUE,2017,2,47,Ike Anigbogu
1628388,T.J.,Leaf,4/30/1997,UCLA,USA,82,222,FALSE,TRUE,FALSE,2017,1,18,T.J. Leaf
1628390,Terrance,Ferguson,5/17/1998,,USA,78,190,TRUE,FALSE,FALSE,2017,1,21,Terrance Ferguson
1628391,D.J.,Wilson,2/19/1996,Michigan,USA,82,231,FALSE,TRUE,FALSE,2017,1,17,D.J. Wilson
1628393,Jawun,Evans,7/26/1996,Oklahoma State,USA,72,1628393,TRUE,FALSE,FALSE,2017,2,39,Jawun Evans
1628394,Anzejs,Pasecniks,12/20/1995,Gran Canaria,Latvia,85,229,FALSE,TRUE,TRUE,2017,1,25,Anzejs Pasecniks
1628395,Jordan,Bell,1/7/1995,Oregon,USA,79,216,FALSE,TRUE,FALSE,2017,2,38,Jordan Bell
1628397,Ivan,Rabb,2/4/1997,California,USA,82,1628397,FALSE,TRUE,FALSE,2017,2,35,Ivan Rabb
1628399,Tyler,Lydon,4/9/1996,Syracuse,USA,82,225,FALSE,TRUE,FALSE,2017,1,24,Tyler Lydon
1628400,Semi,Ojeleye,12/5/1994,Southern Methodist,USA,78,240,FALSE,TRUE,FALSE,2017,2,37,Semi Ojeleye
1628402,Frank,Jackson,5/4/1998,Duke,USA,75,205,TRUE,FALSE,FALSE,2017,2,31,Frank Jackson
1628403,Caleb,Swanigan,4/18/1997,Purdue,USA,81,260,FALSE,TRUE,FALSE,2017,1,26,Caleb Swanigan
1628405,Johnathan,Motley,5/4/1995,Baylor,USA,80,230,FALSE,TRUE,FALSE,-1,-1,-1,Johnathan Motley
1628407,Dwayne,Bacon,8/30/1995,Florida State,USA,78,221,TRUE,TRUE,FALSE,2017,2,40,Dwayne Bacon
1628408,PJ,Dozier,,,,,,,,,,,,PJ Dozier
1628409,Alec,Peters,4/13/1995,Valparaiso,USA,81,235,FALSE,TRUE,FALSE,2017,2,54,Alec Peters
1628410,Edmond,Sumner,12/31/1995,Xavier,USA,76,196,TRUE,FALSE,FALSE,2017,2,52,Edmond Sumner
1628411,Wes,Iwundu,12/20/1994,Kansas State,USA,78,195,FALSE,TRUE,FALSE,2017,2,33,Wes Iwundu
1628412,Frank,Mason III,4/3/1994,Kansas,USA,71,190,TRUE,FALSE,FALSE,2017,2,34,Frank Mason III
1628413,Jonah,Bolden,1/2/1996,UCLA,Australia,80,225,FALSE,TRUE,FALSE,2017,2,36,Jonah Bolden
1628414,Sindarius,Thornwell,11/15/1994,South Carolina,USA,76,215,TRUE,FALSE,FALSE,2017,2,48,Sindarius Thornwell
1628416,Tyler,Dorsey,2/18/1996,Oregon,USA,76,180,TRUE,FALSE,FALSE,2017,2,41,Tyler Dorsey
1628417,Jaron,Blossomgame,9/16/1993,Clemson,USA,80,220,FALSE,TRUE,FALSE,2017,2,59,Jaron Blossomgame
1628419,Cameron,Oliver,7/11/1996,Nevada,USA,80,239,FALSE,TRUE,FALSE,-1,-1,-1,Cameron Oliver
1628421,Devin,Robinson,3/7/1995,Florida,USA,80,200,FALSE,TRUE,FALSE,2017,,,Devin Robinson
1628422,Damyean,Dotson,5/6/1994,Houston,USA,77,210,TRUE,FALSE,FALSE,2017,2,44,Damyean Dotson
1628424,Kobi,Simmons,7/4/1997,Arizona,USA,77,1628424,FALSE,FALSE,FALSE,-22,-22,-22,Kobi Simmons
1628425,Sterling,Brown,2/10/1995,Southern Methodist,USA,77,219,TRUE,TRUE,FALSE,2017,2,46,Sterling Brown
1628426,Sasha,Vezenkov,8/6/1995,,Bulgaria,80,225,FALSE,TRUE,FALSE,2017,2,57,Sasha Vezenkov
1628427,Vlatko,Cancar,,,,,,,,,,,,Vlatko Cancar
1628429,Charles,Cooke,7/1/1994,University of Dayton,USA,77,196,TRUE,FALSE,FALSE,-1,-1,-1,Charles Cooke
1628430,Nigel,Williams-Goss,9/16/1994,Gonzaga,USA,74,190,TRUE,FALSE,FALSE,2017,2,55,Nigel Williams-Goss
1628431,V.J.,Beachem,,,,,,,,,,,,V.J. Beachem
1628432,Davon,Reed,6/11/1995,Miami,USA,77,206,TRUE,FALSE,FALSE,2017,2,32,Davon Reed
1628433,L.J.,Peak,,,,,,,,,,,,L.J. Peak
1628435,Chance,Comanche,4/14/1996,Arizona,USA,82,1628435,FALSE,FALSE,FALSE,-22,-22,-22,Chance Comanche
1628437,George,de Paula,,,,,,,,,,,,George de Paula
1628439,Isaiah,Hicks,7/24/1994,North Carolina,USA,81,230,FALSE,TRUE,FALSE,-1,-1,-1,Isaiah Hicks
1628443,Kadeem,Allen,1/15/1993,Arizona,USA,73,200,TRUE,FALSE,FALSE,2017,2,53,Kadeem Allen
1628444,Jabari,Bird,7/3/1994,California,USA,78,198,TRUE,FALSE,FALSE,2017,2,56,Jabari Bird
1628448,Kavell,Bigby-Williams,,,,,,,,,,,,Kavell Bigby-Williams
1628450,Eric,Mika,1/5/1995,Brigham Young,USA,82,1628450,FALSE,FALSE,FALSE,-22,-22,-22,Eric Mika
1628451,Jacob,Wiley,9/4/1994,Eastern Washington,USA,80,223,FALSE,TRUE,FALSE,-1,-1,-1,Jacob Wiley
1628452,Kennedy,Meeks,,,,,,,,,,,,Kennedy Meeks
1628453,Melo,Trimble,,,,,,,,,,,,Melo Trimble
1628454,Mike,Young,,,,,,,,,,,,Mike Young
1628455,Mike,James,8/18/1990,Lamar,USA,73,175,TRUE,FALSE,FALSE,-1,-1,-1,Mike James
1628456,Jeremy,Morgan,,,,,,,,,,,,Jeremy Morgan
1628460,Bronson,Koenig,,,,,,,,,,,,Bronson Koenig
1628462,Milos,Teodosic,3/19/1987,CSKA Moscow,Serbia,77,196,TRUE,FALSE,FALSE,-1,-1,-1,Milos Teodosic
1628463,Tyler,Cavanaugh,2/9/1994,George Washington,USA,81,238,FALSE,TRUE,FALSE,-1,-1,-1,Tyler Cavanaugh
1628464,Daniel,Theis,4/4/1992,,,80,245,,,,,,,Daniel Theis
1628469,Antonio,Blakeney,10/4/1996,Louisiana State,USA,76,192,TRUE,FALSE,FALSE,-1,-1,-1,Antonio Blakeney
1628470,Torrey,Craig,12/19/1990,South Carolina Upstate,USA,79,221,FALSE,TRUE,FALSE,-1,-1,-1,Torrey Craig
1628473,Yakuba,Ouattara,,,,,,,,,,,,Yakuba Ouattara
1628475,Matt,Williams Jr.,10/14/1993,Central Florida,USA,77,210,TRUE,FALSE,FALSE,-1,-1,-1,Matt Williams Jr.
1628476,Derrick,Walton Jr.,4/3/1995,Michigan,USA,72,185,TRUE,FALSE,FALSE,-1,-1,-1,Derrick Walton Jr.
1628477,Landry,Nnoko,,,,,,,,,,,,Landry Nnoko
1628491,Derek,Willis,,,,,,,,,,,,Derek Willis
1628492,Gian,Clavell,11/26/1993,Colorado State,Puerto Rico,76,185,TRUE,FALSE,FALSE,-1,-1,-1,Gian Clavell
1628493,Mangok,Mathiang,10/8/1992,Louisville,Australia,82,230,FALSE,TRUE,TRUE,-1,-1,-1,Mangok Mathiang
1628494,T.J.,Williams,,,,,,,,,,,,T.J. Williams
1628495,Milton,Doyle,10/31/1993,Loyola (IL),USA,76,180,TRUE,FALSE,FALSE,2017,,,Milton Doyle
1628496,Jeremy,Senglin,,,,,,,,,,,,Jeremy Senglin
1628499,Antonius,Cleveland,2/2/1994,Southeast Missouri,USA,77,1628499,TRUE,FALSE,FALSE,-22,-22,-22,Antonius Cleveland
1628500,Ben,Moore,5/13/1995,Southern Methodist,USA,80,220,FALSE,TRUE,FALSE,-1,-1,-1,Ben Moore
1628502,Nigel,Hayes,12/16/1994,Wisconsin,USA,79,254,FALSE,TRUE,FALSE,-1,-1,-1,Nigel Hayes
1628503,Jamel,Artis,1/12/1993,Pittsburgh,USA,79,213,TRUE,FALSE,FALSE,-1,-1,-1,Jamel Artis
1628504,Xavier,Rathan-Mayes,4/29/1994,Florida State,Canada,76,208,TRUE,FALSE,FALSE,2017,,,Xavier Rathan-Mayes
1628505,Troy,Caupain,11/29/1995,Cincinnati,USA,76,210,TRUE,FALSE,FALSE,-1,-1,-1,Troy Caupain
1628506,London,Perrantes,10/3/1994,Virginia,USA,74,190,TRUE,FALSE,FALSE,2017,,,London Perrantes
1628510,Andrew,White III,6/16/1993,Syracuse,USA,79,210,FALSE,TRUE,FALSE,2017,,,Andrew White III
1628511,James,Blackmon Jr.,,,,,,,,,,,,James Blackmon Jr.
1628512,Matt,Jones,,,,,,,,,,,,Matt Jones
1628513,Naz,Mitrou-Long,8/3/1993,Iowa State,Canada,75,218,TRUE,FALSE,FALSE,-1,-1,-1,Naz Mitrou-Long
1628514,Peter,Jok,,,,,,,,,,,,Peter Jok
1628515,Isaiah,Briscoe,4/13/1996,Kentucky,USA,75,215,TRUE,FALSE,FALSE,-1,-1,-1,Isaiah Briscoe
1628516,Terry,Henderson,,,,,,,,,,,,Terry Henderson
1628517,Luke,Petrasek,,,,,,,,,,,,Luke Petrasek
1628518,Amile,Jefferson,5/7/1993,Duke,USA,81,1628518,FALSE,FALSE,FALSE,-22,-22,-22,Amile Jefferson
1628528,Ike,Iroegbu,,,,,,,,,,,,Ike Iroegbu
1628535,Jordan,Mathews,,,,,,,,,,,,Jordan Mathews
1628537,Jaylen,Morris,9/19/1995,Molloy,USA,77,185,TRUE,FALSE,FALSE,-1,-1,-1,Jaylen Morris
1628539,Mychal,Mulder,6/12/1994,Kentucky,Canada,75,1628539,TRUE,FALSE,FALSE,-22,-22,-22,Mychal Mulder
1628554,Isaac,Hamilton,,,,,,,,,,,,Isaac Hamilton
1628571,Erik,McCree,12/20/1993,Louisiana Tech,USA,80,225,FALSE,TRUE,FALSE,-1,-1,-1,Erik McCree
1628575,Jaylen,Johnson,,,,,,,,,,,,Jaylen Johnson
1628576,Bryce,Alford,1/18/1995,UCLA,USA,,1628576,FALSE,FALSE,FALSE,-22,-22,-22,Bryce Alford
1628577,Rashawn,Thomas,,,,,,,,,,,,Rashawn Thomas
1628578,Amida,Brimah,2/11/1994,Connecticut,USA,82,230,FALSE,FALSE,TRUE,-1,-1,-1,Amida Brimah
1628579,Taylor,Braun,,,,,,,,,,,,Taylor Braun
1628591,Craig,Sword,1/16/1994,Mississippi State,USA,75,196,TRUE,FALSE,FALSE,-1,-1,-1,Craig Sword
1628605,Dusty,Hannahs,9/2/1993,Arkansas,USA,75,210,TRUE,FALSE,FALSE,2017,,,Dusty Hannahs
1628610,Cody,Demps,,,,,,,,,,,,Cody Demps
1628656,Billy,Garrett,10/16/1994,DePaul,USA,78,215,TRUE,TRUE,FALSE,-1,-1,-1,Billy Garrett
1628677,Durand,Scott,,,,,,,,,,,,Durand Scott
1628679,Daniel,Dixon,,,,,,,,,,,,Daniel Dixon
1628680,Torian,Graham,,,,,,,,,,,,Torian Graham
1628681,Rodney,Purvis,2/14/1994,Connecticut,USA,76,1628681,TRUE,FALSE,FALSE,-22,-22,-22,Rodney Purvis
1628734,Yannis,Morin,,,,,,,,,,,,Yannis Morin
1628769,Tahjere,McCall,8/17/1994,Tennessee State,USA,77,1628769,FALSE,FALSE,FALSE,-22,-22,-22,Tahjere McCall
1628778,Paul,Watson,12/30/1994,Fresno State,USA,78,210,TRUE,FALSE,FALSE,-1,-1,-1,Paul Watson
1628935,Aaron,Jackson,5/6/1986,Duquesne,USA,75,183,TRUE,FALSE,FALSE,-1,-1,-1,Aaron Jackson
1628959,Rawle,Alkins,10/29/1997,Arizona,USA,77,225,TRUE,FALSE,FALSE,-1,-1,-1,Rawle Alkins
1628961,Kostas,Antetokounmpo,11/20/1997,University of Dayton,Greece,82,200,FALSE,TRUE,FALSE,2018,2,60,Kostas Antetokounmpo
1628962,Udoka,Azubuike,9/17/1999,Kansas,Nigeria,83,270,FALSE,TRUE,TRUE,2020,1,27,Udoka Azubuike
1628965,Jaylen,Barford,,,,,,,,,,,,Jaylen Barford
1628967,Tyus,Battle,,,,,,,,,,,,Tyus Battle
1628968,Brian,Bowen II,10/2/1998,,USA,78,190,TRUE,TRUE,FALSE,-1,-1,-1,Brian Bowen II
1628972,Troy,Brown Jr.,7/28/1999,Oregon,USA,79,215,TRUE,TRUE,FALSE,2018,1,15,Troy Brown Jr.
1628974,Tony,Carr,10/11/1997,Penn State,USA,,1628974,FALSE,FALSE,FALSE,2018,2,51,Tony Carr
1628977,Hamidou,Diallo,7/31/1998,Kentucky,USA,77,202,TRUE,FALSE,FALSE,2018,2,45,Hamidou Diallo
1628979,Trevon,Duval,8/3/1998,Duke,USA,74,189,TRUE,FALSE,FALSE,-1,-1,-1,Trevon Duval
1628980,Jacob,Evans,6/18/1997,Cincinnati,USA,76,210,TRUE,TRUE,FALSE,2018,1,28,Jacob Evans
1628981,Bruno,Fernando,8/15/1998,Maryland,Anla,82,240,FALSE,TRUE,TRUE,2019,2,34,Bruno Fernando
1628982,Melvin,Frazier Jr.,8/30/1996,Tulane,USA,77,215,TRUE,TRUE,FALSE,2018,2,35,Melvin Frazier Jr.
1628984,Devonte',Graham,2/22/1995,Kansas,USA,73,195,TRUE,FALSE,FALSE,2018,2,34,Devonte' Graham
1628985,Devon,Hall,7/7/1995,Virginia,USA,77,1628985,TRUE,FALSE,FALSE,2018,2,53,Devon Hall
1628987,Kevin,Hervey,7/9/1996,Texas-Arlington,USA,81,230,FALSE,TRUE,FALSE,2018,2,57,Kevin Hervey
1628990,Chandler,Hutchison,4/26/1996,Boise State,USA,78,210,TRUE,TRUE,FALSE,2018,1,22,Chandler Hutchison
1628993,Alize,Johnson,4/22/1996,Missouri State,USA,80,1628993,FALSE,FALSE,FALSE,2018,2,50,Alize Johnson
1628994,George,King,1/15/1994,Colorado,USA,78,220,TRUE,TRUE,FALSE,2018,2,59,George King
1628996,Sagaba,Konate,,,,,,,,,,,,Sagaba Konate
1628998,Cody,Martin,9/28/1995,,,77,205,FALSE,TRUE,FALSE,,,,Cody Martin
1628999,Yante,Maten,8/14/1996,Georgia,USA,80,240,FALSE,TRUE,FALSE,2018,,,Yante Maten
1629000,Brandon,McCoy,,,,,,,,,,,,Brandon McCoy
1629002,Chimezie,Metu,3/22/1997,Southern California,USA,81,225,FALSE,TRUE,TRUE,2018,2,49,Chimezie Metu
1629005,Malik,Newman,2/21/1997,Kansas,USA,75,190,TRUE,FALSE,FALSE,2018,,,Malik Newman
1629007,Jontay,Porter,11/15/1999,Missouri,USA,83,240,FALSE,TRUE,TRUE,-1,-1,-1,Jontay Porter
1629009,Billy,Preston,,,,,,,,,,,,Billy Preston
1629010,Jerome,Robinson,2/22/1997,Boston College,USA,77,1629010,TRUE,FALSE,FALSE,2018,1,13,Jerome Robinson
1629015,Zhaire,Smith,6/4/1999,Texas Tech,USA,75,205,TRUE,FALSE,FALSE,2018,1,16,Zhaire Smith
1629016,Omari,Spellman,7/21/1997,Villanova,USA,80,245,FALSE,TRUE,FALSE,2018,1,30,Omari Spellman
1629017,Khyri,Thomas,5/8/1996,Creighton,USA,75,1629017,TRUE,FALSE,FALSE,2018,2,38,Khyri Thomas
1629019,Allonzo,Trier,1/17/1996,Arizona,USA,76,200,TRUE,FALSE,FALSE,2018,,,Allonzo Trier
1629021,Moritz,Wagner,4/26/1997,Michigan,Germany,83,245,FALSE,TRUE,TRUE,2018,1,25,Moritz Wagner
1629029,Luka,Doncic,2/28/1999,Real Madrid,Slovenia,79,230,TRUE,TRUE,FALSE,2018,1,3,Luka Doncic
1629033,Theo,Pinson,11/5/1995,North Carolina,USA,79,212,TRUE,TRUE,FALSE,-1,-1,-1,Theo Pinson
1629034,Ray,Spalding,3/11/1997,Louisville,USA,81,225,FALSE,TRUE,FALSE,2018,2,56,Ray Spalding
1629035,Carsen,Edwards,3/12/1998,Purdue,USA,71,200,TRUE,FALSE,FALSE,2019,2,33,Carsen Edwards
1629036,Isaac,Haas,,,,,,,,,,,,Isaac Haas
1629037,Keenan,Evans,,,,,,,,,,,,Keenan Evans
1629044,Shamorie,Ponds,6/29/1998,"St. John's, N.Y.",USA,72,175,TRUE,FALSE,FALSE,-1,-1,-1,Shamorie Ponds
1629045,Bonzie,Colson,1/12/1996,Notre Dame,USA,78,225,FALSE,TRUE,FALSE,-1,-1,-1,Bonzie Colson
1629048,ga,Bitadze,7/20/1999,Mega Basket,Georgia,83,250,FALSE,TRUE,TRUE,2019,1,18,ga Bitadze
1629050,Jeffrey,Carroll,,,,,,,,,,,,Jeffrey Carroll
1629052,Oshae,Brissett,6/20/1998,Syracuse,Canada,79,210,TRUE,TRUE,FALSE,-1,-1,-1,Oshae Brissett
1629053,Vincent,Edwards,4/5/1996,Purdue,USA,80,225,FALSE,TRUE,FALSE,2018,2,52,Vincent Edwards
1629055,Donte,Grantham,3/19/1995,Clemson,USA,80,215,FALSE,TRUE,FALSE,2018,,,Donte Grantham
1629056,Terence,Davis,5/16/1997,Mississippi,USA,76,201,TRUE,FALSE,FALSE,-1,-1,-1,Terence Davis
1629058,Dzanan,Musa,5/8/1999,Cedevita,Bosnia and Herzegovina,81,217,TRUE,TRUE,FALSE,2018,1,29,Dzanan Musa
1629059,Elie,Okobo,10/23/1997,Elan Bearnais,France,75,190,TRUE,TRUE,FALSE,2018,2,31,Elie Okobo
1629061,Deng,Adel,2/1/1997,Louisville,South Sudan,79,200,FALSE,TRUE,FALSE,2018,,,Deng Adel
1629065,Ky,Bowman,6/16/1997,Boston College,USA,73,187,TRUE,FALSE,FALSE,-1,-1,-1,Ky Bowman
1629066,Rodions,Kurucs,2/5/1998,FC Barcelona,Latvia,81,228,FALSE,TRUE,FALSE,2018,2,40,Rodions Kurucs
1629067,Isaac,Bonga,11/8/1999,Skyliners Frankfurt,Germany,80,180,TRUE,FALSE,FALSE,2018,2,39,Isaac Bonga
1629070,Matur,Maker,,,,,,,,,,,,Matur Maker
1629071,LiAngelo,Ball,11/24/1998,,USA,,,,,,2018,,,LiAngelo Ball
1629076,Tyler,Cook,9/23/1997,Iowa,USA,80,1629076,FALSE,TRUE,FALSE,-22,-22,-22,Tyler Cook
1629078,Doral,Moore,,,,,,,,,,,,Doral Moore
1629083,Arnoldas,Kulboka,1/4/1998,,Lithuania,82,209,FALSE,TRUE,FALSE,2018,2,55,Arnoldas Kulboka
1629091,Elijah,Bryant,4/19/1995,Brigham Young,USA,77,210,TRUE,FALSE,FALSE,-1,-1,-1,Elijah Bryant
1629093,Tyler,Davis,5/22/1997,Texas A&M,USA,82,266,FALSE,FALSE,TRUE,-1,-1,-1,Tyler Davis
1629094,Marcus,Derrickson,2/1/1996,Georgetown,USA,79,249,FALSE,TRUE,FALSE,-1,-1,-1,Marcus Derrickson
1629096,Harry,Froling,,,,,,,,,,,,Harry Froling
1629097,Terry,Larrier,,,,,,,,,,,,Terry Larrier
1629098,Jack,McVeigh,6/27/1996,Nebraska-Lincoln,Australia,80,1629098,TRUE,TRUE,FALSE,-22,-22,-22,Jack McVeigh
1629102,Brandon,Sampson,5/1/1997,Louisiana State,USA,77,184,TRUE,FALSE,FALSE,2018,,,Brandon Sampson
1629103,Kelan,Martin,8/3/1995,Butler,USA,77,230,FALSE,TRUE,FALSE,-1,-1,-1,Kelan Martin
1629109,Gary,Clark,11/16/1994,Cincinnati,USA,78,1629109,FALSE,TRUE,FALSE,-22,-22,-22,Gary Clark
1629116,Angel,Delgado,11/20/1994,Seton Hall,Dominican Republic,82,245,FALSE,FALSE,TRUE,2018,,,Angel Delgado
1629117,Wenyen,Gabriel,3/26/1997,Kentucky,South Sudan,81,205,FALSE,TRUE,FALSE,-1,-1,-1,Wenyen Gabriel
1629118,Thomas,Welsh,2/3/1996,UCLA,USA,84,255,FALSE,FALSE,TRUE,2018,2,58,Thomas Welsh
1629121,Jaylen,Adams,5/4/1996,St. Bonaventure,USA,72,225,TRUE,FALSE,FALSE,-1,-1,-1,Jaylen Adams
1629122,J.P.,Macura,6/5/1995,Xavier,USA,76,203,TRUE,FALSE,FALSE,2018,,,J.P. Macura
1629123,Jared,Terrell,2/10/1995,Rhode Island,USA,75,1629123,TRUE,FALSE,FALSE,-22,-22,-22,Jared Terrell
1629126,Deonte,Burton,1/31/1994,Iowa State,USA,76,240,TRUE,TRUE,FALSE,-1,-1,-1,Deonte Burton
1629129,Trevon,Bluiett,11/4/1994,Xavier,USA,78,198,TRUE,TRUE,FALSE,2018,,,Trevon Bluiett
1629131,Jairus,Lyles,,,,,,,,,,,,Jairus Lyles
1629132,Braian,Angola-Rodas,,,,,,,,,,,,Braian Angola-Rodas
1629133,Daryl,Macon,11/29/1995,Arkansas,USA,74,185,TRUE,FALSE,FALSE,2018,,,Daryl Macon
1629134,Kendrick,Nunn,8/3/1995,Oakland,USA,75,190,TRUE,FALSE,FALSE,-1,-1,-1,Kendrick Nunn
1629136,Elijah,Stewart,,,,,,,,,,,,Elijah Stewart
1629137,Joel,Berry,,,,,,,,,,,,Joel Berry
1629139,Yuta,Watanabe,10/13/1994,George Washington,Japan,81,215,TRUE,TRUE,FALSE,-22,-22,-22,Yuta Watanabe
1629140,Johnathan,Williams,5/22/1995,Gonzaga,USA,81,228,FALSE,TRUE,FALSE,-1,-1,-1,Johnathan Williams
1629142,Yanyuhang,Ding,,,,,,,,,,,,Yanyuhang Ding
1629145,Isaiah,Wilkins,,,,,,,,,,,,Isaiah Wilkins
1629146,Zach,Smith,,,,,,,,,,,,Zach Smith
1629147,Joe,Chealey,11/1/1995,College of Charleston,USA,76,190,TRUE,FALSE,FALSE,2018,,,Joe Chealey
1629148,Johnny,Hamilton,2/3/1994,Texas-Arlington,USA,,1629148,FALSE,FALSE,FALSE,-22,-22,-22,Johnny Hamilton
1629149,Codi,Miller-McIntyre,,,,,,,,,,,,Codi Miller-McIntyre
1629150,Emanuel,Terry,8/21/1996,Lincoln Memorial,USA,81,220,FALSE,TRUE,FALSE,-1,-1,-1,Emanuel Terry
1629151,Ryan,Broekhoff,8/23/1990,Valparaiso,Australia,78,215,TRUE,TRUE,FALSE,-1,-1,-1,Ryan Broekhoff
1629152,DeVaughn,Akoon-Purcell,6/5/1993,Illinois State,Trinidad and Tobago,78,200,TRUE,TRUE,FALSE,2016,,,DeVaughn Akoon-Purcell
1629154,Rob,Gray,,,,,,,,,,,,Rob Gray
1629155,Zach,Lofton,11/18/1992,New Mexico State,USA,76,180,TRUE,FALSE,FALSE,-1,-1,-1,Zach Lofton
1629156,Markel,Crawford,,,,,,,,,,,,Markel Crawford
1629159,Marcus,Lee,,,,,,,,,,,,Marcus Lee
1629163,Trey,Lewis,,,,,,,,,,,,Trey Lewis
1629164,Brandon,Goodwin,10/2/1995,Florida Gulf Coast,USA,72,180,TRUE,FALSE,FALSE,-1,-1,-1,Brandon Goodwin
1629165,Nick,King,,,,,,,,,,,,Nick King
1629166,Jeff,Roberson,,,,,,,,,,,,Jeff Roberson
1629167,Justin,Bibbs,,,,,,,,,,,,Justin Bibbs
1629168,BJ,Johnson,12/21/1995,La Salle,USA,78,1629168,FALSE,FALSE,FALSE,-22,-22,-22,BJ Johnson
1629184,Desi,Rodriguez,,,,,,,,,,,,Desi Rodriguez
1629185,Chris,Chiozza,11/21/1995,Florida,USA,71,175,TRUE,FALSE,FALSE,-1,-1,-1,Chris Chiozza
1629186,Tiwian,Kendley,,,,,,,,,,,,Tiwian Kendley
1629190,C.J.,Anderson,,,,,,,,,,,,C.J. Anderson
1629203,Jemerrio,Jones,4/9/1995,New Mexico State,USA,77,175,FALSE,TRUE,FALSE,2018,,,Jemerrio Jones
1629226,Ismaila,Kane,,,,,,,,,,,,Ismaila Kane
1629232,Kaiser,Gates,11/8/1996,Xavier,USA,79,1629232,FALSE,FALSE,FALSE,-22,-22,-22,Kaiser Gates
1629236,Jonathan,Stark,,,,,,,,,,,,Jonathan Stark
1629244,Cam,Reynolds,2/7/1995,Tulane,USA,79,225,FALSE,TRUE,FALSE,-1,-1,-1,Cam Reynolds
1629245,Nuni,Omot,10/3/1994,Baylor,Kenya,,1629245,FALSE,FALSE,FALSE,-22,-22,-22,Nuni Omot
1629246,Tyrius,Walker,,,,,,,,,,,,Tyrius Walker
1629260,Tim,Bond,,,,,,,,,,,,Tim Bond
1629270,Todd,Withers,,,,,,,,,,,,Todd Withers
1629285,Angel,Rodriguez,,,,,,,,,,,,Angel Rodriguez
1629305,Marcus,Allen,,,,,,,,,,,,Marcus Allen
1629308,Juan,Toscano-Anderson,4/10/1993,Marquette,USA,78,209,FALSE,TRUE,FALSE,-1,-1,-1,Juan Toscano-Anderson
1629309,Trayvon,Palmer,11/13/1994,Chicago State,USA,78,200,TRUE,FALSE,FALSE,-1,-1,-1,Trayvon Palmer
1629341,Tarik,Phillip,8/10/1993,West Virginia,USA,75,1629341,TRUE,FALSE,FALSE,-22,-22,-22,Tarik Phillip
1629346,Alen,Smailagic,8/18/2000,Beko,Serbia,82,215,FALSE,TRUE,FALSE,2019,2,39,Alen Smailagic
1629352,Jeffrey,Coby,,,,,,,,,,,,Jeffrey Coby
1629353,Isaac,Humphries,1/5/1998,Kentucky,Australia,84,260,FALSE,FALSE,TRUE,2017,,,Isaac Humphries
1629460,Justin,Tillman,2/2/1996,Virginia Commonwealth,USA,,1629460,FALSE,FALSE,FALSE,-22,-22,-22,Justin Tillman
1629541,Dairis,Bertans,9/9/1989,Olimpia Milano,Latvia,76,200,TRUE,FALSE,FALSE,-1,-1,-1,Dairis Bertans
1629594,Bennie,Boatwright,7/13/1996,Southern California,USA,,1629594,FALSE,FALSE,FALSE,-22,-22,-22,Bennie Boatwright
1629595,Phil,Booth,,,,,,,,,,,,Phil Booth
1629596,Bryce,Brown,7/24/1997,Auburn,USA,,1629596,FALSE,FALSE,FALSE,-22,-22,-22,Bryce Brown
1629597,Zylan,Cheatham,11/17/1995,Arizona State,USA,77,220,FALSE,TRUE,FALSE,-1,-1,-1,Zylan Cheatham
1629598,Chris,Clemons,7/23/1997,Campbell University,USA,69,180,TRUE,FALSE,FALSE,-1,-1,-1,Chris Clemons
1629600,Jarron,Cumberland,9/22/1997,Cincinnati,USA,77,205,TRUE,FALSE,FALSE,-1,-1,-1,Jarron Cumberland
1629602,Javin,DeLaurier,4/7/1998,Duke,USA,82,234,FALSE,FALSE,TRUE,-1,-1,-1,Javin DeLaurier
1629603,Mamadi,Diakite,1/21/1997,Virginia,Guinea,81,228,FALSE,TRUE,FALSE,-1,-1,-1,Mamadi Diakite
1629604,CJ,Elleby,6/16/2000,Washington State,USA,78,200,TRUE,TRUE,FALSE,2020,2,46,CJ Elleby
1629605,Tacko,Fall,12/10/1995,UCF,Senegal,90,311,FALSE,FALSE,TRUE,-1,-1,-1,Tacko Fall
1629606,Robert,Franks,12/18/1996,Washington State,USA,79,1629606,FALSE,FALSE,FALSE,-22,-22,-22,Robert Franks
1629607,Jared,Harper,9/14/1997,Auburn,USA,70,175,TRUE,FALSE,FALSE,-1,-1,-1,Jared Harper
1629608,Dewan,Hernandez,12/9/1996,Miami (FL),USA,82,235,FALSE,TRUE,TRUE,2019,2,59,Dewan Hernandez
1629609,Amir,Hinton,,,,,,,,,,,,Amir Hinton
1629610,DaQuan,Jeffries,,,,,,FALSE,TRUE,FALSE,,,,DaQuan Jeffries
1629612,Luke,Maye,,,,,,,,,,,,Luke Maye
1629615,James,Palmer Jr.,,,,,,,,,,,,James Palmer Jr.
1629616,Josh,Perkins,,,,,,,,,,,,Josh Perkins
1629617,Reggie,Perry,3/21/2000,Changwon LG Sakers (Korea),USA,80,250,FALSE,TRUE,TRUE,2020,2,57,Reggie Perry
1629619,Myles,Powell,7/7/1997,Seton Hall,USA,74,195,TRUE,FALSE,FALSE,-1,-1,-1,Myles Powell
1629620,Justin,Robinson,10/12/1997,Virginia Tech,USA,73,195,TRUE,FALSE,FALSE,2019,,,Justin Robinson
1629621,Marial,Shayok,7/26/1995,Iowa State,Canada,77,198,TRUE,TRUE,FALSE,2019,2,54,Marial Shayok
1629623,Lindell,Wigginton,3/28/1998,Iowa State,Canada,73,189,TRUE,FALSE,FALSE,2019,,,Lindell Wigginton
1629624,Kenny,Wooten,4/17/1998,Oregon,USA,80,235,FALSE,TRUE,FALSE,-1,-1,-1,Kenny Wooten
1629625,Justin,Wright-Foreman,10/27/1997,Hofstra,USA,72,190,TRUE,FALSE,FALSE,2019,2,53,Justin Wright-Foreman
1629626,Bol,Bol,11/16/1999,,,,,FALSE,TRUE,FALSE,,,,Bol Bol
1629629,Cam,Reddish,9/1/1999,,,,,,,,,,,Cam Reddish
1629633,Jarrett,Culver,2/20/1999,Texas Tech,USA,78,195,TRUE,TRUE,FALSE,2019,1,6,Jarrett Culver
1629635,Sekou,Doumbouya,12/23/2000,Limoges,France,81,230,FALSE,TRUE,FALSE,2019,1,15,Sekou Doumbouya
1629641,Romeo,Langford,10/25/1999,Indiana,USA,77,216,TRUE,TRUE,FALSE,2019,1,14,Romeo Langford
1629642,Nassir,Little,2/11/2000,North Carolina,USA,77,220,TRUE,TRUE,FALSE,2019,1,25,Nassir Little
1629643,Chuma,Okeke,8/18/1998,Auburn,USA,79,1629643,FALSE,TRUE,FALSE,2019,1,16,Chuma Okeke
1629644,KZ,Okpala,4/28/1999,Stanford,USA,80,215,TRUE,TRUE,FALSE,2019,2,32,KZ Okpala
1629647,Darius,Bazley,6/12/2000,Princeton HS (OH),USA,81,216,FALSE,TRUE,FALSE,2019,1,23,Darius Bazley
1629648,Jordan,Bone,11/5/1997,Tennessee,USA,74,180,TRUE,FALSE,FALSE,2019,2,57,Jordan Bone
1629649,Ignas,Brazdeikis,1/8/1999,Michigan,Canada,78,221,FALSE,TRUE,FALSE,2019,2,47,Ignas Brazdeikis
1629650,Moses,Brown,10/13/1999,UCLA,USA,86,245,FALSE,FALSE,TRUE,-1,-1,-1,Moses Brown
1629653,Devon,Dotson,8/2/1999,Kansas,USA,73,185,TRUE,FALSE,FALSE,-1,-1,-1,Devon Dotson
1629657,Kyle,Guy,8/11/1997,Virginia,USA,73,1629657,FALSE,FALSE,FALSE,2019,2,55,Kyle Guy
1629658,Jaylen,Hoard,3/30/1999,Wake Forest,France,80,216,FALSE,TRUE,FALSE,-1,-1,-1,Jaylen Hoard
1629662,Mfiondu,Kabengele,8/14/1997,Florida State,Canada,82,1629662,FALSE,FALSE,TRUE,2019,1,27,Mfiondu Kabengele
1629663,Louis,King,4/6/1999,Oregon,USA,79,205,FALSE,TRUE,FALSE,-1,-1,-1,Louis King
1629664,Dedric,Lawson,,,,,,,,,,,,Dedric Lawson
1629665,Jalen,Lecque,6/13/2000,Brewster Academy (NH),USA,76,185,TRUE,FALSE,FALSE,-1,-1,-1,Jalen Lecque
1629666,Charles,Matthews,11/15/1996,Michigan,USA,,1629666,FALSE,FALSE,FALSE,-22,-22,-22,Charles Matthews
1629668,Zach,Norvell Jr.,12/9/1997,Gonzaga,USA,77,1629668,FALSE,FALSE,FALSE,-22,-22,-22,Zach Norvell Jr.
1629669,Jaylen,Nowell,7/9/1999,Washington,USA,76,201,TRUE,FALSE,FALSE,2019,2,43,Jaylen Nowell
1629670,Jordan,Nwora,9/9/1998,Louisville,USA,81,225,FALSE,TRUE,FALSE,2020,2,45,Jordan Nwora
1629671,Miye,Oni,8/4/1997,Yale,USA,77,206,TRUE,TRUE,FALSE,2019,2,58,Miye Oni
1629672,Eric,Paschall,11/4/1996,Villanova,USA,78,255,FALSE,TRUE,FALSE,2019,2,41,Eric Paschall
1629676,Isaiah,Roby,2/3/1998,Nebraska,USA,80,230,FALSE,TRUE,FALSE,2019,2,45,Isaiah Roby
1629677,Luka,Samanic,1/9/2000,Union Olimpija,Croatia,82,227,FALSE,TRUE,FALSE,2019,1,19,Luka Samanic
1629678,Admiral,Schofield,3/30/1997,Tennessee,United Kingdom,77,241,FALSE,TRUE,FALSE,2019,2,42,Admiral Schofield
1629679,Simisola,Shittu,11/7/1999,Vanderbilt,Canada,,1629679,FALSE,FALSE,FALSE,-22,-22,-22,Simisola Shittu
1629681,Killian,Tillie,3/5/1998,Gonzaga,France,81,1629681,FALSE,TRUE,TRUE,-22,-22,-22,Killian Tillie
1629682,Tremont,Waters,1/10/1998,Louisiana State,USA,70,175,TRUE,FALSE,FALSE,2019,2,51,Tremont Waters
1629683,Quinndary,Weatherspoon,9/10/1996,Mississippi State,USA,75,1629683,TRUE,FALSE,FALSE,2019,2,49,Quinndary Weatherspoon
1629685,Dylan,Windler,9/22/1996,Belmont,USA,79,196,TRUE,TRUE,FALSE,2019,1,26,Dylan Windler
1629686,Deividas,Sirvydis,6/10/2000,Lietuvos rytas Vilnius,Lithuania,80,190,TRUE,TRUE,FALSE,2019,2,37,Deividas Sirvydis
1629689,Aric,Holman,7/11/1997,Mississippi State,USA,,1629689,FALSE,FALSE,FALSE,-22,-22,-22,Aric Holman
1629690,Adam,Mokoka,7/18/1998,Mega Basket,France,76,190,TRUE,FALSE,FALSE,-1,-1,-1,Adam Mokoka
1629700,Kaleb,Wesson,7/27/1999,Ohio State,USA,,1629700,FALSE,FALSE,FALSE,-22,-22,-22,Kaleb Wesson
1629712,Didi,Louzada,7/2/1999,,Brazil,77,188,TRUE,FALSE,FALSE,2019,2,35,Didi Louzada
1629713,Justin,James,1/24/1997,Wyoming,USA,79,190,TRUE,TRUE,FALSE,2019,2,40,Justin James
1629714,Jarrell,Brantley,6/7/1996,College of Charleston,USA,77,250,FALSE,TRUE,FALSE,2019,2,50,Jarrell Brantley
1629715,Javon,Bess,,,,,,,,,,,,Javon Bess
1629717,Armoni,Brooks,6/5/1998,Houston,USA,75,195,TRUE,FALSE,FALSE,2019,,,Armoni Brooks
1629718,Charlie,Brown Jr.,2/2/1997,St. Joseph's (PA),USA,78,199,TRUE,FALSE,FALSE,-1,-1,-1,Charlie Brown Jr.
1629719,Devontae,Cacok,10/8/1996,UNC-Wilmington,USA,79,240,FALSE,TRUE,FALSE,-1,-1,-1,Devontae Cacok
1629721,JaKeenan,Gant,,,,,,,,,,,,JaKeenan Gant
1629722,V.J.,King,,,,,,,,,,,,V.J. King
1629724,Vic,Law,12/19/1995,Northwestern,USA,79,201,FALSE,TRUE,FALSE,-1,-1,-1,Vic Law
1629725,Jeremiah,Martin,6/19/1996,Memphis,USA,74,185,TRUE,FALSE,FALSE,-1,-1,-1,Jeremiah Martin
1629729,Josh,Reaves,6/4/1997,Penn State,USA,76,1629729,TRUE,TRUE,FALSE,-22,-22,-22,Josh Reaves
1629730,Rayjon,Tucker,9/24/1997,Arkansas-Little Rock,USA,75,209,TRUE,FALSE,FALSE,-1,-1,-1,Rayjon Tucker
1629734,Kyle,Alexander,10/21/1996,Tennessee,Canada,82,216,FALSE,TRUE,TRUE,-1,-1,-1,Kyle Alexander
1629735,Chris,Silva,9/19/1996,South Carolina,Gabon,80,1629735,FALSE,FALSE,FALSE,-22,-22,-22,Chris Silva
1629738,Vincent,Poirier,10/17/1993,Baskonia,France,84,235,FALSE,TRUE,TRUE,-1,-1,-1,Vincent Poirier
1629739,William,Howard,10/25/1993,Limoges,France,80,207,TRUE,TRUE,FALSE,-1,-1,-1,William Howard
1629740,Nicolo,Melli,1/26/1991,,Italy,81,236,FALSE,TRUE,FALSE,-1,-1,-1,Nicolo Melli
1629741,Marko,Guduric,3/8/1995,Fenerbahce,Serbia,78,1629741,TRUE,FALSE,FALSE,-22,-22,-22,Marko Guduric
1629742,Stanton,Kidd,3/18/1992,Colorado State,USA,78,216,FALSE,TRUE,FALSE,-1,-1,-1,Stanton Kidd
1629743,Donta,Hall,8/7/1997,Alabama,USA,82,230,FALSE,FALSE,TRUE,-1,-1,-1,Donta Hall
1629744,Matt,Thomas,8/4/1994,Iowa State,USA,75,190,TRUE,FALSE,FALSE,-1,-1,-1,Matt Thomas
1629745,Tariq,Owens,6/30/1995,Texas Tech,USA,82,1629745,FALSE,TRUE,FALSE,-22,-22,-22,Tariq Owens
1629746,Christ,Koumadje,,,,,,,,,,,,Christ Koumadje
1629747,CJ,Massinburg,,,,,,,,,,,,CJ Massinburg
1629749,David,Kramer,,,,,,,,,,,,David Kramer
1629751,Dakota,Mathias,7/11/1995,Purdue,USA,76,200,TRUE,FALSE,FALSE,2018,,,Dakota Mathias
1629752,Juwan,Morgan,4/17/1997,Indiana,USA,79,232,FALSE,TRUE,FALSE,-1,-1,-1,Juwan Morgan
1629753,Isaiah,Pineiro,,,,,,,,,,,,Isaiah Pineiro
1629755,Hassani,Gravett,7/16/1996,South Carolina,USA,74,187,TRUE,FALSE,FALSE,2019,,,Hassani Gravett
1629756,Daulton,Hommes,7/4/1996,Point Loma,USA,,1629756,FALSE,FALSE,FALSE,-22,-22,-22,Daulton Hommes
1629759,Ahmed,Hill,,,,,,,,,,,,Ahmed Hill
1629760,Matt,Mooney,2/7/1995,Texas Tech,USA,74,199,TRUE,FALSE,FALSE,-1,-1,-1,Matt Mooney
1629777,Lamar,Peters,,,,,,,,,,,,Lamar Peters
1629779,Justin,Simon,,,,,,,,,,,,Justin Simon
1629783,Shaq,Buchanan,1/30/1997,Murray State,USA,75,190,TRUE,FALSE,FALSE,-1,-1,-1,Shaq Buchanan
1629786,John,Egbunu,,,,,,,,,,,,John Egbunu
1629788,Tyler,Hall,3/25/1997,Montana State,USA,77,209,TRUE,FALSE,FALSE,-1,-1,-1,Tyler Hall
1629800,Kavion,Pippen,,,,,,,,,,,,Kavion Pippen
1629806,B.J.,Taylor,,,,,,,,,,,,B.J. Taylor
1629818,Jordan,Murphy,,,,,,,,,,,,Jordan Murphy
1629819,Yudai,Baba,,,,,,,,,,,,Yudai Baba
1629824,Jalen,Adams,,,,,,,,,,,,Jalen Adams
1629825,Perrion,Callandret,,,,,,,,,,,,Perrion Callandret
1629826,Norense,Odiase,,,,,,,,,,,,Norense Odiase
1629833,Keljin,Blevins,11/24/1995,Montana State,USA,76,200,TRUE,FALSE,FALSE,2019,,,Keljin Blevins
1629860,Jon,Davis,,,,,,,,,,,,Jon Davis
1629873,Jaysean,Paige,7/30/1994,West Virginia,USA,74,200,TRUE,FALSE,FALSE,-1,-1,-1,Jaysean Paige
1629875,Xavier,Moon,1/2/1995,Morehead State,USA,72,165,TRUE,FALSE,FALSE,-1,-1,-1,Xavier Moon
1629956,Barry,Brown Jr.,,,,,,,,,,,,Barry Brown Jr.
1629958,Ahmad,Caver,9/12/1996,Old Dominion,USA,74,174,TRUE,FALSE,FALSE,2019,,,Ahmad Caver
1629962,Devin,Cannady,5/21/1996,Princeton,USA,74,183,TRUE,FALSE,FALSE,2019,,,Devin Cannady
1629967,Skyler,Flatten,,,,,,,,,,,,Skyler Flatten
1630176,Vernon,Carey Jr.,2/25/2001,Duke,USA,82,270,FALSE,FALSE,TRUE,2020,2,32,Vernon Carey Jr.
1630177,Theo,Maledon,6/12/2001,Asvel,France,77,175,TRUE,FALSE,FALSE,2020,2,34,Theo Maledon
1630179,Tyrell,Terry,9/28/2000,Stanford,USA,74,160,TRUE,FALSE,FALSE,2020,2,31,Tyrell Terry
1630181,R.J.,Hampton,2/7/2001,,USA,76,175,TRUE,FALSE,FALSE,2020,1,24,R.J. Hampton
1630184,Kira,Lewis Jr.,4/6/2001,Alabama,USA,73,1630184,TRUE,FALSE,FALSE,2020,1,13,Kira Lewis Jr.
1630185,Nico,Mannion,3/14/2001,Arizona,Italy,74,190,TRUE,FALSE,FALSE,2020,2,48,Nico Mannion
1630186,Jahmi'us,Ramsey,6/9/2001,Texas Tech,USA,75,190,TRUE,FALSE,FALSE,2020,2,43,Jahmi'us Ramsey
1630187,Daniel,Oturu,9/20/1999,Minnesota,USA,80,240,FALSE,FALSE,TRUE,2020,2,33,Daniel Oturu
1630189,Tyler,Bey,2/10/1998,Colorado,USA,79,215,FALSE,TRUE,FALSE,2020,2,36,Tyler Bey
1630190,Elijah,Hughes,3/10/1998,Syracuse,USA,77,1630190,TRUE,FALSE,FALSE,2020,2,39,Elijah Hughes
1630195,Leandro,Bolmaro,9/11/2000,,Argentina,78,200,FALSE,TRUE,FALSE,2020,1,23,Leandro Bolmaro
1630196,Filip,Petrusev,4/15/2000,Gonzaga,Serbia,83,1630196,FALSE,FALSE,FALSE,2021,2,50,Filip Petrusev
1630197,Aleksej,Pokusevski,12/26/2001,Olympiacos,Serbia,84,210,FALSE,TRUE,FALSE,2020,1,17,Aleksej Pokusevski
1630199,Cassius,Stanley,8/18/1999,Duke,USA,77,190,TRUE,FALSE,FALSE,2020,2,54,Cassius Stanley
1630201,Malachi,Flynn,5/9/1998,San Diego State,USA,73,1630201,TRUE,FALSE,FALSE,2020,1,29,Malachi Flynn
1630203,Grant,Riller,2/8/1997,College of Charleston,USA,74,190,TRUE,FALSE,FALSE,2020,2,56,Grant Riller
1630204,Ashton,Hagans,7/8/1999,Kentucky,USA,75,190,TRUE,TRUE,FALSE,-1,-1,-1,Ashton Hagans
1630205,Lamar,Stevens,7/9/1997,Penn State,USA,78,230,FALSE,TRUE,FALSE,-1,-1,-1,Lamar Stevens
1630206,Jay,Scrubb,9/1/2000,John A. Logan,USA,77,1630206,FALSE,FALSE,FALSE,2020,2,55,Jay Scrubb
1630207,Nate,Hinton,6/8/1999,Houston,USA,77,1630207,TRUE,TRUE,FALSE,-22,-22,-22,Nate Hinton
1630209,Omer,Yurtseven,6/19/1998,Georgetown,Turkey,83,275,FALSE,FALSE,TRUE,-1,-1,-1,Omer Yurtseven
1630210,Markus,Howard,3/3/1999,Marquette,USA,70,175,TRUE,FALSE,FALSE,-1,-1,-1,Markus Howard
1630211,Karim,Mane,5/16/2000,,Senegal,75,190,TRUE,FALSE,FALSE,-1,-1,-1,Karim Mane
1630213,Yoeli,Childs,1/13/1998,Brigham Young,USA,,1630213,FALSE,FALSE,FALSE,-22,-22,-22,Yoeli Childs
1630216,Cassius,Winston,2/28/1998,Michigan State,USA,73,185,TRUE,FALSE,FALSE,2020,2,53,Cassius Winston
1630218,Robert,Woodard II,9/22/1999,Mississippi State,USA,78,235,FALSE,TRUE,FALSE,2020,2,40,Robert Woodard II
1630219,Skylar,Mays,,,,,,,,,,,,Skylar Mays
1630220,Paul,Eboua,2/15/2000,VL Pesaro,Cameroon,,1630220,FALSE,FALSE,FALSE,-22,-22,-22,Paul Eboua
1630221,Josh,Hall,10/8/2000,,USA,81,190,FALSE,TRUE,FALSE,-1,-1,-1,Josh Hall
1630222,Mason,Jones,,,,,,,,,,,,Mason Jones
1630223,Jalen,Harris,8/14/1998,Nevada,USA,77,195,TRUE,FALSE,FALSE,2020,2,59,Jalen Harris
1630225,Isaiah,Todd,10/17/2001,NBA G League Ignite,USA,81,219,FALSE,TRUE,FALSE,2021,2,31,Isaiah Todd
1630227,Daishen,Nix,,,,,,,,,,,,Daishen Nix
1630231,Kenyon,Martin Jr.,1/6/2001,IMG Academy (FL),USA,79,215,FALSE,TRUE,FALSE,2020,2,52,Kenyon Martin Jr.
1630232,Kahlil,Whitney,1/8/2001,Kentucky,USA,,1630232,FALSE,FALSE,FALSE,-22,-22,-22,Kahlil Whitney
1630233,Nathan,Knight,9/20/1997,William & Mary,USA,80,1630233,FALSE,TRUE,TRUE,-22,-22,-22,Nathan Knight
1630234,Ty-Shon,Alexander,7/16/1998,Creighton,USA,75,195,TRUE,FALSE,FALSE,-1,-1,-1,Ty-Shon Alexander
1630235,Trent,Forrest,6/12/1998,Florida State,USA,76,210,TRUE,FALSE,FALSE,-1,-1,-1,Trent Forrest
1630237,Anthony,Lamb,1/20/1998,Vermont,USA,78,227,FALSE,TRUE,FALSE,-1,-1,-1,Anthony Lamb
1630238,Malik,Fitts,7/4/1997,,USA,77,230,FALSE,TRUE,FALSE,-1,-1,-1,Malik Fitts
1630240,Saben,Lee,6/23/1999,Vanderbilt,USA,74,183,TRUE,FALSE,FALSE,2020,2,38,Saben Lee
1630243,Trevelin,Queen,,,,,,,,,,,,Trevelin Queen
1630247,Derrick,Alston Jr.,9/17/1997,Boise State,USA,,1630247,FALSE,FALSE,FALSE,-22,-22,-22,Derrick Alston Jr.
1630248,Sacha,Killeya-Jones,8/10/1998,North Carolina State,USA,,1630248,FALSE,FALSE,FALSE,-22,-22,-22,Sacha Killeya-Jones
1630249,Vit,Krejci,,,,,,FALSE,FALSE,FALSE,,,,Vit Krejci
1630250,Marko,Simonovic,10/15/1999,Mega Basket,Montenegro,84,220,FALSE,FALSE,TRUE,2020,2,44,Marko Simonovic
1630253,Sean,McDermott,11/3/1996,Butler,USA,78,195,FALSE,TRUE,FALSE,-1,-1,-1,Sean McDermott
1630254,Breein,Tyree,1/13/1998,Mississippi,USA,,1630254,FALSE,FALSE,FALSE,-22,-22,-22,Breein Tyree
1630255,Jake,Toolson,3/6/1996,Brigham Young,USA,,1630255,FALSE,FALSE,FALSE,-22,-22,-22,Jake Toolson
1630257,Jon,Teske,5/4/1997,Michigan,USA,85,265,FALSE,FALSE,TRUE,-1,-1,-1,Jon Teske
1630258,Caleb,Homesley,11/27/1996,Liberty,USA,78,205,TRUE,FALSE,FALSE,-1,-1,-1,Caleb Homesley
1630259,Jordan,Ford,5/26/1998,St. Mary's College,USA,73,1630259,TRUE,FALSE,FALSE,-22,-22,-22,Jordan Ford
1630260,Marlon,Taylor,8/16/1997,Louisiana State,USA,,1630260,FALSE,FALSE,FALSE,-22,-22,-22,Marlon Taylor
1630261,Jahlil,Tripp,9/22/1997,Pacific,USA,,1630261,FALSE,FALSE,FALSE,-22,-22,-22,Jahlil Tripp
1630262,Rayshaun,Hammonds,11/10/1998,Georgia,USA,,1630262,FALSE,FALSE,FALSE,-22,-22,-22,Rayshaun Hammonds
1630263,Dwayne,Sutton,2/26/1997,Louisville,USA,,1630263,FALSE,FALSE,FALSE,-22,-22,-22,Dwayne Sutton
1630265,Romaro,Gill,10/2/1994,Seton Hall,Jamaica,,1630265,FALSE,FALSE,FALSE,-22,-22,-22,Romaro Gill
1630266,Will,Magnay,6/10/1998,,Australia,82,234,FALSE,FALSE,TRUE,-1,-1,-1,Will Magnay
1630267,Facundo,Campazzo,3/23/1991,,Argentina,70,195,TRUE,FALSE,FALSE,-1,-1,-1,Facundo Campazzo
1630268,Nate,Darling,,,,,,,,,,,,Nate Darling
1630269,Keandre,Cook,5/1/1997,Missouri State,USA,,1630269,FALSE,FALSE,FALSE,-22,-22,-22,Keandre Cook
1630270,Xavier,Sneed,12/21/1997,Kansas State,USA,77,215,FALSE,TRUE,FALSE,-1,-1,-1,Xavier Sneed
1630271,Brodric,Thomas,1/28/1997,Truman State,USA,77,1630271,TRUE,FALSE,FALSE,-22,-22,-22,Brodric Thomas
1630272,EJ,Montgomery,9/12/1999,Kentucky,USA,,1630272,FALSE,FALSE,FALSE,-22,-22,-22,EJ Montgomery
1630273,Freddie,Gillespie,6/14/1997,Baylor,USA,81,245,FALSE,FALSE,TRUE,-1,-1,-1,Freddie Gillespie
1630275,Jordan,Bowden,1/20/1997,Tennessee,USA,,1630275,FALSE,FALSE,FALSE,-22,-22,-22,Jordan Bowden
1630278,Ade,Murkey,1/29/1998,Denver,USA,77,200,TRUE,FALSE,FALSE,-1,-1,-1,Ade Murkey
1630283,Kylor,Kelley,,,,,,FALSE,FALSE,TRUE,,,,Kylor Kelley
1630284,Kevon,Harris,6/24/1997,Stephen F. Austin,USA,78,216,TRUE,FALSE,FALSE,-1,-1,-1,Kevon Harris
1630285,Zavier,Simpson,2/11/1997,Michigan,USA,72,1630285,FALSE,FALSE,FALSE,-22,-22,-22,Zavier Simpson
1630286,Tre,Scott,11/25/1996,Cincinnati,USA,80,1630286,FALSE,FALSE,FALSE,-22,-22,-22,Tre Scott
1630288,Jeff,Dowtin Jr.,,,,,,TRUE,FALSE,FALSE,,,,Jeff Dowtin Jr.
1630296,Braxton,Key,2/14/1997,Virginia,USA,80,225,FALSE,TRUE,FALSE,-1,-1,-1,Braxton Key
1630306,Rob,Edwards,1/20/1997,Arizona State,USA,77,205,TRUE,FALSE,FALSE,-1,-1,-1,Rob Edwards
1630311,Pat,Spencer,,,,,,,,,,,,Pat Spencer
1630321,Nate,Pierre-Louis,12/23/1998,Temple,USA,,,,,,-1,-1,-1,Nate Pierre-Louis
1630342,Trhae,Mitchell,8/19/1997,South Alabama,USA,,1630342,FALSE,FALSE,FALSE,-22,-22,-22,Trhae Mitchell
1630466,Gabriel,Deck,2/8/1995,Real Madrid,Argentina,78,231,FALSE,TRUE,FALSE,-1,-1,-1,Gabriel Deck
1630492,Luca,Vildoza,8/11/1995,Baskonia,Argentina,75,190,TRUE,FALSE,FALSE,-1,-1,-1,Luca Vildoza
1630525,David,Johnson,2/26/2001,Louisville,USA,76,1630525,TRUE,FALSE,FALSE,2021,2,47,David Johnson
1630527,Brandon,Boston Jr.,11/28/2001,Kentucky,USA,78,188,TRUE,FALSE,FALSE,2021,2,51,Brandon Boston Jr.
1630528,Josh,Christopher,,,,,,,,,,,,Josh Christopher
1630535,Greg,Brown III,9/1/2001,Texas,USA,79,206,FALSE,TRUE,FALSE,2021,2,43,Greg Brown III
1630536,Sharife,Cooper,6/11/2001,Auburn,USA,73,176,TRUE,FALSE,FALSE,2021,2,48,Sharife Cooper
1630537,Chris,Duarte,6/13/1997,Oren,Dominican Republic,77,190,TRUE,FALSE,FALSE,2021,1,13,Chris Duarte
1630538,Bones,Hyland,,,,,,,,,,,,Bones Hyland
1630539,Kai,Jones,,,,,,FALSE,FALSE,TRUE,,,,Kai Jones
1630542,Marcus,Bagley,,,,,,FALSE,TRUE,FALSE,,,,Marcus Bagley
1630544,Tre,Mann,2/3/2001,Florida,USA,75,178,TRUE,FALSE,FALSE,2021,1,18,Tre Mann
1630546,Max,Abmas,,,,,,,,,,,,Max Abmas
1630547,James,Bouknight,9/18/2000,Connecticut,USA,76,1630547,FALSE,FALSE,FALSE,2021,1,11,James Bouknight
1630550,JT,Thor,,,,,,,,,,,,JT Thor
1630553,Keon,Johnson,,,,,,FALSE,FALSE,FALSE,,,,Keon Johnson
1630554,Jason,Preston,,,,,,,,,,,,Jason Preston
1630555,Joel,Ayayi,3/5/2000,Gonzaga,France,76,180,TRUE,FALSE,FALSE,-1,-1,-1,Joel Ayayi
1630556,Kessler,Edwards,,,,,,FALSE,TRUE,FALSE,,,,Kessler Edwards
1630561,David,Duke Jr.,10/13/1999,Providence,USA,76,204,TRUE,FALSE,FALSE,-1,-1,-1,David Duke Jr.
1630562,Matthew,Hurt,4/20/2000,Duke,USA,,,,,,-1,-1,-1,Matthew Hurt
1630563,Joshua,Primo,12/24/2002,Alabama,Canada,78,189,TRUE,FALSE,FALSE,2021,1,12,Joshua Primo
1630564,RaiQuan,Gray,7/7/1999,Florida State,USA,79,269,FALSE,TRUE,FALSE,2021,2,59,RaiQuan Gray
1630565,Aaron,Henry,8/30/1999,Michigan State,USA,77,210,FALSE,TRUE,FALSE,-1,-1,-1,Aaron Henry
1630566,John,Petty Jr.,12/2/1998,Alabama,USA,,1630566,FALSE,FALSE,FALSE,-22,-22,-22,John Petty Jr.
1630569,DJ,Steward,10/2/2001,Duke,USA,,1630569,FALSE,FALSE,FALSE,-22,-22,-22,DJ Steward
1630571,Matthew,Mayer,9/23/1999,Illinois,USA,,1630571,FALSE,FALSE,FALSE,-22,-22,-22,Matthew Mayer
1630574,Ariel,Hukporti,4/12/2002,MHP Riesen,Germany,83,1630574,FALSE,FALSE,TRUE,2024,2,58,Ariel Hukporti
1630575,Scottie,Lewis,3/12/2000,Florida,USA,77,185,TRUE,FALSE,FALSE,2021,2,56,Scottie Lewis
1630578,Alperen,Sengun,7/25/2002,,,,,FALSE,FALSE,FALSE,,,,Alperen Sengun
1630580,Joe,Wieskamp,8/23/1999,Iowa,USA,78,205,TRUE,TRUE,FALSE,2021,2,41,Joe Wieskamp
1630582,Yves,Pons,5/7/1999,Tennessee,France,77,206,FALSE,TRUE,FALSE,-1,-1,-1,Yves Pons
1630585,Marcus,Garrett,11/9/1998,Kansas,USA,77,205,TRUE,FALSE,FALSE,-1,-1,-1,Marcus Garrett
1630586,Usman,Garuba,3/9/2002,Real Madrid,Spain,80,229,FALSE,TRUE,FALSE,2021,1,23,Usman Garuba
1630587,Isaiah,Livers,7/28/1998,Michigan,USA,78,232,FALSE,TRUE,FALSE,2021,2,42,Isaiah Livers
1630588,Makur,Maker,11/4/2000,Capital City Go-Go,South Sudan,,,,,,-1,-1,-1,Makur Maker
1630589,Moses,Wright,12/23/1998,Georgia Tech,USA,80,226,FALSE,TRUE,FALSE,-1,-1,-1,Moses Wright
1630593,McKinley,Wright IV,10/25/1998,Colorado,USA,71,192,TRUE,FALSE,FALSE,-1,-1,-1,McKinley Wright IV
1630597,DJ,Stewart,7/28/1999,Mississippi State,USA,77,205,TRUE,FALSE,FALSE,-1,-1,-1,DJ Stewart
1630600,Isaiah,Mobley,9/24/1999,Southern California,USA,80,238,FALSE,TRUE,FALSE,2022,2,49,Isaiah Mobley
1630601,EJ,Onu,7/31/1999,Shawnee State,USA,,1630601,FALSE,FALSE,FALSE,-22,-22,-22,EJ Onu
1630602,Chaundee,Brown,12/4/1998,Michigan State,USA,77,215,FALSE,TRUE,FALSE,-1,-1,-1,Chaundee Brown
1630603,Aamir,Simms,2/17/1999,Clemson,USA,,1630603,FALSE,FALSE,FALSE,-22,-22,-22,Aamir Simms
1630604,E.J.,Liddell,12/18/2000,Ohio State,USA,78,1630604,FALSE,TRUE,FALSE,2022,2,41,E.J. Liddell
1630605,JaQuori,McLaughlin,1/29/1998,California-Santa Barbara,USA,76,1630605,FALSE,FALSE,FALSE,-22,-22,-22,JaQuori McLaughlin
1630606,Javonte,Smart,6/3/1999,Birmingham Squadron,USA,76,205,TRUE,FALSE,FALSE,-1,-1,-1,Javonte Smart
1630607,Chris,Smith,12/24/1999,UCLA,USA,,1630607,FALSE,FALSE,FALSE,-22,-22,-22,Chris Smith
1630608,Malcolm,Cazalon,8/27/2001,Mega Basket,France,78,1630608,FALSE,FALSE,FALSE,-22,-22,-22,Malcolm Cazalon
1630610,DeJon,Jarreau,1/23/1998,Houston,USA,77,185,TRUE,FALSE,FALSE,-1,-1,-1,DeJon Jarreau
1630612,RJ,Nembhard Jr.,3/22/1999,Texas Christian,USA,76,200,TRUE,FALSE,FALSE,-1,-1,-1,RJ Nembhard Jr.
1630613,Duane,Washington Jr.,3/24/2000,Ohio State,Germany,74,197,TRUE,FALSE,FALSE,-1,-1,-1,Duane Washington Jr.
1630617,MaCio,Teague,6/11/1997,Baylor,USA,,1630617,FALSE,FALSE,FALSE,-22,-22,-22,MaCio Teague
1630618,D.J.,Carton,8/5/2000,Marquette,USA,75,1630618,FALSE,FALSE,FALSE,-22,-22,-22,D.J. Carton
1630620,Darius,Days,10/20/1999,Louisiana State,USA,79,245,FALSE,TRUE,FALSE,-1,-1,-1,Darius Days
1630622,Jalen,Crutcher,7/18/1999,University of Dayton,USA,,,,,,-1,-1,-1,Jalen Crutcher
1630623,Tyson,Etienne,9/17/1999,Wichita State,USA,,1630623,FALSE,FALSE,FALSE,-22,-22,-22,Tyson Etienne
1630624,Feron,Hunt,7/5/1999,Southern Methodist,USA,80,195,FALSE,TRUE,FALSE,-1,-1,-1,Feron Hunt
1630625,Dalano,Banton,11/7/1999,,,,,TRUE,FALSE,FALSE,,,,Dalano Banton
1630627,Isaiah,Miller,11/9/1997,North Carolina-Greensboro,USA,,,,,,-1,-1,-1,Isaiah Miller
1630637,Carlik,Jones,12/23/1997,Louisville,USA,72,174,TRUE,FALSE,FALSE,-1,-1,-1,Carlik Jones
1630639,A.J.,Lawson,7/15/2000,South Carolina,Canada,78,179,TRUE,FALSE,FALSE,-1,-1,-1,A.J. Lawson
1630640,MJ,Walker,3/28/1998,Florida State,USA,77,213,TRUE,FALSE,FALSE,-1,-1,-1,MJ Walker
1630641,Ibou,Badji,10/13/2002,FC Barcelona,Senegal,84,1630641,FALSE,FALSE,TRUE,-22,-22,-22,Ibou Badji
1630642,Mitch,Ballock,7/2/1998,Creighton,USA,,1630642,FALSE,FALSE,FALSE,-22,-22,-22,Mitch Ballock
1630644,Mac,McClung,1/6/1999,Texas Tech,USA,74,1630644,TRUE,FALSE,FALSE,-22,-22,-22,Mac McClung
1630645,Matt,Coleman III,1/22/1998,Texas,USA,,1630645,FALSE,FALSE,FALSE,-22,-22,-22,Matt Coleman III
1630647,Eugene,Omoruyi,,,,,,,,,,,,Eugene Omoruyi
1630648,Jordan,Schakel,6/13/1998,San Diego State,USA,78,200,TRUE,FALSE,FALSE,-1,-1,-1,Jordan Schakel
1630649,Stanley,Umude,,,,,,,,,,,,Stanley Umude
1630651,Romeo,Weems,6/9/2001,DePaul,USA,,1630651,FALSE,FALSE,FALSE,-22,-22,-22,Romeo Weems
1630652,Trevion,Williams,9/16/2000,Purdue,USA,,1630652,FALSE,FALSE,FALSE,-22,-22,-22,Trevion Williams
1630654,Armando,Bacot,3/6/2000,North Carolina,USA,,1630654,FALSE,FALSE,FALSE,-22,-22,-22,Armando Bacot
1630660,Kendric,Davis,5/14/1999,Memphis,USA,,1630660,FALSE,FALSE,FALSE,-22,-22,-22,Kendric Davis
1630665,Matt,Lewis,12/21/1998,James Madison,USA,,1630665,FALSE,FALSE,FALSE,-22,-22,-22,Matt Lewis
1630672,Brandon,Rachal,9/30/1999,Tulsa,USA,,1630672,FALSE,FALSE,FALSE,-22,-22,-22,Brandon Rachal
1630675,Devontae,Shuler,2/9/1998,Mississippi,USA,,1630675,FALSE,FALSE,FALSE,-22,-22,-22,Devontae Shuler
1630678,Terry,Taylor,9/23/1999,Austin Peay,USA,76,230,FALSE,TRUE,FALSE,-1,-1,-1,Terry Taylor
1630679,Ethan,Thompson,5/4/1999,Oregon State,Puerto Rico,,1630679,FALSE,FALSE,FALSE,-22,-22,-22,Ethan Thompson
1630686,Georgios,Kalaitzakis,1/2/1999,Panathinaikos,Greece,79,192,FALSE,TRUE,FALSE,2021,2,60,Georgios Kalaitzakis
1630688,Ish,Wainright,9/12/1994,Baylor,USA,77,250,FALSE,TRUE,FALSE,-1,-1,-1,Ish Wainright
1630691,Jamorko,Pickett,12/24/1997,Georgetown,USA,81,206,FALSE,TRUE,FALSE,-1,-1,-1,Jamorko Pickett
1630693,Jaime,Echenique,4/27/1997,Wichita State,Colombia,82,258,FALSE,FALSE,TRUE,-1,-1,-1,Jaime Echenique
1630695,Micah,Potter,,,,,,FALSE,TRUE,FALSE,,,,Micah Potter
1630696,Dru,Smith,12/30/1997,Missouri,USA,74,1630696,TRUE,FALSE,FALSE,-22,-22,-22,Dru Smith
1630698,Kevin,Pangos,1/26/1993,Gonzaga,Canada,73,179,TRUE,FALSE,FALSE,-1,-1,-1,Kevin Pangos
1630699,MarJon,Beauchamp,,,,,,,,,,,,MarJon Beauchamp
1630701,Michael,Foster Jr.,1/16/2003,,USA,80,250,FALSE,TRUE,FALSE,-1,-1,-1,Michael Foster Jr.
1630707,Malik,Ellison,8/17/1996,Hartford,USA,,1630707,FALSE,FALSE,FALSE,-22,-22,-22,Malik Ellison
1630733,Jordan,Tucker,4/3/1998,Butler,USA,,1630733,FALSE,FALSE,FALSE,-22,-22,-22,Jordan Tucker
1630758,Aleem,Ford,12/22/1997,LeonesdePonce,USA,80,220,FALSE,TRUE,FALSE,-1,-1,-1,Aleem Ford
1630762,Phillip,Wheeler,,,,,,,,,,,,Phillip Wheeler
1630777,Jeremiah,Tilmon,11/25/1998,Missouri,USA,,1630777,FALSE,FALSE,FALSE,-22,-22,-22,Jeremiah Tilmon
1630787,Cameron,McGriff,9/30/1997,Oklahoma State,USA,79,220,FALSE,TRUE,FALSE,-1,-1,-1,Cameron McGriff
1630791,James,Banks III,1/16/1998,Georgia Tech,USA,,1630791,FALSE,FALSE,FALSE,-22,-22,-22,James Banks III
1630793,Giorgi,Bezhanishvili,6/29/1998,Illinois,Georgia,,1630793,FALSE,FALSE,FALSE,-22,-22,-22,Giorgi Bezhanishvili
1630801,Ibi,Watson,1/6/1998,Dayton,USA,,1630801,FALSE,FALSE,FALSE,-22,-22,-22,Ibi Watson
1630811,Keaton,Wallace,2/26/1999,Texas-San Antonio,USA,75,1630811,TRUE,FALSE,FALSE,-22,-22,-22,Keaton Wallace
1630835,LJ,Figueroa,3/28/1998,Oregon,USA,,1630835,FALSE,FALSE,FALSE,-22,-22,-22,LJ Figueroa
1630929,Henri,Drell,4/25/2000,Victoria Libertas,Estonia,81,1630929,FALSE,TRUE,FALSE,-22,-22,-22,Henri Drell
1630994,Gabriel,Lundberg,12/4/1994,CSKA Moscow,Denmark,76,1630994,TRUE,FALSE,FALSE,-22,-22,-22,Gabriel Lundberg
1631093,Jaden,Ivey,2/13/2002,Purdue,USA,76,195,TRUE,FALSE,FALSE,2022,1,5,Jaden Ivey
1631098,Johnny,Davis,,,,,,,,,,,,Johnny Davis
1631100,AJ,Griffin,8/25/2003,Duke,USA,78,220,FALSE,TRUE,FALSE,2022,1,16,AJ Griffin
1631102,TyTy,Washington Jr.,11/15/2001,Kentucky,USA,75,195,TRUE,FALSE,FALSE,2022,1,29,TyTy Washington Jr.
1631107,Nikola,Jovic,,,,,,,,,,,,Nikola Jovic
1631115,Orlando,Robinson,,,,,,FALSE,FALSE,TRUE,,,,Orlando Robinson
1631116,Patrick,Baldwin Jr.,11/18/2002,Wisconsin-Milwaukee,USA,81,220,FALSE,TRUE,FALSE,2022,1,28,Patrick Baldwin Jr.
1631120,JD,Davison,,,,,,,,,,,,JD Davison
1631121,Bryce,McGowens,,,,,,,,,,,,Bryce McGowens
1631122,Gabe,Brown,3/5/2000,Michigan State,USA,,,,,,-1,-1,-1,Gabe Brown
1631123,Jamaree,Bouyea,6/27/1999,San Francisco,USA,74,180,TRUE,FALSE,FALSE,-1,-1,-1,Jamaree Bouyea
1631127,Harrison,Ingram,11/27/2002,North Carolina,USA,77,1631127,FALSE,TRUE,FALSE,2024,2,48,Harrison Ingram
1631131,Oscar,Tshiebwe,,,,,,FALSE,FALSE,TRUE,,,,Oscar Tshiebwe
1631132,Christian,Koloko,,,,,,,,,,,,Christian Koloko
1631133,Jabari,Walker,,,,,,FALSE,FALSE,TRUE,,,,Jabari Walker
1631160,Jordan,Hall,1/14/2002,St. Joseph's (PA),USA,79,215,TRUE,FALSE,FALSE,-1,-1,-1,Jordan Hall
1631167,Izaiah,Brockington,7/12/1999,Iowa State,USA,76,1631167,FALSE,FALSE,FALSE,-22,-22,-22,Izaiah Brockington
1631171,Justin,Lewis,4/12/2002,Marquette,USA,79,245,FALSE,TRUE,FALSE,-1,-1,-1,Justin Lewis
1631173,Terquavion,Smith,12/31/2002,North Carolina State,USA,76,1631173,TRUE,FALSE,FALSE,-22,-22,-22,Terquavion Smith
1631205,Buddy,Boeheim,11/11/1999,Syracuse,USA,78,205,FALSE,TRUE,FALSE,-1,-1,-1,Buddy Boeheim
1631209,Isaiah,Wong,,,,,,,,,,,,Isaiah Wong
1631210,Jacob,Toppin,,,,,,,,,,,,Jacob Toppin
1631211,Trevor,Keels,8/26/2003,Duke,USA,76,221,TRUE,FALSE,FALSE,2022,2,42,Trevor Keels
1631214,Alondes,Williams,,,,,,,,,,,,Alondes Williams
1631217,Moussa,Diabate,,,,,,FALSE,FALSE,TRUE,,,,Moussa Diabate
1631219,John,Butler Jr.,12/4/2002,Florida State,USA,84,1631219,FALSE,TRUE,FALSE,-22,-22,-22,John Butler Jr.
1631220,Dereon,Seabron,5/26/2000,North Carolina State,USA,77,180,TRUE,FALSE,FALSE,-1,-1,-1,Dereon Seabron
1631230,Dominick,Barlow,,,,,,FALSE,TRUE,FALSE,,,,Dominick Barlow
1631231,James,Akinjo,11/27/2000,Baylor,USA,,1631231,FALSE,FALSE,FALSE,-22,-22,-22,James Akinjo
1631232,Keion,Brooks Jr.,8/7/2000,Washington,USA,79,1631232,FALSE,FALSE,FALSE,-22,-22,-22,Keion Brooks Jr.
1631234,Marcus,Bingham Jr.,7/14/2000,Michigan State,USA,,,,,,-1,-1,-1,Marcus Bingham Jr.
1631238,Michael,Devoe,12/17/1999,Georgia Tech,USA,,1631238,FALSE,FALSE,FALSE,-22,-22,-22,Michael Devoe
1631241,Javon,Freeman-Liberty,10/20/1999,DePaul,USA,75,1631241,TRUE,FALSE,FALSE,-22,-22,-22,Javon Freeman-Liberty
1631242,Kellan,Grady,9/11/1997,Kentucky,USA,,1631242,FALSE,FALSE,FALSE,-22,-22,-22,Kellan Grady
1631245,Quenton,Jackson,9/15/1998,Texas A&M,USA,77,1631245,TRUE,FALSE,FALSE,-22,-22,-22,Quenton Jackson
1631247,Luke,Travers,9/3/2001,Perth,Australia,79,1631247,FALSE,TRUE,FALSE,2022,2,56,Luke Travers
1631250,Pete,Nance,,,,,,FALSE,FALSE,TRUE,,,,Pete Nance
1631254,Kenneth,Lofton Jr.,8/14/2002,Louisiana Tech,USA,78,275,FALSE,TRUE,FALSE,-1,-1,-1,Kenneth Lofton Jr.
1631255,Karlo,Matkovic,,,,,,FALSE,TRUE,FALSE,,,,Karlo Matkovic
1631257,Jermaine,Samuels Jr.,11/13/1998,Villanova,USA,78,1631257,FALSE,TRUE,FALSE,-22,-22,-22,Jermaine Samuels Jr.
1631258,Bryson,Williams,4/25/1998,Texas Tech,USA,,1631258,FALSE,FALSE,FALSE,-22,-22,-22,Bryson Williams
1631260,AJ,Green,9/27/1999,Northern Iowa,USA,77,190,TRUE,FALSE,FALSE,-1,-1,-1,AJ Green
1631262,Jules,Bernard,1/21/2000,UCLA,USA,,,,,,-1,-1,-1,Jules Bernard
1631288,Jamal,Cain,,,,,,,,,,,,Jamal Cain
1631298,Jack,White,8/5/1997,Duke,Australia,79,225,FALSE,TRUE,FALSE,-1,-1,-1,Jack White
1631300,Drake,Jeffries,1/22/1999,Wyoming,USA,,,,,,-1,-1,-1,Drake Jeffries
1631301,Jaylen,Sims,12/11/1998,UNC Wilmington,USA,,,,,,-1,-1,-1,Jaylen Sims
1631303,Justin,Minaya,,,,,,,,,,,,Justin Minaya
1631306,Cole,Swider,5/8/1999,Syracuse,USA,81,220,FALSE,TRUE,FALSE,-1,-1,-1,Cole Swider
1631309,Trevor,Hudgins,3/23/1999,Northwest Missouri State,USA,72,1631309,TRUE,FALSE,FALSE,-22,-22,-22,Trevor Hudgins
1631311,Lester,Quinones,11/16/2000,Memphis,USA,76,208,TRUE,FALSE,FALSE,-1,-1,-1,Lester Quinones
1631317,Adonis,Arms,6/26/1998,Texas Tech,USA,,1631317,FALSE,FALSE,FALSE,-22,-22,-22,Adonis Arms
1631320,Chima,Moneke,12/24/1995,Cal-Davis,Nigeria,77,223,FALSE,TRUE,FALSE,-1,-1,-1,Chima Moneke
1631321,Sidy,Cissoko,,,,,,,,,,,,Sidy Cissoko
1631322,Javante,McCoy,1/24/1998,Boston University,USA,,1631322,FALSE,FALSE,FALSE,-22,-22,-22,Javante McCoy
1631339,Tommy,Kuhse,1/5/1998,St. Mary's College,USA,,1631339,FALSE,FALSE,FALSE,-22,-22,-22,Tommy Kuhse
1631342,Daeqwon,Plowden,,,,,,,,,,,,Daeqwon Plowden
1631347,Anthony,Duruji,7/22/1998,Florida,USA,,,,,,-1,-1,-1,Anthony Duruji
1631348,Isaiah,Whaley,3/26/1998,Connecticut,USA,,1631348,FALSE,FALSE,FALSE,-22,-22,-22,Isaiah Whaley
1631351,Lucas,Williamson,1/28/1999,Loyola-Chicago,USA,,1631351,FALSE,FALSE,FALSE,-22,-22,-22,Lucas Williamson
1631367,Jacob,Gilyard,7/14/1998,Richmond,USA,68,1631367,TRUE,FALSE,FALSE,-22,-22,-22,Jacob Gilyard
1631368,Justin,Bean,11/17/1996,Utah State,USA,,1631368,FALSE,FALSE,FALSE,-22,-22,-22,Justin Bean
1631371,Grant,Golden,1/15/1998,Richmond,USA,,1631371,FALSE,FALSE,FALSE,-22,-22,-22,Grant Golden
1631376,Dmytro,Skapintsev,,,,,,,,,,,,Dmytro Skapintsev
1631386,Taze,Moore,6/29/1998,Houston,USA,77,1631386,TRUE,FALSE,FALSE,-22,-22,-22,Taze Moore
1631421,Au'Diese,Toney,11/12/1999,Arkansas,USA,,1631421,FALSE,FALSE,FALSE,-22,-22,-22,Au'Diese Toney
1631455,Jaden,Shackelford,2/14/2001,Alabama,USA,,1631455,FALSE,FALSE,FALSE,-22,-22,-22,Jaden Shackelford
1631457,Alex,Morales,11/21/1997,Wagner,USA,,1631457,FALSE,FALSE,FALSE,-22,-22,-22,Alex Morales
1631495,Donovan,Williams,9/6/2001,UNLV,USA,78,1631495,FALSE,FALSE,FALSE,-22,-22,-22,Donovan Williams
1631499,Alex,O'Connell,6/2/1999,Creighton,USA,,1631499,FALSE,FALSE,FALSE,-22,-22,-22,Alex O'Connell
1641645,Xavier,Cooks,8/19/1995,Winthrop,Australia,80,1641645,FALSE,TRUE,FALSE,-22,-22,-22,Xavier Cooks
1641706,Brandon,Miller,11/22/2002,Alabama,USA,79,1641706,FALSE,TRUE,FALSE,2023,1,2,Brandon Miller
1641720,Jalen,Hood-Schifino,,,,,,,,,,,,Jalen Hood-Schifino
1641721,Maxwell,Lewis,,,,,,FALSE,TRUE,FALSE,,,,Maxwell Lewis
1641725,Trey,Alexander,,,,,,,,,,,,Trey Alexander
1641732,Colby,Jones,5/28/2002,Xavier,USA,78,1641732,TRUE,FALSE,FALSE,2023,2,34,Colby Jones
1641733,Nick,Smith Jr.,,,,,,FALSE,FALSE,FALSE,,,,Nick Smith Jr.
1641735,Amari,Bailey,2/17/2004,UCLA,USA,75,1641735,TRUE,FALSE,FALSE,2023,2,41,Amari Bailey
1641736,Reece,Beekman,,,,,,TRUE,FALSE,FALSE,,,,Reece Beekman
1641741,Ricky,Council IV,,,,,,FALSE,TRUE,FALSE,,,,Ricky Council IV
1641745,Adam,Flagler,,,,,,,,,,,,Adam Flagler
1641749,Keyontae,Johnson,5/24/2000,Kansas State,USA,76,1641749,FALSE,TRUE,FALSE,2023,2,50,Keyontae Johnson
1641754,Seth,Lundy,4/2/2000,Penn State,USA,76,1641754,TRUE,TRUE,FALSE,2023,2,46,Seth Lundy
1641755,Kevin,McCullar Jr.,3/15/2001,Kansas,USA,78,1641755,TRUE,FALSE,FALSE,2024,2,56,Kevin McCullar Jr.
1641756,Mike,Miles Jr.,8/24/2002,TCU,USA,,1641756,FALSE,FALSE,FALSE,-22,-22,-22,Mike Miles Jr.
1641757,Jordan,Miller,,,,,,,,,,,,Jordan Miller
1641758,Judah,Mintz,7/10/2003,Syracuse,USA,,1641758,FALSE,FALSE,FALSE,-22,-22,-22,Judah Mintz
1641760,Omari,Moore,9/18/2000,San Jose State,USA,,1641760,FALSE,FALSE,FALSE,-22,-22,-22,Omari Moore
1641765,Olivier-Maxence,Prosper,,,,,,FALSE,FALSE,FALSE,,,,Olivier-Maxence Prosper
1641766,Adama,Sanogo,2/12/2002,Connecticut,Mali,81,1641766,FALSE,TRUE,FALSE,-22,-22,-22,Adama Sanogo
1641771,Jalen,Slawson,10/22/1999,Furman,USA,79,1641771,FALSE,TRUE,FALSE,2023,2,54,Jalen Slawson
1641772,Nae'Qwan,Tomlin,,,,,,FALSE,TRUE,FALSE,,,,Nae'Qwan Tomlin
1641773,Azuolas,Tubelis,3/22/2002,Arizona,Lithuania,,1641773,FALSE,FALSE,FALSE,-22,-22,-22,Azuolas Tubelis
1641774,Tristan,Vukcevic,,,,,,,,,,,,Tristan Vukcevic
1641787,Tosan,Evbuomwan,,,,,,,,,,,,Tosan Evbuomwan
1641788,Alex,Fudge,5/6/2003,Florida,USA,80,1641788,FALSE,TRUE,FALSE,-22,-22,-22,Alex Fudge
1641790,PJ,Hall,,,,,,,,,,,,PJ Hall
1641792,Joey,Hauser,7/17/1999,Michigan State,USA,,1641792,FALSE,FALSE,FALSE,-22,-22,-22,Joey Hauser
1641793,D'Moi,Hodge,12/20/1998,Missouri,British Virgin Islands,75,1641793,FALSE,FALSE,FALSE,-22,-22,-22,D'Moi Hodge
1641798,Jaylen,Martin,1/28/2004,Overtime Elite,USA,78,1641798,FALSE,FALSE,FALSE,-22,-22,-22,Jaylen Martin
1641799,Caleb,McConnell,6/8/1999,Rutgers,USA,,1641799,FALSE,FALSE,FALSE,-22,-22,-22,Caleb McConnell
1641801,Emanuel,Miller,6/19/2000,TCU,Canada,79,1641801,FALSE,TRUE,FALSE,-22,-22,-22,Emanuel Miller
1641803,Tristen,Newton,4/26/2001,Connecticut,USA,77,1641803,TRUE,FALSE,FALSE,2024,2,49,Tristen Newton
1641805,Landers,Nolley II,3/5/2000,Cincinnati,USA,,1641805,FALSE,FALSE,FALSE,-22,-22,-22,Landers Nolley II
1641806,Markquis,Nowell,12/25/1999,Kansas State,USA,67,1641806,FALSE,FALSE,FALSE,-22,-22,-22,Markquis Nowell
1641809,Drew,Peterson,,,,,,TRUE,FALSE,FALSE,,,,Drew Peterson
1641810,Antonio,Reeves,,,,,,TRUE,FALSE,FALSE,,,,Antonio Reeves
1641811,Sir'Jabari,Rice,12/28/1998,Texas,USA,,1641811,FALSE,FALSE,FALSE,-22,-22,-22,Sir'Jabari Rice
1641815,Isaiah,Stevens,11/1/2000,Colorado State,USA,72,1641815,FALSE,FALSE,FALSE,-22,-22,-22,Isaiah Stevens
1641816,Hunter,Tyson,,,,,,TRUE,FALSE,FALSE,,,,Hunter Tyson
1641842,Ronald,Holland II,,,,,,FALSE,TRUE,FALSE,,,,Ronald Holland II
1641847,Andrew,Funk,9/21/1999,Penn State,USA,77,1641847,FALSE,FALSE,FALSE,-22,-22,-22,Andrew Funk
1641848,Armaan,Franklin,11/17/2000,Virginia,USA,,1641848,FALSE,FALSE,FALSE,-22,-22,-22,Armaan Franklin
1641851,Timmy,Allen,1/9/2000,Texas,USA,78,1641851,FALSE,FALSE,FALSE,-22,-22,-22,Timmy Allen
1641856,Tevian,Jones,6/29/2000,--,USA,,1641856,FALSE,FALSE,FALSE,-22,-22,-22,Tevian Jones
1641857,Liam,Robbins,7/12/1999,Vanderbilt,USA,84,1641857,FALSE,FALSE,TRUE,-22,-22,-22,Liam Robbins
1641859,Souley,Boum,1/26/1999,Xavier,USA,,1641859,FALSE,FALSE,FALSE,-22,-22,-22,Souley Boum
1641861,Nick,Ongenda,9/29/2000,DePaul,South Africa,,1641861,FALSE,FALSE,FALSE,-22,-22,-22,Nick Ongenda
1641863,Dane,Goodwin,12/28/1999,Notre Dame,USA,,1641863,FALSE,FALSE,FALSE,-22,-22,-22,Dane Goodwin
1641864,Keshawn,Justice,10/22/1999,Santa Clara,USA,,1641864,FALSE,FALSE,FALSE,-22,-22,-22,Keshawn Justice
1641868,Jake,Stephens,11/5/1999,Tennessee-Chattanooga,USA,,1641868,FALSE,FALSE,FALSE,-22,-22,-22,Jake Stephens
1641877,Nathan,Mensah,4/9/1998,San Diego State,Ghana,81,1641877,FALSE,FALSE,FALSE,-22,-22,-22,Nathan Mensah
1641878,Damion,Baugh,8/3/2000,TCU,USA,,1641878,FALSE,FALSE,FALSE,-22,-22,-22,Damion Baugh
1641879,Yuri,Collins,,,,,,,,,,,,Yuri Collins
1641881,Javan,Johnson,1/5/1999,DePaul,USA,,1641881,FALSE,FALSE,FALSE,-22,-22,-22,Javan Johnson
1641907,Erik,Stevenson,4/28/1999,West Virginia,USA,,1641907,FALSE,FALSE,FALSE,-22,-22,-22,Erik Stevenson
1641914,Chase,Audige,6/29/1999,Northwestern,USA,,1641914,FALSE,FALSE,FALSE,-22,-22,-22,Chase Audige
1641915,Caleb,Daniels,5/17/1999,Villanova,USA,,1641915,FALSE,FALSE,FALSE,-22,-22,-22,Caleb Daniels
1641917,Taylor,Funk,11/6/1997,Utah State,USA,,1641917,FALSE,FALSE,FALSE,-22,-22,-22,Taylor Funk
1641920,Justin,Powell,5/9/2001,Washington State,USA,,1641920,FALSE,FALSE,FALSE,-22,-22,-22,Justin Powell
1641926,Dexter,Dennis,2/9/1999,Texas A&M,USA,77,1641926,FALSE,FALSE,FALSE,-22,-22,-22,Dexter Dennis
1641931,Onuralp,Bitim,3/31/1999,Bursaspor,Turkey,78,1641931,FALSE,TRUE,FALSE,-22,-22,-22,Onuralp Bitim
1641936,Miles,Norris,4/15/2000,California-Santa Barbara,USA,,1641936,FALSE,FALSE,FALSE,-22,-22,-22,Miles Norris
1641941,Vincent,Valerio-Bodon,5/2/2001,--,Hungary,,1641941,FALSE,FALSE,FALSE,-22,-22,-22,Vincent Valerio-Bodon
1641945,Jaylin,Galloway,12/21/2002,Sydney Kings,Australia,78,1641945,FALSE,FALSE,FALSE,-22,-22,-22,Jaylin Galloway
1641948,Jordan,Walker,8/11/1999,Alabama-Birmingham,USA,,1641948,FALSE,FALSE,FALSE,-22,-22,-22,Jordan Walker
1641970,Maozinha,Pereira,8/28/2000,Brazil,Brazil,80,1641970,FALSE,FALSE,FALSE,-22,-22,-22,Maozinha Pereira
1641972,Max,Heidegger,6/5/1997,California-Santa Barbara,USA,,1641972,FALSE,FALSE,FALSE,-22,-22,-22,Max Heidegger
1641989,Elijah,Harkless,,,,,,,,,,,,Elijah Harkless
1641998,Trey,Jemison III,11/28/1999,Alabama-Birmingham,USA,82,1641998,FALSE,FALSE,TRUE,-22,-22,-22,Trey Jemison III
1642013,Malik,Williams,8/26/1998,Louisville,USA,83,1642013,FALSE,FALSE,FALSE,-22,-22,-22,Malik Williams
1642019,Will,Richardson,9/3/1999,Oregon,USA,,1642019,FALSE,FALSE,FALSE,-22,-22,-22,Will Richardson
1642022,George,Conditt IV,8/22/2000,Iowa State,Puerto Rico,,1642022,FALSE,FALSE,FALSE,-22,-22,-22,George Conditt IV
1642024,Alex,Reese,5/21/1999,Alabama,USA,81,1642024,FALSE,FALSE,FALSE,-22,-22,-22,Alex Reese
1642050,Jackson,Rowe,,,,,,,,,,,,Jackson Rowe
1642113,Bryce,Wills,10/13/2000,Stanford,USA,,1642113,FALSE,FALSE,FALSE,-22,-22,-22,Bryce Wills
1642260,Nikola,Topic,8/10/2005,Crvena zvezda,Serbia,78,1642260,TRUE,FALSE,FALSE,2024,1,12,Nikola Topic
1642272,Jared,McCain,2/20/2004,Duke,USA,75,1642272,TRUE,FALSE,FALSE,2024,1,16,Jared McCain
1642275,Tidjane,Salaun,8/10/2005,Cholet,France,80,1642275,FALSE,TRUE,FALSE,2024,1,6,Tidjane Salaun
1642279,Ulrich,Chomche,12/30/2005,NBA Global Academy,Cameroon,83,1642279,FALSE,FALSE,TRUE,2024,2,57,Ulrich Chomche
1642280,Trentyn,Flowers,,,,,,,,,,,,Trentyn Flowers
1642354,KJ,Simpson,,,,,,TRUE,FALSE,FALSE,,,,KJ Simpson
1642357,David,Jones Garcia,11/24/2001,Memphis,Dominican Republic,,1642357,FALSE,FALSE,FALSE,-22,-22,-22,David Jones Garcia
1642359,Pacome,Dadiet,7/27/2005,Ratiopharm Ulm,France,80,1642359,FALSE,TRUE,FALSE,2024,1,25,Pacome Dadiet
1642379,Taran,Armstrong,,,,,,,,,,,,Taran Armstrong
1642382,Branden,Carlson,,,,,,,,,,,,Branden Carlson
1642384,Isaiah,Crawford,11/1/2001,Louisiana Tech,USA,78,1642384,FALSE,TRUE,FALSE,-22,-22,-22,Isaiah Crawford
1642385,Cui,Yongxi,5/28/2003,--,China,77,1642385,FALSE,FALSE,FALSE,-22,-22,-22,Cui Yongxi
1642389,Zyon,Pullin,3/3/2001,Florida,USA,76,1642389,FALSE,FALSE,FALSE,-22,-22,-22,Zyon Pullin
1642396,Blake,Hinson,,,,,,,,,,,,Blake Hinson
1642399,Jesse,Edwards,,,,,,,,,,,,Jesse Edwards
1642401,Aaron,Estrada,2/3/2001,Alabama,USA,,1642401,FALSE,FALSE,FALSE,-22,-22,-22,Aaron Estrada
1642402,Enrique,Freeman,7/29/2000,Akron,USA,79,1642402,FALSE,TRUE,FALSE,2024,2,50,Enrique Freeman
1642407,Boogie,Ellis,12/12/2000,Southern California,USA,,1642407,FALSE,FALSE,FALSE,-22,-22,-22,Boogie Ellis
1642422,Armel,Traore,,,,,,,,,,,,Armel Traore
1642434,Riley,Minix,9/22/2000,Morehead State,USA,79,1642434,FALSE,TRUE,FALSE,-22,-22,-22,Riley Minix
1642438,Grayson,Murphy,2/4/1999,Belmont,USA,,1642438,FALSE,FALSE,FALSE,-22,-22,-22,Grayson Murphy
1642439,Quincy,Olivari,,,,,,,,,,,,Quincy Olivari
1642440,Gabe,McGlothan,,,,,,,,,,,,Gabe McGlothan
1642443,Jahmir,Young,,,,,,,,,,,,Jahmir Young
1642449,Tolu,Smith,7/26/2000,Mississippi State,USA,83,1642449,FALSE,TRUE,FALSE,-22,-22,-22,Tolu Smith
1642450,Daniss,Jenkins,8/17/2001,St. John's,USA,75,1642450,TRUE,FALSE,FALSE,-22,-22,-22,Daniss Jenkins
1642461,Spencer,Jones,,,,,,,,,,,,Spencer Jones
1642473,Moses,Wood,5/3/1999,Washington,USA,,1642473,FALSE,FALSE,FALSE,-22,-22,-22,Moses Wood
1642481,Jamarion,Sharp,8/26/2001,Mississippi,USA,,1642481,FALSE,FALSE,FALSE,-22,-22,-22,Jamarion Sharp
1642484,RayJ,Dennis,,,,,,,,,,,,RayJ Dennis
1642486,Boo,Buie III,12/7/1999,Northwestern,USA,,1642486,FALSE,FALSE,FALSE,-22,-22,-22,Boo Buie III
1642490,Josh,Oduro,10/14/2000,Providence,USA,,1642490,FALSE,FALSE,FALSE,-22,-22,-22,Josh Oduro
1642499,Max,Fiedler,2/26/2001,Rice,USA,,1642499,FALSE,FALSE,FALSE,-22,-22,-22,Max Fiedler
1642505,Alex,Ducas,,,,,,,,,,,,Alex Ducas
1642514,Warren,Washington,3/3/2000,Texas Tech,USA,,1642514,FALSE,FALSE,FALSE,-22,-22,-22,Warren Washington
1642530,Yuki,Kawamura,5/2/2001,--,Japan,68,1642530,TRUE,FALSE,FALSE,-22,-22,-22,Yuki Kawamura
6663954,Viktor,Keyru,,,,,,,,,,,,Viktor Keyru
6663993,Matthew,Nielsen,,,,,,,,,,,,Matthew Nielsen
6664001,David,Barlow,,,,,,FALSE,FALSE,FALSE,,,,David Barlow
122683568,Vernon,Macklin,,,,,,,,,,,,Vernon Macklin
196294083,Niv,Avidan,,,,,,,,,,,,Niv Avidan
196294084,Leandro,Garcia Morales,,,,,,,,,,,,Leandro Garcia Morales
196294085,Rom,Geffen,,,,,,FALSE,FALSE,FALSE,,,,Rom Geffen
196294086,Daniel,Hillel,,,,,,,,,,,,Daniel Hillel
196294087,Jonathan,Holton,,,,,,,,,,,,Jonathan Holton
196294088,Alex,Leder,,,,,,,,,,,,Alex Leder
196294089,Jordan,Lewis,,,,,,,,,,,,Jordan Lewis
196294090,Ziv,Maoz,,,,,,,,,,,,Ziv Maoz
196294091,Gilad,Melnik,,,,,,,,,,,,Gilad Melnik
196294092,Anthony,Morse,,,,,,FALSE,FALSE,FALSE,,,,Anthony Morse
196294093,Alon,Sapir,,,,,,,,,,,,Alon Sapir
196294094,Jason,Siggers,,,,,,FALSE,FALSE,FALSE,,,,Jason Siggers
196294095,Sindarius,Thornwell,,,,,,,,,,,,Sindarius Thornwell
196294101,Robert,Franks,,,,,,FALSE,FALSE,FALSE,,,,Robert Franks
196294102,Antonius,Cleveland,,,,,,FALSE,FALSE,FALSE,,,,Antonius Cleveland
196294103,Anthony,Drmic,,,,,,,,,,,,Anthony Drmic
196294104,Deng,Acuoth,,,,,,,,,,,,Deng Acuoth
196294105,Nick,Marshall,,,,,,,,,,,,Nick Marshall
196294106,Mitch,McCarron,,,,,,FALSE,FALSE,FALSE,,,,Mitch McCarron
196294107,Kai,Sotto,,,,,,,,,,,,Kai Sotto
196294108,Craig,Randall II,,,,,,FALSE,FALSE,FALSE,,,,Craig Randall II
196294109,Cameron,Thew,,,,,,,,,,,,Cameron Thew
196294110,Kyrin,Galloway,,,,,,,,,,,,Kyrin Galloway
196294111,Daniel,Johnson,,,,,,FALSE,FALSE,FALSE,,,,Daniel Johnson
196294112,Hyrum,Harris,,,,,,,,,,,,Hyrum Harris
196294113,Fiston,Ipassou,,,,,,,,,,,,Fiston Ipassou
196294114,Sunday,Dech,,,,,,FALSE,FALSE,FALSE,,,,Sunday Dech
196294136,Willy,Workman,,,,,,FALSE,FALSE,FALSE,,,,Willy Workman
196294137,Jeff,Adrien,,,,,,,,,,,,Jeff Adrien
196294138,Terrence,Jones,,,,,,,,,,,,Terrence Jones
196294139,Okaro,White,,,,,,,,,,,,Okaro White
196294140,Briante,Weber,,,,,,,,,,,,Briante Weber
196294141,Norris,Cole,,,,,,FALSE,FALSE,FALSE,,,,Norris Cole
196294530,Fabien,Causeur,,,,,,,,,,,,Fabien Causeur
196294531,Egor,Demin,,,,,,,,,,,,Egor Demin
196294532,Ismaila,Diagne,,,,,,,,,,,,Ismaila Diagne
196294533,Rodolfo,Fernandez,,,,,,,,,,,,Rodolfo Fernandez
196294534,Alberto,Abalde,,,,,,,,,,,,Alberto Abalde
196294535,Mitar,Bosnjakovic,,,,,,,,,,,,Mitar Bosnjakovic
196294536,Hugo,Gonzalez,,,,,,,,,,,,Hugo Gonzalez
196294537,Mario,Hezonja,,,,,,,,,,,,Mario Hezonja
196294538,Sergio,Rodriguez,,,,,,,,,,,,Sergio Rodriguez
196294539,Vincent,Poirier,,,,,,,,,,,,Vincent Poirier
196294540,Walter,Tavares,,,,,,FALSE,FALSE,TRUE,,,,Walter Tavares
196294541,Sergio,Llull,,,,,,TRUE,FALSE,FALSE,,,,Sergio Llull
196294543,Eli John,Ndiaye,,,,,,,,,,,,Eli John Ndiaye
196294544,Dzanan,Musa,,,,,,FALSE,TRUE,FALSE,,,,Dzanan Musa
196294549,Tahjere,McCall,,,,,,TRUE,FALSE,FALSE,,,,Tahjere McCall
196294550,Patrick,Miller,,,,,,TRUE,FALSE,FALSE,,,,Patrick Miller
196294551,Taran,Armstrong,,,,,,,,,,,,Taran Armstrong
196294553,Jonah,Antonio,,,,,,,,,,,,Jonah Antonio
196294554,Lat,Mayen,,,,,,,,,,,,Lat Mayen
196294557,Sam,Waardenburg,,,,,,TRUE,FALSE,FALSE,,,,Sam Waardenburg
196294558,Josh,Roberts,,,,,,,,,,,,Josh Roberts
196294559,Lachlan,Anderson,,,,,,,,,,,,Lachlan Anderson
196294562,Bul,Kuol,,,,,,FALSE,TRUE,FALSE,,,,Bul Kuol
196294567,Alex,McNaught,,,,,,,,,,,,Alex McNaught
196294568,Izayah,Le'Afa,,,,,,,,,,,,Izayah Le'Afa
196294569,Cam,Gliddon,,,,,,,,,,,,Cam Gliddon
196294570,Parker,Jackson-Cartwright,,,,,,TRUE,FALSE,FALSE,,,,Parker Jackson-Cartwright
196294571,Will,McDowell-White,,,,,,TRUE,FALSE,FALSE,,,,Will McDowell-White
196294572,Mangok,Mathiang,,,,,,FALSE,FALSE,TRUE,,,,Mangok Mathiang
196294573,Tom,Abercrombie,,,,,,FALSE,TRUE,FALSE,,,,Tom Abercrombie
196294574,Dane,Pineau,,,,,,,,,,,,Dane Pineau
196294575,Dom,Kelman-Poto,,,,,,,,,,,,Dom Kelman-Poto
196294576,Dan,Fotu,,,,,,,,,,,,Dan Fotu
196294577,Anthony,Lamb,,,,,,,,,,,,Anthony Lamb
196294578,Zylan,Cheatham,,,,,,FALSE,TRUE,FALSE,,,,Zylan Cheatham
196294581,Eidan,Alber,,,,,,,,,,,,Eidan Alber
196294582,Yonatan,Atias,,,,,,,,,,,,Yonatan Atias
196294583,Dwayne,Bacon,,,,,,FALSE,TRUE,FALSE,,,,Dwayne Bacon
196294584,Yoav,Berman,,,,,,,,,,,,Yoav Berman
196294585,Bruno,Caboclo,,,,,,FALSE,FALSE,TRUE,,,,Bruno Caboclo
196294586,Mamadi,Diakite,,,,,,,,,,,,Mamadi Diakite
196294587,Julien,Ducree,,,,,,,,,,,,Julien Ducree
196294588,Ashton,Hagans,,,,,,,,,,,,Ashton Hagans
196294589,Ori,Hai,,,,,,,,,,,,Ori Hai
196294590,Alex,Leder,,,,,,,,,,,,Alex Leder
196294591,Nathan,Missia-Dio,,,,,,,,,,,,Nathan Missia-Dio
196294592,Jonathan,Mor,,,,,,FALSE,TRUE,FALSE,,,,Jonathan Mor
196294593,Yogev,Ohayon,,,,,,,,,,,,Yogev Ohayon
196294594,Jared,Ruiz,,,,,,,,,,,,Jared Ruiz
196294595,Jason,Siggers,,,,,,,,,,,,Jason Siggers
196294596,Dakarai,Tucker,,,,,,TRUE,FALSE,FALSE,,,,Dakarai Tucker
196294597,Quinndary,Weatherspoon,,,,,,TRUE,FALSE,FALSE,,,,Quinndary Weatherspoon
196294600,Elfrid,Peyton,,,,,,,,,,,,Elfrid Peyton
196294602,Mantas,Rubstavicius,,,,,,,,,,,,Mantas Rubstavicius
196294603,Finn,Delany,,,,,,,,,,,,Finn Delany
196294604,Gui,Deodato,,,,,,TRUE,FALSE,FALSE,,,,Gui Deodato
196294605,Matheus,Leoni,,,,,,,,,,,,Matheus Leoni
196294606,Scott,Machado,,,,,,,,,,,,Scott Machado
196294607,Franco,Balbi,,,,,,TRUE,FALSE,FALSE,,,,Franco Balbi
196294608,Didi,Louzada,,,,,,FALSE,TRUE,FALSE,,,,Didi Louzada
196294609,Maique,Tavares,,,,,,,,,,,,Maique Tavares
196294610,Gabriel,Jau,,,,,,FALSE,FALSE,TRUE,,,,Gabriel Jau
196294611,Olivinha,,,,,,,,,,,,,Olivinha 
196294612,Felipe,Motta,,,,,,,,,,,,Felipe Motta
196294613,Marko,Filipovity,,,,,,FALSE,TRUE,FALSE,,,,Marko Filipovity
196294614,Martin,Cuello,,,,,,,,,,,,Martin Cuello
196294615,Caio,Brandao,,,,,,,,,,,,Caio Brandao
196295053,Alex,McNaught,,,,,,,,,,,,Alex McNaught
196295054,Karim,Lopez,,,,,,,,,,,,Karim Lopez
196295055,Sean,Bairstow,,,,,,,,,,,,Sean Bairstow
196295056,Sam,Mennenga,,,,,,FALSE,FALSE,FALSE,,,,Sam Mennenga
196295057,Kaia,Isaac,,,,,,,,,,,,Kaia Isaac
196295058,Parker,Jackson-Cartwright,,,,,,FALSE,FALSE,FALSE,,,,Parker Jackson-Cartwright
196295059,Mojave,King,,,,,,,,,,,,Mojave King
196295060,Mitch,McCarron,,,,,,,,,,,,Mitch McCarron
196295061,Grant,Anticevich,,,,,,,,,,,,Grant Anticevich
196295062,Max,Darling,,,,,,FALSE,FALSE,FALSE,,,,Max Darling
196295063,Matt,Mooney,,,,,,FALSE,FALSE,FALSE,,,,Matt Mooney
196295064,Chris,Arcidiacono,,,,,,,,,,,,Chris Arcidiacono
196295065,Carlin,Davison,,,,,,,,,,,,Carlin Davison
196295066,Dane,Pineau,,,,,,,,,,,,Dane Pineau
196295067,Freddie,Gillespie,,,,,,,,,,,,Freddie Gillespie
196295068,Jonah,Bolden,,,,,,FALSE,FALSE,FALSE,,,,Jonah Bolden
196295069,Jordan,Floyd,,,,,,,,,,,,Jordan Floyd
196295070,Tacko,Fall,,,,,,,,,,,,Tacko Fall
196295088,Nelson,Weidemann,,,,,,,,,,,,Nelson Weidemann
196295089,Marcio,Santos,,,,,,,,,,,,Marcio Santos
196295090,Tobias,Jensen,,,,,,,,,,,,Tobias Jensen
196295091,Alfonso ,Plummer,,,,,,FALSE,FALSE,FALSE,,,,Alfonso  Plummer
196295092,Justinian,Jessup,,,,,,FALSE,FALSE,FALSE,,,,Justinian Jessup
196295094,Nicolas,Bretzel,,,,,,,,,,,,Nicolas Bretzel
196295095,Philipp,Herkenhoff,,,,,,FALSE,FALSE,FALSE,,,,Philipp Herkenhoff
196295096,Isaiah,Roby,,,,,,,,,,,,Isaiah Roby
196295097,Alec,Anigbata,,,,,,,,,,,,Alec Anigbata
196295098,Thomas,Klepeisz,,,,,,,,,,,,Thomas Klepeisz
196295099,Karim,Jallow,,,,,,,,,,,,Karim Jallow
1962936103,Paulao,Prestes,,,,,,,,,,,,Paulao Prestes
1962936104,Yannik,Driesen,,,,,,,,,,,,Yannik Driesen
1962936105,Jesse,Young,,,,,,,,,,,,Jesse Young
1962936107,Bojan,Bogdanovic,,,,,,,,,,,,Bojan Bogdanovic
1962936108,Pablo,Aguilar,,,,,,,,,,,,Pablo Aguilar
1962936150,Maurillioh,de Rosa,,,,,,,,,,,,Maurillioh de Rosa
1962936250,Wesley,Matthews,,,,,,,,,,,,Wesley Matthews
1962936270,Dionte,Christmas,,,,,,,,,,,,Dionte Christmas
1962936483,Jan,Vesely,,,,,,,,,,,,Jan Vesely
1962936489,Brian,Skinner,,,,,,,,,,,,Brian Skinner
1962936495,Damien,Wilkins,,,,,,,,,,,,Damien Wilkins
1962936525,Bojan,Bogdanovic,,,,,,,,,,,,Bojan Bogdanovic
1962936526,Bo,McCalebb,,,,,,,,,,,,Bo McCalebb
1962936546,Giorgios,Tsiaras,,,,,,,,,,,,Giorgios Tsiaras
1962936724,Omer,Yurtseven,,,,,,,,,,,,Omer Yurtseven
1962937071,Luka,Doncic,,,,,,,,,,,,Luka Doncic
1962937079,Guillermo,Hernangomez,,,,,,,,,,,,Guillermo Hernangomez
1962937116,Ekpe,Udoh,,,,,,FALSE,FALSE,FALSE,,,,Ekpe Udoh
1962937117,Bogdan,Bogdanovic,8/18/1992,,,77,220,FALSE,FALSE,FALSE,,,,Bogdan Bogdanovic
1962937156,Oz,Blayzer,,,,,,FALSE,FALSE,FALSE,,,,Oz Blayzer
1962937170,Netanel,Artzi,,,,,,,,,,,,Netanel Artzi
1962937431,Jimmer,Fredette,,,,,,FALSE,FALSE,FALSE,,,,Jimmer Fredette
1962937441,Luka,Doncic,,,,,,,,,,,,Luka Doncic
1962937545,Will,Graves,,,,,,FALSE,FALSE,FALSE,,,,Will Graves
1962937546,Daniel,Koperberg,,,,,,,,,,,,Daniel Koperberg
1962937553,Willy,Workman,,,,,,FALSE,FALSE,FALSE,,,,Willy Workman
1962937727,Kai,Guo,,,,,,,,,,,,Kai Guo
1962937728,Mingxing,Ju,,,,,,FALSE,FALSE,FALSE,,,,Mingxing Ju
1962937729,Fan,Zhang,,,,,,,,,,,,Fan Zhang
1962937730,Jun,Shi,,,,,,,,,,,,Jun Shi
1962937734,Brad,Newley,,,,,,FALSE,FALSE,FALSE,,,,Brad Newley
1962937735,Kevin,Lisch,,,,,,FALSE,FALSE,FALSE,,,,Kevin Lisch
1962937736,Todd,Blanchfield,,,,,,FALSE,FALSE,FALSE,,,,Todd Blanchfield
1962937737,Jason,Cadee,,,,,,,,,,,,Jason Cadee
1962937738,Sam,Daly,,,,,,,,,,,,Sam Daly
1962937739,Tom,Garlepp,,,,,,,,,,,,Tom Garlepp
1962937740,Dane,Pineau,,,,,,,,,,,,Dane Pineau
1962937741,Amritpal,Singh,,,,,,,,,,,,Amritpal Singh
1962937742,Adam,Thoseby,,,,,,,,,,,,Adam Thoseby
1962937755,Paige,Marcus,,,,,,,,,,,,Paige Marcus
1962937759,Cai,Liang,,,,,,FALSE,FALSE,FALSE,,,,Cai Liang
1962937760,Huang,Xu,,,,,,,,,,,,Huang Xu
1962937761,Yan,Peng,,,,,,,,,,,,Yan Peng
1962937762,Tang,Zihao,,,,,,,,,,,,Tang Zihao
1962937763,Josh,Akognon,,,,,,FALSE,FALSE,FALSE,,,,Josh Akognon
1962937764,Dong,Hanlin,,,,,,,,,,,,Dong Hanlin
1962937765,Zhai,Yi,,,,,,,,,,,,Zhai Yi
1962937766,Zhang,Zhaoxu,,,,,,FALSE,FALSE,FALSE,,,,Zhang Zhaoxu
1962937767,Wang,Tong,,,,,,,,,,,,Wang Tong
1962937768,Luo,Zhi,,,,,,,,,,,,Luo Zhi
1962937769,Jimmer,Fredette,,,,,,,,,,,,Jimmer Fredette
1962937770,Luo,Hanchen,,,,,,FALSE,FALSE,FALSE,,,,Luo Hanchen
1962937771,Nick,Minnerath,,,,,,FALSE,FALSE,FALSE,,,,Nick Minnerath
1962937772,Shi,Yuchen,,,,,,,,,,,,Shi Yuchen
1962937773,Tseng,Wenting,,,,,,,,,,,,Tseng Wenting
1962937787,Sam,Short,,,,,,,,,,,,Sam Short
1962937808,Stephen,Holt,,,,,,FALSE,FALSE,FALSE,,,,Stephen Holt
1962937809,Will,Magnay,,,,,,,,,,,,Will Magnay
1962937810,Tom,Fullarton,,,,,,,,,,,,Tom Fullarton
1962937811,Tyrell,Harrison,,,,,,,,,,,,Tyrell Harrison
1962937812,Zach,Andrews,,,,,,,,,,,,Zach Andrews
1962937813,Grant,Jerrett,,,,,,,,,,,,Grant Jerrett
1962937826,Amida,Brimah,,,,,,,,,,,,Amida Brimah
1962937827,Matt,Matt,,,,,,,,,,,,Matt Matt
1962937828,London,Perrantes,,,,,,,,,,,,London Perrantes
1962937920,Lochlan,Cummings,,,,,,,,,,,,Lochlan Cummings
1962937921,Bryan,Michaels,,,,,,,,,,,,Bryan Michaels
1962937922,Sunday,Dech,,,,,,,,,,,,Sunday Dech
1962937926,Xiaohui,Wang,,,,,,,,,,,,Xiaohui Wang
1962937928,Marcus Vinicius,Souza,,,,,,,,,,,,Marcus Vinicius Souza
1962937929,Leandrinho,Barbosa,,,,,,,,,,,,Leandrinho Barbosa
1962937930,Carlos,Alexandre,,,,,,,,,,,,Carlos Alexandre
1962937931,Ruan,Miranda,,,,,,,,,,,,Ruan Miranda
1962937932,Nelson,Larkins,,,,,,,,,,,,Nelson Larkins
1962937933,Sunday,Dech,,,,,,,,,,,,Sunday Dech
1962937937,Lucas,Hausman,,,,,,,,,,,,Lucas Hausman
1966938125,Gen,Li,,,,,,,,,,,,Gen Li
1966938126,Chunjun,Zhang,,,,,,,,,,,,Chunjun Zhang
1966938127,Yongsheng,Wu,,,,,,,,,,,,Yongsheng Wu
1966938128,Qunfei,Deng,,,,,,,,,,,,Qunfei Deng
1966938129,Hanchen,Luo,,,,,,,,,,,,Hanchen Luo
1966938131,Marcio,Santos,,,,,,,,,,,,Marcio Santos
1966938132,Elio,Netto,,,,,,,,,,,,Elio Netto
1966938133,Lucas,Dias,,,,,,FALSE,TRUE,FALSE,,,,Lucas Dias
1966938134,Lucas,Cipolini,,,,,,,,,,,,Lucas Cipolini
1966938135,Jimmy,De Oliveira,,,,,,FALSE,TRUE,FALSE,,,,Jimmy De Oliveira
1966938136,Carlos,Schattmann,,,,,,,,,,,,Carlos Schattmann
1966938137,Luciano,Parodi,,,,,,TRUE,FALSE,FALSE,,,,Luciano Parodi
1966938138,Augusto,Alcassa,,,,,,,,,,,,Augusto Alcassa
1966938139,Rafael,Hettsheimeir,,,,,,FALSE,FALSE,TRUE,,,,Rafael Hettsheimeir
1966938140,Lucas,Batista,,,,,,,,,,,,Lucas Batista
1966938141,David,Jackson,,,,,,TRUE,FALSE,FALSE,,,,David Jackson
1966938142,Guilherme,Braga,,,,,,,,,,,,Guilherme Braga
1966938145,Obi,Kyei,,,,,,,,,,,,Obi Kyei
1966938146,Kevin,White,,,,,,,,,,,,Kevin White
1966938147,Alex,Mudronja,,,,,,,,,,,,Alex Mudronja
1966938148,Daniel,Dillon,,,,,,,,,,,,Daniel Dillon
1966938149,Jerome,Randall,,,,,,TRUE,FALSE,FALSE,,,,Jerome Randall
1966938153,Gil,Amitay,,,,,,,,,,,,Gil Amitay
1966938154,Eric,Anderson,,,,,,FALSE,FALSE,TRUE,,,,Eric Anderson
1966938155,David,Cohn,,,,,,,,,,,,David Cohn
1966938156,Jonathan,Mor,,,,,,,,,,,,Jonathan Mor
1966938157,Scott,Suggs,,,,,,FALSE,TRUE,FALSE,,,,Scott Suggs
1966938158,Gregory,Vargas,,,,,,TRUE,FALSE,FALSE,,,,Gregory Vargas
1966938162,Gustavo,Aguirre,,,,,,TRUE,FALSE,FALSE,,,,Gustavo Aguirre
1966938163,Esteban,Batista,,,,,,,,,,,,Esteban Batista
1966938164,Christian,Bihurriet,,,,,,,,,,,,Christian Bihurriet
1966938165,Agustin,Caffaro,,,,,,,,,,,,Agustin Caffaro
1966938166,Maximo,Fjelurup,,,,,,,,,,,,Maximo Fjelurup
1966938167,Luciano,Gonzalez,,,,,,,,,,,,Luciano Gonzalez
1966938168,Marcus,Mata,,,,,,FALSE,TRUE,FALSE,,,,Marcus Mata
1966938169,Facundo,Pinero,,,,,,FALSE,FALSE,TRUE,,,,Facundo Pinero
1966938170,Firmin,Thygesen,,,,,,,,,,,,Firmin Thygesen
1966938171,Darquavis,Tucker,,,,,,TRUE,FALSE,FALSE,,,,Darquavis Tucker
1966938172,Jose,Vildoza,,,,,,,,,,,,Jose Vildoza
1966938173,Justin,Wiliams,,,,,,FALSE,TRUE,FALSE,,,,Justin Wiliams
1966938178,CJ,Harris,,,,,,FALSE,TRUE,FALSE,,,,CJ Harris
1966938179,Fengbo,Liu,,,,,,,,,,,,Fengbo Liu
1966938181,Finn,Delaney,,,,,,,,,,,,Finn Delaney
1966938182,Robert,Loe,,,,,,FALSE,FALSE,TRUE,,,,Robert Loe
1966938183,R.J.,Hampton,,,,,,TRUE,FALSE,FALSE,,,,R.J. Hampton
1966938184,Sek,Henry,,,,,,,,,,,,Sek Henry
1966938185,Ater,Majok,,,,,,,,,,,,Ater Majok
1966938186,Tom,Vodanovich,,,,,,,,,,,,Tom Vodanovich
1966938187,Ethan,Rusbatch,,,,,,,,,,,,Ethan Rusbatch
1966938196,Yuheng,Tian,,,,,,,,,,,,Yuheng Tian
1966938197,Tianyo,Yao,,,,,,,,,,,,Tianyo Yao
1966938204,Koperberg,Daniel,,,,,,,,,,,,Koperberg Daniel
1966938208,Quincy,Miller,,,,,,,,,,,,Quincy Miller
1966938209,Jo,Lual-Acuil Jr,,,,,,FALSE,TRUE,FALSE,,,,Jo Lual-Acuil Jr
1585,Brandon,Williams,11/22/1999,Davidson,USA,73,190,FALSE,TRUE,FALSE,-1,-1,-1,Brandon Williams
2544,LeBron,James,12/30/1984,,,81,250,FALSE,TRUE,FALSE,,,,LeBron James
2826,Nate,Williams,2/12/1999,,,77,205,,,,,,,Nate Williams
56022,Joe,Ingles,10/2/1987,,,80,220,,,,,,,Joe Ingles
78561,Nate,Williams,2/12/1999,Utah State,USA,77,205,TRUE,FALSE,FALSE,1976,5,69,Nate Williams
101108,Chris,Paul,5/6/1985,,,72,175,FALSE,FALSE,FALSE,,,,Chris Paul
162777,Georges,Niang,6/17/1993,,,79,230,,,,,,,Georges Niang
200768,Kyle,Lowry,3/25/1986,,,72,196,,,,,,,Kyle Lowry
201142,Kevin,Durant,9/29/1988,,,83,240,FALSE,FALSE,FALSE,,,,Kevin Durant
201143,Al,Horford,6/3/1986,,,81,240,FALSE,TRUE,FALSE,,,,Al Horford
201145,Jeff,Green,8/28/1986,,,80,235,FALSE,TRUE,FALSE,,,,Jeff Green
201567,Kevin,Love,9/7/1988,,,80,251,FALSE,TRUE,FALSE,,,,Kevin Love
201569,Eric,Gordon,12/25/1988,,,75,215,FALSE,FALSE,FALSE,,,,Eric Gordon
201572,Brook,Lopez,4/1/1988,,,85,282,FALSE,FALSE,FALSE,,,,Brook Lopez
201587,Nicolas,Batum,12/14/1988,,,80,230,FALSE,TRUE,FALSE,,,,Nicolas Batum
201935,James,Harden,8/26/1989,,,77,220,FALSE,FALSE,FALSE,,,,James Harden
201939,Stephen,Curry,3/14/1988,,,74,185,FALSE,FALSE,FALSE,,,,Stephen Curry
201942,DeMar,DeRozan,8/7/1989,,,78,220,FALSE,FALSE,FALSE,,,,DeMar DeRozan
201950,Jrue,Holiday,6/12/1990,,,76,185,FALSE,FALSE,FALSE,,,,Jrue Holiday
202066,Garrett,Temple,5/8/1986,,,77,195,,,,,,,Garrett Temple
202691,Klay,Thompson,2/8/1990,,,78,220,FALSE,TRUE,FALSE,,,,Klay Thompson
202695,Kawhi,Leonard,6/29/1991,,,79,225,FALSE,TRUE,FALSE,,,,Kawhi Leonard
202699,Tobias,Harris,7/15/1992,,,80,226,FALSE,FALSE,FALSE,,,,Tobias Harris
202710,Jimmy,Butler,9/14/1989,,,79,230,FALSE,TRUE,FALSE,,,,Jimmy Butler
203076,Anthony,Davis,3/11/1993,,,82,268,FALSE,FALSE,TRUE,,,,Anthony Davis
203078,Bradley,Beal,6/28/1993,,,76,207,TRUE,FALSE,FALSE,,,,Bradley Beal
203083,Andre,Drummond,8/10/1993,,,83,279,FALSE,FALSE,TRUE,,,,Andre Drummond
203084,Harrison,Barnes,5/30/1992,,,80,225,FALSE,FALSE,FALSE,,,,Harrison Barnes
203110,Draymond,Green,3/4/1990,,,78,230,FALSE,FALSE,FALSE,,,,Draymond Green
203114,Khris,Middleton,8/12/1991,,,79,222,TRUE,FALSE,FALSE,,,,Khris Middleton
203458,Alex,Len,6/16/1993,,,84,250,FALSE,FALSE,TRUE,,,,Alex Len
203468,CJ,McCollum,9/19/1991,,,75,190,FALSE,FALSE,FALSE,,,,CJ McCollum
203482,Kelly,Olynyk,4/19/1991,,,83,240,FALSE,FALSE,TRUE,,,,Kelly Olynyk
203484,Kentavious,Caldwell-Pope,2/18/1993,,,77,204,FALSE,FALSE,FALSE,,,,Kentavious Caldwell-Pope
203486,Mason,Plumlee,3/5/1990,,,82,254,FALSE,FALSE,TRUE,,,,Mason Plumlee
203497,Rudy,Gobert,6/26/1992,,,85,258,FALSE,FALSE,FALSE,,,,Rudy Gobert
203500,Steven,Adams,7/20/1993,,,83,265,FALSE,FALSE,TRUE,,,,Steven Adams
203501,Tim,Hardaway Jr.,3/16/1992,,,77,205,FALSE,FALSE,FALSE,,,,Tim Hardaway Jr.
203507,Giannis,Antetokounmpo,12/6/1994,,,83,243,FALSE,FALSE,FALSE,,,,Giannis Antetokounmpo
203552,Seth,Curry,8/23/1990,,,73,185,TRUE,FALSE,FALSE,,,,Seth Curry
203648,Thanasis,Antetokounmpo,7/18/1992,Panathinaikos,Greece,79,219,FALSE,TRUE,FALSE,2014,2,51,Thanasis Antetokounmpo
203897,Zach,LaVine,3/10/1995,,,77,200,FALSE,FALSE,FALSE,,,,Zach LaVine
203903,Jordan,Clarkson,6/7/1992,,,75,194,TRUE,FALSE,FALSE,,,,Jordan Clarkson
203914,Gary,Harris,9/14/1994,Michigan State,USA,76,210,TRUE,FALSE,FALSE,2014,1,19,Gary Harris
203915,Spencer,Dinwiddie,4/6/1993,,,77,215,TRUE,FALSE,FALSE,,,,Spencer Dinwiddie
203924,Jerami,Grant,3/12/1994,,,79,210,FALSE,FALSE,FALSE,,,,Jerami Grant
203926,Doug,McDermott,1/3/1992,,,78,225,,,,,,,Doug McDermott
203932,Aaron,Gordon,9/16/1995,,,80,235,FALSE,FALSE,FALSE,,,,Aaron Gordon
203935,Marcus,Smart,3/6/1994,Oklahoma State,USA,75,220,TRUE,FALSE,FALSE,2014,1,6,Marcus Smart
203937,Kyle,Anderson,9/20/1993,,,81,230,FALSE,TRUE,FALSE,,,,Kyle Anderson
203939,Dwight,Powell,7/20/1991,Stanford,Canada,82,240,FALSE,TRUE,TRUE,2014,2,45,Dwight Powell
203944,Julius,Randle,11/29/1994,,,81,250,FALSE,TRUE,FALSE,,,,Julius Randle
203952,Andrew,Wiggins,2/23/1995,,,79,210,FALSE,TRUE,FALSE,,,,Andrew Wiggins
203991,Clint,Capela,5/18/1994,,,82,256,FALSE,FALSE,TRUE,,,,Clint Capela
204060,Joe,Ingles,10/2/1987,,,80,220,TRUE,FALSE,FALSE,,,,Joe Ingles
1626145,Tyus,Jones,5/10/1996,,,73,196,FALSE,FALSE,FALSE,,,,Tyus Jones
1626153,Delon,Wright,4/26/1992,,,77,185,TRUE,FALSE,FALSE,,,,Delon Wright
1626156,D'Angelo,Russell,2/23/1996,,,75,193,FALSE,FALSE,FALSE,,,,D'Angelo Russell
1626157,Karl-Anthony,Towns,11/15/1995,,,84,248,FALSE,FALSE,FALSE,,,,Karl-Anthony Towns
1626162,Kelly,Oubre Jr.,12/9/1995,,,80,203,FALSE,FALSE,FALSE,,,,Kelly Oubre Jr.
1626164,Devin,Booker,10/30/1996,,,78,206,FALSE,FALSE,FALSE,,,,Devin Booker
1626167,Myles,Turner,3/24/1996,,,83,250,FALSE,FALSE,FALSE,,,,Myles Turner
1626171,Bobby,Portis,2/10/1995,,,82,250,FALSE,TRUE,FALSE,,,,Bobby Portis
1626172,Kevon,Looney,2/6/1996,,,81,222,,,,,,,Kevon Looney
1626179,Terry,Rozier,3/17/1994,,,73,195,TRUE,FALSE,FALSE,,,,Terry Rozier
1626181,Norman,Powell,5/25/1993,,,76,215,FALSE,FALSE,FALSE,,,,Norman Powell
1626192,Pat,Connaughton,1/6/1993,,,77,209,FALSE,TRUE,FALSE,,,,Pat Connaughton
1626204,Larry,Nance Jr.,1/1/1993,,,80,245,FALSE,TRUE,FALSE,,,,Larry Nance Jr.
1626220,Royce,O'Neale,6/5/1993,,,78,226,FALSE,TRUE,FALSE,,,,Royce O'Neale
1627734,Domantas,Sabonis,5/3/1996,,,82,240,FALSE,FALSE,FALSE,,,,Domantas Sabonis
1627739,Kris,Dunn,3/18/1994,,,75,205,FALSE,FALSE,FALSE,,,,Kris Dunn
1627741,Buddy,Hield,12/17/1992,,,76,220,TRUE,FALSE,FALSE,,,,Buddy Hield
1627742,Brandon,Ingram,9/2/1997,Duke,USA,80,190,FALSE,TRUE,FALSE,2016,1,2,Brandon Ingram
1627747,Caris,LeVert,8/25/1994,Michigan,USA,78,205,TRUE,FALSE,FALSE,2016,1,20,Caris LeVert
1627750,Jamal,Murray,2/23/1997,,,76,215,FALSE,FALSE,FALSE,,,,Jamal Murray
1627751,Jakob,Poeltl,10/15/1995,,,84,260,FALSE,FALSE,FALSE,,,,Jakob Poeltl
1627752,Taurean,Prince,3/22/1994,,,78,218,FALSE,FALSE,FALSE,,,,Taurean Prince
1627759,Jaylen,Brown,10/24/1996,,,78,223,FALSE,FALSE,FALSE,,,,Jaylen Brown
1627763,Malcolm,Brogdon,12/11/1992,Virginia,USA,76,229,TRUE,FALSE,FALSE,2016,2,36,Malcolm Brogdon
1627777,Georges,Niang,6/17/1993,,,79,230,FALSE,TRUE,FALSE,,,,Georges Niang
1627780,Gary,Payton II,12/1/1992,,,74,195,FALSE,TRUE,FALSE,,,,Gary Payton II
1627783,Pascal,Siakam,4/2/1994,,,80,245,FALSE,FALSE,FALSE,,,,Pascal Siakam
1627824,Guerschon,Yabusele,12/17/1995,,,80,265,FALSE,FALSE,FALSE,,,,Guerschon Yabusele
1627826,Ivica,Zubac,3/18/1997,,,84,240,FALSE,FALSE,FALSE,,,,Ivica Zubac
1627884,Derrick,Jones Jr.,2/15/1997,,,78,210,FALSE,FALSE,FALSE,,,,Derrick Jones Jr.
1627936,Alex,Caruso,2/28/1994,,,77,187,FALSE,TRUE,FALSE,,,,Alex Caruso
1628366,Lonzo,Ball,10/27/1997,,,78,190,FALSE,FALSE,FALSE,,,,Lonzo Ball
1628370,Malik,Monk,2/4/1998,,,75,200,FALSE,FALSE,FALSE,,,,Malik Monk
1628371,Jonathan,Isaac,10/3/1997,,,82,230,FALSE,TRUE,FALSE,,,,Jonathan Isaac
1628372,Dennis,Smith Jr.,11/25/1997,North Carolina State,USA,75,205,TRUE,FALSE,FALSE,2017,1,9,Dennis Smith Jr.
1628374,Lauri,Markkanen,5/22/1997,,,84,240,FALSE,FALSE,FALSE,,,,Lauri Markkanen
1628378,Donovan,Mitchell,9/7/1996,,,75,215,FALSE,FALSE,FALSE,,,,Donovan Mitchell
1628379,Luke,Kennard,6/24/1996,,,77,206,TRUE,FALSE,FALSE,,,,Luke Kennard
1628380,Zach,Collins,11/19/1997,,,83,250,FALSE,FALSE,TRUE,,,,Zach Collins
1628381,John,Collins,9/23/1997,,,81,226,FALSE,TRUE,FALSE,,,,John Collins
1628384,OG,Anunoby,7/17/1997,,,79,240,FALSE,FALSE,FALSE,,,,OG Anunoby
1628386,Jarrett,Allen,4/21/1998,,,81,243,FALSE,FALSE,FALSE,,,,Jarrett Allen
1628389,Bam,Adebayo,7/18/1997,,,81,260,FALSE,FALSE,FALSE,,,,Bam Adebayo
1628392,Isaiah,Hartenstein,5/5/1998,Zalgiris,Germany,84,267,FALSE,TRUE,TRUE,2017,2,43,Isaiah Hartenstein
1628396,Tony,Bradley,1/8/1998,North Carolina,USA,82,245,FALSE,TRUE,TRUE,2017,1,28,Tony Bradley
1628398,Kyle,Kuzma,7/24/1995,,,81,221,FALSE,FALSE,FALSE,,,,Kyle Kuzma
1628401,Derrick,White,7/2/1994,,,76,190,FALSE,FALSE,FALSE,,,,Derrick White
1628404,Josh,Hart,3/6/1995,,,76,215,FALSE,FALSE,FALSE,,,,Josh Hart
1628415,Dillon,Brooks,1/22/1996,,,78,225,FALSE,FALSE,FALSE,,,,Dillon Brooks
1628418,Thomas,Bryant,7/31/1997,,,82,248,FALSE,FALSE,TRUE,,,,Thomas Bryant
1628436,Luke,Kornet,7/15/1995,,,85,250,FALSE,FALSE,FALSE,,,,Luke Kornet
1628449,Chris,Boucher,1/11/1993,,,81,200,,,,,,,Chris Boucher
1628467,Maxi,Kleber,1/29/1992,,,82,240,,,,,,,Maxi Kleber
1628960,Grayson,Allen,10/8/1995,,,76,198,FALSE,TRUE,FALSE,,,,Grayson Allen
1628963,Marvin,Bagley III,3/14/1999,Duke,USA,82,235,FALSE,TRUE,FALSE,2018,1,2,Marvin Bagley III
1628964,Mo,Bamba,5/12/1998,,,84,231,FALSE,FALSE,TRUE,,,,Mo Bamba
1628969,Mikal,Bridges,8/30/1996,,,78,209,FALSE,FALSE,FALSE,,,,Mikal Bridges
1628970,Miles,Bridges,3/21/1998,,,79,225,FALSE,FALSE,FALSE,,,,Miles Bridges
1628971,Bruce,Brown,8/15/1996,,,76,202,TRUE,FALSE,FALSE,,,,Bruce Brown
1628973,Jalen,Brunson,8/31/1996,,,74,190,FALSE,FALSE,FALSE,,,,Jalen Brunson
1628975,Jevon,Carter,9/14/1995,,,73,200,TRUE,FALSE,FALSE,,,,Jevon Carter
1628976,Wendell,Carter Jr.,4/16/1999,,,82,270,FALSE,FALSE,FALSE,,,,Wendell Carter Jr.
1628978,Donte,DiVincenzo,1/31/1997,,,76,203,FALSE,FALSE,FALSE,,,,Donte DiVincenzo
1628983,Shai,Gilgeous-Alexander,7/12/1998,,,78,200,FALSE,FALSE,FALSE,,,,Shai Gilgeous-Alexander
1628988,Aaron,Holiday,9/30/1996,,,72,185,TRUE,FALSE,FALSE,,,,Aaron Holiday
1628989,Kevin,Huerter,8/27/1998,,,79,198,TRUE,FALSE,FALSE,,,,Kevin Huerter
1628991,Jaren,Jackson Jr.,9/15/1999,,,82,242,FALSE,FALSE,FALSE,,,,Jaren Jackson Jr.
1628997,Caleb,Martin,9/28/1995,Nevada,USA,77,205,FALSE,TRUE,FALSE,-1,-1,-1,Caleb Martin
1629001,De'Anthony,Melton,5/28/1998,,,75,200,FALSE,FALSE,FALSE,,,,De'Anthony Melton
1629006,Josh,Okogie,9/1/1998,,,76,213,FALSE,TRUE,FALSE,,,,Josh Okogie
1629008,Michael,Porter Jr.,6/29/1998,,,82,218,FALSE,FALSE,FALSE,,,,Michael Porter Jr.
1629011,Mitchell,Robinson,4/1/1998,Western Kentucky,USA,84,240,FALSE,TRUE,TRUE,2018,2,36,Mitchell Robinson
1629012,Collin,Sexton,1/4/1999,,,75,190,FALSE,FALSE,FALSE,,,,Collin Sexton
1629013,Landry,Shamet,3/13/1997,,,76,190,,,,,,,Landry Shamet
1629014,Anfernee,Simons,6/8/1999,,,75,200,FALSE,FALSE,FALSE,,,,Anfernee Simons
1629018,Gary,Trent Jr.,1/18/1999,,,77,204,TRUE,FALSE,FALSE,,,,Gary Trent Jr.
1629020,Jarred,Vanderbilt,4/3/1999,,,80,214,FALSE,FALSE,TRUE,,,,Jarred Vanderbilt
1629027,Trae,Young,9/19/1998,,,73,164,FALSE,FALSE,FALSE,,,,Trae Young
1629028,Deandre,Ayton,7/23/1998,Arizona,Bahamas,84,252,FALSE,FALSE,TRUE,2018,1,1,Deandre Ayton
1629057,Robert,Williams III,10/17/1997,,,81,249,FALSE,FALSE,FALSE,,,,Robert Williams III
1629060,Rui,Hachimura,2/8/1998,,,80,230,FALSE,FALSE,FALSE,,,,Rui Hachimura
1629111,Jock,Landale,10/25/1995,,,83,255,FALSE,FALSE,TRUE,,,,Jock Landale
1629130,Duncan,Robinson,4/22/1994,,,79,215,FALSE,FALSE,FALSE,,,,Duncan Robinson
1629162,Jordan,McLaughlin,4/9/1996,,,72,185,,,,,,,Jordan McLaughlin
1629216,Gabe,Vincent,7/14/1996,,,74,200,TRUE,FALSE,FALSE,,,,Gabe Vincent
1629234,Drew,Eubanks,2/1/1997,,,82,245,FALSE,FALSE,TRUE,,,,Drew Eubanks
1629312,Haywood,Highsmith,12/9/1996,,,77,215,FALSE,TRUE,FALSE,,,,Haywood Highsmith
1629599,Amir,Coffey,6/17/1997,,,79,210,FALSE,TRUE,FALSE,,,,Amir Coffey
1629611,Terance,Mann,10/18/1996,,,77,215,TRUE,FALSE,FALSE,,,,Terance Mann
1629614,Andrew,Nembhard,1/16/2000,,,76,191,FALSE,FALSE,FALSE,,,,Andrew Nembhard
1629618,Jalen,Pickett,10/22/1999,,,74,202,TRUE,FALSE,FALSE,,,,Jalen Pickett
1629622,Max,Strus,3/28/1996,,,77,215,FALSE,FALSE,FALSE,,,,Max Strus
1629628,RJ,Barrett,6/14/2000,,,78,214,FALSE,FALSE,FALSE,,,,RJ Barrett
1629630,Ja,Morant,8/10/1999,,,74,174,FALSE,FALSE,FALSE,,,,Ja Morant
1629631,De'Andre,Hunter,12/2/1997,,,80,221,FALSE,TRUE,FALSE,,,,De'Andre Hunter
1629632,Coby,White,2/16/2000,North Carolina,USA,77,195,TRUE,FALSE,FALSE,2019,1,7,Coby White
1629634,Brandon,Clarke,9/19/1996,,,80,215,FALSE,FALSE,TRUE,,,,Brandon Clarke
1629636,Darius,Garland,1/26/2000,,,73,192,FALSE,FALSE,FALSE,,,,Darius Garland
1629637,Jaxson,Hayes,5/23/2000,,,84,220,FALSE,FALSE,FALSE,,,,Jaxson Hayes
1629638,Nickeil,Alexander-Walker,9/2/1998,,,77,205,TRUE,FALSE,FALSE,,,,Nickeil Alexander-Walker
1629640,Keldon,Johnson,10/11/1999,,,77,220,,,,,,,Keldon Johnson
1629645,Kevin,Porter Jr.,5/4/2000,,,76,203,TRUE,FALSE,FALSE,,,,Kevin Porter Jr.
1629646,Charles,Bassey,10/28/2000,,,82,230,FALSE,FALSE,TRUE,,,,Charles Bassey
1629651,Nic,Claxton,4/17/1999,,,83,215,FALSE,FALSE,FALSE,,,,Nic Claxton
1629652,Luguentz,Dort,4/19/1999,,,76,222,FALSE,FALSE,FALSE,,,,Luguentz Dort
1629655,Daniel,Gafford,10/1/1998,,,82,234,FALSE,FALSE,FALSE,,,,Daniel Gafford
1629660,Ty,Jerome,7/8/1997,,,77,195,TRUE,FALSE,FALSE,,,,Ty Jerome
1629661,Cameron,Johnson,3/3/1996,,,80,210,FALSE,TRUE,FALSE,,,,Cameron Johnson
1629667,Jalen,McDaniels,1/31/1998,San Die State,USA,81,196,FALSE,TRUE,TRUE,2019,2,52,Jalen McDaniels
1629673,Jordan,Poole,6/19/1999,,,76,194,FALSE,FALSE,FALSE,,,,Jordan Poole
1629674,Neemias,Queta,7/13/1999,,,84,248,FALSE,TRUE,FALSE,,,,Neemias Queta
1629675,Naz,Reid,8/26/1999,,,81,264,FALSE,FALSE,FALSE,,,,Naz Reid
1629680,Matisse,Thybulle,3/4/1997,Washington,USA,77,201,TRUE,TRUE,FALSE,2019,1,20,Matisse Thybulle
1629716,Marques,Bolden,4/17/1998,Duke,USA,82,249,FALSE,FALSE,TRUE,2019,,,Marques Bolden
1629723,John,Konchar,3/22/1996,,,77,210,TRUE,FALSE,FALSE,,,,John Konchar
1629726,Garrison,Mathews,10/2/1996,,,78,215,,,,,,,Garrison Mathews
1629731,Dean,Wade,11/20/1996,,,81,228,FALSE,FALSE,FALSE,,,,Dean Wade
1629750,Javonte,Green,7/23/1993,,,77,205,FALSE,TRUE,FALSE,,,,Javonte Green
1630162,Anthony,Edwards,8/5/2001,,,76,225,TRUE,FALSE,FALSE,,,,Anthony Edwards
1630164,James,Wiseman,3/31/2001,Memphis,USA,83,240,FALSE,FALSE,TRUE,2020,1,2,James Wiseman
1630165,Killian,Hayes,7/27/2001,Ratiopharm Ulm,France,77,195,TRUE,FALSE,FALSE,2020,1,7,Killian Hayes
1630166,Deni,Avdija,1/3/2001,,,81,240,FALSE,FALSE,FALSE,,,,Deni Avdija
1630167,Obi,Toppin,3/4/1998,,,81,220,FALSE,TRUE,FALSE,,,,Obi Toppin
1630168,Onyeka,Okongwu,12/11/2000,,,82,240,FALSE,FALSE,FALSE,,,,Onyeka Okongwu
1630170,Devin,Vassell,8/23/2000,,,77,200,FALSE,FALSE,FALSE,,,,Devin Vassell
1630171,Isaac,Okoro,1/26/2001,Auburn,USA,77,225,TRUE,TRUE,FALSE,2020,1,5,Isaac Okoro
1630172,Patrick,Williams,8/26/2001,,,79,215,FALSE,FALSE,FALSE,,,,Patrick Williams
1630174,Aaron,Nesmith,10/16/1999,,,78,215,FALSE,TRUE,FALSE,,,,Aaron Nesmith
1630175,Cole,Anthony,5/15/2000,,,74,185,TRUE,FALSE,FALSE,,,,Cole Anthony
1630178,Tyrese,Maxey,10/4/2000,,,74,200,FALSE,FALSE,FALSE,,,,Tyrese Maxey
1630180,Saddiq,Bey,4/9/1999,Villanova,USA,79,215,FALSE,TRUE,FALSE,2020,1,19,Saddiq Bey
1630182,Josh,Green,11/16/2000,,,77,200,FALSE,FALSE,FALSE,,,,Josh Green
1630183,Jaden,McDaniels,9/29/2000,,,81,185,FALSE,FALSE,FALSE,,,,Jaden McDaniels
1630188,Jalen,Smith,3/16/2000,,,81,215,FALSE,FALSE,TRUE,,,,Jalen Smith
1630191,Isaiah,Stewart,5/22/2001,,,80,250,FALSE,FALSE,TRUE,,,,Isaiah Stewart
1630192,Zeke,Nnaji,1/9/2001,,,81,240,FALSE,TRUE,FALSE,,,,Zeke Nnaji
1630193,Immanuel,Quickley,6/17/1999,Kentucky,USA,74,190,TRUE,FALSE,FALSE,2020,1,25,Immanuel Quickley
1630194,Paul,Reed,6/26/1999,,,81,210,,,,,,,Paul Reed
1630198,Isaiah,Joe,7/2/1999,Arkansas,USA,77,178,TRUE,FALSE,FALSE,2020,2,49,Isaiah Joe
1630200,Tre,Jones,1/8/2000,,,73,185,TRUE,FALSE,FALSE,,,,Tre Jones
1630202,Payton,Pritchard,1/28/1998,,,73,195,TRUE,FALSE,FALSE,,,,Payton Pritchard
1630208,Nick,Richards,11/29/1997,,,84,245,FALSE,FALSE,FALSE,,,,Nick Richards
1630214,Xavier,Tillman,1/12/1999,,,79,245,FALSE,TRUE,FALSE,,,,Xavier Tillman
1630215,Jared,Butler,8/25/2000,Baylor,USA,75,193,TRUE,FALSE,FALSE,2021,2,40,Jared Butler
1630217,Desmond,Bane,6/25/1998,,,77,215,FALSE,FALSE,FALSE,,,,Desmond Bane
1630224,Jalen,Green,2/9/2002,,,76,186,FALSE,FALSE,FALSE,,,,Jalen Green
1630228,Jonathan,Kuminga,10/6/2002,,,79,225,FALSE,FALSE,FALSE,,,,Jonathan Kuminga
1630230,Naji,Marshall,1/24/1998,Xavier,USA,79,225,FALSE,TRUE,FALSE,-1,-1,-1,Naji Marshall
1630241,Sam,Merrill,5/15/1996,,,76,205,TRUE,FALSE,FALSE,,,,Sam Merrill
1630245,Ayo,Dosunmu,1/17/2000,,,77,200,FALSE,TRUE,FALSE,,,,Ayo Dosunmu
1630256,Jae'Sean,Tate,10/28/1995,,,76,230,FALSE,FALSE,TRUE,,,,Jae'Sean Tate
1630264,Anthony,Gill,10/17/1992,,,80,230,,,,,,,Anthony Gill
1630314,Brandon,Williams,11/22/1999,,,73,190,TRUE,FALSE,FALSE,,,,Brandon Williams
1630322,Lindy,Waters III,7/28/1997,,,78,210,,,,,,,Lindy Waters III
1630346,Matt,Ryan,4/17/1997,,,78,215,,,,,,,Matt Ryan
1630526,Jeremiah,Robinson-Earl,11/3/2000,,,81,234,FALSE,FALSE,FALSE,,,,Jeremiah Robinson-Earl
1630530,Trey,Murphy III,6/18/2000,,,80,206,FALSE,FALSE,FALSE,,,,Trey Murphy III
1630531,Jaden,Springer,9/25/2002,,,76,225,TRUE,FALSE,FALSE,,,,Jaden Springer
1630532,Franz,Wagner,8/27/2001,,,82,220,FALSE,FALSE,FALSE,,,,Franz Wagner
1630533,Ziaire,Williams,9/12/2001,,,81,185,FALSE,TRUE,FALSE,,,,Ziaire Williams
1630534,Ochai,Agbaji,4/20/2000,Kansas,USA,77,215,TRUE,FALSE,FALSE,2022,1,14,Ochai Agbaji
1630540,Miles,McBride,9/8/2000,,,73,195,TRUE,FALSE,FALSE,,,,Miles McBride
1630541,Moses,Moody,5/31/2002,,,77,211,FALSE,TRUE,FALSE,,,,Moses Moody
1630543,Isaiah,Jackson,1/10/2002,Kentucky,USA,81,205,FALSE,TRUE,FALSE,2021,1,22,Isaiah Jackson
1630545,Terrence,Shannon Jr.,7/30/2000,,,78,215,FALSE,TRUE,FALSE,,,,Terrence Shannon Jr.
1630548,Johnny,Juzang,3/17/2001,,,77,226,FALSE,TRUE,FALSE,,,,Johnny Juzang
1630549,Day'Ron,Sharpe,11/6/2001,,,81,265,FALSE,FALSE,TRUE,,,,Day'Ron Sharpe
1630551,Justin,Champagnie,6/29/2001,,,78,206,FALSE,TRUE,FALSE,,,,Justin Champagnie
1630552,Jalen,Johnson,12/18/2001,,,80,219,FALSE,FALSE,FALSE,,,,Jalen Johnson
1630557,Corey,Kispert,3/3/1999,,,78,224,,,,,,,Corey Kispert
1630558,Davion,Mitchell,9/5/1998,,,73,205,FALSE,FALSE,FALSE,,,,Davion Mitchell
1630559,Austin,Reaves,5/29/1998,,,77,197,FALSE,FALSE,FALSE,,,,Austin Reaves
1630560,Cam,Thomas,10/13/2001,Louisiana State,Japan,75,210,TRUE,FALSE,FALSE,2021,1,27,Cam Thomas
1630567,Scottie,Barnes,8/1/2001,,,79,237,FALSE,FALSE,FALSE,,,,Scottie Barnes
1630568,Luka,Garza,12/27/1998,,,82,243,,,,,,,Luka Garza
1630570,Trendon,Watford,11/9/2000,,,80,237,FALSE,TRUE,FALSE,,,,Trendon Watford
1630572,Sandro,Mamukelashvili,5/23/1999,,,81,240,,,,,,,Sandro Mamukelashvili
1630573,Sam,Hauser,12/8/1997,,,79,217,FALSE,TRUE,FALSE,,,,Sam Hauser
1630577,Julian,Champagnie,6/29/2001,,,79,217,TRUE,FALSE,FALSE,,,,Julian Champagnie
1630579,Jericho,Sims,10/20/1998,,,82,250,,,,,,,Jericho Sims
1630581,Josh,Giddey,10/10/2002,,,80,216,FALSE,FALSE,FALSE,,,,Josh Giddey
1630583,Santi,Aldama,1/10/2001,,,84,215,FALSE,TRUE,FALSE,,,,Santi Aldama
1630590,Scotty,Pippen Jr.,11/10/2000,,,73,170,TRUE,FALSE,FALSE,,,,Scotty Pippen Jr.
1630591,Jalen,Suggs,6/3/2001,,,77,205,FALSE,FALSE,FALSE,,,,Jalen Suggs
1630592,Jalen,Wilson,11/4/2000,,,78,220,FALSE,FALSE,FALSE,,,,Jalen Wilson
1630595,Cade,Cunningham,9/25/2001,,,78,220,FALSE,FALSE,FALSE,,,,Cade Cunningham
1630596,Evan,Mobley,6/18/2001,,,83,215,FALSE,FALSE,FALSE,,,,Evan Mobley
1630598,Aaron,Wiggins,1/2/1999,,,78,200,FALSE,FALSE,FALSE,,,,Aaron Wiggins
1630611,Gui,Santos,6/22/2002,,,78,185,FALSE,TRUE,FALSE,,,,Gui Santos
1630631,Jose,Alvarado,4/12/1998,,,72,179,TRUE,FALSE,FALSE,,,,Jose Alvarado
1630643,Jay,Huff,8/25/1997,,,85,240,FALSE,FALSE,TRUE,,,,Jay Huff
1630658,Colin,Castleton,5/25/2000,,,82,250,FALSE,TRUE,FALSE,,,,Colin Castleton
1630692,Jordan,Goodwin,10/23/1998,,,77,215,TRUE,FALSE,FALSE,,,,Jordan Goodwin
1630700,Dyson,Daniels,3/17/2003,,,79,199,FALSE,FALSE,FALSE,,,,Dyson Daniels
1630702,Jaden,Hardy,7/5/2002,,,76,198,,,,,,,Jaden Hardy
1630703,Scoot,Henderson,2/3/2004,,,75,206,TRUE,FALSE,FALSE,,,,Scoot Henderson
1630792,Malcolm,Hill,10/26/1995,Illinois,USA,78,225,FALSE,TRUE,FALSE,-1,-1,-1,Malcolm Hill
1630846,Olivier,Sarr,2/20/1999,Kentucky,France,83,240,FALSE,FALSE,TRUE,-1,-1,-1,Olivier Sarr
1631094,Paolo,Banchero,11/12/2002,,,82,250,FALSE,FALSE,FALSE,,,,Paolo Banchero
1631095,Jabari,Smith Jr.,5/13/2003,,,82,220,FALSE,TRUE,FALSE,,,,Jabari Smith Jr.
1631096,Chet,Holmgren,5/1/2002,nzaga,USA,85,213,FALSE,TRUE,TRUE,2022,1,2,Chet Holmgren
1631097,Bennedict,Mathurin,6/19/2002,,,77,210,FALSE,FALSE,FALSE,,,,Bennedict Mathurin
1631099,Keegan,Murray,8/19/2000,,,80,225,FALSE,FALSE,FALSE,,,,Keegan Murray
1631101,Shaedon,Sharpe,5/30/2003,,,77,208,TRUE,FALSE,FALSE,,,,Shaedon Sharpe
1631103,Malaki,Branham,5/12/2003,,,76,180,,,,,,,Malaki Branham
1631104,Blake,Wesley,3/16/2003,,,75,205,,,,,,,Blake Wesley
1631105,Jalen,Duren,11/18/2003,,,82,250,FALSE,FALSE,FALSE,,,,Jalen Duren
1631106,Tari,Eason,5/10/2001,,,80,215,FALSE,TRUE,FALSE,,,,Tari Eason
1631108,Max,Christie,2/10/2003,,,77,205,FALSE,FALSE,FALSE,,,,Max Christie
1631109,Mark,Williams,12/16/2001,,,84,240,FALSE,FALSE,FALSE,,,,Mark Williams
1631110,Jeremy,Sochan,5/20/2003,,,80,230,FALSE,TRUE,FALSE,,,,Jeremy Sochan
1631111,Wendell,Moore Jr.,9/18/2001,,,77,215,,,,,,,Wendell Moore Jr.
1631112,Kendall,Brown,5/11/2003,Baylor,USA,80,200,TRUE,FALSE,FALSE,2022,2,48,Kendall Brown
1631113,Kennedy,Chandler,9/16/2002,Tennessee,USA,71,170,TRUE,FALSE,FALSE,2022,2,38,Kennedy Chandler
1631114,Jalen,Williams,4/14/2001,,,78,220,FALSE,FALSE,FALSE,,,,Jalen Williams
1631117,Walker,Kessler,7/26/2001,,,84,245,FALSE,FALSE,FALSE,,,,Walker Kessler
1631119,Jaylin,Williams,6/29/2002,,,82,241,FALSE,FALSE,FALSE,,,,Jaylin Williams
1631124,Julian,Strawther,4/18/2002,,,78,205,TRUE,FALSE,FALSE,,,,Julian Strawther
1631128,Christian,Braun,4/17/2001,,,78,220,FALSE,FALSE,FALSE,,,,Christian Braun
1631157,Ryan,Rollins,7/3/2002,,,75,180,TRUE,FALSE,FALSE,,,,Ryan Rollins
1631159,Leonard,Miller,11/26/2003,,,82,220,,,,,,,Leonard Miller
1631165,Keon,Ellis,1/8/2000,,,76,175,TRUE,FALSE,FALSE,,,,Keon Ellis
1631166,Drew,Timme,9/9/2000,Gonzaga,USA,82,235,FALSE,FALSE,FALSE,-22,-22,-22,Drew Timme
1631169,Josh,Minott,11/25/2002,,,80,205,,,,,,,Josh Minott
1631170,Jaime,Jaquez Jr.,2/18/2001,,,78,230,FALSE,TRUE,FALSE,,,,Jaime Jaquez Jr.
1631172,Ousmane,Dieng,5/21/2003,,,82,223,FALSE,TRUE,FALSE,,,,Ousmane Dieng
1631197,Jared,Rhoden,8/27/1999,Seton Hall,USA,77,210,FALSE,FALSE,FALSE,-22,-22,-22,Jared Rhoden
1631199,Ron,Harper Jr.,4/12/2000,,,77,239,,,,,,,Ron Harper Jr.
1631200,Kris,Murray,8/19/2000,,,80,216,FALSE,TRUE,FALSE,,,,Kris Murray
1631204,Marcus,Sasser,9/21/2000,,,74,195,TRUE,FALSE,FALSE,,,,Marcus Sasser
1631207,Dalen,Terry,7/12/2002,,,79,195,FALSE,TRUE,FALSE,,,,Dalen Terry
1631212,Peyton,Watson,9/11/2002,,,79,200,FALSE,TRUE,FALSE,,,,Peyton Watson
1631213,Tyrese,Martin,3/7/1999,,,78,215,FALSE,FALSE,FALSE,,,,Tyrese Martin
1631216,Caleb,Houstan,1/9/2003,,,80,205,FALSE,TRUE,FALSE,,,,Caleb Houstan
1631218,Trayce,Jackson-Davis,2/22/2000,,,81,245,FALSE,FALSE,FALSE,,,,Trayce Jackson-Davis
1631221,Collin,Gillespie,6/25/1999,,,73,195,TRUE,FALSE,FALSE,,,,Collin Gillespie
1631222,Jake,LaRavia,11/3/2001,,,79,235,,,,,,,Jake LaRavia
1631223,David,Roddy,3/27/2001,,,77,255,,,,,,,David Roddy
1631243,Mouhamed,Gueye,11/9/2002,Washington State,Senegal,82,210,FALSE,TRUE,FALSE,2023,2,39,Mouhamed Gueye
1631246,Vince,Williams Jr.,8/30/2000,,,76,205,FALSE,TRUE,FALSE,,,,Vince Williams Jr.
1631248,Baylor,Scheierman,9/26/2000,,,78,205,FALSE,TRUE,FALSE,,,,Baylor Scheierman
1631323,Simone,Fontecchio,12/9/1995,,,79,209,,,,,,,Simone Fontecchio
1631338,Mouhamadou,Gueye,7/6/1998,Pittsburgh,USA,81,210,,,,-1,-1,-1,Mouhamadou Gueye
1631466,Nate,Williams,2/12/1999,,,77,205,,,,,,,Nate Williams
1641705,Victor,Wembanyama,1/4/2004,,,87,235,FALSE,FALSE,FALSE,,,,Victor Wembanyama
1641707,Taylor,Hendricks,11/22/2003,,,81,215,FALSE,FALSE,FALSE,,,,Taylor Hendricks
1641708,Amen,Thompson,1/30/2003,,,79,200,FALSE,FALSE,FALSE,,,,Amen Thompson
1641709,Ausar,Thompson,1/30/2003,,,78,205,FALSE,FALSE,FALSE,,,,Ausar Thompson
1641710,Anthony,Black,1/24/2004,,,79,200,FALSE,FALSE,FALSE,,,,Anthony Black
1641711,Gradey,Dick,11/20/2003,,,78,200,FALSE,FALSE,FALSE,,,,Gradey Dick
1641712,Rayan,Rupert,5/31/2004,,,78,195,,,,,,,Rayan Rupert
1641713,GG,Jackson,12/17/2004,,,81,210,FALSE,TRUE,FALSE,,,,GG Jackson
1641715,Cam,Whitmore,7/8/2004,,,79,230,FALSE,TRUE,FALSE,,,,Cam Whitmore
1641716,Jarace,Walker,9/4/2003,,,79,235,FALSE,TRUE,FALSE,,,,Jarace Walker
1641717,Cason,Wallace,11/7/2003,,,76,200,TRUE,FALSE,FALSE,,,,Cason Wallace
1641718,Keyonte,George,11/8/2003,,,76,185,FALSE,FALSE,FALSE,,,,Keyonte George
1641722,Jordan,Hawkins,4/29/2002,,,77,190,TRUE,FALSE,FALSE,,,,Jordan Hawkins
1641723,Kobe,Bufkin,9/21/2003,Michigan,USA,76,195,TRUE,FALSE,FALSE,2023,1,15,Kobe Bufkin
1641724,Jett,Howard,9/14/2003,,,78,215,,,,,,,Jett Howard
1641726,Dereck,Lively II,2/12/2004,Duke,USA,85,234,FALSE,FALSE,TRUE,2023,1,12,Dereck Lively II
1641727,Dariq,Whitehead,8/1/2004,,,78,220,,,,,,,Dariq Whitehead
1641729,Brice,Sensabaugh,10/30/2003,,,77,235,FALSE,TRUE,FALSE,,,,Brice Sensabaugh
1641730,Noah,Clowney,7/14/2004,,,81,210,FALSE,FALSE,FALSE,,,,Noah Clowney
1641731,Bilal,Coulibaly,7/26/2004,,,80,195,FALSE,FALSE,FALSE,,,,Bilal Coulibaly
1641734,Emoni,Bates,1/28/2004,,,80,202,,,,,,,Emoni Bates
1641737,Adem,Bona,3/28/2003,,,82,235,FALSE,FALSE,TRUE,,,,Adem Bona
1641738,Kobe,Brown,1/1/2000,,,79,250,,,,,,,Kobe Brown
1641739,Toumani,Camara,5/8/2000,,,79,229,FALSE,FALSE,FALSE,,,,Toumani Camara
1641740,Jaylen,Clark,10/13/2001,,,76,205,FALSE,TRUE,FALSE,,,,Jaylen Clark
1641744,Zach,Edey,5/14/2002,,,88,305,FALSE,FALSE,FALSE,,,,Zach Edey
1641747,DaRon,Holmes II,9/15/2002,,,82,225,,,,,,,DaRon Holmes II
1641748,Andre,Jackson Jr.,11/13/2001,,,78,209,FALSE,FALSE,FALSE,,,,Andre Jackson Jr.
1641752,Bobi,Klintman,3/6/2003,Cairns,Sweden,81,225,FALSE,TRUE,FALSE,2024,2,37,Bobi Klintman
1641753,Chris,Livingston,10/15/2003,,,78,220,FALSE,FALSE,TRUE,,,,Chris Livingston
1641763,Julian,Phillips,11/5/2003,,,80,198,FALSE,TRUE,FALSE,,,,Julian Phillips
1641764,Brandin,Podziemski,2/25/2003,,,76,205,FALSE,TRUE,FALSE,,,,Brandin Podziemski
1641767,Ben,Sheppard,7/16/2001,,,78,190,TRUE,FALSE,FALSE,,,,Ben Sheppard
1641775,Jordan,Walsh,3/3/2004,,,78,205,,,,,,,Jordan Walsh
1641777,Charles,Bediako,3/10/2002,Alabama,Canada,84,225,FALSE,FALSE,FALSE,-22,-22,-22,Charles Bediako
1641778,Leaky,Black,6/14/1999,North Carolina,USA,78,209,FALSE,TRUE,FALSE,-22,-22,-22,Leaky Black
1641779,Jalen,Bridges,5/14/2001,Baylor,USA,79,213,FALSE,TRUE,FALSE,-22,-22,-22,Jalen Bridges
1641783,Tristan,da Silva,5/15/2001,,,80,217,FALSE,TRUE,FALSE,,,,Tristan da Silva
1641789,Jazian,Gortman,4/14/2003,,,73,175,,,,,,,Jazian Gortman
1641794,Dillon,Jones,10/29/2001,,,77,235,FALSE,TRUE,FALSE,,,,Dillon Jones
1641795,Taevion,Kinsey,3/10/2000,,,77,190,,,,,,,Taevion Kinsey
1641796,Pelle,Larsson,2/23/2001,,,77,215,FALSE,FALSE,FALSE,,,,Pelle Larsson
1641817,Anton,Watson,10/6/2000,,,80,225,,,,,,,Anton Watson
1641824,Matas,Buzelis,10/13/2004,,,82,209,FALSE,TRUE,FALSE,,,,Matas Buzelis
1641854,Craig,Porter Jr.,2/26/2000,,,73,180,TRUE,FALSE,FALSE,,,,Craig Porter Jr.
1641871,Duop,Reath,6/26/1996,,,81,245,,,,,,,Duop Reath
1641890,Tyler,Smith,11/2/2004,,,81,224,,,,,,,Tyler Smith
1642046,Miller,Kopp,11/24/1998,Indiana,USA,79,215,FALSE,FALSE,FALSE,-22,-22,-22,Miller Kopp
1642258,Zaccharie,Risacher,4/8/2005,,,80,200,FALSE,TRUE,FALSE,,,,Zaccharie Risacher
1642259,Alex,Sarr,4/26/2005,,,84,205,FALSE,FALSE,FALSE,,,,Alex Sarr
1642261,Dalton,Knecht,4/19/2001,,,78,215,FALSE,TRUE,FALSE,,,,Dalton Knecht
1642262,Cody,Williams,11/20/2004,,,79,190,FALSE,TRUE,FALSE,,,,Cody Williams
1642263,Reed,Sheppard,6/24/2004,,,74,185,TRUE,FALSE,FALSE,,,,Reed Sheppard
1642264,Stephon,Castle,11/1/2004,,,78,215,FALSE,FALSE,FALSE,,,,Stephon Castle
1642265,Rob,Dillingham,1/4/2005,,,75,175,TRUE,FALSE,FALSE,,,,Rob Dillingham
1642266,Ja'Kobe,Walter,9/4/2004,,,77,180,FALSE,TRUE,FALSE,,,,Ja'Kobe Walter
1642267,Bub,Carrington,7/21/2005,,,76,190,TRUE,FALSE,FALSE,,,,Bub Carrington
1642268,Isaiah,Collier,10/8/2004,,,75,210,TRUE,FALSE,FALSE,,,,Isaiah Collier
1642269,Devin,Carter,3/18/2002,,,74,195,,,,,,,Devin Carter
1642270,Donovan,Clingan,2/23/2004,,,86,280,FALSE,FALSE,TRUE,,,,Donovan Clingan
1642271,Kyle,Filipowski,10/7/2003,,,83,250,FALSE,FALSE,TRUE,,,,Kyle Filipowski
1642273,Kyshawn,George,12/12/2003,,,80,200,FALSE,FALSE,FALSE,,,,Kyshawn George
1642274,Yves,Missi,5/14/2004,,,83,235,FALSE,FALSE,FALSE,,,,Yves Missi
1642276,Kel'el,Ware,4/20/2004,,,84,240,FALSE,FALSE,FALSE,,,,Kel'el Ware
1642277,Johnny,Furphy,12/8/2004,,,81,200,,,,,,,Johnny Furphy
1642278,Tyler,Kolek,3/27/2001,,,75,195,,,,,,,Tyler Kolek
1642281,Jaylon,Tyson,12/2/2002,,,78,215,FALSE,TRUE,FALSE,,,,Jaylon Tyson
1642285,Cam,Spencer,4/6/2000,Connecticut,USA,76,205,TRUE,FALSE,FALSE,2024,2,53,Cam Spencer
1642345,Oso,Ighodaro,7/14/2002,,,84,235,FALSE,FALSE,TRUE,,,,Oso Ighodaro
1642346,Ryan,Dunn,1/7/2003,,,80,216,FALSE,FALSE,FALSE,,,,Ryan Dunn
1642347,Jamal,Shead,7/24/2002,,,73,200,TRUE,FALSE,FALSE,,,,Jamal Shead
1642348,Justin,Edwards,12/16/2003,,,79,203,FALSE,TRUE,FALSE,,,,Justin Edwards
1642349,Ajay,Mitchell,6/25/2002,California-Santa Barbara,Belgium,76,205,TRUE,FALSE,FALSE,2024,2,38,Ajay Mitchell
1642352,Keshad,Johnson,6/23/2001,,,78,230,,,,,,,Keshad Johnson
1642353,Cam,Christie,7/24/2005,,,78,190,,,,,,,Cam Christie
1642355,Bronny,James,10/6/2004,,,75,210,TRUE,FALSE,FALSE,,,,Bronny James
1642358,AJ,Johnson,12/1/2004,,,77,160,FALSE,TRUE,FALSE,,,,AJ Johnson
1642366,Quinten,Post,3/21/2000,,,84,238,FALSE,FALSE,TRUE,,,,Quinten Post
1642367,Jonathan,Mogbo,10/29/2001,San Francisco,USA,81,225,FALSE,TRUE,FALSE,2024,2,31,Jonathan Mogbo
1642368,N'Faly,Dante,10/19/2001,Oregon,Mali,83,230,FALSE,FALSE,TRUE,-22,-22,-22,N'Faly Dante
1642377,Jaylen,Wells,8/26/2003,,,80,205,FALSE,FALSE,FALSE,,,,Jaylen Wells
1642400,Tristan,Enaruna,6/26/2001,,,80,220,,,,,,,Tristan Enaruna
1642403,Isaac,Jones,7/11/2000,Washington State,USA,81,245,FALSE,TRUE,FALSE,-22,-22,-22,Isaac Jones
1642419,Jamison,Battle,5/10/2001,Ohio State,USA,79,220,FALSE,TRUE,FALSE,-22,-22,-22,Jamison Battle
1642444,Jaylin,Williams,6/29/2002,,,82,241,,,,,,,Jaylin Williams
1642502,Malevy,Leons,9/23/1999,Bradley,Netherlands,81,203,FALSE,FALSE,FALSE,-22,-22,-22,Malevy Leons
1642504,Cormac,Ryan,10/26/1998,North Carolina,USA,77,195,FALSE,FALSE,FALSE,-22,-22,-22,Cormac Ryan
196294542,Guerschon,Yabusele,12/17/1995,,,80,265,FALSE,TRUE,FALSE,,,,Guerschon Yabusele
196294555,Akoldah,Gak,7/12/2002,,,83,225,FALSE,FALSE,TRUE,,,,Akoldah Gak
196294560,Bobi,Klintman,3/6/2003,,,81,225,FALSE,TRUE,FALSE,,,,Bobi Klintman
196295093,Noa,Essengue,12/18/2006,,,82,200,FALSE,FALSE,FALSE,,,,Noa Essengue
196295100,Ben,Saraf,4/14/2006,,,78,200,FALSE,FALSE,FALSE,,,,Ben Saraf
1629684,Grant,Williams,11/30/1998,,,78,236,,,,,,,Grant Williams
1630529,Herbert,Jones,10/6/1998,,,80,210,,,,,,,Herbert Jones
203109,Jae,Crowder,6/6/1990,,,78,235,,,,,,,Jae Crowder
201949,James,Johnson,2/20/1987,,,79,240,,,,,,,James Johnson
1628369,Jayson,Tatum,3/3/1998,,,80,210,,,,,,,Jayson Tatum
202685,Jonas,Valanciunas,5/6/1992,,,83,265,,,,,,,Jonas Valanciunas
1626196,Josh,Rischardson,9/15/1993,,,77,200,,,,,,,Josh Rischardson
203994,Jusuf,Nurkic,8/23/1994,,,84,290,,,,,,,Jusuf Nurkic
1628966,Keita,Bates-Diop,1/23/1996,,,80,229,,,,,,,Keita Bates-Diop
1629026,Kenrich,Williams,12/2/1994,,,79,210,,,,,,,Kenrich Williams
1628995,Kevin,Knox II,8/11/1999,,,79,215,,,,,,,Kevin Knox II
204001,Kristaps,Porzingis,8/2/1995,,,86,240,FALSE,FALSE,TRUE,,,,Kristaps Porzingis
202681,Kyrie,Irving,3/23/1992,,,74,195,,,,,,,Kyrie Irving
1630163,LaMelo,Ball,8/22/2001,,,79,180,,,,,,,LaMelo Ball
1629022,Lonnie,Walker IV,12/14/1998,,,76,204,,,,,,,Lonnie Walker IV
1627736,Malik,Beasley,11/26/1996,,,76,187,,,,,,,Malik Beasley
202693,Markieff,Morris,9/2/1989,,,81,245,,,,,,,Markieff Morris
201144,Mike,Conley,10/11/1987,,,72,175,,,,,,,Mike Conley
1628420,Monte,Morris,6/27/1995,,,74,183,,,,,,,Monte Morris
2403,Nene,Hilario,9/13/1982,,,83,250,,,,,,,Nene Hilario
203999,Nikola,Jokic,2/19/1995,,,83,284,,,,,,,Nikola Jokic
202696,Nikola,Vucevic,10/24/1990,,,82,260,,,,,,,Nikola Vucevic
200782,P.J.,Tucker,5/5/1985,,,77,245,,,,,,,P.J. Tucker
1629023,P.J.,Washington,8/23/1998,,,77,230,,,,,,,P.J. Washington
201988,Patty,Mills,8/11/1988,,,74,180,,,,,,,Patty Mills
202331,Paul,George,5/2/1990,,,80,220,,,,,,,Paul George
1630173,Precious,Achiuwa,9/19/1999,,,80,225,,,,,,,Precious Achiuwa
1629656,Quentin,Grimes,5/8/2000,,,77,205,,,,,,,Quentin Grimes
202704,Reggie,Jackson,4/16/1990,,,74,208,,,,,,,Reggie Jackson
1626158,Richaun,Holmes,10/15/1993,,,82,235,,,,,,,Richaun Holmes
201566,Russell,Westbrook,11/12/1988,,,76,200,,,,,,,Russell Westbrook
1629003,Shake,Milton,9/26/1996,,,77,205,,,,,,,Shake Milton
1629004,Svi,Mykhailiuk,6/10/1997,,,79,205,,,,,,,Svi Mykhailiuk
204456,T.J.,McConnell,3/25/1992,,,73,190,,,,,,,T.J. McConnell
201959,Taj,Gibson,6/24/1985,,,79,232,,,,,,,Taj Gibson
1629659,Talen,Horton-Tucker,11/25/2000,,,76,234,,,,,,,Talen Horton-Tucker
1626168,Trey,Lyles,11/5/1995,,,81,234,,,,,,,Trey Lyles
202684,Tristan,Thompson,3/13/1991,,,81,254,,,,,,,Tristan Thompson
1629639,Tyler,Herro,1/20/2000,,,77,195,,,,,,,Tyler Herro
1630169,Tyrese,Haliburton,2/29/2000,,,77,185,,,,,,,Tyrese Haliburton
1629627,Zion,Williamson,7/6/2000,,,78,284,,,,,,,Zion Williamson
