playerName,seasonStartYear, salary 
A.C. Green,1990,"1,750,000.00"
A.J. English,1990,"275,000.00"
A.J. Wynder,1990,"30,000.00"
Adrian Caldwell,1990,"275,000.00"
Adrian Dantley,1990,"400,000.00"
Alaa Abdelnaby,1990,"395,000.00"
Alan Bannister,1990,"50,000.00"
Alan Ogg,1990,"130,000.00"
Alec Kessler,1990,"1,600,000.00"
Alex English,1990,"1,500,000.00"
Alexander Volkov,1990,"650,000.00"
Alton Lister,1990,"1,700,000.00"
Alvin Robertson,1990,"870,000.00"
Andre Turner,1990,"110,000.00"
Andrew Lang,1990,"600,000.00"
Andy Toolson,1990,"120,000.00"
Anthony Cook,1990,"370,000.00"
Anthony Frederick,1990,"30,000.00"
Antoine Carr,1990,"610,000.00"
Armen Gilliam,1990,"1,200,000.00"
Avery Johnson,1990,"50,000.00"
Benoit Benjamin,1990,"1,750,000.00"
Bernard King,1990,"1,600,000.00"
Bill Cartwright,1990,"1,100,000.00"
Bill Hanzlik,1990,"510,000.00"
Bill Laimbeer,1990,"1,510,000.00"
Bill Wennington,1990,"700,000.00"
Billy Thompson,1990,"400,000.00"
Bimbo Coles,1990,"290,000.00"
BJ Armstrong,1990,"425,000.00"
Blair Rasmussen,1990,"2,185,000.00"
Blue Edwards,1990,"360,000.00"
Bo Kimble,1990,"950,000.00"
Bob Hansen,1990,"550,000.00"
Bob Thornton,1990,"335,000.00"
Brad Daugherty,1990,"1,320,000.00"
Brad Davis,1990,"600,000.00"
Brad Lohaus,1990,"1,275,000.00"
Brian Oliver,1990,"455,000.00"
Brian Quinnett,1990,"360,000.00"
Brian Shaw,1990,"1,212,000.00"
Buck Johnson,1990,"675,000.00"
Buck Williams,1990,"1,550,000.00"
Byron Irvin,1990,"375,000.00"
Byron Scott,1990,"1,100,000.00"
Cedric Ceballos,1990,"175,000.00"
Charles Barkley,1990,"2,900,000.00"
Charles Jones,1990,"675,000.00"
Charles Oakley,1990,"1,050,000.00"
Charles Smith,1990,"1,000,000.00"
Chris Dudley,1990,"950,000.00"
Chris Morris,1990,"750,000.00"
Chris Mullin,1990,"2,850,000.00"
Chuck Person,1990,"2,150,000.00"
Chucky Brown,1990,"630,000.00"
Cliff Levingston,1990,"750,000.00"
Cliff Robinson,1990,"250,000.00"
Clyde Drexler,1990,"1,180,000.00"
Craig Ehlo,1990,"925,000.00"
Craig Hodges,1990,"600,000.00"
Dale Ellis,1990,"1,250,000.00"
Dan Majerle,1990,"430,000.00"
Dana Barros,1990,"500,000.00"
Danny Ainge,1990,"725,000.00"
Danny Ferry,1990,"2,640,000.00"
Danny Manning,1990,"2,200,000.00"
Danny Schayes,1990,"1,500,000.00"
Danny Young,1990,"450,000.00"
Darnell Valentine,1990,"100,000.00"
Darrell Griffith,1990,"850,000.00"
Darrell Walker,1990,"610,000.00"
Dave Corzine,1990,"300,000.00"
Dave Feitl,1990,"275,000.00"
Dave Greenwood,1990,"650,000.00"
Dave Hoppen,1990,"400,000.00"
Dave Jamerson,1990,"650,000.00"
Dave Popson,1990,"80,000.00"
David Robinson,1990,"2,265,000.00"
David Wingate,1990,"750,000.00"
David Wood,1990,"300,000.00"
Dee Brown,1990,"547,000.00"
Delaney Rudd,1990,"215,000.00"
Dell Curry,1990,"900,000.00"
Dennis Hopson,1990,"915,000.00"
Dennis Rodman,1990,"880,000.00"
Dennis Scott,1990,"1,560,000.00"
Derek Harper,1990,"1,519,000.00"
Derek Smith,1990,"315,000.00"
Derrick Chievous,1990,"525,000.00"
Derrick Coleman,1990,"2,100,000.00"
Derrick Gervin,1990,"155,000.00"
Derrick McKey,1990,"962,000.00"
Detlef Schrempf,1990,"1,160,000.00"
Doc Rivers,1990,"895,000.00"
Dominique Wilkins,1990,"2,065,000.00"
Doug West,1990,"230,000.00"
Drazen Petrovic,1990,"1,200,000.00"
Duane Causwell,1990,"650,000.00"
Duane Ferrell,1990,"125,000.00"
Dwayne Schintzius,1990,"520,000.00"
Ed Nealy,1990,"550,000.00"
Ed Pinckney,1990,"750,000.00"
Eddie Johnson,1990,"1,000,000.00"
Eddie Lee Wilkins,1990,"400,000.00"
Elden Campbell,1990,"575,000.00"
Eric Leckner,1990,"485,000.00"
Fat Lever,1990,"1,519,000.00"
Felton Spencer,1990,"1,070,000.00"
Frank Brickowski,1990,"905,000.00"
Frank Kornet,1990,"225,000.00"
Fred Roberts,1990,"690,000.00"
Gary Grant,1990,"530,000.00"
Gary Leonard,1990,"200,000.00"
Gary Payton,1990,"1,685,000.00"
George McCloud,1990,"940,000.00"
Gerald Glass,1990,"575,000.00"
Gerald Henderson,1990,"125,000.00"
Gerald Paddio,1990,"120,000.00"
Gerald Wilkins,1990,"725,000.00"
Glen Rice,1990,"1,550,000.00"
Grant Long,1990,"300,000.00"
Greg Anderson,1990,"1,365,000.00"
Greg Dreiling,1990,"300,000.00"
Greg Foster,1990,"275,000.00"
Greg Grant,1990,"300,000.00"
Greg Kite,1990,"480,000.00"
Hakeem Olajuwon,1990,"3,175,000.00"
Harvey Grant,1990,"475,000.00"
Haywoode Workman,1990,"120,000.00"
Henry James,1990,"75,000.00"
Herb Williams,1990,"1,000,000.00"
Hersey Hawkins,1990,"1,000,000.00"
Horace Grant,1990,"1,000,000.00"
Hot Rod Williams,1990,"3,785,000.00"
Ian Lockhart,1990,"130,000.00"
Irving Thomas,1990,"120,000.00"
Isiah Thomas,1990,"2,720,000.00"
J.R. Reid,1990,"1,250,000.00"
Jack Haley,1990,"360,000.00"
Jack Sikma,1990,"1,600,000.00"
James Donaldson,1990,"880,000.00"
James Edwards,1990,"935,000.00"
James Worthy,1990,"1,600,000.00"
Jay Humphries,1990,"650,000.00"
Jayson Williams,1990,"500,000.00"
Jeff Grayer,1990,"605,000.00"
Jeff Hornacek,1990,"1,100,000.00"
Jeff Malone,1990,"915,000.00"
Jeff Martin,1990,"210,000.00"
Jeff Turner,1990,"410,000.00"
Jerome Kersey,1990,"550,000.00"
Jerome Lane,1990,"500,000.00"
Jerrod Mustaf,1990,"565,000.00"
Jerry Reynolds,1990,"450,000.00"
Jim Grandholm,1990,"115,000.00"
Jim Petersen,1990,"1,235,000.00"
Joe Barry Carroll,1990,"350,000.00"
Joe Dumars,1990,"1,035,000.00"
Joe Kleine,1990,"850,000.00"
Joe Wolf,1990,"990,000.00"
John Bagley,1990,"550,000.00"
John Battle,1990,"590,000.00"
John Long,1990,"150,000.00"
John Morton,1990,"350,000.00"
John Paxson,1990,"385,000.00"
John Salley,1990,"575,000.00"
John Shasky,1990,"150,000.00"
John Starks,1990,"120,000.00"
John Stockton,1990,"2,000,000.00"
John Williams,1990,"1,000,000.00"
Johnny Dawkins,1990,"1,500,000.00"
Johnny Newman,1990,"1,200,000.00"
Jon Koncak,1990,"1,550,000.00"
Jon Sundvold,1990,"335,000.00"
Jud Buechler,1990,"225,000.00"
Karl Malone,1990,"2,260,000.00"
Keith Askins,1990,"150,000.00"
Kelly Tripucka,1990,"1,000,000.00"
Kelvin Upshaw,1990,"30,000.00"
Ken Bannister,1990,"400,000.00"
Ken Norman,1990,"1,050,000.00"
Kendall Gill,1990,"1,500,000.00"
Kennard Winchester,1990,"120,000.00"
Kenny Battle,1990,"350,000.00"
Kenny Gattison,1990,"355,000.00"
Kenny Payne,1990,"400,000.00"
Kenny Smith,1990,"700,000.00"
Kenny Walker,1990,"875,000.00"
Kenny Williams,1990,"175,000.00"
Kevin Duckworth,1990,"1,710,000.00"
Kevin Edwards,1990,"425,000.00"
Kevin Gamble,1990,"375,000.00"
Kevin Johnson,1990,"1,750,000.00"
Kevin McHale,1990,"1,400,000.00"
Kevin Pritchard,1990,"185,000.00"
Kevin Willis,1990,"685,000.00"
Kiki Vandeweghe,1990,"1,025,000.00"
Kurk Lee,1990,"120,000.00"
Kurt Rambis,1990,"900,000.00"
Lance Blanks,1990,"365,000.00"
Larry Bird,1990,"1,500,000.00"
Larry Drew,1990,"550,000.00"
Larry Krystkowiak,1990,"605,000.00"
Larry Nance,1990,"1,260,000.00"
Larry Smith,1990,"800,000.00"
LaSalle Thompson,1990,"2,000,000.00"
Ledell Eackles,1990,"605,000.00"
Les Jepsen,1990,"505,000.00"
Lester Conner,1990,"900,000.00"
Lionel Simmons,1990,"930,000.00"
Loy Vaught,1990,"825,000.00"
Magic Johnson,1990,"2,400,000.00"
Mahmoud Abdul-Rauf,1990,"1,660,000.00"
Manute Bol,1990,"1,300,000.00"
Marcus Liberty,1990,"210,000.00"
Mario Elie,1990,"50,000.00"
Mark Acres,1990,"437,000.00"
Mark Aguirre,1990,"1,115,000.00"
Mark Alarie,1990,"500,000.00"
Mark Bryant,1990,"405,000.00"
Mark Eaton,1990,"2,000,000.00"
Mark Jackson,1990,"1,785,000.00"
Mark Price,1990,"1,400,000.00"
Mark West,1990,"875,000.00"
Matt Bullard,1990,"120,000.00"
Maurice Cheeks,1990,"1,000,000.00"
Michael Adams,1990,"825,000.00"
Michael Ansley,1990,"200,000.00"
Michael Cage,1990,"910,000.00"
Michael Jordan,1990,"2,500,000.00"
Michael Smith,1990,"525,000.00"
Micheal Williams,1990,"325,000.00"
Mike Brown,1990,"650,000.00"
Mike Gminski,1990,"1,650,000.00"
Mike Sanders,1990,"760,000.00"
Mike Smrek,1990,"325,000.00"
Milos Babic,1990,"200,000.00"
Mitch Richmond,1990,"850,000.00"
Mookie Blaylock,1990,"525,000.00"
Morlon Wiley,1990,"347,000.00"
Moses Malone,1990,"2,406,000.00"
Muggsy Bogues,1990,"805,000.00"
Mychal Thompson,1990,"615,000.00"
Nate McMillan,1990,"658,000.00"
Negele Knight,1990,"468,000.00"
Nick Anderson,1990,"725,000.00"
Olden Polynice,1990,"600,000.00"
Orlando Woolridge,1990,"805,000.00"
Otis Smith,1990,"450,000.00"
Otis Thorpe,1990,"1,760,000.00"
Patrick Ewing,1990,"4,250,000.00"
Paul Mokeski,1990,"100,000.00"
Paul Pressey,1990,"900,000.00"
Pervis Ellison,1990,"2,300,000.00"
Pooh Richardson,1990,"615,000.00"
Quintin Dailey,1990,"425,000.00"
Ralph Sampson,1990,"2,250,000.00"
Randolph Keys,1990,"322,000.00"
Randy Breuer,1990,"1,150,000.00"
Randy White,1990,"730,000.00"
Randy Wittman,1990,"500,000.00"
Reggie Lewis,1990,"400,000.00"
Reggie Miller,1990,"654,000.00"
Reggie Theus,1990,"765,000.00"
Rex Chapman,1990,"675,000.00"
Richard Coffey,1990,"150,000.00"
Rick Calloway,1990,"125,000.00"
Rick Mahorn,1990,"1,330,000.00"
Rickey Green,1990,"120,000.00"
Ricky Pierce,1990,"1,100,000.00"
Rik Smits,1990,"1,350,000.00"
Robert Parish,1990,"2,500,000.00"
Rod Higgins,1990,"500,000.00"
Rod Strickland,1990,"400,000.00"
Rodney McCray,1990,"985,000.00"
Rolando Blackman,1990,"1,650,000.00"
Ron Anderson,1990,"425,000.00"
Ron Harper,1990,"1,365,000.00"
Rony Seikaly,1990,"755,000.00"
Rory Sparrow,1990,"300,000.00"
Roy Hinson,1990,"1,250,000.00"
Roy Tarpley,1990,"765,000.00"
Rumeal Robinson,1990,"800,000.00"
Sam Bowie,1990,"2,000,000.00"
Sam Mitchell,1990,"500,000.00"
Sam Perkins,1990,"1,970,000.00"
Sam Vincent,1990,"980,000.00"
Sarunas Marciulionis,1990,"1,270,000.00"
Scott Brooks,1990,"295,000.00"
Scott Haffner,1990,"75,000.00"
Scott Hastings,1990,"450,000.00"
Scott Meents,1990,"300,000.00"
Scott Skiles,1990,"408,000.00"
Scott Williams,1990,"150,000.00"
Scottie Pippen,1990,"765,000.00"
Sean Elliott,1990,"1,800,000.00"
Sean Higgins,1990,"150,000.00"
Sedale Threatt,1990,"650,000.00"
Shawn Kemp,1990,"350,000.00"
Sherman Douglas,1990,"325,000.00"
Sidney Green,1990,"837,000.00"
Sidney Moncrief,1990,"510,000.00"
Sleepy Floyd,1990,"1,400,000.00"
Spud Webb,1990,"510,000.00"
Stacey King,1990,"1,000,000.00"
Steve Alford,1990,"250,000.00"
Steve Colter,1990,"300,000.00"
Steve Henson,1990,"120,000.00"
Steve Kerr,1990,"548,000.00"
Steve Scheffler,1990,"200,000.00"
Stojko Vrankovic,1990,"222,000.00"
Tate George,1990,"410,000.00"
Terry Catledge,1990,"1,085,000.00"
Terry Cummings,1990,"1,860,000.00"
Terry Davis,1990,"250,000.00"
Terry Mills,1990,"600,000.00"
Terry Porter,1990,"2,000,000.00"
Terry Teagle,1990,"550,000.00"
Thurl Bailey,1990,"1,000,000.00"
Tim Hardaway,1990,"500,000.00"
Tim McCormick,1990,"775,000.00"
Tim Perry,1990,"675,000.00"
Tod Murphy,1990,"590,000.00"
Todd Lichti,1990,"565,000.00"
Tom Chambers,1990,"2,060,000.00"
Tom Garrick,1990,"340,000.00"
Tom Hammonds,1990,"800,000.00"
Tom Tolbert,1990,"405,000.00"
Tony Brown,1990,"50,000.00"
Tony Campbell,1990,"1,200,000.00"
Tony Massenburg,1990,"150,000.00"
Tony Smith,1990,"120,000.00"
Travis Mays,1990,"800,000.00"
Tree Rollins,1990,"800,000.00"
Trent Tucker,1990,"835,000.00"
Tyrone Corbin,1990,"830,000.00"
Tyrone Hill,1990,"1,000,000.00"
Vern Fleming,1990,"667,000.00"
Vernon Maxwell,1990,"250,000.00"
Vinnie Johnson,1990,"1,400,000.00"
Vlade Divac,1990,"770,000.00"
Walter Davis,1990,"900,000.00"
Walter Palmer,1990,"225,000.00"
Wayman Tisdale,1990,"2,330,000.00"
Wayne Cooper,1990,"1,100,000.00"
Will Perdue,1990,"450,000.00"
William Bedford,1990,"850,000.00"
Willie Anderson,1990,"725,000.00"
Willie Burton,1990,"2,000,000.00"
Winston Bennett,1990,"525,000.00"
Winston Garland,1990,"450,000.00"
Xavier McDaniel,1990,"1,400,000.00"
A.C. Green,1991,"1,750,000.00"
A.J. English,1991,"325,000.00"
A.J. Wynder,1991,"130,000.00"
Alaa Abdelnaby,1991,"494,000.00"
Alan Ogg,1991,"202,000.00"
Alec Kessler,1991,"1,122,000.00"
Alex English,1991,"500,000.00"
Alexander Volkov,1991,"675,000.00"
Alton Lister,1991,"1,333,000.00"
Alvin Robertson,1991,"1,033,000.00"
Andre Turner,1991,"130,000.00"
Andrew Lang,1991,"700,000.00"
Andrew Toney,1991,"450,000.00"
Andy Toolson,1991,"250,000.00"
Anthony Bonner,1991,"568,000.00"
Anthony Cook,1991,"480,000.00"
Anthony Frederick,1991,"130,000.00"
Anthony Mason,1991,"210,000.00"
Antoine Carr,1991,"1,263,000.00"
Armen Gilliam,1991,"1,350,000.00"
Bart Kofoed,1991,"130,000.00"
Benoit Benjamin,1991,"2,875,000.00"
Bernard King,1991,"2,525,000.00"
Bill Cartwright,1991,"2,000,000.00"
Bill Hanzlik,1991,"508,000.00"
Bill Laimbeer,1991,"1,369,000.00"
Billy Owens,1991,"1,509,000.00"
Bimbo Coles,1991,"212,000.00"
Bison Dele,1991,"777,000.00"
BJ Armstrong,1991,"435,000.00"
Blair Rasmussen,1991,"1,558,000.00"
Blue Edwards,1991,"390,000.00"
Bo Kimble,1991,"1,150,000.00"
Bob Hansen,1991,"600,000.00"
Bob McCann,1991,"130,000.00"
Bob Thornton,1991,"335,000.00"
Bobby Phills,1991,"130,000.00"
Brad Daugherty,1991,"2,245,000.00"
Brad Davis,1991,"600,000.00"
Brad Lohaus,1991,"1,377,000.00"
Brad Sellers,1991,"600,000.00"
Brian Oliver,1991,"456,000.00"
Brian Quinnett,1991,"450,000.00"
Brian Shaw,1991,"1,313,000.00"
Buck Johnson,1991,"775,000.00"
Buck Williams,1991,"1,700,000.00"
Byron Scott,1991,"1,100,000.00"
Carl Herrera,1991,"325,000.00"
Cedric Ceballos,1991,"250,000.00"
Charles Barkley,1991,"3,200,000.00"
Charles Jones,1991,"750,000.00"
Charles Oakley,1991,"1,050,000.00"
Charles Shackleford,1991,"1,332,000.00"
Charles Smith,1991,"1,050,000.00"
Charles Thomas,1991,"130,000.00"
Chris Dudley,1991,"1,000,000.00"
Chris Gatling,1991,"700,000.00"
Chris Morris,1991,"650,000.00"
Chris Mullin,1991,"2,844,000.00"
Chuck Nevitt,1991,"118,000.00"
Chuck Person,1991,"2,156,000.00"
Chucky Brown,1991,"640,000.00"
Cliff Levingston,1991,"1,350,000.00"
Cliff Robinson,1991,"474,000.00"
Clyde Drexler,1991,"1,378,000.00"
Corey Crowder,1991,"130,000.00"
Craig Ehlo,1991,"925,000.00"
Craig Hodges,1991,"700,000.00"
Dale Davis,1991,"430,000.00"
Dale Ellis,1991,"1,300,000.00"
Dan Godfread,1991,"100,000.00"
Dan Majerle,1991,"535,000.00"
Dana Barros,1991,"500,000.00"
Danny Ainge,1991,"725,000.00"
Danny Ferry,1991,"2,843,000.00"
Danny Manning,1991,"2,300,000.00"
Danny Schayes,1991,"1,600,000.00"
Danny Young,1991,"550,000.00"
Darnell Valentine,1991,"130,000.00"
Darrell Griffith,1991,"850,000.00"
Darrell Walker,1991,"665,000.00"
Dave Corzine,1991,"300,000.00"
Dave Feitl,1991,"135,000.00"
Dave Hoppen,1991,"500,000.00"
Dave Jamerson,1991,"840,000.00"
David Benoit,1991,"230,000.00"
David Robinson,1991,"2,240,000.00"
David Wingate,1991,"250,000.00"
Dee Brown,1991,"705,000.00"
Delaney Rudd,1991,"240,000.00"
Dell Curry,1991,"1,006,000.00"
Dennis Hopson,1991,"950,000.00"
Dennis Rodman,1991,"1,075,000.00"
Dennis Scott,1991,"1,980,000.00"
Derek Harper,1991,"1,725,000.00"
Derek Strong,1991,"130,000.00"
Derrick Coleman,1991,"2,300,000.00"
Derrick McKey,1991,"1,112,000.00"
Detlef Schrempf,1991,"1,278,000.00"
Dikembe Mutombo,1991,"2,005,000.00"
Doc Rivers,1991,"1,195,000.00"
Dominique Wilkins,1991,"3,100,000.00"
Donald Hodge,1991,"130,000.00"
Donald Royal,1991,"130,000.00"
Doug Lee,1991,"150,000.00"
Doug Smith,1991,"1,500,000.00"
Doug West,1991,"310,000.00"
Drazen Petrovic,1991,"1,375,000.00"
Duane Causwell,1991,"820,000.00"
Duane Ferrell,1991,"500,000.00"
Dwayne Schintzius,1991,"650,000.00"
Ed Nealy,1991,"650,000.00"
Ed Pinckney,1991,"900,000.00"
Eddie Johnson,1991,"1,050,000.00"
Elden Campbell,1991,"575,000.00"
Elliot Perry,1991,"130,000.00"
Ennis Whatley,1991,"130,000.00"
Eric Leckner,1991,"618,000.00"
Eric Murdock,1991,"600,000.00"
Fat Lever,1991,"1,619,000.00"
Felton Spencer,1991,"1,340,000.00"
Frank Brickowski,1991,"1,055,000.00"
Fred Roberts,1991,"791,000.00"
Gary Grant,1991,"928,000.00"
Gary Leonard,1991,"130,000.00"
Gary Payton,1991,"1,883,000.00"
George McCloud,1991,"990,000.00"
Gerald Glass,1991,"705,000.00"
Gerald Wilkins,1991,"795,000.00"
Glen Rice,1991,"1,302,000.00"
Grant Long,1991,"252,000.00"
Greg Anderson,1991,"1,465,000.00"
Greg Anthony,1991,"865,000.00"
Greg Dreiling,1991,"600,000.00"
Greg Foster,1991,"339,000.00"
Greg Kite,1991,"700,000.00"
Greg Sutton,1991,"175,000.00"
Hakeem Olajuwon,1991,"3,170,000.00"
Harvey Grant,1991,"450,000.00"
Haywoode Workman,1991,"250,000.00"
Henry James,1991,"477,000.00"
Herb Williams,1991,"1,183,000.00"
Hersey Hawkins,1991,"805,000.00"
Horace Grant,1991,"1,750,000.00"
Hot Rod Williams,1991,"3,786,000.00"
Ian Lockhart,1991,"263,000.00"
Isaac Austin,1991,"130,000.00"
Isiah Thomas,1991,"2,960,000.00"
J.R. Reid,1991,"1,250,000.00"
Jack Haley,1991,"300,000.00"
James Donaldson,1991,"880,000.00"
James Edwards,1991,"933,000.00"
James Worthy,1991,"1,750,000.00"
Jawann Oldham,1991,"175,000.00"
Jay Humphries,1991,"760,000.00"
Jayson Williams,1991,"650,000.00"
Jeff Grayer,1991,"950,000.00"
Jeff Hornacek,1991,"1,428,000.00"
Jeff Malone,1991,"1,580,000.00"
Jeff Sanders,1991,"385,000.00"
Jeff Turner,1991,"550,000.00"
Jerome Kersey,1991,"561,000.00"
Jerome Lane,1991,"640,000.00"
Jerrod Mustaf,1991,"735,000.00"
Jerry Reynolds,1991,"1,300,000.00"
Jim Les,1991,"323,000.00"
Jim Paxson,1991,"225,000.00"
Jim Petersen,1991,"936,000.00"
Jimmy Oliver,1991,"200,000.00"
Joe Barry Carroll,1991,"925,000.00"
Joe Dumars,1991,"1,295,000.00"
Joe Kleine,1991,"950,000.00"
Joe Wolf,1991,"763,000.00"
John Bagley,1991,"550,000.00"
John Battle,1991,"700,000.00"
John Morton,1991,"450,000.00"
John Paxson,1991,"1,600,000.00"
John Salley,1991,"2,000,000.00"
John Shasky,1991,"250,000.00"
John Starks,1991,"400,000.00"
John Stockton,1991,"2,100,000.00"
John Turner,1991,"615,000.00"
John Williams,1991,"1,100,000.00"
Johnny Dawkins,1991,"1,700,000.00"
Johnny Newman,1991,"1,206,000.00"
Jon Koncak,1991,"2,000,000.00"
Jon Sundvold,1991,"333,000.00"
Karl Malone,1991,"2,556,000.00"
Keith Askins,1991,"202,000.00"
Keith Owens,1991,"130,000.00"
Kelvin Upshaw,1991,"250,000.00"
Ken Bannister,1991,"300,000.00"
Ken Norman,1991,"1,150,000.00"
Kendall Gill,1991,"1,908,000.00"
Kennard Winchester,1991,"120,000.00"
Kenny Anderson,1991,"1,828,000.00"
Kenny Gattison,1991,"456,000.00"
Kenny Payne,1991,"410,000.00"
Kenny Smith,1991,"1,633,000.00"
Kenny Williams,1991,"275,000.00"
Kevin Brooks,1991,"625,000.00"
Kevin Duckworth,1991,"2,013,000.00"
Kevin Edwards,1991,"600,000.00"
Kevin Gamble,1991,"1,400,000.00"
Kevin Johnson,1991,"1,950,000.00"
Kevin McHale,1991,"3,500,000.00"
Kevin Pritchard,1991,"288,000.00"
Kevin Willis,1991,"725,000.00"
Kiki Vandeweghe,1991,"1,020,000.00"
Kurt Rambis,1991,"950,000.00"
LaBradford Smith,1991,"620,000.00"
Lamont Strothers,1991,"150,000.00"
Lanard Copeland,1991,"130,000.00"
Lance Blanks,1991,"415,000.00"
Larry Bird,1991,"7,070,000.00"
Larry Drew,1991,"600,000.00"
Larry Johnson,1991,"1,955,000.00"
Larry Krystkowiak,1991,"605,000.00"
Larry Nance,1991,"1,363,000.00"
Larry Smith,1991,"997,000.00"
Larry Stewart,1991,"130,000.00"
LaSalle Thompson,1991,"2,000,000.00"
Ledell Eackles,1991,"780,000.00"
LeRon Ellis,1991,"180,000.00"
Les Jepsen,1991,"504,000.00"
Lester Conner,1991,"900,000.00"
Lionel Simmons,1991,"1,289,000.00"
Loy Vaught,1991,"1,000,000.00"
Luc Longley,1991,"1,590,000.00"
Magic Johnson,1991,"2,500,000.00"
Mahmoud Abdul-Rauf,1991,"2,008,000.00"
Manute Bol,1991,"1,350,000.00"
Marcus Liberty,1991,"260,000.00"
Mario Elie,1991,"130,000.00"
Mark Acres,1991,"547,000.00"
Mark Aguirre,1991,"1,232,000.00"
Mark Alarie,1991,"550,000.00"
Mark Bryant,1991,"450,000.00"
Mark Eaton,1991,"1,333,000.00"
Mark Hughes,1991,"250,000.00"
Mark Jackson,1991,"1,250,000.00"
Mark Macon,1991,"970,000.00"
Mark Price,1991,"1,520,000.00"
Mark Randall,1991,"180,000.00"
Mark West,1991,"975,000.00"
Marty Conlon,1991,"130,000.00"
Matt Bullard,1991,"275,000.00"
Maurice Cheeks,1991,"1,000,000.00"
Michael Adams,1991,"1,309,000.00"
Michael Cage,1991,"1,390,000.00"
Michael Jordan,1991,"3,250,000.00"
Michael Smith,1991,"625,000.00"
Micheal Williams,1991,"500,000.00"
Mike Brown,1991,"1,175,000.00"
Mike Gminski,1991,"1,850,000.00"
Mike Holton,1991,"400,000.00"
Mike Iuzzolino,1991,"185,000.00"
Mike Sanders,1991,"860,000.00"
Mike Woodson,1991,"658,000.00"
Mitch Richmond,1991,"950,000.00"
Mitchell Wiggins,1991,"335,000.00"
Mookie Blaylock,1991,"575,000.00"
Morlon Wiley,1991,"130,000.00"
Moses Malone,1991,"1,600,000.00"
Muggsy Bogues,1991,"906,000.00"
Mychal Thompson,1991,"1,807,000.00"
Myron Brown,1991,"200,000.00"
Nate McMillan,1991,"733,000.00"
Negele Knight,1991,"469,000.00"
Nick Anderson,1991,"750,000.00"
Olden Polynice,1991,"750,000.00"
Orlando Woolridge,1991,"957,000.00"
Otis Smith,1991,"525,000.00"
Otis Thorpe,1991,"1,786,000.00"
Patrick Eddie,1991,"130,000.00"
Patrick Ewing,1991,"3,139,000.00"
Paul Graham,1991,"125,000.00"
Paul Pressey,1991,"1,000,000.00"
Pervis Ellison,1991,"2,300,000.00"
Pete Chilcutt,1991,"475,000.00"
Pooh Richardson,1991,"760,000.00"
Quintin Dailey,1991,"425,000.00"
Rafael Addison,1991,"311,000.00"
Ralph Sampson,1991,"2,685,000.00"
Randy Breuer,1991,"1,250,000.00"
Randy Brown,1991,"210,000.00"
Randy White,1991,"855,000.00"
Randy Wittman,1991,"550,000.00"
Reggie Lewis,1991,"3,340,000.00"
Reggie Miller,1991,"3,211,000.00"
Reggie Williams,1991,"425,000.00"
Rex Chapman,1991,"940,000.00"
Rich King,1991,"600,000.00"
Rick Fox,1991,"525,000.00"
Rickey Green,1991,"445,000.00"
Ricky Pierce,1991,"1,750,000.00"
Rik Smits,1991,"1,350,000.00"
Robert Pack,1991,"130,000.00"
Robert Parish,1991,"3,000,000.00"
Robert Reid,1991,"130,000.00"
Rod Higgins,1991,"550,000.00"
Rod Strickland,1991,"400,000.00"
Rodney McCray,1991,"1,025,000.00"
Rodney Monroe,1991,"217,000.00"
Rolando Blackman,1991,"1,920,000.00"
Ron Anderson,1991,"1,000,000.00"
Ron Harper,1991,"1,650,000.00"
Rony Seikaly,1991,"2,002,000.00"
Rory Sparrow,1991,"126,000.00"
Roy Hinson,1991,"943,000.00"
Rumeal Robinson,1991,"1,025,000.00"
Sam Bowie,1991,"2,000,000.00"
Sam Mitchell,1991,"630,000.00"
Sam Perkins,1991,"2,507,000.00"
Sam Vincent,1991,"1,260,000.00"
Sarunas Marciulionis,1991,"1,267,000.00"
Scott Brooks,1991,"400,000.00"
Scott Hastings,1991,"500,000.00"
Scott Skiles,1991,"1,925,000.00"
Scott Williams,1991,"350,000.00"
Scottie Pippen,1991,"2,770,000.00"
Sean Elliott,1991,"1,802,000.00"
Sean Green,1991,"130,000.00"
Sedale Threatt,1991,"612,000.00"
Shawn Kemp,1991,"430,000.00"
Sherman Douglas,1991,"1,250,000.00"
Sidney Green,1991,"1,063,000.00"
Sleepy Floyd,1991,"1,500,000.00"
Spud Webb,1991,"560,000.00"
Stacey Augmon,1991,"875,000.00"
Stacey King,1991,"1,100,000.00"
Stanley Roberts,1991,"550,000.00"
Steve Henson,1991,"350,000.00"
Steve Kerr,1991,"553,000.00"
Steve Smith,1991,"2,250,000.00"
Stojko Vrankovic,1991,"665,000.00"
Stuart Gray,1991,"520,000.00"
Tate George,1991,"481,000.00"
Terrell Brandon,1991,"525,000.00"
Terry Catledge,1991,"1,386,000.00"
Terry Cummings,1991,"1,861,000.00"
Terry Davis,1991,"382,000.00"
Terry Mills,1991,"850,000.00"
Terry Porter,1991,"1,787,000.00"
Terry Teagle,1991,"700,000.00"
Tharon Mayes,1991,"130,000.00"
Thurl Bailey,1991,"1,000,000.00"
Tim Hardaway,1991,"640,000.00"
Tim McCormick,1991,"825,000.00"
Tim Perry,1991,"675,000.00"
Tod Murphy,1991,"760,000.00"
Todd Lichti,1991,"565,000.00"
Tom Chambers,1991,"2,275,000.00"
Tom Copa,1991,"160,000.00"
Tom Garrick,1991,"200,000.00"
Tom Hammonds,1991,"825,000.00"
Tom Tolbert,1991,"506,000.00"
Tony Brown,1991,"130,000.00"
Tony Campbell,1991,"1,183,000.00"
Tony Massenburg,1991,"200,000.00"
Tony Smith,1991,"400,000.00"
Travis Mays,1991,"1,000,000.00"
Tree Rollins,1991,"375,000.00"
Trent Tucker,1991,"813,000.00"
Tyrone Corbin,1991,"922,000.00"
Tyrone Hill,1991,"1,200,000.00"
Vern Fleming,1991,"760,000.00"
Vernon Maxwell,1991,"325,000.00"
Victor Alexander,1991,"750,000.00"
Vincent Askew,1991,"135,000.00"
Vinnie Johnson,1991,"1,580,000.00"
Vlade Divac,1991,"942,000.00"
Walter Davis,1991,"1,215,000.00"
Walter Palmer,1991,"275,000.00"
Wayman Tisdale,1991,"2,333,000.00"
Wayne Cooper,1991,"1,200,000.00"
Will Perdue,1991,"500,000.00"
William Bedford,1991,"900,000.00"
Willie Anderson,1991,"775,000.00"
Willie Burton,1991,"1,402,000.00"
Winston Bennett,1991,"525,000.00"
Winston Garland,1991,"450,000.00"
Xavier McDaniel,1991,"1,625,000.00"
A.C. Green,1992,"1,750,000.00"
A.J. English,1992,"406,000.00"
A.J. Wynder,1992,"140,000.00"
Adam Keefe,1992,"1,000,000.00"
Alaa Abdelnaby,1992,"500,000.00"
Alec Kessler,1992,"762,000.00"
Alex Blackwell,1992,"140,000.00"
Alex Stivrins,1992,"140,000.00"
Alonzo Mourning,1992,"2,400,000.00"
Alton Lister,1992,"1,283,000.00"
Alvin Robertson,1992,"1,283,000.00"
Andre Turner,1992,"140,000.00"
Andrew Lang,1992,"1,040,000.00"
Anthony Avent,1992,"500,000.00"
Anthony Bonner,1992,"763,000.00"
Anthony Bowie,1992,"900,000.00"
Anthony Cook,1992,"570,000.00"
Anthony Mason,1992,"273,000.00"
Anthony Peeler,1992,"700,000.00"
Anthony Pullard,1992,"140,000.00"
Antoine Carr,1992,"1,233,000.00"
Armen Gilliam,1992,"2,300,000.00"
Avery Johnson,1992,"140,000.00"
Bart Kofoed,1992,"140,000.00"
Benoit Benjamin,1992,"3,175,000.00"
Bernard King,1992,"2,500,000.00"
Bill Cartwright,1992,"2,200,000.00"
Bill Laimbeer,1992,"1,319,000.00"
Billy Owens,1992,"1,962,000.00"
Bimbo Coles,1992,"650,000.00"
Bison Dele,1992,"1,011,000.00"
BJ Armstrong,1992,"540,000.00"
Blair Rasmussen,1992,"1,988,000.00"
Blue Edwards,1992,"475,000.00"
Bo Kimble,1992,"865,000.00"
Bob Hansen,1992,"600,000.00"
Bob McCann,1992,"225,000.00"
Bobby Phills,1992,"250,000.00"
Brad Daugherty,1992,"2,923,000.00"
Brad Lohaus,1992,"583,000.00"
Brad Sellers,1992,"700,000.00"
Brent Price,1992,"283,000.00"
Brian Howard,1992,"200,000.00"
Brian Oliver,1992,"456,000.00"
Brian Shaw,1992,"1,413,000.00"
Bryant Stith,1992,"850,000.00"
Buck Johnson,1992,"550,000.00"
Buck Williams,1992,"1,850,000.00"
Byron Houston,1992,"500,000.00"
Byron Scott,1992,"1,100,000.00"
Carl Herrera,1992,"800,000.00"
Cedric Ceballos,1992,"350,000.00"
Charles Barkley,1992,"2,420,000.00"
Charles Jones,1992,"875,000.00"
Charles Oakley,1992,"1,050,000.00"
Charles Shackleford,1992,"1,720,000.00"
Charles Smith,1992,"1,250,000.00"
Chris Corchiani,1992,"300,000.00"
Chris Dudley,1992,"1,200,000.00"
Chris Gatling,1992,"910,000.00"
Chris Morris,1992,"1,510,000.00"
Chris Mullin,1992,"2,844,000.00"
Chris Smith,1992,"200,000.00"
Christian Laettner,1992,"2,100,000.00"
Chuck Person,1992,"2,156,000.00"
Chucky Brown,1992,"140,000.00"
Clarence Weatherspoon,1992,"800,000.00"
Cliff Robinson,1992,"1,805,000.00"
Clyde Drexler,1992,"1,378,000.00"
Corey Crowder,1992,"250,000.00"
Corey Gaines,1992,"13,000.00"
Corey Williams,1992,"200,000.00"
Craig Ehlo,1992,"1,075,000.00"
Craig Hodges,1992,"400,000.00"
Curtis Blair,1992,"25,000.00"
Dale Davis,1992,"559,000.00"
Dale Ellis,1992,"1,000,000.00"
Dan Majerle,1992,"735,000.00"
Dan O'Sullivan,1992,"140,000.00"
Dana Barros,1992,"500,000.00"
Danny Ainge,1992,"1,330,000.00"
Danny Ferry,1992,"3,143,000.00"
Danny Manning,1992,"2,600,000.00"
Danny Schayes,1992,"1,600,000.00"
Darrell Walker,1992,"735,000.00"
Dave Jamerson,1992,"1,034,000.00"
Dave Johnson,1992,"500,000.00"
David Benoit,1992,"300,000.00"
David Robinson,1992,"5,720,000.00"
David Wingate,1992,"129,000.00"
David Wood,1992,"375,000.00"
Dee Brown,1992,"865,000.00"
Dell Curry,1992,"750,000.00"
Dennis Rodman,1992,"2,350,000.00"
Dennis Scott,1992,"2,400,000.00"
Derek Harper,1992,"2,069,000.00"
Derrick Coleman,1992,"2,870,000.00"
Derrick McKey,1992,"1,162,000.00"
Detlef Schrempf,1992,"1,393,000.00"
Dexter Cambridge,1992,"150,000.00"
Dikembe Mutombo,1992,"2,400,000.00"
Dino Radja,1992,"711,000.00"
Doc Rivers,1992,"895,000.00"
Dominique Wilkins,1992,"3,500,000.00"
Don MacLean,1992,"463,000.00"
Donald Hodge,1992,"650,000.00"
Donald Royal,1992,"140,000.00"
Doug Lee,1992,"125,000.00"
Doug Overton,1992,"140,000.00"
Doug Smith,1992,"1,845,000.00"
Doug West,1992,"1,275,000.00"
Drazen Petrovic,1992,"1,615,000.00"
Duane Causwell,1992,"950,000.00"
Duane Cooper,1992,"140,000.00"
Duane Ferrell,1992,"825,000.00"
Dwayne Schintzius,1992,"140,000.00"
Ed Nealy,1992,"800,000.00"
Ed Pinckney,1992,"1,150,000.00"
Eddie Johnson,1992,"1,100,000.00"
Eddie Lee Wilkins,1992,"500,000.00"
Elden Campbell,1992,"575,000.00"
Elmore Spencer,1992,"438,000.00"
Eric Anderson,1992,"140,000.00"
Eric Murdock,1992,"700,000.00"
Fat Lever,1992,"1,802,000.00"
Felton Spencer,1992,"1,610,000.00"
Frank Brickowski,1992,"1,800,000.00"
Frank Johnson,1992,"140,000.00"
Fred Roberts,1992,"866,000.00"
Gary Grant,1992,"1,128,000.00"
Gary Payton,1992,"2,183,000.00"
Gary Plummer,1992,"140,000.00"
George McCloud,1992,"1,040,000.00"
Gerald Glass,1992,"903,000.00"
Gerald Paddio,1992,"190,000.00"
Gerald Wilkins,1992,"500,000.00"
Glen Rice,1992,"1,552,000.00"
Grant Long,1992,"1,258,000.00"
Greg Anthony,1992,"1,067,000.00"
Greg Dreiling,1992,"650,000.00"
Greg Foster,1992,"439,000.00"
Greg Grant,1992,"270,000.00"
Greg Kite,1992,"775,000.00"
Gundars Vetra,1992,"275,000.00"
Hakeem Olajuwon,1992,"3,170,000.00"
Harold Miner,1992,"912,000.00"
Harvey Grant,1992,"1,625,000.00"
Henry James,1992,"477,000.00"
Herb Williams,1992,"430,000.00"
Hersey Hawkins,1992,"2,400,000.00"
Horace Grant,1992,"1,900,000.00"
Hot Rod Williams,1992,"3,786,000.00"
Hubert Davis,1992,"588,000.00"
Isaac Austin,1992,"400,000.00"
Isaiah Morris,1992,"140,000.00"
Isiah Thomas,1992,"2,272,000.00"
J.R. Reid,1992,"1,250,000.00"
Jack Haley,1992,"390,000.00"
James Edwards,1992,"1,250,000.00"
James Worthy,1992,"1,850,000.00"
Jaren Jackson Jr,1992,"140,000.00"
Jay Guidinger,1992,"140,000.00"
Jay Humphries,1992,"1,800,000.00"
Jayson Williams,1992,"800,000.00"
Jeff Grayer,1992,"550,000.00"
Jeff Hornacek,1992,"1,646,000.00"
Jeff Malone,1992,"1,980,000.00"
Jeff Sanders,1992,"250,000.00"
Jeff Turner,1992,"700,000.00"
Jerome Kersey,1992,"2,655,000.00"
Jerome Lane,1992,"225,000.00"
Jerrod Mustaf,1992,"904,000.00"
Jerry Reynolds,1992,"910,000.00"
Jim Les,1992,"413,000.00"
Jim Petersen,1992,"1,221,000.00"
Joe Dumars,1992,"1,339,000.00"
Joe Kleine,1992,"1,150,000.00"
Joe Wolf,1992,"29,000.00"
John Bagley,1992,"550,000.00"
John Battle,1992,"910,000.00"
John Crotty,1992,"140,000.00"
John Paxson,1992,"1,200,000.00"
John Salley,1992,"2,002,000.00"
John Shasky,1992,"150,000.00"
John Starks,1992,"600,000.00"
John Stockton,1992,"2,200,000.00"
John Williams,1992,"800,000.00"
Johnny Dawkins,1992,"1,900,000.00"
Johnny Newman,1992,"1,175,000.00"
Jon Barry,1992,"500,000.00"
Jon Koncak,1992,"2,450,000.00"
Jud Buechler,1992,"375,000.00"
Karl Malone,1992,"2,854,000.00"
Keith Askins,1992,"250,000.00"
Keith Jennings,1992,"140,000.00"
Keith Owens,1992,"250,000.00"
Ken Norman,1992,"1,275,000.00"
Kendall Gill,1992,"1,908,000.00"
Kennard Winchester,1992,"140,000.00"
Kenny Anderson,1992,"2,376,000.00"
Kenny Battle,1992,"140,000.00"
Kenny Gattison,1992,"598,000.00"
Kenny Payne,1992,"500,000.00"
Kenny Smith,1992,"1,983,000.00"
Kenny Williams,1992,"325,000.00"
Kevin Brooks,1992,"800,000.00"
Kevin Duckworth,1992,"2,213,000.00"
Kevin Edwards,1992,"750,000.00"
Kevin Gamble,1992,"1,200,000.00"
Kevin Johnson,1992,"1,850,000.00"
Kevin Lynch,1992,"250,000.00"
Kevin McHale,1992,"3,500,000.00"
Kevin Pritchard,1992,"158,000.00"
Kevin Willis,1992,"2,425,000.00"
Kiki Vandeweghe,1992,"140,000.00"
Kurt Rambis,1992,"1,100,000.00"
LaBradford Smith,1992,"760,000.00"
Lance Blanks,1992,"490,000.00"
LaPhonso Ellis,1992,"1,900,000.00"
Larry Bird,1992,"2,300,000.00"
Larry Johnson,1992,"2,540,000.00"
Larry Krystkowiak,1992,"605,000.00"
Larry Nance,1992,"2,775,000.00"
Larry Smith,1992,"500,000.00"
Larry Stewart,1992,"500,000.00"
LaSalle Thompson,1992,"2,000,000.00"
Latrell Sprewell,1992,"550,000.00"
Ledell Eackles,1992,"780,000.00"
Lee Mayberry,1992,"520,000.00"
Les Jepsen,1992,"504,000.00"
Lester Conner,1992,"890,000.00"
Lionel Simmons,1992,"1,464,000.00"
Litterial Green,1992,"140,000.00"
Lloyd Daniels,1992,"140,000.00"
Lorenzo Williams,1992,"7,000.00"
Loy Vaught,1992,"1,100,000.00"
Luc Longley,1992,"1,590,000.00"
Magic Johnson,1992,"2,500,000.00"
Mahmoud Abdul-Rauf,1992,"2,358,000.00"
Malik Sealy,1992,"790,000.00"
Manute Bol,1992,"1,650,000.00"
Marcus Liberty,1992,"360,000.00"
Marcus Webb,1992,"140,000.00"
Mario Elie,1992,"608,000.00"
Mark Acres,1992,"250,000.00"
Mark Aguirre,1992,"1,351,000.00"
Mark Bryant,1992,"1,100,000.00"
Mark Eaton,1992,"1,333,000.00"
Mark Jackson,1992,"1,790,000.00"
Mark Macon,1992,"1,228,000.00"
Mark Price,1992,"1,690,000.00"
Mark Randall,1992,"250,000.00"
Mark West,1992,"1,000,000.00"
Marlon Maxey,1992,"325,000.00"
Marty Conlon,1992,"200,000.00"
Matt Bullard,1992,"500,000.00"
Matt Geiger,1992,"140,000.00"
Matt Othick,1992,"13,000.00"
Maurice Cheeks,1992,"600,000.00"
Michael Adams,1992,"1,309,000.00"
Michael Cage,1992,"1,390,000.00"
Michael Jordan,1992,"4,000,000.00"
Michael Smith,1992,"650,000.00"
Micheal Williams,1992,"1,775,000.00"
Mike Brown,1992,"1,275,000.00"
Mike Gminski,1992,"1,415,000.00"
Mike Iuzzolino,1992,"241,000.00"
Mike Sanders,1992,"2,010,000.00"
Mitch Richmond,1992,"1,036,000.00"
Mitchell Wiggins,1992,"335,000.00"
Mookie Blaylock,1992,"660,000.00"
Morlon Wiley,1992,"250,000.00"
Moses Malone,1992,"2,230,000.00"
Muggsy Bogues,1992,"700,000.00"
Nate McMillan,1992,"750,000.00"
Negele Knight,1992,"469,000.00"
Nick Anderson,1992,"800,000.00"
Olden Polynice,1992,"850,000.00"
Oliver Miller,1992,"517,000.00"
Orlando Woolridge,1992,"1,108,000.00"
Otis Thorpe,1992,"2,102,000.00"
Patrick Ewing,1992,"3,300,000.00"
Paul Graham,1992,"500,000.00"
Pervis Ellison,1992,"2,300,000.00"
Pete Chilcutt,1992,"630,000.00"
Pooh Richardson,1992,"800,000.00"
Radisav Curcic,1992,"140,000.00"
Rafael Addison,1992,"522,000.00"
Ralph Sampson,1992,"2,685,000.00"
Randy Brown,1992,"250,000.00"
Randy White,1992,"930,000.00"
Randy Wittman,1992,"300,000.00"
Randy Woods,1992,"500,000.00"
Reggie Fox,1992,"11,000.00"
Reggie Lewis,1992,"3,320,000.00"
Reggie Miller,1992,"3,211,000.00"
Reggie Smith,1992,"275,000.00"
Reggie Williams,1992,"985,000.00"
Rex Chapman,1992,"2,004,000.00"
Rich King,1992,"600,000.00"
Richard Dumas,1992,"140,000.00"
Rick Fox,1992,"650,000.00"
Rick Mahorn,1992,"500,000.00"
Ricky Blanton,1992,"8,000.00"
Ricky Pierce,1992,"2,000,000.00"
Rik Smits,1992,"2,000,000.00"
Robert Horry,1992,"997,000.00"
Robert Pack,1992,"250,000.00"
Robert Parish,1992,"3,513,000.00"
Robert Werdann,1992,"145,000.00"
Rod Strickland,1992,"1,200,000.00"
Rodney McCray,1992,"1,075,000.00"
Rolando Blackman,1992,"1,500,000.00"
Ron Anderson,1992,"950,000.00"
Ron Grandison,1992,"15,000.00"
Ron Harper,1992,"2,220,000.00"
Rony Seikaly,1992,"2,382,000.00"
Rory Sparrow,1992,"140,000.00"
Roy Hinson,1992,"1,250,000.00"
Roy Tarpley,1992,"80,000.00"
Rumeal Robinson,1992,"1,225,000.00"
Sam Bowie,1992,"2,600,000.00"
Sam Mack,1992,"140,000.00"
Sam Mitchell,1992,"575,000.00"
Sam Perkins,1992,"3,047,000.00"
Sam Vincent,1992,"1,510,000.00"
Sarunas Marciulionis,1992,"1,500,000.00"
Scott Brooks,1992,"500,000.00"
Scott Hastings,1992,"600,000.00"
Scott Skiles,1992,"1,348,000.00"
Scott Williams,1992,"613,000.00"
Scottie Pippen,1992,"3,425,000.00"
Sean Elliott,1992,"1,802,000.00"
Sean Green,1992,"355,000.00"
Sean Higgins,1992,"250,000.00"
Sean Rooks,1992,"375,000.00"
Sedale Threatt,1992,"796,000.00"
Shaquille O'Neal,1992,"3,000,000.00"
Shawn Kemp,1992,"650,000.00"
Sherman Douglas,1992,"1,869,000.00"
Sidney Green,1992,"1,288,000.00"
Sleepy Floyd,1992,"1,700,000.00"
Spud Webb,1992,"1,317,000.00"
Stacey Augmon,1992,"1,138,000.00"
Stacey King,1992,"1,400,000.00"
Stan Kimbrough,1992,"133,000.00"
Stanley Roberts,1992,"1,900,000.00"
Stephen Howard,1992,"140,000.00"
Steve Bardo,1992,"150,000.00"
Steve Kerr,1992,"550,000.00"
Steve Scheffler,1992,"140,000.00"
Steve Smith,1992,"2,252,000.00"
Stojko Vrankovic,1992,"831,000.00"
Tate George,1992,"551,000.00"
Terrell Brandon,1992,"682,000.00"
Terry Catledge,1992,"1,086,000.00"
Terry Cummings,1992,"2,407,000.00"
Terry Davis,1992,"1,537,000.00"
Terry Mills,1992,"1,337,000.00"
Terry Porter,1992,"2,200,000.00"
Thurl Bailey,1992,"1,000,000.00"
Tim Hardaway,1992,"690,000.00"
Tim Kempton,1992,"500,000.00"
Tim Legler,1992,"140,000.00"
Tim McCormick,1992,"660,000.00"
Tim Perry,1992,"900,000.00"
Tito Horford,1992,"7,000.00"
Tod Murphy,1992,"500,000.00"
Todd Day,1992,"1,325,000.00"
Todd Lichti,1992,"565,180.00"
Tom Chambers,1992,"1,885,000.00"
Tom Gugliotta,1992,"1,250,000.00"
Tom Hammonds,1992,"850,000.00"
Tom Tolbert,1992,"606,000.00"
Tony Bennett,1992,"140,000.00"
Tony Campbell,1992,"1,383,000.00"
Tony Smith,1992,"450,000.00"
Tracy Moore,1992,"250,000.00"
Tracy Murray,1992,"725,000.00"
Travis Mays,1992,"1,200,000.00"
Tree Rollins,1992,"500,000.00"
Trent Tucker,1992,"350,000.00"
Tyrone Corbin,1992,"1,100,000.00"
Tyrone Hill,1992,"1,400,000.00"
Vern Fleming,1992,"1,360,000.00"
Vernon Maxwell,1992,"1,542,000.00"
Victor Alexander,1992,"942,000.00"
Vincent Askew,1992,"180,000.00"
Vinnie Johnson,1992,"210,000.00"
Vinny Del Negro,1992,"920,000.00"
Vlade Divac,1992,"3,633,000.00"
Walt Williams,1992,"1,275,000.00"
Walter Bond,1992,"150,000.00"
Walter Palmer,1992,"140,000.00"
Wayman Tisdale,1992,"2,333,000.00"
Will Perdue,1992,"625,000.00"
William Bedford,1992,"925,000.00"
Willie Anderson,1992,"2,075,000.00"
Willie Burton,1992,"802,000.00"
Winston Garland,1992,"759,000.00"
Xavier McDaniel,1992,"1,869,000.00"
A.C. Green,1993,"1,885,000.00"
A.J. English,1993,"300,000.00"
Acie Earl,1993,"650,000.00"
Adam Keefe,1993,"1,200,000.00"
Alaa Abdelnaby,1993,"805,000.00"
Alec Kessler,1993,"922,000.00"
Allan Houston,1993,"736,000.00"
Alonzo Mourning,1993,"3,120,000.00"
Alvin Robertson,1993,"1,408,000.00"
Andre Spencer,1993,"250,000.00"
Andrew Lang,1993,"1,228,000.00"
Anfernee Hardaway,1993,"1,244,000.00"
Anthony Avent,1993,"650,000.00"
Anthony Bonner,1993,"650,000.00"
Anthony Bowie,1993,"900,000.00"
Anthony Cook,1993,"650,000.00"
Anthony Mason,1993,"1,100,000.00"
Anthony Peeler,1993,"910,000.00"
Antoine Carr,1993,"1,353,000.00"
Antonio Davis,1993,"565,000.00"
Antonio Harvey,1993,"150,000.00"
Armen Gilliam,1993,"1,200,000.00"
Avery Johnson,1993,"300,000.00"
Benoit Benjamin,1993,"3,575,000.00"
Bill Cartwright,1993,"2,400,000.00"
Bill Laimbeer,1993,"1,300,000.00"
Bill Wennington,1993,"150,000.00"
Billy Owens,1993,"2,414,000.00"
Bimbo Coles,1993,"802,000.00"
Bison Dele,1993,"1,244,000.00"
BJ Armstrong,1993,"620,000.00"
Blair Rasmussen,1993,"2,457,000.00"
Blue Edwards,1993,"1,500,000.00"
Bo Kimble,1993,"1,150,000.00"
Bobby Hurley,1993,"1,616,000.00"
Bobby Phills,1993,"313,000.00"
Brad Daugherty,1993,"3,541,000.00"
Brad Lohaus,1993,"958,000.00"
Brent Price,1993,"283,000.00"
Brian Davis,1993,"150,000.00"
Brian Oliver,1993,"456,000.00"
Brian Shaw,1993,"1,513,000.00"
Bryant Stith,1993,"1,100,000.00"
Bryon Russell,1993,"150,000.00"
Buck Johnson,1993,"715,000.00"
Buck Williams,1993,"5,050,000.00"
Byron Houston,1993,"600,000.00"
Byron Scott,1993,"650,000.00"
Calbert Cheaney,1993,"2,000,000.00"
Carl Herrera,1993,"1,000,000.00"
Cedric Ceballos,1993,"2,000,000.00"
Charles Barkley,1993,"3,250,000.00"
Charles Oakley,1993,"1,950,000.00"
Charles Smith,1993,"2,557,000.00"
Chris Corchiani,1993,"150,000.00"
Chris Dudley,1993,"790,000.00"
Chris Gatling,1993,"1,120,000.00"
Chris Mills,1993,"650,000.00"
Chris Morris,1993,"1,785,000.00"
Chris Mullin,1993,"2,844,000.00"
Chris Smith,1993,"270,000.00"
Chris Webber,1993,"1,600,000.00"
Chris Whitney,1993,"150,000.00"
Christian Laettner,1993,"2,730,000.00"
Chuck Person,1993,"2,156,000.00"
Clarence Weatherspoon,1993,"1,040,000.00"
Clifford Robinson,1993,"2,336,000.00"
Clyde Drexler,1993,"1,578,000.00"
Corie Blount,1993,"620,000.00"
Craig Ehlo,1993,"1,200,000.00"
Dale Davis,1993,"688,000.00"
Dale Ellis,1993,"1,300,000.00"
Dan Majerle,1993,"2,975,000.00"
Dana Barros,1993,"750,000.00"
Danny Ainge,1993,"1,690,000.00"
Danny Ferry,1993,"3,543,000.00"
Danny Manning,1993,"3,250,000.00"
Danny Schayes,1993,"1,750,000.00"
Darnell Mee,1993,"150,000.00"
Darren Morningstar,1993,"43,000.00"
Dave Jamerson,1993,"780,000.00"
Dave Johnson,1993,"650,000.00"
David Benoit,1993,"810,000.00"
David Robinson,1993,"5,740,000.00"
David Wesley,1993,"150,000.00"
David Wingate,1993,"570,000.00"
David Wood,1993,"488,000.00"
Dee Brown,1993,"1,025,000.00"
Dell Curry,1993,"1,040,000.00"
Dennis Rodman,1993,"2,450,000.00"
Dennis Scott,1993,"2,820,000.00"
Derek Harper,1993,"1,927,000.00"
Derek Strong,1993,"420,000.00"
Derrick Coleman,1993,"3,440,000.00"
Derrick McKey,1993,"1,262,000.00"
Detlef Schrempf,1993,"1,308,000.00"
Dikembe Mutombo,1993,"3,000,000.00"
Dino Radja,1993,"1,650,000.00"
Doc Rivers,1993,"1,110,000.00"
Dominique Wilkins,1993,"3,500,000.00"
Don MacLean,1993,"601,000.00"
Donald Hodge,1993,"845,000.00"
Donald Royal,1993,"890,000.00"
Doug Christie,1993,"1,445,000.00"
Doug Edwards,1993,"650,000.00"
Doug Overton,1993,"500,000.00"
Doug Smith,1993,"1,650,000.00"
Doug West,1993,"1,275,000.00"
Duane Causwell,1993,"1,260,000.00"
Duane Cooper,1993,"150,000.00"
Duane Ferrell,1993,"1,025,000.00"
Dwayne Schintzius,1993,"921,000.00"
Ed Pinckney,1993,"1,470,000.00"
Eddie Johnson,1993,"1,150,000.00"
Eddie Lee Wilkins,1993,"100,000.00"
Elden Campbell,1993,"1,700,000.00"
Elliot Perry,1993,"150,000.00"
Elmore Spencer,1993,"569,000.00"
Ennis Whatley,1993,"150,000.00"
Eric Anderson,1993,"250,000.00"
Eric Leckner,1993,"300,000.00"
Eric Murdock,1993,"800,000.00"
Eric Riley,1993,"150,000.00"
Ervin Johnson,1993,"617,000.00"
Evers Burns,1993,"1,616,000.00"
Fat Lever,1993,"2,203,000.00"
Felton Spencer,1993,"1,581,000.00"
Frank Brickowski,1993,"1,850,000.00"
Frank Johnson,1993,"500,000.00"
Gary Grant,1993,"1,128,000.00"
Gary Payton,1993,"2,383,000.00"
George Lynch,1993,"1,100,000.00"
Gerald Madkins,1993,"475,000.00"
Gerald Wilkins,1993,"2,278,000.00"
Gheorghe Muresan,1993,"500,000.00"
Glen Rice,1993,"2,002,000.00"
Grant Long,1993,"1,410,000.00"
Greg Anderson,1993,"650,000.00"
Greg Anthony,1993,"1,269,000.00"
Greg Dreiling,1993,"300,000.00"
Greg Foster,1993,"250,000.00"
Greg Graham,1993,"700,000.00"
Greg Kite,1993,"985,000.00"
Gundars Vetra,1993,"300,000.00"
Hakeem Olajuwon,1993,"3,170,000.00"
Harold Miner,1993,"1,186,000.00"
Harvey Grant,1993,"2,429,000.00"
Haywoode Workman,1993,"320,000.00"
Henry James,1993,"150,000.00"
Herb Williams,1993,"1,600,000.00"
Hersey Hawkins,1993,"2,400,000.00"
Horace Grant,1993,"1,950,000.00"
Hubert Davis,1993,"764,000.00"
Isaac Austin,1993,"450,000.00"
Isaiah Rider,1993,"2,000,000.00"
Isiah Thomas,1993,"2,520,000.00"
J.R. Reid,1993,"1,818,000.00"
Jack Haley,1993,"390,000.00"
Jamal Mashburn,1993,"2,033,000.00"
James Edwards,1993,"1,300,000.00"
James Robinson,1993,"650,000.00"
James Worthy,1993,"1,800,000.00"
Jay Guidinger,1993,"250,000.00"
Jay Humphries,1993,"1,800,000.00"
Jayson Williams,1993,"950,000.00"
Jeff Grayer,1993,"715,000.00"
Jeff Hornacek,1993,"1,946,000.00"
Jeff Malone,1993,"2,380,000.00"
Jerome Kersey,1993,"2,940,000.00"
Jerrod Mustaf,1993,"1,073,000.00"
Jerry Reynolds,1993,"1,288,000.00"
Jim Jackson,1993,"2,000,000.00"
Jim Les,1993,"363,000.00"
Jim Petersen,1993,"1,521,000.00"
Joe Courtney,1993,"150,000.00"
Joe Dumars,1993,"1,280,000.00"
Joe Kleine,1993,"650,000.00"
John Bagley,1993,"600,000.00"
John Battle,1993,"1,120,000.00"
John Crotty,1993,"200,000.00"
John Paxson,1993,"800,000.00"
John Salley,1993,"2,452,000.00"
John Starks,1993,"1,112,000.00"
John Stockton,1993,"2,400,000.00"
John Williams,1993,"4,886,000.00"
Johnny Dawkins,1993,"2,100,000.00"
Johnny Newman,1993,"1,435,000.00"
Jon Barry,1993,"650,000.00"
Jon Koncak,1993,"2,900,000.00"
Josh Grant,1993,"150,000.00"
Jud Buechler,1993,"375,000.00"
Karl Malone,1993,"3,081,000.00"
Keith Askins,1993,"313,000.00"
Keith Jennings,1993,"250,000.00"
Ken Norman,1993,"2,785,000.00"
Kendall Gill,1993,"2,000,000.00"
Kenny Anderson,1993,"2,925,000.00"
Kenny Gattison,1993,"1,250,000.00"
Kenny Smith,1993,"2,150,000.00"
Kenny Walker,1993,"400,000.00"
Kenny Williams,1993,"375,000.00"
Kevin Brooks,1993,"975,000.00"
Kevin Duckworth,1993,"2,313,000.00"
Kevin Edwards,1993,"1,200,000.00"
Kevin Gamble,1993,"1,100,000.00"
Kevin Johnson,1993,"2,300,000.00"
Kevin Lynch,1993,"325,000.00"
Kevin Thompson,1993,"150,000.00"
Kevin Willis,1993,"2,625,000.00"
Kiki Vandeweghe,1993,"150,000.00"
Kurt Rambis,1993,"580,000.00"
LaBradford Smith,1993,"940,000.00"
LaPhonso Ellis,1993,"2,350,000.00"
Larry Johnson,1993,"3,125,000.00"
Larry Krystkowiak,1993,"644,000.00"
Larry Nance,1993,"2,840,000.00"
Larry Stewart,1993,"600,000.00"
LaSalle Thompson,1993,"2,000,000.00"
Latrell Sprewell,1993,"700,000.00"
Lee Mayberry,1993,"670,000.00"
LeRon Ellis,1993,"150,000.00"
Les Jepsen,1993,"504,000.00"
Lester Conner,1993,"25,000.00"
Lindsey Hunter,1993,"902,000.00"
Lionel Simmons,1993,"1,743,000.00"
Litterial Green,1993,"250,000.00"
Lloyd Daniels,1993,"182,000.00"
Lorenzo Williams,1993,"250,000.00"
Loy Vaught,1993,"1,225,000.00"
Luc Longley,1993,"1,590,000.00"
Lucious Harris,1993,"350,000.00"
Luther Wright,1993,"650,000.00"
Magic Johnson,1993,"2,500,000.00"
Mahmoud Abdul-Rauf,1993,"1,825,000.00"
Malcolm Mackey,1993,"550,000.00"
Malik Sealy,1993,"1,023,000.00"
Manute Bol,1993,"650,000.00"
Marcus Liberty,1993,"650,000.00"
Mario Elie,1993,"790,000.00"
Mark Aguirre,1993,"1,621,000.00"
Mark Bryant,1993,"1,300,000.00"
Mark Eaton,1993,"1,333,000.00"
Mark Jackson,1993,"2,000,000.00"
Mark Macon,1993,"1,498,000.00"
Mark Price,1993,"2,850,000.00"
Mark Randall,1993,"1,200,000.00"
Mark West,1993,"1,000,000.00"
Marlon Maxey,1993,"375,000.00"
Marty Conlon,1993,"250,000.00"
Matt Bullard,1993,"650,000.00"
Matt Geiger,1993,"250,000.00"
Matt Wenstrom,1993,"150,000.00"
Michael Adams,1993,"1,309,000.00"
Michael Cage,1993,"1,502,000.00"
Michael Curry,1993,"150,000.00"
Michael Jordan,1993,"4,000,000.00"
Micheal Williams,1993,"2,075,000.00"
Mike Brown,1993,"1,375,000.00"
Mike Gminski,1993,"1,850,000.00"
Mike Peplowski,1993,"150,000.00"
Mitch Richmond,1993,"2,500,000.00"
Mitchell Butler,1993,"150,000.00"
Mookie Blaylock,1993,"1,630,000.00"
Moses Malone,1993,"1,200,000.00"
Muggsy Bogues,1993,"900,000.00"
Nate McMillan,1993,"850,000.00"
Negele Knight,1993,"496,000.00"
Nick Anderson,1993,"2,670,000.00"
Nick Van Exel,1993,"1,100,000.00"
Olden Polynice,1993,"850,000.00"
Oliver Miller,1993,"672,000.00"
Orlando Woolridge,1993,"1,692,000.00"
Otis Thorpe,1993,"2,418,000.00"
Patrick Ewing,1993,"3,825,000.00"
Paul Graham,1993,"600,000.00"
Pervis Ellison,1993,"2,300,000.00"
Pete Chilcutt,1993,"760,000.00"
Pete Myers,1993,"150,000.00"
PJ Brown,1993,"600,000.00"
Pooh Richardson,1993,"1,694,000.00"
Popeye Jones,1993,"275,000.00"
Randy Breuer,1993,"150,000.00"
Randy Brown,1993,"597,000.00"
Randy White,1993,"922,000.00"
Randy Woods,1993,"650,000.00"
Reggie Miller,1993,"3,011,000.00"
Reggie Smith,1993,"358,000.00"
Reggie Williams,1993,"1,258,000.00"
Rex Chapman,1993,"2,004,000.00"
Rex Walters,1993,"650,000.00"
Rich King,1993,"700,000.00"
Richard Dumas,1993,"1,300,000.00"
Richard Petruska,1993,"150,000.00"
Rick Fox,1993,"755,000.00"
Rick Mahorn,1993,"650,000.00"
Ricky Pierce,1993,"2,100,000.00"
Rik Smits,1993,"2,500,000.00"
Robert Horry,1993,"1,200,000.00"
Robert Pack,1993,"400,000.00"
Robert Parish,1993,"4,000,000.00"
Robert Werdann,1993,"250,000.00"
Rod Higgins,1993,"150,000.00"
Rod Strickland,1993,"1,560,000.00"
Rodney Rogers,1993,"150,000.00"
Rolando Blackman,1993,"1,995,000.00"
Ron Anderson,1993,"300,000.00"
Ron Harper,1993,"4,000,000.00"
Rony Seikaly,1993,"3,057,000.00"
Roy Hinson,1993,"1,445,000.00"
Roy Tarpley,1993,"80,000.00"
Rumeal Robinson,1993,"1,240,000.00"
Sam Bowie,1993,"3,200,000.00"
Sam Cassell,1993,"650,000.00"
Sam Mitchell,1993,"715,000.00"
Sam Perkins,1993,"3,587,000.00"
Sarunas Marciulionis,1993,"1,900,000.00"
Scott Brooks,1993,"525,000.00"
Scott Burrell,1993,"650,000.00"
Scott Haskin,1993,"833,000.00"
Scott Skiles,1993,"1,722,000.00"
Scott Williams,1993,"641,000.00"
Scottie Pippen,1993,"3,075,000.00"
Sean Elliott,1993,"1,807,000.00"
Sean Green,1993,"400,000.00"
Sean Rooks,1993,"488,000.00"
Sedale Threatt,1993,"2,400,000.00"
Sedric Toney,1993,"150,000.00"
Shaquille O'Neal,1993,"3,900,000.00"
Shawn Bradley,1993,"2,700,000.00"
Shawn Kemp,1993,"750,000.00"
Sherman Douglas,1993,"2,300,000.00"
Sidney Green,1993,"1,512,000.00"
Sleepy Floyd,1993,"1,850,000.00"
Spud Webb,1993,"1,567,000.00"
Stacey Augmon,1993,"1,400,000.00"
Stacey King,1993,"1,600,000.00"
Stanley Roberts,1993,"2,841,000.00"
Steve Henson,1993,"250,000.00"
Steve Kerr,1993,"150,000.00"
Steve Scheffler,1993,"170,000.00"
Steve Smith,1993,"2,252,000.00"
Stojko Vrankovic,1993,"831,000.00"
Tate George,1993,"626,000.00"
Tellis Frank,1993,"200,000.00"
Terrell Brandon,1993,"840,000.00"
Terry Catledge,1993,"1,386,000.00"
Terry Cummings,1993,"2,407,000.00"
Terry Davis,1993,"1,200,000.00"
Terry Dehere,1993,"1,050,000.00"
Terry Mills,1993,"1,614,000.00"
Terry Porter,1993,"2,500,000.00"
Thurl Bailey,1993,"1,000,000.00"
Tim Hardaway,1993,"3,340,000.00"
Tim Kempton,1993,"650,000.00"
Tim Legler,1993,"250,000.00"
Tim McCormick,1993,"850,000.00"
Tim Perry,1993,"1,550,000.00"
Todd Day,1993,"1,723,000.00"
Todd Lichti,1993,"565,000.00"
Tom Chambers,1993,"1,295,000.00"
Tom Gugliotta,1993,"1,625,000.00"
Tom Hammonds,1993,"800,000.00"
Tom Tolbert,1993,"650,000.00"
Toni Kukoc,1993,"1,025,000.00"
Tony Bennett,1993,"182,000.00"
Tony Campbell,1993,"1,682,000.00"
Tony Smith,1993,"800,000.00"
Tracy Moore,1993,"40,000.00"
Tracy Murray,1993,"943,000.00"
Trevor Wilson,1993,"150,000.00"
Tyrone Corbin,1993,"1,400,000.00"
Tyrone Hill,1993,"1,075,000.00"
Vern Fleming,1993,"1,560,000.00"
Vernon Maxwell,1993,"1,424,000.00"
Victor Alexander,1993,"1,160,000.00"
Vin Baker,1993,"866,000.00"
Vinny Del Negro,1993,"1,195,365.00"
Vlade Divac,1993,"4,133,000.00"
Walt Williams,1993,"1,658,000.00"
Walter Bond,1993,"150,000.00"
Wayman Tisdale,1993,"2,333,000.00"
Will Perdue,1993,"1,200,000.00"
Willie Anderson,1993,"2,075,000.00"
Willie Burton,1993,"1,002,000.00"
Xavier McDaniel,1993,"2,145,000.00"
A.C. Green,1994,"6,472,600.00"
Aaron McKie,1994,"650,000.00"
Aaron Swinson,1994,"102,424.00"
Aaron Williams,1994,"150,000.00"
Acie Earl,1994,"845,000.00"
Adam Keefe,1994,"1,500,000.00"
Adrian Caldwell,1994,"150,000.00"
Alaa Abdelnaby,1994,"650,000.00"
Alec Kessler,1994,"1,402,000.00"
Allan Houston,1994,"956,000.00"
Alonzo Mourning,1994,"3,840,000.00"
Alton Lister,1994,"150,000.00"
Alvin Robertson,1994,"2,015,000.00"
Andres Guibert,1994,"175,000.00"
Andrew Lang,1994,"1,596,000.00"
Anfernee Hardaway,1994,"4,305,000.00"
Anthony Avent,1994,"800,000.00"
Anthony Bonner,1994,"845,000.00"
Anthony Bowie,1994,"900,000.00"
Anthony Mason,1994,"1,200,000.00"
Anthony Miller,1994,"150,000.00"
Anthony Peeler,1994,"1,120,000.00"
Anthony Tucker,1994,"150,000.00"
Antoine Carr,1994,"666,600.00"
Antonio Davis,1994,"700,000.00"
Antonio Harvey,1994,"325,000.00"
Antonio Lang,1994,"325,000.00"
Armen Gilliam,1994,"1,560,000.00"
Askia Jones,1994,"150,000.00"
Avery Johnson,1994,"650,000.00"
B.J. Tyler,1994,"715,000.00"
Benoit Benjamin,1994,"3,774,600.00"
Bill Cartwright,1994,"1,502,000.00"
Bill Curley,1994,"702,000.00"
Bill Wennington,1994,"1,000,000.00"
Billy Owens,1994,"2,867,000.00"
Bimbo Coles,1994,"902,000.00"
Bison Dele,1994,"2,000,000.00"
BJ Armstrong,1994,"2,800,000.00"
Blair Rasmussen,1994,"2,747,500.00"
Blue Edwards,1994,"1,700,000.00"
Bo Kimble,1994,"1,435,000.00"
Bo Outlaw,1994,"250,000.00"
Bob Martin,1994,"250,000.00"
Bobby Hurley,1994,"2,100,000.00"
Bobby Phills,1994,"1,458,000.00"
Brad Daugherty,1994,"3,800,000.00"
Brad Lohaus,1994,"325,000.00"
Brent Price,1994,"328,750.00"
Brian Grant,1994,"808,000.00"
Brian Oliver,1994,"150,000.00"
Brian Shaw,1994,"692,900.00"
Brooks Thompson,1994,"650,000.00"
Bryant Stith,1994,"1,375,000.00"
Bryon Russell,1994,"265,000.00"
Buck Williams,1994,"3,200,000.00"
Byron Houston,1994,"700,000.00"
Byron Scott,1994,"1,550,000.00"
Calbert Cheaney,1994,"2,400,000.00"
Carl Herrera,1994,"1,350,000.00"
Carlos Rogers,1994,"715,000.00"
Cedric Ceballos,1994,"1,750,000.00"
Charles Barkley,1994,"4,030,000.00"
Charles Oakley,1994,"2,200,000.00"
Charles Shackleford,1994,"650,000.00"
Charles Smith,1994,"2,857,000.00"
Charlie Ward,1994,"555,000.00"
Chris Childs,1994,"150,000.00"
Chris Dudley,1994,"3,500,000.00"
Chris Gatling,1994,"1,330,000.00"
Chris Jent,1994,"250,000.00"
Chris Mills,1994,"845,000.00"
Chris Morris,1994,"2,060,000.00"
Chris Mullin,1994,"2,844,000.00"
Chris Smith,1994,"355,000.00"
Chris Webber,1994,"2,080,000.00"
Chris Whitney,1994,"182,900.00"
Christian Laettner,1994,"3,360,000.00"
Chuck Person,1994,"1,300,000.00"
Clarence Weatherspoon,1994,"4,000,000.00"
Cliff Levingston,1994,"650,000.00"
Clifford Robinson,1994,"2,732,000.00"
Clifford Rozier,1994,"650,000.00"
Clyde Drexler,1994,"1,578,000.00"
Corey Crowder,1994,"142,982.00"
Corie Blount,1994,"845,000.00"
Craig Ehlo,1994,"2,650,000.00"
Dale Davis,1994,"4,050,000.00"
Dale Ellis,1994,"1,007,500.00"
Damon Bailey,1994,"150,000.00"
Dan Majerle,1994,"3,000,000.00"
Dana Barros,1994,"937,500.00"
Danny Ainge,1994,"2,080,000.00"
Danny Ferry,1994,"4,042,000.00"
Danny Manning,1994,"1,000,000.00"
Danny Schayes,1994,"672,000.00"
Danny Young,1994,"150,000.00"
Darnell Mee,1994,"250,000.00"
Darrin Hancock,1994,"150,000.00"
Dave Jamerson,1994,"104,000.00"
David Benoit,1994,"1,000,000.00"
David Robinson,1994,"7,300,000.00"
David Wesley,1994,"250,000.00"
David Wingate,1994,"570,000.00"
David Wood,1994,"150,000.00"
Dee Brown,1994,"2,500,000.00"
Dell Curry,1994,"1,340,000.00"
Dennis Rodman,1994,"2,500,000.00"
Dennis Scott,1994,"3,240,000.00"
Derek Harper,1994,"2,382,700.00"
Derek Strong,1994,"500,000.00"
Derrick Alston Sr,1994,"150,000.00"
Derrick Coleman,1994,"4,212,000.00"
Derrick McKey,1994,"2,600,000.00"
Detlef Schrempf,1994,"5,000,000.00"
Dickey Simpkins,1994,"650,000.00"
Dikembe Mutombo,1994,"3,100,000.00"
Dino Radja,1994,"2,145,000.00"
Doc Rivers,1994,"1,514,750.00"
Dominique Wilkins,1994,"2,820,000.00"
Don MacLean,1994,"740,000.00"
Donald Hodge,1994,"1,005,000.00"
Donald Royal,1994,"1,000,000.00"
Dontonio Wingfield,1994,"150,000.00"
Donyell Marshall,1994,"2,100,000.00"
Doug Christie,1994,"1,244,000.00"
Doug Edwards,1994,"845,000.00"
Doug Lee,1994,"150,000.00"
Doug Overton,1994,"550,000.00"
Doug Smith,1994,"1,950,000.00"
Doug West,1994,"1,275,000.00"
Duane Causwell,1994,"1,545,000.00"
Duane Ferrell,1994,"650,000.00"
Dwayne Morton,1994,"150,000.00"
Dwayne Schintzius,1994,"1,197,000.00"
Ed Pinckney,1994,"1,485,000.00"
Eddie Jones,1994,"1,300,000.00"
Elden Campbell,1994,"2,100,000.00"
Elliot Perry,1994,"250,000.00"
Elmore Spencer,1994,"700,000.00"
Eric Leckner,1994,"350,000.00"
Eric Mobley,1994,"620,000.00"
Eric Montross,1994,"800,000.00"
Eric Murdock,1994,"1,000,000.00"
Eric Piatkowski,1994,"962,500.00"
Eric Riley,1994,"305,000.00"
Ervin Johnson,1994,"716,600.00"
Felton Spencer,1994,"1,881,250.00"
Frank Brickowski,1994,"2,233,000.00"
Fred Vinson,1994,"150,000.00"
Gary Alexander,1994,"150,000.00"
Gary Grant,1994,"1,100,000.00"
Gary Payton,1994,"2,583,300.00"
Geert Hammink,1994,"250,000.00"
George Lynch,1994,"1,430,000.00"
Gerald Madkins,1994,"615,000.00"
Gerald Wilkins,1994,"2,478,000.00"
Gheorghe Muresan,1994,"1,150,000.00"
Glen Rice,1994,"2,600,000.00"
Glenn Robinson,1994,"2,900,000.00"
Grant Hill,1994,"2,750,000.00"
Grant Long,1994,"1,485,300.00"
Greg Anderson,1994,"510,000.00"
Greg Anthony,1994,"1,471,000.00"
Greg Dreiling,1994,"150,000.00"
Greg Foster,1994,"193,900.00"
Greg Graham,1994,"910,000.00"
Greg Grant,1994,"150,000.00"
Greg Kite,1994,"1,195,000.00"
Greg Minor,1994,"250,000.00"
Greg Sutton,1994,"139,500.00"
Hakeem Olajuwon,1994,"3,169,900.00"
Harold Ellis,1994,"250,000.00"
Harold Miner,1994,"1,459,000.00"
Harvey Grant,1994,"2,990,000.00"
Haywoode Workman,1994,"400,000.00"
Henry Turner,1994,"180,000.00"
Herb Williams,1994,"1,000,000.00"
Hersey Hawkins,1994,"2,500,000.00"
Horace Grant,1994,"2,125,000.00"
Howard Eisley,1994,"150,000.00"
Hubert Davis,1994,"940,000.00"
Isaiah Rider,1994,"2,500,000.00"
Ivano Newbill,1994,"150,000.00"
J.R. Reid,1994,"2,215,000.00"
Jack Haley,1994,"150,000.00"
Jalen Rose,1994,"975,000.00"
Jamal Mashburn,1994,"2,633,300.00"
James Edwards,1994,"325,000.00"
James Robinson,1994,"845,000.00"
James Worthy,1994,"7,250,000.00"
Jamie Watson,1994,"150,000.00"
Jaren Jackson Jr,1994,"140,350.00"
Jason Kidd,1994,"2,770,800.00"
Jay Humphries,1994,"1,900,000.00"
Jayson Williams,1994,"1,100,000.00"
Jeff Hornacek,1994,"2,121,400.00"
Jeff Malone,1994,"1,930,000.00"
Jeff Turner,1994,"1,100,000.00"
Jerome Kersey,1994,"3,608,000.00"
Jerry Reynolds,1994,"1,667,500.00"
Jim Jackson,1994,"2,700,000.00"
Jim Les,1994,"250,000.00"
Jim McIlvaine,1994,"200,000.00"
Jo Jo English,1994,"50,000.00"
Joe Courtney,1994,"13,158.00"
Joe Dumars,1994,"1,096,700.00"
Joe Kleine,1994,"845,000.00"
Joe Wolf,1994,"150,000.00"
John Battle,1994,"1,330,000.00"
John Crotty,1994,"250,000.00"
John Paxson,1994,"400,000.00"
John Salley,1994,"2,652,000.00"
John Starks,1994,"1,362,500.00"
John Stockton,1994,"2,600,000.00"
John Williams,1994,"4,161,000.00"
Johnny Dawkins,1994,"1,830,000.00"
Johnny Newman,1994,"300,000.00"
Jon Barry,1994,"800,000.00"
Jon Koncak,1994,"2,600,000.00"
Jud Buechler,1994,"150,000.00"
Julius Nwosu,1994,"150,000.00"
Juwan Howard,1994,"1,309,000.00"
Karl Malone,1994,"3,378,800.00"
Keith Askins,1994,"406,000.00"
Keith Jennings,1994,"350,000.00"
Keith Tower,1994,"26,316.00"
Ken Norman,1994,"1,963,000.00"
Kendall Gill,1994,"2,600,000.00"
Kenny Anderson,1994,"3,463,200.00"
Kenny Gattison,1994,"1,250,000.00"
Kenny Smith,1994,"2,633,000.00"
Kenny Walker,1994,"150,000.00"
Kevin Brooks,1994,"600,000.00"
Kevin Duckworth,1994,"2,612,500.00"
Kevin Edwards,1994,"1,560,000.00"
Kevin Gamble,1994,"650,000.00"
Kevin Johnson,1994,"2,750,000.00"
Kevin Rankin,1994,"11,404.00"
Kevin Willis,1994,"2,975,000.00"
Khalid Reeves,1994,"1,300,000.00"
Lamond Murray,1994,"2,000,000.00"
LaPhonso Ellis,1994,"2,731,000.00"
Larry Johnson,1994,"3,710,000.00"
Larry Krystkowiak,1994,"725,000.00"
Larry Robinson,1994,"30,000.00"
Larry Stewart,1994,"700,000.00"
LaSalle Thompson,1994,"2,000,000.00"
Latrell Sprewell,1994,"890,000.00"
Ledell Eackles,1994,"150,000.00"
Lee Mayberry,1994,"820,000.00"
Lindsey Hunter,1994,"1,173,000.00"
Lionel Simmons,1994,"2,181,400.00"
Lloyd Daniels,1994,"261,400.00"
Lorenzo Williams,1994,"200,000.00"
Loy Vaught,1994,"2,750,000.00"
Luc Longley,1994,"1,590,000.00"
Lucious Harris,1994,"455,000.00"
Luther Wright,1994,"845,000.00"
Magic Johnson,1994,"14,660,000.00"
Mahmoud Abdul-Rauf,1994,"2,200,000.00"
Malik Sealy,1994,"1,260,000.00"
Manute Bol,1994,"200,000.00"
Mario Elie,1994,"1,450,000.00"
Mark Aguirre,1994,"1,540,600.00"
Mark Bryant,1994,"1,400,000.00"
Mark Jackson,1994,"2,300,000.00"
Mark Macon,1994,"1,767,000.00"
Mark Price,1994,"3,200,000.00"
Mark West,1994,"1,500,000.00"
Marlon Maxey,1994,"275,000.00"
Marty Conlon,1994,"182,500.00"
Matt Fish,1994,"150,000.00"
Matt Geiger,1994,"1,402,000.00"
Matt Wenstrom,1994,"150,000.00"
Melvin Robinson,1994,"150,000.00"
Michael Adams,1994,"1,240,000.00"
Michael Cage,1994,"1,635,000.00"
Michael Jordan,1994,"3,850,000.00"
Michael Smith,1994,"150,000.00"
Micheal Williams,1994,"2,175,000.00"
Mike Brown,1994,"1,475,000.00"
Mike Gminski,1994,"1,000,000.00"
Mike Iuzzolino,1994,"97,500.00"
Mitch Richmond,1994,"3,000,000.00"
Mitchell Butler,1994,"400,000.00"
Monty Williams,1994,"650,000.00"
Mookie Blaylock,1994,"2,100,000.00"
Morlon Wiley,1994,"310,000.00"
Moses Malone,1994,"768,750.00"
Muggsy Bogues,1994,"1,125,000.00"
Nate McMillan,1994,"1,060,000.00"
Negele Knight,1994,"150,000.00"
Nick Anderson,1994,"3,090,000.00"
Nick Van Exel,1994,"1,900,000.00"
Olden Polynice,1994,"1,900,000.00"
Oliver Miller,1994,"1,540,000.00"
Orlando Woolridge,1994,"2,367,000.00"
Otis Thorpe,1994,"2,578,400.00"
Pat Durham,1994,"126,000.00"
Patrick Ewing,1994,"4,486,700.00"
Pervis Ellison,1994,"1,100,000.00"
Pete Chilcutt,1994,"126,300.00"
Pete Myers,1994,"545,000.00"
PJ Brown,1994,"780,000.00"
Pooh Richardson,1994,"2,120,700.00"
Popeye Jones,1994,"769,000.00"
Rafael Addison,1994,"250,000.00"
Randy Brown,1994,"700,000.00"
Randy Woods,1994,"800,000.00"
Reggie Lewis,1994,"3,300,000.00"
Reggie Miller,1994,"3,210,500.00"
Reggie Slater,1994,"150,000.00"
Reggie Williams,1994,"1,567,500.00"
Rex Chapman,1994,"2,004,500.00"
Rex Walters,1994,"845,000.00"
Rich King,1994,"800,000.00"
Richard Petruska,1994,"55,000.00"
Rick Fox,1994,"1,750,000.00"
Rick Mahorn,1994,"800,000.00"
Ricky Pierce,1994,"2,500,000.00"
Rik Smits,1994,"3,250,000.00"
Robert Horry,1994,"1,499,000.00"
Robert Pack,1994,"1,059,500.00"
Robert Parish,1994,"1,925,000.00"
Rod Higgins,1994,"15,800.00"
Rod Strickland,1994,"1,920,000.00"
Rodney Dent,1994,"150,000.00"
Rodney Rogers,1994,"1,560,000.00"
Rolando Blackman,1994,"1,340,000.00"
Ron Grandison,1994,"150,000.00"
Ron Harper,1994,"2,400,000.00"
Rony Seikaly,1994,"3,297,000.00"
Roy Hinson,1994,"1,137,500.00"
Roy Tarpley,1994,"3,000,000.00"
Ryan Lorthridge,1994,"50,000.00"
Sam Bowie,1994,"3,200,000.00"
Sam Cassell,1994,"845,000.00"
Sam Mitchell,1994,"850,000.00"
Sam Perkins,1994,"4,126,600.00"
Sarunas Marciulionis,1994,"2,100,000.00"
Scott Brooks,1994,"550,000.00"
Scott Burrell,1994,"845,000.00"
Scott Haskin,1994,"1,073,000.00"
Scott Skiles,1994,"2,125,000.00"
Scott Williams,1994,"1,500,000.00"
Scottie Pippen,1994,"2,225,000.00"
Sean Elliott,1994,"1,350,000.00"
Sean Higgins,1994,"500,000.00"
Sean Rooks,1994,"600,000.00"
Sedale Threatt,1994,"2,400,000.00"
Sergei Bazarevich,1994,"168,000.00"
Shaquille O'Neal,1994,"4,800,000.00"
Sharone Wright,1994,"2,020,000.00"
Shawn Bradley,1994,"3,510,000.00"
Shawn Kemp,1994,"1,000,000.00"
Sherman Douglas,1994,"2,731,000.00"
Sleepy Floyd,1994,"150,000.00"
Spud Webb,1994,"2,071,600.00"
Stacey Augmon,1994,"1,662,500.00"
Stacey King,1994,"1,900,000.00"
Stanley Roberts,1994,"3,496,000.00"
Steve Colter,1994,"150,000.00"
Steve Kerr,1994,"620,000.00"
Steve Scheffler,1994,"275,000.00"
Steve Smith,1994,"1,935,900.00"
Stojko Vrankovic,1994,"831,000.00"
Tate George,1994,"5,260.00"
Terrell Brandon,1994,"997,000.00"
Terry Catledge,1994,"1,685,700.00"
Terry Cummings,1994,"2,406,600.00"
Terry Davis,1994,"1,560,000.00"
Terry Dehere,1994,"1,365,000.00"
Terry Mills,1994,"1,897,000.00"
Terry Porter,1994,"2,600,000.00"
Tim Breaux,1994,"150,000.00"
Tim Hardaway,1994,"3,703,000.00"
Tim McCormick,1994,"225,000.00"
Tim Perry,1994,"1,750,000.00"
Todd Day,1994,"2,120,000.00"
Todd Lichti,1994,"200,000.00"
Todd Mundt,1994,"9,660.00"
Tom Chambers,1994,"2,093,000.00"
Tom Gugliotta,1994,"1,625,000.00"
Tom Hammonds,1994,"700,000.00"
Tom Hovasse,1994,"6,140.00"
Tom Tolbert,1994,"325,000.00"
Toni Kukoc,1994,"3,260,000.00"
Tony Bennett,1994,"224,000.00"
Tony Campbell,1994,"650,000.00"
Tony Dumas,1994,"700,000.00"
Tony Harris,1994,"150,000.00"
Tony Massenburg,1994,"422,500.00"
Tony Smith,1994,"1,050,000.00"
Tracy Murray,1994,"1,160,000.00"
Tree Rollins,1994,"735,000.00"
Trevor Ruffin,1994,"243,860.00"
Trevor Wilson,1994,"500,000.00"
Tyrone Corbin,1994,"1,600,000.00"
Tyrone Hill,1994,"2,820,000.00"
Vern Fleming,1994,"1,760,000.00"
Vernon Maxwell,1994,"1,833,000.00"
Victor Alexander,1994,"1,377,500.00"
Vin Baker,1994,"1,065,300.00"
Vincent Askew,1994,"1,460,000.00"
Vinny Del Negro,1994,"1,471,000.00"
Vlade Divac,1994,"3,333,300.00"
Walt Williams,1994,"2,040,000.00"
Walter Bond,1994,"174,900.00"
Wayman Tisdale,1994,"850,000.00"
Wesley Person,1994,"650,000.00"
Will Perdue,1994,"1,056,225.00"
Willie Anderson,1994,"2,075,000.00"
Willie Burton,1994,"1,202,000.00"
Winston Garland,1994,"143,860.00"
Xavier McDaniel,1994,"2,640,000.00"
Yinka Dare,1994,"920,000.00"
Zan Tabak,1994,"500,000.00"
A.C. Green,1995,"6,473,000.00"
Aaron McKie,1995,"845,000.00"
Acie Earl,1995,"1,040,000.00"
Adam Keefe,1995,"1,650,000.00"
Adrian Caldwell,1995,"225,000.00"
Alan Henderson,1995,"791,000.00"
Alec Kessler,1995,"1,600,000.00"
Allan Houston,1995,"1,177,000.00"
Alonzo Mourning,1995,"4,560,000.00"
Alton Lister,1995,"300,000.00"
Alvin Heggs,1995,"200,000.00"
Alvin Robertson,1995,"2,525,000.00"
Andrew DeClercq,1995,"230,000.00"
Andrew Lang,1995,"1,964,000.00"
Andy Toolson,1995,"310,000.00"
Anfernee Hardaway,1995,"5,230,000.00"
Anthony Avent,1995,"950,000.00"
Anthony Bonner,1995,"1,690,000.00"
Anthony Bowie,1995,"370,000.00"
Anthony Cook,1995,"225,000.00"
Anthony Mason,1995,"3,472,000.00"
Anthony Miller,1995,"550,000.00"
Anthony Peeler,1995,"1,330,000.00"
Anthony Tucker,1995,"225,000.00"
Antoine Carr,1995,"2,525,000.00"
Antonio Davis,1995,"800,000.00"
Antonio Harvey,1995,"400,000.00"
Antonio Lang,1995,"423,000.00"
Antonio McDyess,1995,"2,213,000.00"
Armen Gilliam,1995,"1,920,000.00"
Arvydas Sabonis,1995,"2,200,000.00"
Ashraf Amaya,1995,"225,000.00"
Avery Johnson,1995,"845,000.00"
B.J. Tyler,1995,"845,000.00"
Benoit Benjamin,1995,"3,975,000.00"
Bill Curley,1995,"913,000.00"
Bill Wennington,1995,"1,000,000.00"
Billy Owens,1995,"3,320,000.00"
Bimbo Coles,1995,"1,002,000.00"
Bison Dele,1995,"2,200,000.00"
BJ Armstrong,1995,"2,400,000.00"
Blair Rasmussen,1995,"3,088,000.00"
Blue Edwards,1995,"1,900,000.00"
Bo Kimble,1995,"1,700,000.00"
Bo Outlaw,1995,"500,000.00"
Bob McCann,1995,"300,000.00"
Bob Sura,1995,"752,000.00"
Bobby Hurley,1995,"2,584,000.00"
Bobby Phills,1995,"1,658,000.00"
Brad Daugherty,1995,"4,700,000.00"
Brad Lohaus,1995,"485,000.00"
Brent Barry,1995,"833,000.00"
Brent Price,1995,"250,000.00"
Brian Grant,1995,"1,050,000.00"
Brian Shaw,1995,"4,250,000.00"
Brooks Thompson,1995,"825,000.00"
Bryant Reeves,1995,"1,474,000.00"
Bryant Stith,1995,"1,550,000.00"
Bryon Russell,1995,"300,000.00"
Buck Williams,1995,"3,400,000.00"
Byron Houston,1995,"800,000.00"
Byron Scott,1995,"1,650,000.00"
Calbert Cheaney,1995,"2,800,000.00"
Carl Herrera,1995,"1,300,000.00"
Carlos Rogers,1995,"930,000.00"
Cedric Ceballos,1995,"2,245,000.00"
Charles Barkley,1995,"4,760,000.00"
Charles Claxton,1995,"200,000.00"
Charles Jones,1995,"350,000.00"
Charles Oakley,1995,"2,400,000.00"
Charles Smith,1995,"3,582,000.00"
Charlie Ward,1995,"722,000.00"
Cherokee Parks,1995,"971,000.00"
Chris Carr,1995,"200,000.00"
Chris Childs,1995,"350,000.00"
Chris Dudley,1995,"3,800,000.00"
Chris Gatling,1995,"1,540,000.00"
Chris King,1995,"225,000.00"
Chris Mills,1995,"1,040,000.00"
Chris Morris,1995,"2,500,000.00"
Chris Mullin,1995,"2,844,000.00"
Chris Webber,1995,"7,000,000.00"
Chris Whitney,1995,"50,000.00"
Christian Laettner,1995,"3,910,000.00"
Chuck Person,1995,"1,690,000.00"
Chucky Brown,1995,"425,000.00"
Clarence Weatherspoon,1995,"4,500,000.00"
Clifford Robinson,1995,"3,018,000.00"
Clifford Rozier,1995,"845,000.00"
Clint McDaniel,1995,"200,000.00"
Clyde Drexler,1995,"9,810,000.00"
Constantin Popa,1995,"15,000.00"
Corey Gaines,1995,"225,000.00"
Corie Blount,1995,"1,040,000.00"
Corliss Williamson,1995,"923,000.00"
Cory Alexander,1995,"490,000.00"
Craig Ehlo,1995,"1,855,000.00"
Dale Davis,1995,"4,050,000.00"
Dale Ellis,1995,"1,310,000.00"
Damon Bailey,1995,"250,000.00"
Damon Stoudamire,1995,"1,345,000.00"
Dan Majerle,1995,"3,100,000.00"
Dana Barros,1995,"3,300,000.00"
Danny Ferry,1995,"4,643,000.00"
Danny Manning,1995,"6,833,000.00"
Darrell Armstrong,1995,"350,000.00"
Darrick Martin,1995,"425,000.00"
Darrin Hancock,1995,"225,000.00"
Dave Johnson,1995,"300,000.00"
David Benoit,1995,"1,200,000.00"
David Robinson,1995,"7,700,000.00"
David Vaughn,1995,"534,000.00"
David Wesley,1995,"300,000.00"
David Wingate,1995,"560,000.00"
David Wood,1995,"350,000.00"
Dee Brown,1995,"3,000,000.00"
Dell Curry,1995,"1,570,000.00"
Dell Demps,1995,"225,000.00"
Dennis Rodman,1995,"2,500,000.00"
Dennis Scott,1995,"3,150,000.00"
Derek Harper,1995,"2,837,000.00"
Derek Strong,1995,"1,000,000.00"
Derrick Alston Sr,1995,"350,000.00"
Derrick Coleman,1995,"5,476,000.00"
Derrick McKey,1995,"2,800,000.00"
Derrick Phelps,1995,"225,000.00"
Detlef Schrempf,1995,"5,000,000.00"
Dickey Simpkins,1995,"845,000.00"
Dikembe Mutombo,1995,"3,250,000.00"
Dino Radja,1995,"2,640,000.00"
Doc Rivers,1995,"2,287,000.00"
Don MacLean,1995,"925,000.00"
Don Reid,1995,"200,000.00"
Donald Hodge,1995,"1,200,000.00"
Donald Royal,1995,"1,500,000.00"
Donnie Boyce,1995,"250,000.00"
Donny Marshall,1995,"200,000.00"
Dontonio Wingfield,1995,"225,000.00"
Donyell Marshall,1995,"2,730,000.00"
Doug Christie,1995,"1,466,000.00"
Doug Edwards,1995,"1,040,000.00"
Doug Overton,1995,"600,000.00"
Doug Smith,1995,"450,000.00"
Doug West,1995,"1,900,000.00"
Duane Causwell,1995,"1,830,000.00"
Duane Ferrell,1995,"845,000.00"
Dwayne Morton,1995,"350,000.00"
Dwayne Schintzius,1995,"225,000.00"
Earl Cureton,1995,"225,000.00"
Ed O'Bannon,1995,"1,133,000.00"
Ed Pinckney,1995,"1,926,000.00"
Eddie Johnson,1995,"1,000,000.00"
Eddie Jones,1995,"1,600,000.00"
Elden Campbell,1995,"2,200,000.00"
Eldridge Recasner,1995,"225,000.00"
Elliot Perry,1995,"2,025,000.00"
Elmer Bennett,1995,"225,000.00"
Elmore Spencer,1995,"1,300,000.00"
Ennis Whatley,1995,"225,000.00"
Eric Anderson,1995,"225,000.00"
Eric Leckner,1995,"300,000.00"
Eric Mobley,1995,"1,328,000.00"
Eric Montross,1995,"1,040,000.00"
Eric Murdock,1995,"2,000,000.00"
Eric Piatkowski,1995,"1,138,000.00"
Eric Riley,1995,"350,000.00"
Eric Snow,1995,"200,000.00"
Eric Williams,1995,"876,000.00"
Ervin Johnson,1995,"767,000.00"
Felton Spencer,1995,"2,181,000.00"
Frank Brickowski,1995,"3,250,000.00"
Frankie King,1995,"200,000.00"
Fred Hoiberg,1995,"200,000.00"
Fred Roberts,1995,"225,000.00"
Gary Grant,1995,"725,000.00"
Gary Payton,1995,"2,783,000.00"
Gary Trent,1995,"1,022,000.00"
Geert Hammink,1995,"97,560.00"
George Lynch,1995,"1,760,000.00"
George McCloud,1995,"950,000.00"
George Zidek,1995,"603,000.00"
Gerald Glass,1995,"475,000.00"
Gerald Madkins,1995,"200,000.00"
Gerald Wilkins,1995,"2,478,000.00"
Gerard King,1995,"35,000.00"
Gheorghe Muresan,1995,"1,963,000.00"
Glen Rice,1995,"3,302,000.00"
Glenn Robinson,1995,"3,770,000.00"
Grady Livingston,1995,"25,000.00"
Grant Hill,1995,"4,050,000.00"
Grant Long,1995,"1,860,000.00"
Greg Anderson,1995,"485,000.00"
Greg Anthony,1995,"1,673,000.00"
Greg Foster,1995,"350,000.00"
Greg Graham,1995,"1,120,000.00"
Greg Grant,1995,"225,000.00"
Greg Kite,1995,"550,000.00"
Greg Minor,1995,"325,000.00"
Greg Ostertag,1995,"498,000.00"
Greg Sutton,1995,"250,000.00"
Hakeem Olajuwon,1995,"5,305,000.00"
Harold Miner,1995,"1,733,000.00"
Harvey Grant,1995,"3,551,000.00"
Haywoode Workman,1995,"900,000.00"
Henry Turner,1995,"235,000.00"
Herb Williams,1995,"1,300,000.00"
Hersey Hawkins,1995,"2,500,000.00"
Horace Grant,1995,"2,763,000.00"
Howard Nathan,1995,"300,000.00"
Hubert Davis,1995,"1,116,000.00"
Isaiah Rider,1995,"3,010,000.00"
J.R. Reid,1995,"2,658,000.00"
Jack Haley,1995,"225,000.00"
Jalen Rose,1995,"1,268,000.00"
Jamal Mashburn,1995,"3,233,000.00"
James Donaldson,1995,"300,000.00"
James Edwards,1995,"425,000.00"
James Robinson,1995,"1,040,000.00"
James Worthy,1995,"5,150,000.00"
Jamie Watson,1995,"1,000,000.00"
Jason Caffey,1995,"627,000.00"
Jason Kidd,1995,"3,588,000.00"
Jayson Williams,1995,"2,000,000.00"
Jeff Grayer,1995,"225,000.00"
Jeff Hornacek,1995,"2,121,000.00"
Jeff Malone,1995,"2,380,000.00"
Jeff Turner,1995,"1,300,000.00"
Jeff Webster,1995,"225,000.00"
Jerome Allen,1995,"200,000.00"
Jerome Kersey,1995,"255,000.00"
Jerrod Mustaf,1995,"1,600,000.00"
Jerry Reynolds,1995,"961,000.00"
Jerry Stackhouse,1995,"1,987,000.00"
Jim Jackson,1995,"3,200,000.00"
Jim McIlvaine,1995,"525,000.00"
Jimmy King,1995,"300,000.00"
Joe Courtney,1995,"225,000.00"
Joe Dumars,1995,"6,881,000.00"
Joe Kleine,1995,"1,040,000.00"
Joe Smith,1995,"2,473,000.00"
Joe Wolf,1995,"240,000.00"
John Amaechi,1995,"200,000.00"
John Battle,1995,"1,540,000.00"
John Coker,1995,"200,000.00"
John Crotty,1995,"350,000.00"
John Salley,1995,"2,402,000.00"
John Starks,1995,"1,613,000.00"
John Stockton,1995,"2,800,000.00"
John Williams,1995,"4,151,000.00"
Johnny Dawkins,1995,"2,100,000.00"
Johnny Newman,1995,"1,100,000.00"
Jon Barry,1995,"275,000.00"
Jon Koncak,1995,"1,000,000.00"
Jud Buechler,1995,"300,000.00"
Junior Burrough,1995,"300,000.00"
Juwan Howard,1995,"1,702,000.00"
Kareem Townes,1995,"40,000.00"
Karl Malone,1995,"3,676,000.00"
Keith Askins,1995,"550,000.00"
Keith Jennings,1995,"700,000.00"
Keith Tower,1995,"263,000.00"
Ken Norman,1995,"2,416,000.00"
Kendall Gill,1995,"3,200,000.00"
Kenny Anderson,1995,"3,898,000.00"
Kenny Gattison,1995,"1,450,000.00"
Kenny Smith,1995,"2,683,000.00"
Kevin Duckworth,1995,"2,863,000.00"
Kevin Edwards,1995,"1,920,000.00"
Kevin Gamble,1995,"845,000.00"
Kevin Garnett,1995,"1,622,000.00"
Kevin Johnson,1995,"2,900,000.00"
Kevin Pritchard,1995,"275,000.00"
Kevin Salvadori,1995,"110,000.00"
Kevin Willis,1995,"3,650,000.00"
Khalid Reeves,1995,"1,602,000.00"
Kurt Rambis,1995,"40,000.00"
Kurt Thomas,1995,"1,071,000.00"
Lamond Murray,1995,"2,400,000.00"
LaPhonso Ellis,1995,"3,039,000.00"
Larry Johnson,1995,"4,295,000.00"
Larry Krystkowiak,1995,"335,000.00"
Larry Stewart,1995,"800,000.00"
Larry Sykes,1995,"225,000.00"
Latrell Sprewell,1995,"975,000.00"
Lawrence Moten,1995,"280,000.00"
Lee Mayberry,1995,"965,000.00"
LeRon Ellis,1995,"400,000.00"
Lindsey Hunter,1995,"1,444,000.00"
Lionel Simmons,1995,"2,676,000.00"
Logan Vander Velden,1995,"200,000.00"
Loren Meyer,1995,"556,000.00"
Lorenzo Williams,1995,"1,550,000.00"
Lou Roe,1995,"200,000.00"
Loy Vaught,1995,"3,000,000.00"
Luc Longley,1995,"2,300,000.00"
Lucious Harris,1995,"725,000.00"
Luther Wright,1995,"1,040,000.00"
Mahmoud Abdul-Rauf,1995,"2,600,000.00"
Malik Sealy,1995,"1,495,000.00"
Mario Bennett,1995,"480,000.00"
Mario Elie,1995,"1,450,000.00"
Mark Bryant,1995,"1,000,000.00"
Mark Davis,1995,"200,000.00"
Mark Jackson,1995,"2,600,000.00"
Mark Macon,1995,"2,038,000.00"
Mark Price,1995,"3,687,000.00"
Mark Strickland,1995,"50,000.00"
Mark West,1995,"1,500,000.00"
Marques Bragg,1995,"225,000.00"
Martin Lewis,1995,"200,000.00"
Marty Conlon,1995,"1,165,000.00"
Matt Bullard,1995,"225,000.00"
Matt Geiger,1995,"1,532,000.00"
Michael Adams,1995,"1,240,000.00"
Michael Cage,1995,"2,126,000.00"
Michael Finley,1995,"628,000.00"
Michael Jordan,1995,"3,850,000.00"
Michael Smith,1995,"1,340,000.00"
Micheal Williams,1995,"2,375,000.00"
Mike Peplowski,1995,"225,000.00"
Mitch Richmond,1995,"3,500,000.00"
Mitchell Butler,1995,"500,000.00"
Monty Williams,1995,"845,000.00"
Mookie Blaylock,1995,"2,500,000.00"
Moses Malone,1995,"305,000.00"
Muggsy Bogues,1995,"1,350,000.00"
Nate Higgs,1995,"15,000.00"
Nate McMillan,1995,"1,265,000.00"
Nick Anderson,1995,"3,200,000.00"
Nick Van Exel,1995,"1,900,000.00"
Olden Polynice,1995,"2,520,000.00"
Oliver Miller,1995,"2,372,000.00"
Otis Thorpe,1995,"2,607,000.00"
Patrick Ewing,1995,"18,724,000.00"
Pervis Ellison,1995,"1,430,000.00"
Pete Chilcutt,1995,"700,000.00"
Pete Myers,1995,"600,000.00"
PJ Brown,1995,"960,000.00"
Pooh Richardson,1995,"2,521,000.00"
Popeye Jones,1995,"1,425,000.00"
Rafael Addison,1995,"617,000.00"
Randolph Childress,1995,"682,000.00"
Randolph Keys,1995,"363,000.00"
Randy Brown,1995,"900,000.00"
Randy Woods,1995,"950,000.00"
Rasheed Wallace,1995,"1,493,000.00"
Rastko Cvetkovic,1995,"200,000.00"
Reggie Jordan,1995,"225,000.00"
Reggie Miller,1995,"3,211,000.00"
Reggie Slater,1995,"225,000.00"
Reggie Williams,1995,"1,853,000.00"
Rex Chapman,1995,"2,004,000.00"
Rex Walters,1995,"1,040,000.00"
Rich King,1995,"100,000.00"
Rich Manning,1995,"225,000.00"
Richard Dumas,1995,"225,000.00"
Rick Fox,1995,"1,750,000.00"
Rick Mahorn,1995,"400,000.00"
Ricky Pierce,1995,"1,000,000.00"
Rik Smits,1995,"3,750,000.00"
Robert Horry,1995,"1,601,000.00"
Robert Pack,1995,"1,304,000.00"
Robert Parish,1995,"2,500,000.00"
Robert Werdann,1995,"225,000.00"
Rod Strickland,1995,"2,280,000.00"
Rodney Dent,1995,"225,000.00"
Rodney Rogers,1995,"1,920,000.00"
Rodney Zimmerman,1995,"200,000.00"
Ron Grandison,1995,"225,000.00"
Ron Harper,1995,"3,120,000.00"
Rony Seikaly,1995,"3,532,000.00"
Roy Tarpley,1995,"775,000.00"
Ryan Lorthridge,1995,"350,000.00"
Sam Bowie,1995,"4,800,000.00"
Sam Cassell,1995,"1,040,000.00"
Sam Mitchell,1995,"1,000,000.00"
Sam Perkins,1995,"3,967,000.00"
Sarunas Marciulionis,1995,"2,400,000.00"
Sasha Danilovic,1995,"1,455,000.00"
Scott Brooks,1995,"750,000.00"
Scott Burrell,1995,"1,040,000.00"
Scott Haskin,1995,"1,313,000.00"
Scott Williams,1995,"1,950,000.00"
Scottie Pippen,1995,"2,925,000.00"
Sean Elliott,1995,"5,333,000.00"
Sean Higgins,1995,"500,000.00"
Sean Rooks,1995,"1,200,000.00"
Sedale Threatt,1995,"2,400,000.00"
Shaquille O'Neal,1995,"5,700,000.00"
Sharone Wright,1995,"2,500,000.00"
Shawn Bradley,1995,"4,320,000.00"
Shawn Kemp,1995,"3,000,000.00"
Shawn Respert,1995,"1,232,000.00"
Sherell Ford,1995,"500,000.00"
Sherman Douglas,1995,"3,163,000.00"
Spud Webb,1995,"1,800,000.00"
Stacey Augmon,1995,"2,160,000.00"
Stacey King,1995,"600,000.00"
Stanley Jackson,1995,"350,000.00"
Stanley Roberts,1995,"3,000,000.00"
Stefano Rusconi,1995,"415,000.00"
Steve Bardo,1995,"225,000.00"
Steve Colter,1995,"225,000.00"
Steve Kerr,1995,"800,000.00"
Steve Scheffler,1995,"250,000.00"
Steve Smith,1995,"2,568,000.00"
Terrell Brandon,1995,"1,155,000.00"
Terrence Rencher,1995,"200,000.00"
Terry Catledge,1995,"1,976,000.00"
Terry Cummings,1995,"1,450,000.00"
Terry Davis,1995,"1,920,000.00"
Terry Dehere,1995,"1,680,000.00"
Terry Mills,1995,"2,177,000.00"
Terry Porter,1995,"1,525,000.00"
Theo Ratliff,1995,"714,000.00"
Tim Breaux,1995,"225,000.00"
Tim Hardaway,1995,"3,728,000.00"
Tim Legler,1995,"250,000.00"
Tim Perry,1995,"1,950,000.00"
Todd Day,1995,"2,518,000.00"
Todd Mundt,1995,"225,000.00"
Tom Gugliotta,1995,"4,500,000.00"
Tom Hammonds,1995,"970,000.00"
Toni Kukoc,1995,"3,560,000.00"
Tony Dumas,1995,"910,000.00"
Tony Massenburg,1995,"550,000.00"
Tony Smith,1995,"500,000.00"
Tracy Murray,1995,"250,000.00"
Travis Best,1995,"580,000.00"
Tree Rollins,1995,"1,470,000.00"
Trevor Ruffin,1995,"225,000.00"
Tyrone Corbin,1995,"1,700,000.00"
Tyrone Hill,1995,"3,425,000.00"
Tyus Edney,1995,"210,000.00"
Vern Fleming,1995,"700,000.00"
Vernon Maxwell,1995,"1,343,000.00"
Victor Alexander,1995,"1,595,000.00"
Vin Baker,1995,"3,765,000.00"
Vincent Askew,1995,"1,810,000.00"
Vincenzo Esposito,1995,"500,000.00"
Vinny Del Negro,1995,"1,747,000.00"
Vlade Divac,1995,"3,333,000.00"
Walt Williams,1995,"2,423,000.00"
Wayman Tisdale,1995,"3,475,000.00"
Wesley Person,1995,"845,000.00"
Will Perdue,1995,"1,340,000.00"
Willie Anderson,1995,"2,075,000.00"
Willie Burton,1995,"225,000.00"
Xavier McDaniel,1995,"1,565,000.00"
Yinka Dare,1995,"1,184,000.00"
Zan Tabak,1995,"650,000.00"
A.C. Green,1996,"4,851,000.00"
Aaron McKie,1996,"1,040,000.00"
Aaron Williams,1996,"169,000.00"
Acie Earl,1996,"1,235,000.00"
Adam Keefe,1996,"1,950,000.00"
Alan Henderson,1996,"910,000.00"
Allan Houston,1996,"5,000,000.00"
Allen Iverson,1996,"2,267,000.00"
Alonzo Mourning,1996,"9,380,000.00"
Alton Lister,1996,"500,000.00"
Amal McCaskill,1996,"220,000.00"
Andrew DeClercq,1996,"276,000.00"
Andrew Lang,1996,"2,332,000.00"
Anfernee Hardaway,1996,"6,655,000.00"
Anthony Goldwire,1996,"250,000.00"
Anthony Mason,1996,"2,777,000.00"
Anthony Peeler,1996,"1,540,000.00"
Antoine Carr,1996,"2,300,000.00"
Antoine Walker,1996,"1,620,000.00"
Antonio Davis,1996,"5,200,000.00"
Antonio Harvey,1996,"247,500.00"
Antonio Lang,1996,"520,000.00"
Antonio McDyess,1996,"2,545,000.00"
Armen Gilliam,1996,"2,317,000.00"
Arvydas Sabonis,1996,"2,640,000.00"
Ashraf Amaya,1996,"247,500.00"
Avery Johnson,1996,"1,040,000.00"
B.J. Tyler,1996,"1,040,000.00"
Ben Davis,1996,"220,000.00"
Ben Wallace,1996,"247,500.00"
Bill Curley,1996,"1,123,000.00"
Bill Wennington,1996,"1,000,000.00"
Billy Owens,1996,"3,773,000.00"
Bimbo Coles,1996,"1,400,000.00"
BJ Armstrong,1996,"2,400,000.00"
Blue Edwards,1996,"2,100,000.00"
Bo Outlaw,1996,"600,000.00"
Bob Sura,1996,"864,000.00"
Bobby Hurley,1996,"3,068,000.00"
Bobby Phills,1996,"1,808,000.00"
Brad Lohaus,1996,"485,000.00"
Brent Barry,1996,"958,000.00"
Brent Price,1996,"1,600,000.00"
Brent Scott,1996,"247,500.00"
Brett Szabo,1996,"220,000.00"
Brian Evans,1996,"551,000.00"
Brian Grant,1996,"1,293,000.00"
Brian Shaw,1996,"4,000,000.00"
Brooks Thompson,1996,"1,332,300.00"
Bryant Reeves,1996,"1,695,000.00"
Bryant Stith,1996,"3,400,000.00"
Bryon Russell,1996,"385,000.00"
Buck Williams,1996,"1,193,000.00"
Byron Scott,1996,"247,500.00"
Calbert Cheaney,1996,"3,200,000.00"
Carl Herrera,1996,"1,550,000.00"
Carl Thomas,1996,"247,500.00"
Carlos Rogers,1996,"1,144,000.00"
Carlos Strong,1996,"220,000.00"
Cedric Ceballos,1996,"2,400,000.00"
Charles Barkley,1996,"4,695,000.00"
Charles Jones,1996,"247,500.00"
Charles Oakley,1996,"2,600,000.00"
Charles Smith,1996,"3,557,000.00"
Charlie Ward,1996,"888,000.00"
Cherokee Parks,1996,"1,117,000.00"
Chris Carr,1996,"750,000.00"
Chris Childs,1996,"2,600,000.00"
Chris Dudley,1996,"4,100,000.00"
Chris Gatling,1996,"3,047,000.00"
Chris Jent,1996,"247,500.00"
Chris Mills,1996,"1,235,000.00"
Chris Morris,1996,"2,500,000.00"
Chris Mullin,1996,"2,844,000.00"
Chris Robinson,1996,"220,000.00"
Chris Webber,1996,"8,000,000.00"
Chris Whitney,1996,"400,000.00"
Christian Laettner,1996,"4,500,000.00"
Chuck Person,1996,"2,060,000.00"
Chucky Brown,1996,"500,000.00"
Clar. Weatherspoon,1996,"3,300,000.00"
Clarence Weatherspoon,1996,"3,300,000.00"
Clifford Robinson,1996,"2,924,000.00"
Clifford Rozier,1996,"1,040,000.00"
Clyde Drexler,1996,"5,500,000.00"
Corie Blount,1996,"1,235,000.00"
Corliss Williamson,1996,"1,051,000.00"
Cory Alexander,1996,"521,000.00"
Craig Ehlo,1996,"360,000.00"
Dale Davis,1996,"6,508,000.00"
Dale Ellis,1996,"1,600,000.00"
Damon Stoudamire,1996,"1,547,000.00"
Dan Majerle,1996,"2,350,000.00"
Dana Barros,1996,"3,400,000.00"
Danny Ferry,1996,"4,643,000.00"
Danny Manning,1996,"6,833,000.00"
Danny Schayes,1996,"575,000.00"
Darrell Armstrong,1996,"410,000.00"
Darrick Martin,1996,"375,000.00"
Darrin Hancock,1996,"247,500.00"
Darvin Ham,1996,"220,000.00"
David Benoit,1996,"508,000.00"
David Robinson,1996,"9,952,000.00"
David Vaughn,1996,"614,000.00"
David Wesley,1996,"350,000.00"
David Wingate,1996,"560,000.00"
David Wood,1996,"247,500.00"
Dean Garrett,1996,"247,500.00"
Dee Brown,1996,"3,250,000.00"
Dell Curry,1996,"1,830,000.00"
Dennis Rodman,1996,"9,000,000.00"
Dennis Scott,1996,"3,000,000.00"
Derek Fisher,1996,"612,000.00"
Derek Harper,1996,"1,300,000.00"
Derek Strong,1996,"247,500.00"
Derrick Coleman,1996,"6,739,000.00"
Derrick McKey,1996,"3,000,000.00"
Detlef Schrempf,1996,"3,333,000.00"
Dickey Simpkins,1996,"1,040,000.00"
Dikembe Mutombo,1996,"8,013,000.00"
Dino Radja,1996,"5,313,000.00"
Dominique Wilkins,1996,"247,500.00"
Don MacLean,1996,"1,780,000.00"
Don Reid,1996,"400,000.00"
Donald Royal,1996,"1,700,000.00"
Donald Whiteside,1996,"220,000.00"
Donnie Boyce,1996,"247,500.00"
Donny Marshall,1996,"450,000.00"
Dontae' Jones,1996,"691,000.00"
Dontonio Wingfield,1996,"500,000.00"
Donyell Marshall,1996,"3,360,000.00"
Doug Christie,1996,"1,355,000.00"
Doug Edwards,1996,"247,500.00"
Doug Overton,1996,"247,500.00"
Doug West,1996,"2,155,000.00"
Duane Causwell,1996,"2,215,000.00"
Duane Ferrell,1996,"1,040,000.00"
Dwayne Schintzius,1996,"625,000.00"
Earl Cureton,1996,"205,200.00"
Ed O'Bannon,1996,"1,303,000.00"
Ed Pinckney,1996,"300,000.00"
Eddie Johnson,1996,"1,200,000.00"
Eddie Jones,1996,"1,800,000.00"
Elden Campbell,1996,"7,000,000.00"
Eldridge Recasner,1996,"247,500.00"
Elliot Perry,1996,"2,000,000.00"
Emanual Davis,1996,"220,000.00"
Eric Leckner,1996,"247,500.00"
Eric Mobley,1996,"992,000.00"
Eric Montross,1996,"1,280,000.00"
Eric Piatkowski,1996,"1,363,000.00"
Eric Snow,1996,"247,500.00"
Eric Williams,1996,"1,008,000.00"
Erick Dampier,1996,"1,184,000.00"
Erick Strickland,1996,"220,000.00"
Ervin Johnson,1996,"1,636,000.00"
Felton Spencer,1996,"2,694,000.00"
Frank Brickowski,1996,"1,500,000.00"
Fred Hoiberg,1996,"297,000.00"
Fred Roberts,1996,"247,500.00"
Gary Grant,1996,"500,000.00"
Gary Payton,1996,"10,212,000.00"
Gary Trent,1996,"1,176,000.00"
Gaylon Nickerson,1996,"152,900.00"
George Lynch,1996,"2,090,000.00"
George McCloud,1996,"1,100,000.00"
George Zidek,1996,"694,000.00"
Gerald Wilkins,1996,"247,500.00"
Gheorghe Muresan,1996,"2,363,000.00"
Glen Rice,1996,"4,002,000.00"
Glenn Robinson,1996,"4,640,000.00"
Grant Hill,1996,"5,025,000.00"
Grant Long,1996,"2,260,000.00"
Greg Anderson,1996,"584,000.00"
Greg Anthony,1996,"1,875,000.00"
Greg Dreiling,1996,"247,500.00"
Greg Foster,1996,"420,000.00"
Greg Graham,1996,"1,330,000.00"
Greg Minor,1996,"1,800,000.00"
Greg Ostertag,1996,"573,000.00"
Hakeem Olajuwon,1996,"9,655,000.00"
Harvey Grant,1996,"4,111,000.00"
Haywoode Workman,1996,"1,080,000.00"
Henry James,1996,"181,100.00"
Herb Williams,1996,"757,000.00"
Hersey Hawkins,1996,"2,604,000.00"
Horace Grant,1996,"14,857,000.00"
Howard Eisley,1996,"298,000.00"
Hubert Davis,1996,"1,295,000.00"
Ike Austin,1996,"247,500.00"
Isaac Austin,1996,"247,500.00"
Isaiah Rider,1996,"3,610,000.00"
Ivano Newbill,1996,"247,500.00"
Jalen Rose,1996,"1,560,000.00"
Jamal Mashburn,1996,"3,833,000.00"
James Robinson,1996,"1,235,000.00"
James Scott,1996,"220,000.00"
Jamie Watson,1996,"1,000,000.00"
Jaren Jackson,1996,"247,500.00"
Jaren Jackson Jr,1996,"247,500.00"
Jason Caffey,1996,"700,000.00"
Jason Kidd,1996,"4,408,000.00"
Jayson Williams,1996,"2,250,000.00"
Jeff Hornacek,1996,"2,396,000.00"
Jermaine O'Neal,1996,"827,000.00"
Jerome Allen,1996,"247,500.00"
Jerome Kersey,1996,"247,500.00"
Jerome Williams,1996,"568,000.00"
Jerry Stackhouse,1996,"2,286,000.00"
Jim Jackson,1996,"3,900,000.00"
Jim McIlvaine,1996,"3,000,000.00"
Jimmy King,1996,"330,000.00"
Joe Dumars,1996,"3,075,000.00"
Joe Kleine,1996,"1,235,000.00"
Joe Smith,1996,"2,794,000.00"
Joe Wolf,1996,"400,000.00"
John Crotty,1996,"390,000.00"
John Long,1996,"205,200.00"
John Salley,1996,"2,225,000.00"
John Starks,1996,"1,913,000.00"
John Stockton,1996,"6,000,000.00"
John Wallace,1996,"785,000.00"
John Williams,1996,"4,151,000.00"
Johnny Newman,1996,"1,225,000.00"
Jon Barry,1996,"247,500.00"
Jon Koncak,1996,"1,150,000.00"
Jud Buechler,1996,"500,000.00"
Juwan Howard,1996,"9,750,000.00"
Karl Malone,1996,"4,657,000.00"
Keith Askins,1996,"650,000.00"
Keith Jennings,1996,"247,500.00"
Ken Norman,1996,"2,869,000.00"
Kendall Gill,1996,"3,800,000.00"
Kenny Anderson,1996,"4,175,000.00"
Kenny Gattison,1996,"1,450,000.00"
Kenny Smith,1996,"190,100.00"
Kerry Kittles,1996,"1,356,000.00"
Kevin Duckworth,1996,"247,500.00"
Kevin Edwards,1996,"2,280,000.00"
Kevin Gamble,1996,"1,196,000.00"
Kevin Garnett,1996,"1,666,000.00"
Kevin Johnson,1996,"7,000,000.00"
Kevin Salvadori,1996,"247,500.00"
Kevin Willis,1996,"1,500,000.00"
Khalid Reeves,1996,"1,752,000.00"
Kobe Bryant,1996,"1,015,000.00"
Kurt Thomas,1996,"1,238,000.00"
Lamond Murray,1996,"2,700,000.00"
LaPhonso Ellis,1996,"3,294,000.00"
Larry Johnson,1996,"5,004,000.00"
Larry Stewart,1996,"247,500.00"
LaSalle Thompson,1996,"247,500.00"
Latrell Sprewell,1996,"7,000,000.00"
Lawrence Moten,1996,"321,000.00"
Lee Mayberry,1996,"1,100,000.00"
Lindsey Hunter,1996,"1,715,000.00"
Lionel Simmons,1996,"3,194,000.00"
Litterial Green,1996,"247,500.00"
Lloyd Daniels,1996,"184,100.00"
Loren Meyer,1996,"639,000.00"
Lorenzen Wright,1996,"1,480,000.00"
Lorenzo Williams,1996,"940,000.00"
Lou Roe,1996,"247,500.00"
Loy Vaught,1996,"3,100,000.00"
Luc Longley,1996,"2,790,000.00"
Lucious Harris,1996,"1,200,000.00"
Mahmoud Abdul-Rauf,1996,"3,100,000.00"
Malik Rose,1996,"220,000.00"
Malik Sealy,1996,"1,732,000.00"
Marcus Brown,1996,"220,000.00"
Marcus Camby,1996,"2,434,000.00"
Marcus Mann,1996,"220,000.00"
Mario Bennett,1996,"555,000.00"
Mario Elie,1996,"1,400,000.00"
Mark Bradtke,1996,"247,500.00"
Mark Bryant,1996,"1,150,000.00"
Mark Davis,1996,"247,500.00"
Mark Hendrickson,1996,"247,000.00"
Mark Jackson,1996,"2,900,000.00"
Mark Price,1996,"3,409,000.00"
Mark Strickland,1996,"247,500.00"
Mark West,1996,"2,000,000.00"
Martin Muursepp,1996,"401,000.00"
Marty Conlon,1996,"1,447,500.00"
Matt Bullard,1996,"247,500.00"
Matt Fish,1996,"247,500.00"
Matt Geiger,1996,"1,562,000.00"
Matt Maloney,1996,"247,500.00"
Michael Cage,1996,"1,473,000.00"
Michael Curry,1996,"400,000.00"
Michael Finley,1996,"723,000.00"
Michael Jordan,1996,"30,140,000.00"
Michael Smith,1996,"1,570,000.00"
Micheal Williams,1996,"2,475,000.00"
Mike Peplowski,1996,"247,500.00"
Mitch Richmond,1996,"3,575,000.00"
Mitchell Butler,1996,"600,000.00"
Monty Williams,1996,"1,040,000.00"
Mookie Blaylock,1996,"2,800,000.00"
Muggsy Bogues,1996,"1,575,000.00"
Nate McMillan,1996,"1,355,000.00"
Nick Anderson,1996,"3,790,000.00"
Nick Van Exel,1996,"1,900,000.00"
Olden Polynice,1996,"3,140,000.00"
Oliver Miller,1996,"247,500.00"
Othella Harrington,1996,"247,500.00"
Otis Thorpe,1996,"7,000,000.00"
P.J. Brown,1996,"2,000,000.00"
Patrick Ewing,1996,"3,000,000.00"
Pervis Ellison,1996,"1,760,000.00"
Pete Chilcutt,1996,"700,000.00"
PJ Brown,1996,"2,000,000.00"
Pooh Richardson,1996,"2,721,000.00"
Popeye Jones,1996,"1,581,000.00"
Priest Lauderdale,1996,"548,000.00"
Rafael Addison,1996,"290,000.00"
Randolph Childress,1996,"784,000.00"
Randy Brown,1996,"1,300,000.00"
Randy Livingston,1996,"220,000.00"
Rasheed Wallace,1996,"2,060,000.00"
Ray Allen,1996,"1,785,000.00"
Ray Owes,1996,"220,000.00"
Reggie Geary,1996,"220,000.00"
Reggie Jordan,1996,"247,500.00"
Reggie Miller,1996,"11,250,000.00"
Reggie Williams,1996,"2,048,000.00"
Rex Chapman,1996,"247,500.00"
Rex Walters,1996,"1,235,000.00"
Rich Manning,1996,"247,500.00"
Rick Fox,1996,"1,750,000.00"
Rick Mahorn,1996,"400,000.00"
Ricky Pierce,1996,"1,200,000.00"
Rik Smits,1996,"4,000,000.00"
Robert Horry,1996,"1,703,000.00"
Robert Pack,1996,"2,700,000.00"
Robert Parish,1996,"1,000,000.00"
Robert Werdann,1996,"166,000.00"
Rod Strickland,1996,"3,036,000.00"
Rodney Rogers,1996,"2,280,000.00"
Ron Harper,1996,"3,840,000.00"
Rony Seikaly,1996,"3,752,000.00"
Roy Rogers,1996,"664,000.00"
Rumeal Robinson,1996,"247,500.00"
Sam Cassell,1996,"1,235,000.00"
Sam Mack,1996,"247,500.00"
Sam Mitchell,1996,"1,200,000.00"
Sam Perkins,1996,"2,730,000.00"
Samaki Walker,1996,"1,246,000.00"
Sarunas Marciulionis,1996,"2,500,000.00"
Sasha Danilovic,1996,"1,892,000.00"
Scott Brooks,1996,"247,500.00"
Scott Burrell,1996,"1,235,000.00"
Scott Williams,1996,"2,400,000.00"
Scottie Pippen,1996,"2,250,000.00"
Sean Elliott,1996,"5,333,000.00"
Sean Rooks,1996,"1,200,000.00"
Shandon Anderson,1996,"220,000.00"
Shane Heal,1996,"320,000.00"
Shaquille O'Neal,1996,"10,714,000.00"
Shareef Abdur-Rahim,1996,"2,186,000.00"
Sharone Wright,1996,"3,100,000.00"
Shawn Bradley,1996,"5,130,000.00"
Shawn Kemp,1996,"3,300,000.00"
Shawn Respert,1996,"1,417,000.00"
Shawnelle Scott,1996,"300,000.00"
Sherell Ford,1996,"500,000.00"
Sherman Douglas,1996,"3,594,000.00"
Stacey Augmon,1996,"2,480,000.00"
Stanley Roberts,1996,"3,250,000.00"
Stephen Howard,1996,"181,100.00"
Stephon Marbury,1996,"1,917,000.00"
Steve Hamer,1996,"220,000.00"
Steve Kerr,1996,"750,000.00"
Steve Nash,1996,"916,000.00"
Steve Scheffler,1996,"275,000.00"
Steve Smith,1996,"4,500,000.00"
Steven Smith,1996,"4,500,000.00"
Stojko Vrankovic,1996,"2,900,000.00"
Terrell Brandon,1996,"1,312,000.00"
Terry Davis,1996,"2,300,000.00"
Terry Dehere,1996,"1,905,000.00"
Terry Mills,1996,"2,457,000.00"
Terry Porter,1996,"1,775,000.00"
Theo Ratliff,1996,"821,000.00"
Tim Hardaway,1996,"2,500,000.00"
Tim Legler,1996,"450,000.00"
Todd Day,1996,"2,915,000.00"
Todd Fuller,1996,"1,125,000.00"
Tom Gugliotta,1996,"5,000,000.00"
Tom Hammonds,1996,"1,070,000.00"
Toni Kukoc,1996,"3,960,000.00"
Tony Delk,1996,"870,000.00"
Tony Dumas,1996,"1,120,000.00"
Tony Farmer,1996,"247,500.00"
Tony Massenburg,1996,"247,500.00"
Tony Smith,1996,"247,500.00"
Tracy Moore,1996,"247,500.00"
Tracy Murray,1996,"1,700,000.00"
Travis Best,1996,"666,000.00"
Travis Knight,1996,"220,000.00"
Tyrone Corbin,1996,"247,500.00"
Tyrone Hill,1996,"3,480,000.00"
Tyus Edney,1996,"247,500.00"
Vernon Maxwell,1996,"1,000,000.00"
Vin Baker,1996,"3,765,000.00"
Vincent Askew,1996,"2,000,000.00"
Vinny Del Negro,1996,"2,023,000.00"
Virginijus Praskevicius,1996,"220,000.00"
Vitaly Potapenko,1996,"1,068,000.00"
Vlade Divac,1996,"4,718,000.00"
Voshon Lenard,1996,"247,500.00"
Walt Williams,1996,"247,500.00"
Walter McCarty,1996,"750,000.00"
Wayman Tisdale,1996,"3,475,000.00"
Wesley Person,1996,"1,040,000.00"
Will Perdue,1996,"1,544,000.00"
Willie Burton,1996,"247,500.00"
Xavier McDaniel,1996,"254,000.00"
Yinka Dare,1996,"1,448,000.00"
Zan Tabak,1996,"800,000.00"
Zydrunas Ilgauskas,1996,"720,000.00"
A.C. Green,1997,"5,095,088.00"
Aaron McKie,1997,"1,235,000.00"
Aaron Williams,1997,"500,000.00"
Acie Earl,1997,"1,430,000.00"
Adam Keefe,1997,"2,300,000.00"
Adonal Foyle,1997,"1,495,000.00"
Adrian Caldwell,1997,"292,250.00"
Adrian Custis,1997,"242,000.00"
Alan Henderson,1997,"1,028,400.00"
Allan Houston,1997,"6,000,000.00"
Allen Iverson,1997,"3,128,640.00"
Alonzo Mourning,1997,"11,254,800.00"
Alton Lister,1997,"272,250.00"
Alvin Williams,1997,"242,000.00"
Amal McCaskill,1997,"20,700.00"
Andrew DeClercq,1997,"1,200,000.00"
Andrew Lang,1997,"2,700,000.00"
Anfernee Hardaway,1997,"7,580,000.00"
Anthony Goldwire,1997,"330,000.00"
Anthony Johnson,1997,"242,000.00"
Anthony Mason,1997,"3,471,500.00"
Anthony Miller,1997,"272,250.00"
Anthony Parker,1997,"754,080.00"
Anthony Peeler,1997,"2,012,500.00"
Antoine Carr,1997,"1,600,000.00"
Antoine Walker,1997,"1,864,080.00"
Antonio Daniels,1997,"2,149,920.00"
Antonio Davis,1997,"4,500,000.00"
Antonio McDyess,1997,"2,876,640.00"
Armen Gilliam,1997,"2,780,400.00"
Arvydas Sabonis,1997,"3,080,000.00"
Austin Croshere,1997,"1,165,440.00"
Avery Johnson,1997,"3,000,000.00"
B.J. Tyler,1997,"1,200,000.00"
Ben Davis,1997,"25,000.00"
Ben Wallace,1997,"326,700.00"
Bill Curley,1997,"1,333,800.00"
Bill Wennington,1997,"1,800,000.00"
Billy Owens,1997,"4,225,200.00"
Bimbo Coles,1997,"1,700,000.00"
Bison Dele,1997,"4,050,000.00"
BJ Armstrong,1997,"2,600,000.00"
Blue Edwards,1997,"2,300,000.00"
Bo Outlaw,1997,"1,000,000.00"
Bob Sura,1997,"976,920.00"
Bobby Hurley,1997,"3,552,000.00"
Bobby Jackson,1997,"694,920.00"
Bobby Phills,1997,"2,900,000.00"
Brent Barry,1997,"1,082,520.00"
Brent Price,1997,"1,920,000.00"
Brevin Knight,1997,"949,320.00"
Brian Evans,1997,"607,545.00"
Brian Grant,1997,"5,000,000.00"
Brian Shaw,1997,"3,750,000.00"
Bruce Bowen,1997,"422,500.00"
Bryant Reeves,1997,"1,915,680.00"
Bryant Stith,1997,"4,030,000.00"
Bryon Russell,1997,"2,857,144.00"
Bubba Wells,1997,"260,000.00"
Buck Williams,1997,"1,431,000.00"
Calbert Cheaney,1997,"3,600,000.00"
Carl Herrera,1997,"1,820,000.00"
Carl Thomas,1997,"272,250.00"
Carlos Rogers,1997,"1,900,000.00"
Cedric Ceballos,1997,"2,605,000.00"
Cedric Henderson,1997,"250,000.00"
Charles Barkley,1997,"2,250,000.00"
Charles Oakley,1997,"2,850,000.00"
Charles O'Bannon,1997,"320,000.00"
Charles Smith,1997,"4,576,343.00"
Charlie Ward,1997,"1,054,500.00"
Chauncey Billups,1997,"2,384,640.00"
Cherokee Parks,1997,"1,262,640.00"
Chris Anstey,1997,"713,900.00"
Chris Carr,1997,"900,000.00"
Chris Childs,1997,"3,120,000.00"
Chris Crawford,1997,"242,000.00"
Chris Dudley,1997,"1,135,000.00"
Chris Garner,1997,"242,000.00"
Chris Gatling,1997,"3,656,400.00"
Chris Mills,1997,"3,000,000.00"
Chris Morris,1997,"3,000,000.00"
Chris Mullin,1997,"2,941,500.00"
Chris Robinson,1997,"325,000.00"
Chris Webber,1997,"9,000,000.00"
Chris Whitney,1997,"1,200,000.00"
Christian Laettner,1997,"5,050,000.00"
Chuck Person,1997,"2,470,000.00"
Chucky Brown,1997,"272,250.00"
Clarence Weatherspoon,1997,"2,800,000.00"
Clifford Robinson,1997,"1,000,000.00"
Clifford Rozier,1997,"1,022,250.00"
Clyde Drexler,1997,"5,500,000.00"
Corey Beck,1997,"272,250.00"
Corie Blount,1997,"1,430,000.00"
Corliss Williamson,1997,"1,199,520.00"
Cory Alexander,1997,"562,380.00"
Craig Ehlo,1997,"432,081.00"
Dale Davis,1997,"5,273,333.00"
Dale Ellis,1997,"1,920,000.00"
Damon Stoudamire,1997,"1,748,760.00"
Dan Majerle,1997,"2,820,000.00"
Dana Barros,1997,"3,400,000.00"
Danny Ferry,1997,"4,000,000.00"
Danny Fortson,1997,"1,291,440.00"
Danny Manning,1997,"6,833,333.00"
Danny Schayes,1997,"690,000.00"
Darrell Armstrong,1997,"350,000.00"
Darrick Martin,1997,"431,250.00"
Darvin Ham,1997,"272,250.00"
David Benoit,1997,"609,096.00"
David Robinson,1997,"12,397,440.00"
David Vaughn,1997,"693,840.00"
David Wesley,1997,"1,800,000.00"
David Wingate,1997,"570,000.00"
Dean Garrett,1997,"1,800,000.00"
Dee Brown,1997,"3,500,000.00"
DeJuan Wheat,1997,"262,000.00"
Dell Curry,1997,"3,660,000.00"
Dennis Rodman,1997,"4,500,000.00"
Dennis Scott,1997,"2,920,000.00"
Derek Anderson,1997,"1,107,240.00"
Derek Fisher,1997,"703,200.00"
Derek Grimm,1997,"242,000.00"
Derek Harper,1997,"1,560,000.00"
Derek Strong,1997,"326,700.00"
Derrick Coleman,1997,"8,002,800.00"
Derrick McKey,1997,"3,600,000.00"
Detlef Schrempf,1997,"3,333,333.00"
Dickey Simpkins,1997,"1,235,000.00"
Dikembe Mutombo,1997,"9,615,187.00"
Dino Radja,1997,"2,500,000.00"
Don MacLean,1997,"2,120,000.00"
Don Reid,1997,"1,000,000.00"
Donald Whiteside,1997,"272,250.00"
Donny Marshall,1997,"540,000.00"
Dontae' Jones,1997,"794,880.00"
Dontonio Wingfield,1997,"600,000.00"
Donyell Marshall,1997,"3,990,000.00"
Doug Christie,1997,"2,012,767.00"
Doug Edwards,1997,"1,430,000.00"
Doug Overton,1997,"326,700.00"
Doug West,1997,"2,535,000.00"
Duane Causwell,1997,"1,211,705.00"
Duane Ferrell,1997,"1,235,000.00"
Ed Gray,1997,"723,840.00"
Ed O'Bannon,1997,"1,472,640.00"
Ed Stokes,1997,"272,500.00"
Eddie Johnson,1997,"626,700.00"
Eddie Jones,1997,"2,000,000.00"
Elden Campbell,1997,"7,000,000.00"
Eldridge Recasner,1997,"326,700.00"
Elliot Perry,1997,"2,000,000.00"
Elmore Spencer,1997,"2,050,000.00"
Emanual Davis,1997,"326,700.00"
Eric Mobley,1997,"1,178,000.00"
Eric Montross,1997,"1,520,000.00"
Eric Murdock,1997,"272,250.00"
Eric Piatkowski,1997,"1,587,500.00"
Eric Snow,1997,"706,300.00"
Eric Washington,1997,"242,000.00"
Eric Williams,1997,"1,139,520.00"
Erick Dampier,1997,"1,478,880.00"
Erick Strickland,1997,"1,600,000.00"
Ervin Johnson,1997,"2,281,128.00"
Etdrick Bohannon,1997,"272,250.00"
Felton Spencer,1997,"2,178,099.00"
Fred Hoiberg,1997,"356,400.00"
Gary Grant,1997,"600,000.00"
Gary Payton,1997,"10,514,688.00"
Gary Trent,1997,"1,329,009.00"
George Lynch,1997,"2,115,000.00"
George McCloud,1997,"272,250.00"
George Zidek,1997,"784,200.00"
Gerald Wilkins,1997,"326,700.00"
Gheorghe Muresan,1997,"1,887,500.00"
Glen Rice,1997,"4,702,000.00"
Glenn Robinson,1997,"5,510,000.00"
God Shammgod,1997,"242,250.00"
Grant Hill,1997,"5,850,000.00"
Grant Long,1997,"2,610,335.00"
Greg Anderson,1997,"272,250.00"
Greg Anthony,1997,"272,250.00"
Greg Foster,1997,"504,000.00"
Greg Graham,1997,"1,540,000.00"
Greg Minor,1997,"2,160,000.00"
Greg Ostertag,1997,"647,400.00"
Hakeem Olajuwon,1997,"11,156,000.00"
Harvey Grant,1997,"4,671,875.00"
Haywoode Workman,1997,"1,260,000.00"
Henry James,1997,"1,000,000.00"
Herb Williams,1997,"766,667.00"
Hersey Hawkins,1997,"3,124,100.00"
Horace Grant,1997,"14,285,714.00"
Horacio Llamas Grey,1997,"272,250.00"
Howard Eisley,1997,"1,240,000.00"
Hubert Davis,1997,"537,500.00"
Isaac Austin,1997,"384,000.00"
Isaiah Rider,1997,"4,210,000.00"
Ivano Newbill,1997,"272,250.00"
J.R. Reid,1997,"650,000.00"
Jack Haley,1997,"272,250.00"
Jacque Vaughn,1997,"601,320.00"
Jalen Rose,1997,"1,852,500.00"
Jamal Mashburn,1997,"4,433,334.00"
James Collins,1997,"242,000.00"
James Cotton,1997,"242,000.00"
James Robinson,1997,"1,500,000.00"
Jamie Feick,1997,"272,250.00"
Jaren Jackson,1997,"272,250.00"
Jaren Jackson Jr,1997,"272,250.00"
Jason Caffey,1997,"850,920.00"
Jason Kidd,1997,"5,223,333.00"
Jason Lawson,1997,"242,250.00"
Jayson Williams,1997,"2,500,000.00"
Jeff Hornacek,1997,"4,195,000.00"
Jeff Nordgaard,1997,"242,000.00"
Jerald Honeycutt,1997,"300,000.00"
Jermaine O'Neal,1997,"950,640.00"
Jerome Allen,1997,"35,000.00"
Jerome Kersey,1997,"500,000.00"
Jerome Williams,1997,"652,800.00"
Jerry Stackhouse,1997,"2,583,360.00"
Jim Jackson,1997,"4,600,000.00"
Jim McIlvaine,1997,"3,600,000.00"
Jimmy Oliver,1997,"272,250.00"
Joe Dumars,1997,"3,000,000.00"
Joe Kleine,1997,"272,250.00"
Joe Smith,1997,"3,165,160.00"
Joe Stephens,1997,"272,250.00"
Joe Wolf,1997,"480,000.00"
John Crotty,1997,"420,000.00"
John Long,1997,"272,500.00"
John Starks,1997,"5,112,500.00"
John Stockton,1997,"5,000,000.00"
John Thomas,1997,"640,440.00"
John Wallace,1997,"903,120.00"
John Williams,1997,"4,550,000.00"
Johnny Newman,1997,"1,325,000.00"
Johnny Taylor,1997,"901,880.00"
Jon Barry,1997,"272,500.00"
Jud Buechler,1997,"500,000.00"
Juwan Howard,1997,"11,250,000.00"
Karl Malone,1997,"5,118,578.00"
Kebu Stewart,1997,"242,000.00"
Keith Askins,1997,"750,000.00"
Keith Booth,1997,"597,600.00"
Keith Closs,1997,"1,200,000.00"
Keith Van Horn,1997,"2,655,360.00"
Kelvin Cato,1997,"999,240.00"
Ken Norman,1997,"3,332,000.00"
Kendall Gill,1997,"4,400,000.00"
Kenny Anderson,1997,"5,010,000.00"
Kerry Kittles,1997,"1,559,040.00"
Kevin Edwards,1997,"2,640,000.00"
Kevin Gamble,1997,"1,420,250.00"
Kevin Garnett,1997,"2,109,120.00"
Kevin Johnson,1997,"8,000,000.00"
Kevin Ollie,1997,"272,250.00"
Kevin Salvadori,1997,"300,000.00"
Kevin Willis,1997,"1,800,000.00"
Khalid Reeves,1997,"1,852,000.00"
Kobe Bryant,1997,"1,167,240.00"
Kurt Thomas,1997,"1,398,960.00"
Lamond Murray,1997,"2,900,000.00"
LaPhonso Ellis,1997,"3,650,000.00"
Larry Johnson,1997,"8,460,714.00"
Latrell Sprewell,1997,"7,770,000.00"
Lawrence Funderburke,1997,"500,000.00"
Lee Mayberry,1997,"1,320,000.00"
Lindsey Hunter,1997,"1,750,000.00"
Lionel Simmons,1997,"3,716,500.00"
Loren Meyer,1997,"722,760.00"
Lorenzen Wright,1997,"1,701,720.00"
Lorenzo Williams,1997,"1,128,000.00"
Loy Vaught,1997,"3,350,000.00"
Luc Longley,1997,"3,184,900.00"
Lucious Harris,1997,"1,440,000.00"
Mahmoud Abdul-Rauf,1997,"3,300,000.00"
Malcolm Huckaby,1997,"242,000.00"
Malik Rose,1997,"272,250.00"
Malik Sealy,1997,"1,150,000.00"
Marcus Brown,1997,"500,000.00"
Marcus Camby,1997,"2,799,240.00"
Mario Bennett,1997,"902,500.00"
Mario Elie,1997,"2,430,000.00"
Mark Bryant,1997,"2,250,000.00"
Mark Davis,1997,"326,700.00"
Mark Jackson,1997,"3,200,000.00"
Mark Pope,1997,"242,000.00"
Mark Price,1997,"4,090,920.00"
Mark Strickland,1997,"272,250.00"
Mark West,1997,"650,000.00"
Marko Milic,1997,"242,000.00"
Martin Muursepp,1997,"675,120.00"
Matt Bullard,1997,"326,700.00"
Matt Fish,1997,"150,000.00"
Matt Geiger,1997,"1,402,000.00"
Matt Maloney,1997,"326,700.00"
Maurice Taylor,1997,"1,051,800.00"
Michael Cage,1997,"2,055,421.00"
Michael Curry,1997,"500,000.00"
Michael Finley,1997,"816,840.00"
Michael Jordan,1997,"33,140,000.00"
Michael Smith,1997,"1,920,000.00"
Michael Stewart,1997,"242,000.00"
Micheal Williams,1997,"2,775,000.00"
Mitch Richmond,1997,"3,000,000.00"
Mitchell Butler,1997,"272,250.00"
Monty Williams,1997,"1,235,000.00"
Mookie Blaylock,1997,"3,000,000.00"
Muggsy Bogues,1997,"1,800,000.00"
Nate Huffman,1997,"20,000.00"
Nate McMillan,1997,"3,500,000.00"
Nick Anderson,1997,"4,000,000.00"
Nick Van Exel,1997,"1,900,000.00"
Olden Polynice,1997,"3,610,000.00"
Othella Harrington,1997,"326,700.00"
Otis Thorpe,1997,"5,700,000.00"
P.J. Brown,1997,"3,844,800.00"
Patrick Ewing,1997,"20,500,000.00"
Patrick Savoy,1997,"25,000.00"
Paul Grant,1997,"785,400.00"
Pervis Ellison,1997,"2,090,000.00"
Pete Chilcutt,1997,"700,000.00"
Pete Myers,1997,"272,250.00"
PJ Brown,1997,"3,844,800.00"
Pooh Richardson,1997,"2,820,710.00"
Popeye Jones,1997,"1,886,538.00"
Priest Lauderdale,1997,"630,000.00"
Randolph Childress,1997,"760,000.00"
Randy Brown,1997,"1,260,000.00"
Randy Livingston,1997,"326,700.00"
Randy Woods,1997,"500,000.00"
Rasheed Wallace,1997,"2,329,080.00"
Ray Allen,1997,"2,052,360.00"
Reggie Geary,1997,"272,250.00"
Reggie Jordan,1997,"272,250.00"
Reggie Miller,1997,"9,031,850.00"
Reggie Slater,1997,"350,000.00"
Rex Chapman,1997,"326,700.00"
Rex Walters,1997,"1,430,000.00"
Rick Brunson,1997,"5,000.00"
Rick Fox,1997,"1,000,000.00"
Rick Mahorn,1997,"480,000.00"
Rik Smits,1997,"4,000,000.00"
Robert Horry,1997,"6,000,000.00"
Robert Pack,1997,"3,240,000.00"
Robert Parish,1997,"1,150,000.00"
Rod Strickland,1997,"3,450,000.00"
Rodney Rogers,1997,"2,640,000.00"
Rodrick Rhodes,1997,"555,900.00"
Ron Grandison,1997,"272,250.00"
Ron Harper,1997,"4,560,000.00"
Ron Mercer,1997,"1,768,320.00"
Ron Riley,1997,"50,000.00"
Rony Seikaly,1997,"4,002,000.00"
Roy Rogers,1997,"763,080.00"
Ruben Nembhard,1997,"50,000.00"
Rumeal Robinson,1997,"272,250.00"
Sam Cassell,1997,"2,500,000.00"
Sam Mack,1997,"455,000.00"
Sam Mitchell,1997,"1,400,000.00"
Sam Perkins,1997,"3,370,000.00"
Samaki Walker,1997,"1,433,040.00"
Scot Pollard,1997,"818,160.00"
Scott Brooks,1997,"50,000.00"
Scott Burrell,1997,"1,430,000.00"
Scott Williams,1997,"2,850,000.00"
Scottie Pippen,1997,"2,775,000.00"
Sean Elliott,1997,"5,333,333.00"
Sean Higgins,1997,"272,250.00"
Sean Rooks,1997,"1,440,000.00"
Serge Zwikker,1997,"242,000.00"
Shandon Anderson,1997,"1,200,000.00"
Shane Heal,1997,"384,000.00"
Shaquille O'Neal,1997,"12,857,143.00"
Shareef Abdur-Rahim,1997,"2,513,760.00"
Sharone Wright,1997,"3,500,000.00"
Shawn Bradley,1997,"5,940,000.00"
Shawn Kemp,1997,"8,600,000.00"
Shawn Respert,1997,"1,602,120.00"
Shawnelle Scott,1997,"500,000.00"
Shea Seals,1997,"242,000.00"
Sherell Ford,1997,"670,800.00"
Sherman Douglas,1997,"4,297,250.00"
Stacey Augmon,1997,"2,800,000.00"
Stacey King,1997,"100,000.00"
Stanley Roberts,1997,"3,750,000.00"
Stephen Howard,1997,"272,250.00"
Stephon Marbury,1997,"2,266,320.00"
Steve Henson,1997,"272,250.00"
Steve Kerr,1997,"750,000.00"
Steve Nash,1997,"1,053,360.00"
Steve Scheffler,1997,"330,000.00"
Steve Smith,1997,"5,400,000.00"
Steven Smith,1997,"5,400,000.00"
Stojko Vrankovic,1997,"3,580,000.00"
Tariq Abdul-Wahad,1997,"1,226,880.00"
Terrell Brandon,1997,"1,469,440.00"
Terry Cummings,1997,"1,000,000.00"
Terry Davis,1997,"272,250.00"
Terry Dehere,1997,"886,125.00"
Terry Mills,1997,"1,000,000.00"
Terry Porter,1997,"2,000,000.00"
Theo Ratliff,1997,"928,080.00"
Tim Breaux,1997,"272,250.00"
Tim Duncan,1997,"2,967,840.00"
Tim Hardaway,1997,"4,800,000.00"
Tim Kempton,1997,"272,250.00"
Tim Legler,1997,"1,105,000.00"
Tim Thomas,1997,"1,614,240.00"
Todd Day,1997,"272,250.00"
Todd Fuller,1997,"1,293,240.00"
Todd Lindeman,1997,"15,000.00"
Tom Chambers,1997,"272,250.00"
Tom Gugliotta,1997,"5,500,000.00"
Tom Hammonds,1997,"970,000.00"
Toni Kukoc,1997,"4,560,000.00"
Tony Battie,1997,"1,946,880.00"
Tony Delk,1997,"1,000,680.00"
Tony Dumas,1997,"1,330,000.00"
Tony Farmer,1997,"272,250.00"
Tony Massenburg,1997,"750,000.00"
Tracy McGrady,1997,"1,359,360.00"
Tracy Murray,1997,"2,040,000.00"
Travis Best,1997,"752,000.00"
Travis Knight,1997,"2,000,000.00"
Travis Williams,1997,"242,000.00"
Tree Rollins,1997,"1,470,000.00"
Troy Hudson,1997,"242,000.00"
Tyrone Corbin,1997,"326,700.00"
Tyrone Hill,1997,"4,110,000.00"
Tyus Edney,1997,"400,000.00"
Vin Baker,1997,"4,064,373.00"
Vincent Askew,1997,"272,250.00"
Vinny Del Negro,1997,"2,298,777.00"
Vitaly Potapenko,1997,"1,228,560.00"
Vlade Divac,1997,"4,833,333.00"
Voshon Lenard,1997,"2,364,597.00"
Walt Williams,1997,"3,750,000.00"
Walter McCarty,1997,"862,560.00"
Wesley Person,1997,"3,500,000.00"
Will Perdue,1997,"1,987,500.00"
William Cunningham,1997,"50,000.00"
Yinka Dare,1997,"1,552,500.00"
Zan Tabak,1997,"950,000.00"
Zydrunas Ilgauskas,1997,"828,000.00"
A.C. Green,1998,"5,125,088.00"
Aaron McKie,1998,"1,430,000.00"
Aaron Williams,1998,"575,000.00"
Adam Keefe,1998,"2,650,000.00"
Adonal Foyle,1998,"1,701,000.00"
Adonis Jordan,1998,"350,000.00"
Al Harrington,1998,"543,000.00"
Alan Henderson,1998,"4,725,000.00"
Allan Houston,1998,"7,000,000.00"
Allen Iverson,1998,"3,537,000.00"
Alonzo Mourning,1998,"13,130,000.00"
Alvin Williams,1998,"1,700,000.00"
Andrae Patterson,1998,"287,500.00"
Andrew DeClercq,1998,"1,440,000.00"
Andrew Gaze,1998,"350,000.00"
Andrew Lang,1998,"3,068,000.00"
Anfernee Hardaway,1998,"8,505,000.00"
Ansu Sesay,1998,"287,500.00"
Antawn Jamison,1998,"1,940,000.00"
Anthony Johnson,1998,"1,000,000.00"
Anthony Mason,1998,"4,165,000.00"
Anthony Miller,1998,"475,000.00"
Anthony Parker,1998,"867,120.00"
Anthony Peeler,1998,"2,254,000.00"
Antoine Walker,1998,"2,107,000.00"
Antonio Daniels,1998,"2,472,000.00"
Antonio Davis,1998,"3,500,000.00"
Antonio McDyess,1998,"9,000,000.00"
Armen Gilliam,1998,"3,244,000.00"
Arvydas Sabonis,1998,"9,000,000.00"
Austin Croshere,1998,"1,340,000.00"
Avery Johnson,1998,"3,000,000.00"
B.J. Tyler,1998,"1,411,000.00"
Ben Davis,1998,"425,000.00"
Ben Wallace,1998,"800,000.00"
Bill Curley,1998,"1,544,000.00"
Bill Wennington,1998,"1,000,000.00"
Billy Owens,1998,"1,750,000.00"
Bimbo Coles,1998,"2,000,000.00"
Bison Dele,1998,"4,860,000.00"
BJ Armstrong,1998,"3,650,000.00"
Blue Edwards,1998,"850,000.00"
Bo Outlaw,1998,"1,150,000.00"
Bob Sura,1998,"3,133,000.00"
Bobby Hurley,1998,"4,030,000.00"
Bobby Jackson,1998,"799,200.00"
Bobby Phills,1998,"3,480,000.00"
Bonzi Wells,1998,"1,100,000.00"
Brad Miller,1998,"287,500.00"
Brandon Williams,1998,"287,500.00"
Brent Barry,1998,"3,600,000.00"
Brent Price,1998,"2,240,000.00"
Brevin Knight,1998,"1,092,000.00"
Brian Evans,1998,"686,780.00"
Brian Grant,1998,"6,000,000.00"
Brian Shaw,1998,"4,250,000.00"
Brian Skinner,1998,"653,500.00"
Bruce Bowen,1998,"507,000.00"
Bruno Sundov,1998,"287,500.00"
Bryant Reeves,1998,"7,222,000.00"
Bryant Stith,1998,"4,666,000.00"
Bryce Drew,1998,"857,000.00"
Bryon Russell,1998,"3,428,000.00"
Bubba Wells,1998,"312,000.00"
Buck Williams,1998,"1,670,000.00"
Calbert Cheaney,1998,"4,000,000.00"
Carl Herrera,1998,"2,742,500.00"
Carlos Rogers,1998,"2,000,000.00"
Casey Shaw,1998,"287,500.00"
Cedric Ceballos,1998,"750,000.00"
Charles Barkley,1998,"1,000,000.00"
Charles Jones,1998,"287,500.00"
Charles Oakley,1998,"10,186,000.00"
Charles O'Bannon,1998,"320,000.00"
Charles Shackleford,1998,"537,500.00"
Charles Smith,1998,"5,052,223.00"
Charlie Ward,1998,"1,221,000.00"
Chauncey Billups,1998,"2,742,000.00"
Cherokee Parks,1998,"2,000,000.00"
Chris Anstey,1998,"985,200.00"
Chris Carr,1998,"1,000,000.00"
Chris Childs,1998,"3,640,000.00"
Chris Crawford,1998,"350,000.00"
Chris Gatling,1998,"4,266,000.00"
Chris Mills,1998,"3,600,000.00"
Chris Morris,1998,"1,000,000.00"
Chris Mullin,1998,"3,510,000.00"
Chris Robinson,1998,"375,000.00"
Chris Webber,1998,"10,000,000.00"
Chris Whitney,1998,"1,440,000.00"
Christian Laettner,1998,"5,360,000.00"
Chuck Person,1998,"3,860,000.00"
Chucky Brown,1998,"850,000.00"
Clar. Weatherspoon,1998,"1,750,000.00"
Clarence Weatherspoon,1998,"1,750,000.00"
Clifford Robinson,1998,"3,500,000.00"
Corey Beck,1998,"425,000.00"
Corey Benjamin,1998,"540,000.00"
Corie Blount,1998,"2,162,500.00"
Corliss Williamson,1998,"500,000.00"
Cory Alexander,1998,"600,000.00"
Cory Carr,1998,"287,500.00"
Craig Ehlo,1998,"504,082.00"
Cuttino Mobley,1998,"287,500.00"
Dale Davis,1998,"4,038,000.00"
Dale Ellis,1998,"1,750,000.00"
Damon Jones,1998,"287,500.00"
Damon Stoudamire,1998,"9,000,000.00"
Dan Majerle,1998,"3,290,000.00"
Dana Barros,1998,"3,500,000.00"
Danny Ferry,1998,"4,000,000.00"
Danny Fortson,1998,"1,485,000.00"
Danny Manning,1998,"6,833,000.00"
Danny Schayes,1998,"1,000,000.00"
Darrell Armstrong,1998,"2,900,000.00"
Darrick Martin,1998,"480,000.00"
David Robinson,1998,"14,841,000.00"
David Vaughn,1998,"450,000.00"
David Wesley,1998,"2,160,000.00"
David Wingate,1998,"1,000,000.00"
Dean Garrett,1998,"2,160,000.00"
Dee Brown,1998,"3,750,000.00"
DeJuan Wheat,1998,"350,000.00"
Dell Curry,1998,"1,000,000.00"
Dennis Rodman,1998,"1,000,000.00"
Dennis Scott,1998,"1,725,000.00"
Derek Anderson,1998,"1,273,000.00"
Derek Fisher,1998,"795,000.00"
Derek Harper,1998,"1,000,000.00"
Derek Strong,1998,"3,000,000.00"
Derrick Coleman,1998,"12,267,000.00"
Derrick McKey,1998,"4,200,000.00"
Detlef Schrempf,1998,"3,333,000.00"
Dickey Simpkins,1998,"500,000.00"
Dikembe Mutombo,1998,"11,218,000.00"
Dino Radja,1998,"2,500,000.00"
Dirk Nowitzki,1998,"1,472,640.00"
Dominique Wilkins,1998,"1,000,000.00"
Don MacLean,1998,"2,460,000.00"
Don Reid,1998,"800,000.00"
Dontae' Jones,1998,"953,856.00"
Donyell Marshall,1998,"4,370,000.00"
Doug Christie,1998,"2,353,000.00"
Doug Edwards,1998,"1,625,000.00"
Doug Overton,1998,"600,000.00"
Doug West,1998,"2,915,000.00"
Drew Barry,1998,"350,000.00"
Duane Causwell,1998,"1,454,000.00"
Duane Ferrell,1998,"1,430,000.00"
Dwayne Schintzius,1998,"662,500.00"
Earl Boykins,1998,"287,500.00"
Ed Gray,1998,"832,440.00"
Eddie Jones,1998,"2,200,000.00"
Elden Campbell,1998,"7,000,000.00"
Elliot Perry,1998,"2,000,000.00"
Eric Montross,1998,"1,760,000.00"
Eric Murdock,1998,"1,750,000.00"
Eric Piatkowski,1998,"1,650,000.00"
Eric Riley,1998,"537,500.00"
Eric Snow,1998,"846,300.00"
Eric Washington,1998,"520,000.00"
Eric Williams,1998,"2,780,000.00"
Erick Dampier,1998,"1,538,000.00"
Erick Strickland,1998,"1,920,000.00"
Ervin Johnson,1998,"2,594,000.00"
Felipe Lopez,1998,"600,000.00"
Felton Spencer,1998,"1,650,000.00"
Fred Hoiberg,1998,"600,000.00"
Gary Grant,1998,"1,000,000.00"
Gary Payton,1998,"8,715,000.00"
Gary Trent,1998,"1,000,000.00"
George Lynch,1998,"1,000,000.00"
George McCloud,1998,"750,000.00"
Gerald Brown,1998,"287,500.00"
Gerald Wilkins,1998,"2,000,000.00"
Gerard King,1998,"287,500.00"
Gheorghe Muresan,1998,"475,000.00"
Glen Rice,1998,"5,248,000.00"
Glenn Robinson,1998,"6,380,000.00"
Grant Hill,1998,"6,675,000.00"
Grant Long,1998,"2,977,000.00"
Greg Anthony,1998,"1,000,000.00"
Greg Foster,1998,"588,000.00"
Greg Minor,1998,"2,520,000.00"
Greg Ostertag,1998,"4,333,000.00"
Hakeem Olajuwon,1998,"12,943,000.00"
Harvey Grant,1998,"1,000,000.00"
Haywoode Workman,1998,"2,040,000.00"
Herb Williams,1998,"1,000,000.00"
Hersey Hawkins,1998,"3,644,000.00"
Horace Grant,1998,"7,843,000.00"
Horacio Llamas Grey,1998,"425,000.00"
Howard Eisley,1998,"1,400,000.00"
Hubert Davis,1998,"645,000.00"
Ike Austin,1998,"5,000,000.00"
Isaac Austin,1998,"5,000,000.00"
Isaiah Rider,1998,"4,810,000.00"
J.R. Henderson,1998,"287,500.00"
J.R. Reid,1998,"780,000.00"
Jacque Vaughn,1998,"691,560.00"
Jalen Rose,1998,"2,145,000.00"
Jamal Mashburn,1998,"5,033,000.00"
James Robinson,1998,"2,337,500.00"
Jamie Feick,1998,"425,000.00"
Jaren Jackson,1998,"305,750.00"
Jason Caffey,1998,"3,675,000.00"
Jason Kidd,1998,"6,041,000.00"
Jason Williams,1998,"1,460,000.00"
Jayson Williams,1998,"11,000,000.00"
Jeff Hornacek,1998,"3,455,000.00"
Jeff McInnis,1998,"350,000.00"
Jeff Sanders,1998,"475,000.00"
Jeffrey Sheppard,1998,"287,500.00"
Jelani McCoy,1998,"287,500.00"
Jerald Honeycutt,1998,"300,000.00"
Jermaine O'Neal,1998,"1,075,000.00"
Jerome James,1998,"287,500.00"
Jerome Kersey,1998,"1,000,000.00"
Jerome Williams,1998,"737,880.00"
Jerry Stackhouse,1998,"3,887,000.00"
Jim Jackson,1998,"1,750,000.00"
Jim McIlvaine,1998,"4,200,000.00"
Joe Dumars,1998,"1,000,000.00"
Joe Kleine,1998,"1,000,000.00"
Joe Smith,1998,"1,750,000.00"
Joe Wolf,1998,"1,000,000.00"
John Coker,1998,"350,000.00"
John Crotty,1998,"1,104,000.00"
John Starks,1998,"4,000,000.00"
John Stockton,1998,"4,000,000.00"
John Thomas,1998,"737,000.00"
John Wallace,1998,"1,021,000.00"
John Williams,1998,"1,750,000.00"
Johnny Newman,1998,"1,000,000.00"
Johnny Taylor,1998,"1,037,000.00"
Jon Barry,1998,"600,000.00"
Jonathan Kerner,1998,"287,500.00"
Jud Buechler,1998,"850,000.00"
Juwan Howard,1998,"13,125,000.00"
Karl Malone,1998,"6,142,000.00"
Keith Askins,1998,"725,000.00"
Keith Booth,1998,"687,240.00"
Keith Closs,1998,"1,440,000.00"
Keith Van Horn,1998,"3,054,000.00"
Kelly McCarty,1998,"287,500.00"
Kelvin Cato,1998,"1,149,000.00"
Ken Norman,1998,"3,775,000.00"
Kendall Gill,1998,"5,000,000.00"
Kenny Anderson,1998,"5,845,000.00"
Keon Clark,1998,"1,000,000.00"
Kerry Kittles,1998,"1,762,000.00"
Kevin Gamble,1998,"1,645,000.00"
Kevin Garnett,1998,"14,000,000.00"
Kevin Willis,1998,"2,100,000.00"
Khalid Reeves,1998,"2,477,000.00"
Kobe Bryant,1998,"1,319,000.00"
Korleone Young,1998,"287,500.00"
Kornel David,1998,"287,500.00"
Kurt Thomas,1998,"1,750,000.00"
Lamond Murray,1998,"3,500,000.00"
LaPhonso Ellis,1998,"1,750,000.00"
Larry Hughes,1998,"1,330,000.00"
Larry Johnson,1998,"10,186,000.00"
Latrell Sprewell,1998,"8,300,000.00"
Lawrence Funderburke,1998,"575,000.00"
Lee Mayberry,1998,"1,540,000.00"
Lindsey Hunter,1998,"2,050,000.00"
Lionel Simmons,1998,"4,238,500.00"
Loren Meyer,1998,"450,000.00"
Lorenzen Wright,1998,"1,923,000.00"
Lorenzo Williams,1998,"1,316,000.00"
Loy Vaught,1998,"3,830,000.00"
Luc Longley,1998,"4,000,000.00"
Lucious Harris,1998,"1,680,000.00"
Makhtar N'Diaye,1998,"287,500.00"
Malik Rose,1998,"425,000.00"
Malik Sealy,1998,"1,000,000.00"
Marcus Brown,1998,"500,000.00"
Marcus Camby,1998,"3,164,000.00"
Mario Elie,1998,"1,750,000.00"
Mark Bryant,1998,"2,050,000.00"
Mark Hendrickson,1998,"425,000.00"
Mark Jackson,1998,"3,600,000.00"
Mark Pope,1998,"382,000.00"
Mark Price,1998,"5,488,000.00"
Mark Strickland,1998,"2,100,000.00"
Mark West,1998,"1,000,000.00"
Marko Milic,1998,"350,000.00"
Marlon Garnett,1998,"287,500.00"
Martin Muursepp,1998,"763,200.00"
Marty Conlon,1998,"662,500.00"
Mate Skelin,1998,"287,500.00"
Matt Geiger,1998,"6,800,000.00"
Matt Harpring,1998,"900,000.00"
Maurice Taylor,1998,"1,209,000.00"
Michael Cage,1998,"2,350,000.00"
Michael Curry,1998,"550,000.00"
Michael Dickerson,1998,"949,600.00"
Michael Doleac,1998,"1,050,000.00"
Michael Finley,1998,"6,000,000.00"
Michael Hawkins,1998,"350,000.00"
Michael Olowokandi,1998,"2,700,000.00"
Michael Smith,1998,"2,180,000.00"
Michael Stewart,1998,"1,000,000.00"
Micheal Williams,1998,"2,975,000.00"
Mike Bibby,1998,"2,400,000.00"
Miles Simon,1998,"287,500.00"
Mirsad Turkcan,1998,"739,400.00"
Mitch Richmond,1998,"2,500,000.00"
Mitchell Butler,1998,"537,500.00"
Moochie Norris,1998,"350,000.00"
Mookie Blaylock,1998,"3,600,000.00"
Muggsy Bogues,1998,"2,800,000.00"
Nazr Mohammed,1998,"535,000.00"
Negele Knight,1998,"537,500.00"
Nick Anderson,1998,"3,200,000.00"
Nick Van Exel,1998,"1,900,000.00"
Nikita Morgunov,1998,"287,500.00"
Olden Polynice,1998,"1,000,000.00"
Oliver Miller,1998,"600,000.00"
Othella Harrington,1998,"406,900.00"
Otis Thorpe,1998,"4,400,000.00"
P.J. Brown,1998,"4,480,000.00"
Pat Garrity,1998,"740,000.00"
Patrick Ewing,1998,"18,500,000.00"
Paul Grant,1998,"903,240.00"
Paul Pierce,1998,"1,165,000.00"
Paul Rogers,1998,"287,500.00"
Pervis Ellison,1998,"2,420,000.00"
Pete Chilcutt,1998,"700,000.00"
PJ Brown,1998,"4,480,000.00"
Pooh Richardson,1998,"3,030,000.00"
Popeye Jones,1998,"2,381,000.00"
Priest Lauderdale,1998,"712,200.00"
Radoslav Nesterovic,1998,"775,750.00"
Raef LaFrentz,1998,"2,150,000.00"
Randell Jackson,1998,"287,500.00"
Randolph Childress,1998,"866,320.00"
Randy Brown,1998,"1,320,000.00"
Randy Livingston,1998,"287,500.00"
Rashard Lewis,1998,"287,500.00"
Rasheed Wallace,1998,"9,000,000.00"
Ray Allen,1998,"2,320,000.00"
Reggie Miller,1998,"6,781,000.00"
Reggie Slater,1998,"400,000.00"
Rex Chapman,1998,"2,800,000.00"
Rex Walters,1998,"2,162,500.00"
Rick Brunson,1998,"350,000.00"
Rick Fox,1998,"1,750,000.00"
Rick Mahorn,1998,"1,000,000.00"
Ricky Davis,1998,"680,000.00"
Rik Smits,1998,"8,500,000.00"
Robert Horry,1998,"5,000,000.00"
Robert Pack,1998,"3,780,000.00"
Robert Traylor,1998,"1,590,000.00"
Rodney Rogers,1998,"3,000,000.00"
Rodrick Rhodes,1998,"639,300.00"
Ron Harper,1998,"5,280,000.00"
Ron Mercer,1998,"2,033,000.00"
Rony Seikaly,1998,"4,252,000.00"
Roshown McLeod,1998,"740,000.00"
Roy Rogers,1998,"862,560.00"
Ruben Patterson,1998,"628,500.00"
Rusty Larue,1998,"350,000.00"
Ryan Stack,1998,"287,500.00"
Sam Cassell,1998,"3,000,000.00"
Sam Jacobson,1998,"559,000.00"
Sam Mack,1998,"545,000.00"
Sam Perkins,1998,"1,785,000.00"
Samaki Walker,1998,"1,619,880.00"
Scot Pollard,1998,"1,290,920.00"
Scott Burrell,1998,"1,000,000.00"
Scott Williams,1998,"3,300,000.00"
Scottie Pippen,1998,"11,000,000.00"
Sean Elliott,1998,"5,333,000.00"
Sean Marks,1998,"287,500.00"
Sean Rooks,1998,"1,680,000.00"
Shandon Anderson,1998,"1,300,000.00"
Shaquille O'Neal,1998,"15,000,000.00"
Shareef Abdur-Rahim,1998,"2,842,000.00"
Sharone Wright,1998,"4,000,000.00"
Shawn Bradley,1998,"6,750,000.00"
Shawn Kemp,1998,"9,740,000.00"
Sherman Douglas,1998,"2,200,000.00"
Stacey Augmon,1998,"3,200,000.00"
Stephon Marbury,1998,"2,562,000.00"
Steve Kerr,1998,"1,774,000.00"
Steve Nash,1998,"1,190,760.00"
Steve Smith,1998,"6,300,000.00"
Steven Smith,1998,"6,300,000.00"
Stojko Vrankovic,1998,"4,060,000.00"
Tariq Abdul-Wahad,1998,"1,411,000.00"
Terrell Brandon,1998,"6,300,000.00"
Terry Cummings,1998,"1,150,000.00"
Terry Davis,1998,"1,750,000.00"
Terry Dehere,1998,"1,112,500.00"
Terry Mills,1998,"1,145,000.00"
Terry Porter,1998,"1,000,000.00"
Theo Ratliff,1998,"6,000,000.00"
Thurl Bailey,1998,"850,000.00"
Tim Duncan,1998,"3,413,000.00"
Tim Hardaway,1998,"5,600,000.00"
Tim Legler,1998,"1,320,000.00"
Tim Thomas,1998,"1,856,000.00"
Toby Bailey,1998,"287,500.00"
Todd Fuller,1998,"1,461,000.00"
Tom Gugliotta,1998,"7,800,000.00"
Toni Kukoc,1998,"4,610,000.00"
Tony Battie,1998,"2,238,000.00"
Tony Delk,1998,"1,131,000.00"
Tony Massenburg,1998,"900,000.00"
Tracy McGrady,1998,"1,563,000.00"
Tracy Murray,1998,"2,380,000.00"
Travis Best,1998,"2,750,000.00"
Travis Knight,1998,"2,400,000.00"
Trevor Winter,1998,"287,500.00"
Troy Hudson,1998,"287,500.00"
Tyrone Corbin,1998,"2,400,000.00"
Tyrone Hill,1998,"5,352,000.00"
Tyrone Nesby,1998,"287,500.00"
Tyronn Lue,1998,"287,500.00"
Vernon Maxwell,1998,"1,000,000.00"
Vin Baker,1998,"4,264,000.00"
Vince Carter,1998,"1,760,000.00"
Vinny Del Negro,1998,"1,750,000.00"
Vitaly Potapenko,1998,"1,339,000.00"
Vlade Divac,1998,"8,300,000.00"
Vladimir Stepania,1998,"543,000.00"
Voshon Lenard,1998,"2,837,000.00"
Walt Williams,1998,"3,000,000.00"
Walter McCarty,1998,"975,000.00"
Wesley Person,1998,"4,200,000.00"
Will Perdue,1998,"4,373,000.00"
William Cunningham,1998,"350,000.00"
Yinka Dare,1998,"1,657,000.00"
Zydrunas Ilgauskas,1998,"936,000.00"
A.C. Green,1999,"1,700,000.00"
A.J. Bramlett,1999,"118,974.00"
Aaron McKie,1999,"1,624,000.00"
Aaron Williams,1999,"1,100,000.00"
Adam Keefe,1999,"3,000,000.00"
Adonal Foyle,1999,"1,922,520.00"
Adrian Caldwell,1999,"50,000.00"
Adrian Griffin,1999,"385,000.00"
Al Harrington,1999,"745,800.00"
Alan Henderson,1999,"5,318,437.00"
Aleksandar Radojevic,1999,"1,325,760.00"
Allan Houston,1999,"8,000,000.00"
Allen Iverson,1999,"9,000,000.00"
Alonzo Mourning,1999,"15,004,800.00"
Alvin Williams,1999,"1,925,000.00"
Amal McCaskill,1999,"485,000.00"
Andrae Patterson,1999,"385,000.00"
Andre Miller,1999,"1,682,280.00"
Andrei Kirilenko,1999,"632,400.00"
Andrew DeClercq,1999,"1,680,000.00"
Andrew Gaze,1999,"460,000.00"
Andrew Lang,1999,"510,000.00"
Andy Panko,1999,"5,000.00"
Anfernee Hardaway,1999,"9,000,000.00"
Ansu Sesay,1999,"535,000.00"
Antawn Jamison,1999,"2,503,800.00"
Anthony Avent,1999,"510,000.00"
Anthony Carter,1999,"385,000.00"
Anthony Johnson,1999,"1,100,000.00"
Anthony Mason,1999,"4,860,100.00"
Anthony Miller,1999,"30,000.00"
Anthony Parker,1999,"980,280.00"
Anthony Peeler,1999,"2,495,500.00"
Antoine Carr,1999,"1,000,000.00"
Antoine Walker,1999,"9,000,000.00"
Antonio Daniels,1999,"2,794,920.00"
Antonio Davis,1999,"4,200,000.00"
Antonio Harvey,1999,"510,000.00"
Antonio McDyess,1999,"9,900,000.00"
Armen Gilliam,1999,"4,019,200.00"
Art Long,1999,"25,000.00"
Arvydas Sabonis,1999,"9,818,481.00"
Austin Croshere,1999,"1,515,120.00"
Avery Johnson,1999,"3,200,000.00"
B.J. Tyler,1999,"1,614,000.00"
Bakari Hendrix,1999,"31,706.00"
Baron Davis,1999,"2,712,480.00"
Ben Davis,1999,"45,847.00"
Ben Wallace,1999,"893,750.00"
Benoit Benjamin,1999,"123,529.00"
Bill Curley,1999,"117,867.00"
Bill Wennington,1999,"510,000.00"
Billy Owens,1999,"2,090,000.00"
Bimbo Coles,1999,"2,300,000.00"
Bison Dele,1999,"5,770,000.00"
BJ Armstrong,1999,"510,000.00"
Blue Edwards,1999,"510,000.00"
Bo Outlaw,1999,"2,000,000.00"
Bob Sura,1999,"3,760,000.00"
Bobby Jackson,1999,"903,360.00"
Bobby Phills,1999,"4,060,000.00"
Bonzi Wells,1999,"1,428,720.00"
Brad Miller,1999,"385,000.00"
Brandon Williams,1999,"35,176.00"
Brent Barry,1999,"3,960,000.00"
Brent Price,1999,"2,944,000.00"
Brent Scott,1999,"385,000.00"
Brett Robisch,1999,"20,000.00"
Brevin Knight,1999,"1,234,080.00"
Brian Grant,1999,"7,680,862.00"
Brian Shaw,1999,"1,610,000.00"
Brian Skinner,1999,"843,000.00"
Bruce Bowen,1999,"510,000.00"
Bruno Sundov,1999,"385,000.00"
Bryant Reeves,1999,"8,666,666.00"
Bryant Stith,1999,"5,290,000.00"
Bryce Drew,1999,"1,105,560.00"
Bryon Russell,1999,"4,000,000.00"
Byron Scott,1999,"510,000.00"
Cal Bowdler,1999,"1,025,880.00"
Calbert Cheaney,1999,"2,000,000.00"
Calvin Booth,1999,"301,875.00"
Carlos Rogers,1999,"2,100,000.00"
Casey Shaw,1999,"25,000.00"
Cedric Ceballos,1999,"3,500,000.00"
Cedric Henderson,1999,"2,400,000.00"
Charles Barkley,1999,"9,000,000.00"
Charles Jones,1999,"385,000.00"
Charles Oakley,1999,"5,236,000.00"
Charles Smith,1999,"779,960.00"
Charlie Ward,1999,"4,540,000.00"
Chauncey Billups,1999,"3,100,080.00"
Cherokee Parks,1999,"1,925,000.00"
Chris Anstey,1999,"1,113,720.00"
Chris Carr,1999,"90,000.00"
Chris Childs,1999,"4,160,000.00"
Chris Crawford,1999,"2,000,000.00"
Chris Dudley,1999,"7,100,000.00"
Chris Gatling,1999,"4,875,200.00"
Chris Herren,1999,"301,875.00"
Chris Mills,1999,"4,200,000.00"
Chris Mullin,1999,"4,079,100.00"
Chris Webber,1999,"11,000,000.00"
Chris Whitney,1999,"1,680,000.00"
Christian Laettner,1999,"6,062,500.00"
Chuck Person,1999,"510,000.00"
Chucky Atkins,1999,"385,000.00"
Chucky Brown,1999,"510,000.00"
Clar. Weatherspoon,1999,"1,925,000.00"
Clarence Weatherspoon,1999,"1,925,000.00"
Clifford Robinson,1999,"6,125,000.00"
Corey Benjamin,1999,"696,000.00"
Corey Brewer,1999,"100,000.00"
Corey Maggette,1999,"1,259,400.00"
Corie Blount,1999,"1,100,000.00"
Corliss Williamson,1999,"3,560,000.00"
Cory Alexander,1999,"1,980,000.00"
Cuttino Mobley,1999,"385,000.00"
Dale Davis,1999,"4,490,000.00"
Dale Ellis,1999,"2,095,250.00"
Damon Jones,1999,"176,647.00"
Damon Stoudamire,1999,"10,125,000.00"
Dan Majerle,1999,"3,600,000.00"
Dana Barros,1999,"3,500,000.00"
Danny Ferry,1999,"4,000,000.00"
Danny Fortson,1999,"1,678,800.00"
Danny Manning,1999,"6,833,333.00"
Danny Schayes,1999,"211,765.00"
Darrell Armstrong,1999,"4,125,000.00"
Darrick Martin,1999,"572,500.00"
Darvin Ham,1999,"460,000.00"
David Robinson,1999,"11,592,683.00"
David Wesley,1999,"2,520,000.00"
David Wingate,1999,"510,000.00"
Dean Garrett,1999,"2,520,000.00"
Dedric Willoughby,1999,"134,956.00"
Dee Brown,1999,"4,000,000.00"
DeJuan Wheat,1999,"460,000.00"
Dell Curry,1999,"2,100,000.00"
DeMarco Johnson,1999,"111,871.00"
Dennis Scott,1999,"1,100,000.00"
Derek Anderson,1999,"1,439,400.00"
Derek Fisher,1999,"3,000,000.00"
Derek Harper,1999,"1,100,000.00"
Derek Hood,1999,"49,721.00"
Derek Strong,1999,"3,159,000.00"
Derrick Coleman,1999,"7,370,000.00"
Derrick Dial,1999,"301,875.00"
Derrick McKey,1999,"4,800,000.00"
Detlef Schrempf,1999,"2,000,000.00"
Devean George,1999,"790,440.00"
Devin Gray,1999,"88,223.00"
Dickey Simpkins,1999,"1,500,000.00"
Dikembe Mutombo,1999,"12,820,249.00"
Dino Radja,1999,"2,270,500.00"
Dion Glover,1999,"893,400.00"
Dirk Nowitzki,1999,"1,583,040.00"
Dominique Wilkins,1999,"250,000.00"
Don MacLean,1999,"2,800,000.00"
Don Reid,1999,"1,000,000.00"
Donyell Marshall,1999,"5,250,000.00"
Doug Christie,1999,"2,742,600.00"
Doug Overton,1999,"592,000.00"
Doug West,1999,"3,295,000.00"
Drew Barry,1999,"62,765.00"
Duane Causwell,1999,"1,696,387.00"
Duane Ferrell,1999,"1,625,000.00"
Dwayne Schintzius,1999,"550,000.00"
Earl Boykins,1999,"88,324.00"
Ed Gray,1999,"941,040.00"
Ed Pinckney,1999,"510,000.00"
Eddie Johnson,1999,"1,000,000.00"
Eddie Jones,1999,"2,500,000.00"
Eddie Robinson,1999,"600,000.00"
Efthimios Rentzias,1999,"658,700.00"
Elden Campbell,1999,"7,975,000.00"
Eldridge Recasner,1999,"1,100,000.00"
Elliot Perry,1999,"2,000,000.00"
Elton Brand,1999,"3,375,960.00"
Emanual Davis,1999,"510,000.00"
Eric Montross,1999,"2,000,000.00"
Eric Murdock,1999,"1,925,000.00"
Eric Piatkowski,1999,"2,000,000.00"
Eric Riley,1999,"50,206.00"
Eric Snow,1999,"3,000,000.00"
Eric Washington,1999,"550,000.00"
Eric Williams,1999,"3,336,000.00"
Erick Dampier,1999,"4,988,000.00"
Erick Strickland,1999,"2,240,000.00"
Ervin Johnson,1999,"2,951,029.00"
Evan Eschmeyer,1999,"301,875.00"
Felipe Lopez,1999,"720,000.00"
Felton Spencer,1999,"510,000.00"
Fred Hoiberg,1999,"800,000.00"
Fred Vinson,1999,"485,000.00"
Frederic Weis,1999,"947,200.00"
Gary Grant,1999,"1,200,000.00"
Gary Payton,1999,"11,020,473.00"
Gary Trent,1999,"2,000,000.00"
George Lynch,1999,"2,000,000.00"
George McCloud,1999,"2,000,000.00"
Gerald Brown,1999,"385,000.00"
Gerald Wilkins,1999,"3,000,000.00"
Gerard King,1999,"460,000.00"
Gheorghe Muresan,1999,"510,000.00"
Glen Rice,1999,"7,000,000.00"
Glenn Robinson,1999,"7,250,000.00"
Grant Hill,1999,"6,939,000.00"
Grant Long,1999,"2,000,000.00"
Greg Anthony,1999,"1,100,000.00"
Greg Buckner,1999,"47,647.00"
Greg Foster,1999,"1,603,861.00"
Greg Minor,1999,"2,880,000.00"
Greg Ostertag,1999,"5,200,000.00"
Hakeem Olajuwon,1999,"14,302,001.00"
Harold Jamison,1999,"301,875.00"
Harvey Grant,1999,"1,200,000.00"
Haywoode Workman,1999,"510,000.00"
Hersey Hawkins,1999,"4,164,100.00"
Horace Grant,1999,"5,952,381.00"
Hot Rod Williams,1999,"1,925,000.00"
Howard Eisley,1999,"1,560,000.00"
Hubert Davis,1999,"752,500.00"
Ike Austin,1999,"4,819,451.00"
Ira Bowman,1999,"4,529.00"
Isaac Austin,1999,"4,819,451.00"
Isaiah Rider,1999,"5,410,000.00"
J.R. Reid,1999,"2,000,000.00"
Jack Haley,1999,"510,000.00"
Jacque Vaughn,1999,"781,800.00"
Jahidi White,1999,"385,000.00"
Jalen Rose,1999,"2,437,500.00"
Jamal Mashburn,1999,"5,600,000.00"
Jamel Thomas,1999,"58,599.00"
James Cotton,1999,"460,000.00"
James Posey,1999,"974,520.00"
James Robinson,1999,"2,376,667.00"
Jamie Feick,1999,"2,000,000.00"
Jamie Watson,1999,"250,000.00"
Jaren Jackson,1999,"2,483,333.00"
Jaren Jackson Jr,1999,"2,483,333.00"
Jason Caffey,1999,"3,937,500.00"
Jason Kidd,1999,"6,858,335.00"
Jason Lawson,1999,"25,000.00"
Jason Miskiri,1999,"15,982.00"
Jason Sasser,1999,"2,706.00"
Jason Terry,1999,"1,468,920.00"
Jason Williams,1999,"1,879,920.00"
Jayson Williams,1999,"12,375,000.00"
Jeff Foster,1999,"857,760.00"
Jeff Hornacek,1999,"5,200,000.00"
Jeff McInnis,1999,"460,000.00"
Jeffrey Sheppard,1999,"385,000.00"
Jelani McCoy,1999,"1,000,000.00"
Jerald Honeycutt,1999,"460,000.00"
Jermaine Jackson,1999,"302,875.00"
Jermaine O'Neal,1999,"5,075,000.00"
Jermaine Walker,1999,"100,000.00"
Jerome Allen,1999,"510,000.00"
Jerome Kersey,1999,"1,000,000.00"
Jerome Williams,1999,"2,550,000.00"
Jerry Stackhouse,1999,"4,781,250.00"
Jim Jackson,1999,"1,925,000.00"
Jim McIlvaine,1999,"4,800,000.00"
Jimmy Oliver,1999,"7,471.00"
Joe Dumars,1999,"510,000.00"
Joe Kleine,1999,"510,000.00"
Joe Smith,1999,"2,100,000.00"
Joe Stephens,1999,"88,441.00"
John Amaechi,1999,"385,000.00"
John Celestand,1999,"301,875.00"
John Coker,1999,"510,000.00"
John Crotty,1999,"1,237,000.00"
John Morton,1999,"6,735.00"
John Salley,1999,"510,000.00"
John Starks,1999,"4,000,000.00"
John Stockton,1999,"11,000,000.00"
John Thomas,1999,"832,560.00"
John Wallace,1999,"2,000,000.00"
Johnny Newman,1999,"1,100,000.00"
Johnny Taylor,1999,"1,172,400.00"
Jon Barry,1999,"800,000.00"
Jonathan Bender,1999,"2,214,600.00"
Jonathan Kerner,1999,"5,000.00"
Jud Buechler,1999,"1,100,000.00"
Jumaine Jones,1999,"684,000.00"
Juwan Howard,1999,"15,000,000.00"
Karl Malone,1999,"14,000,000.00"
Kebu Stewart,1999,"18,941.00"
Keith Askins,1999,"1,752,400.00"
Keith Booth,1999,"776,880.00"
Keith Closs,1999,"1,680,000.00"
Keith Van Horn,1999,"3,451,920.00"
Kelvin Cato,1999,"1,299,000.00"
Kendall Gill,1999,"5,600,000.00"
Kenny Anderson,1999,"6,680,000.00"
Kenny Thomas,1999,"823,440.00"
Keon Clark,1999,"1,289,400.00"
Kerry Kittles,1999,"7,166,666.00"
Kevin Gamble,1999,"1,868,750.00"
Kevin Garnett,1999,"16,806,300.00"
Kevin Ollie,1999,"425,088.00"
Kevin Willis,1999,"2,625,000.00"
Khalid Reeves,1999,"30,309.00"
Kiwane Garris,1999,"61,147.00"
Kobe Bryant,1999,"9,000,000.00"
Kornel David,1999,"202,941.00"
Kurt Thomas,1999,"1,925,000.00"
Lamar Odom,1999,"2,445,480.00"
LaMarcus Golden,1999,"25,000.00"
Lamond Murray,1999,"3,000,000.00"
LaPhonso Ellis,1999,"1,925,000.00"
Lari Ketner,1999,"92,338.00"
Laron Profit,1999,"301,875.00"
Larry Hughes,1999,"1,722,240.00"
Larry Johnson,1999,"11,910,714.00"
LaSalle Thompson,1999,"510,000.00"
Latrell Sprewell,1999,"9,000,000.00"
Lawrence Funderburke,1999,"2,400,000.00"
Lazaro Borrell,1999,"301,875.00"
Leon Smith,1999,"449,920.00"
Lindsey Hunter,1999,"2,350,000.00"
Lorenzen Wright,1999,"4,400,000.00"
Lorenzo Williams,1999,"1,540,000.00"
Lou Roe,1999,"97,412.00"
Louis Bullock,1999,"10,000.00"
Loy Vaught,1999,"4,180,000.00"
Luc Longley,1999,"5,175,000.00"
Lucious Harris,1999,"1,920,000.00"
Maceo Baston,1999,"20,000.00"
Makhtar N'Diaye,1999,"385,000.00"
Malik Rose,1999,"2,285,000.00"
Malik Sealy,1999,"1,100,000.00"
Marcus Brown,1999,"43,294.00"
Marcus Camby,1999,"5,250,000.00"
Mario Elie,1999,"1,925,000.00"
Mark Bryant,1999,"2,000,000.00"
Mark Davis,1999,"106,000.00"
Mark Hendrickson,1999,"62,764.00"
Mark Jackson,1999,"4,000,000.00"
Mark Pope,1999,"460,000.00"
Mark Strickland,1999,"2,302,400.00"
Mark West,1999,"510,000.00"
Marty Conlon,1999,"343,588.00"
Mate Skelin,1999,"385,000.00"
Matt Bullard,1999,"1,333,333.00"
Matt Geiger,1999,"6,889,520.00"
Matt Harpring,1999,"1,163,760.00"
Matt Maloney,1999,"2,681,250.00"
Maurice Taylor,1999,"1,367,400.00"
Metta World Peace,1999,"1,079,760.00"
Michael Cage,1999,"510,000.00"
Michael Curry,1999,"2,000,000.00"
Michael Dickerson,1999,"1,224,960.00"
Michael Doleac,1999,"1,357,320.00"
Michael Finley,1999,"7,200,000.00"
Michael Hawkins,1999,"465,029.00"
Michael Olowokandi,1999,"3,456,240.00"
Michael Ruffin,1999,"401,875.00"
Michael Smith,1999,"3,660,000.00"
Michael Stewart,1999,"3,200,000.00"
Mike Bibby,1999,"3,092,400.00"
Mike Brown,1999,"25,000.00"
Mikki Moore,1999,"460,000.00"
Miles Simon,1999,"385,000.00"
Milt Palacio,1999,"301,875.00"
Mirsad Turkcan,1999,"830,745.00"
Mitch Richmond,1999,"10,000,000.00"
Mitchell Butler,1999,"150,000.00"
Monty Williams,1999,"510,000.00"
Moochie Norris,1999,"443,300.00"
Mookie Blaylock,1999,"4,200,000.00"
Muggsy Bogues,1999,"510,000.00"
Nazr Mohammed,1999,"690,960.00"
Nick Anderson,1999,"5,051,906.00"
Nick Van Exel,1999,"8,354,614.00"
Nikita Morgunov,1999,"385,000.00"
Obinna Ekezie,1999,"301,875.00"
Olden Polynice,1999,"2,000,000.00"
Oliver Miller,1999,"510,000.00"
Othella Harrington,1999,"2,025,000.00"
Otis Thorpe,1999,"2,000,000.00"
P.J. Brown,1999,"5,124,800.00"
Pat Garrity,1999,"952,800.00"
Patrick Ewing,1999,"15,000,000.00"
Paul Grant,1999,"1,021,080.00"
Paul Pierce,1999,"1,503,960.00"
Pervis Ellison,1999,"2,750,000.00"
Pete Chilcutt,1999,"510,000.00"
PJ Brown,1999,"5,124,800.00"
Pooh Richardson,1999,"505,882.00"
Popeye Jones,1999,"2,531,000.00"
Predrag Stojakovic,1999,"1,310,400.00"
Quincy Lewis,1999,"930,720.00"
Radoslav Nesterovic,1999,"1,050,240.00"
Raef LaFrentz,1999,"2,777,160.00"
Rafer Alston,1999,"301,875.00"
Randell Jackson,1999,"115,500.00"
Randy Brown,1999,"1,200,000.00"
Randy Livingston,1999,"485,000.00"
Rashard Lewis,1999,"385,000.00"
Rasheed Wallace,1999,"10,800,000.00"
Rasho Nesterovic,1999,"1,050,240.00"
Ray Allen,1999,"9,000,000.00"
Reggie Jordan,1999,"510,000.00"
Reggie Miller,1999,"9,031,850.00"
Rex Chapman,1999,"3,150,000.00"
Rex Walters,1999,"1,100,000.00"
Richard Hamilton,1999,"1,836,240.00"
Rick Brunson,1999,"485,000.00"
Rick Fox,1999,"3,033,000.00"
Rick Hughes,1999,"115,423.00"
Rick Mahorn,1999,"510,000.00"
Ricky Davis,1999,"878,160.00"
Ricky Pierce,1999,"510,000.00"
Rik Smits,1999,"12,250,000.00"
Robert Horry,1999,"4,800,000.00"
Robert Pack,1999,"4,050,000.00"
Robert Traylor,1999,"2,059,320.00"
Robert Werdann,1999,"7,471.00"
Rod Strickland,1999,"10,000,000.00"
Rodney Buford,1999,"301,875.00"
Rodney Rogers,1999,"2,000,000.00"
Rodrick Rhodes,1999,"722,000.00"
Ron Harper,1999,"2,000,000.00"
Ron Mercer,1999,"2,298,840.00"
Roshown McLeod,1999,"914,760.00"
Roy Rogers,1999,"485,000.00"
Ruben Patterson,1999,"900,000.00"
Rusty Larue,1999,"40,588.00"
Ryan Bowen,1999,"301,875.00"
Ryan Robertson,1999,"301,875.00"
Ryan Stack,1999,"385,000.00"
Sam Cassell,1999,"3,500,000.00"
Sam Jacobson,1999,"743,727.00"
Sam Mack,1999,"315,000.00"
Sam Mitchell,1999,"2,000,000.00"
Sam Perkins,1999,"1,925,000.00"
Samaki Walker,1999,"2,716,667.00"
Scot Pollard,1999,"2,063,680.00"
Scott Burrell,1999,"1,000,000.00"
Scott Padgett,1999,"679,800.00"
Scott Williams,1999,"3,750,000.00"
Scottie Pippen,1999,"14,795,642.00"
Sean Elliott,1999,"5,433,333.00"
Sean Marks,1999,"385,000.00"
Sean Rooks,1999,"1,920,000.00"
Shammond Williams,1999,"500,000.00"
Shandon Anderson,1999,"2,000,000.00"
Shannon Smith,1999,"301,875.00"
Shaquille O'Neal,1999,"17,142,858.00"
Shareef Abdur-Rahim,1999,"9,000,000.00"
Shawn Bradley,1999,"7,560,000.00"
Shawn Kemp,1999,"10,780,000.00"
Shawn Marion,1999,"1,546,320.00"
Shea Seals,1999,"385,000.00"
Sherman Douglas,1999,"1,000,000.00"
Stacey Augmon,1999,"3,960,000.00"
Stanley Roberts,1999,"102,824.00"
Stephon Marbury,1999,"9,000,000.00"
Steve Francis,1999,"3,020,520.00"
Steve Goodrich,1999,"4,529.00"
Steve Kerr,1999,"1,968,750.00"
Steve Nash,1999,"5,500,000.00"
Steve Smith,1999,"7,200,000.00"
Steven Smith,1999,"7,200,000.00"
Tariq Abdul-Wahad,1999,"1,594,920.00"
Terrell Brandon,1999,"7,400,000.00"
Terry Cummings,1999,"2,600,000.00"
Terry Davis,1999,"1,925,000.00"
Terry Dehere,1999,"50,000.00"
Terry Mills,1999,"510,000.00"
Terry Porter,1999,"2,000,000.00"
Theo Ratliff,1999,"7,031,250.00"
Thomas Hamilton,1999,"510,000.00"
Thurl Bailey,1999,"510,000.00"
Tim Duncan,1999,"3,858,240.00"
Tim Hardaway,1999,"4,800,000.00"
Tim James,1999,"728,520.00"
Tim Legler,1999,"1,629,000.00"
Tim Thomas,1999,"2,098,560.00"
Tim Young,1999,"301,875.00"
Toby Bailey,1999,"535,000.00"
Todd Day,1999,"510,000.00"
Todd Fuller,1999,"485,000.00"
Todd MacCulloch,1999,"301,875.00"
Tom Gugliotta,1999,"8,558,535.00"
Tom Hammonds,1999,"1,800,000.00"
Toni Kukoc,1999,"4,500,000.00"
Tony Battie,1999,"2,530,920.00"
Tony Delk,1999,"485,000.00"
Tony Farmer,1999,"510,000.00"
Tony Massenburg,1999,"1,150,000.00"
Tracy McGrady,1999,"1,767,120.00"
Tracy Murray,1999,"2,720,000.00"
Trajan Langdon,1999,"1,394,280.00"
Travis Best,1999,"3,250,000.00"
Travis Knight,1999,"2,800,000.00"
Trevor Winter,1999,"4,529.00"
Troy Hudson,1999,"460,000.00"
Tyrone Corbin,1999,"510,000.00"
Tyrone Grant,1999,"37,290.00"
Tyrone Hill,1999,"6,422,400.00"
Tyrone Nesby,1999,"2,716,667.00"
Tyronn Lue,1999,"809,280.00"
Vernon Maxwell,1999,"1,430,000.00"
Vin Baker,1999,"9,000,000.00"
Vince Carter,1999,"2,267,280.00"
Vinny Del Negro,1999,"1,925,000.00"
Vitaly Potapenko,1999,"3,810,000.00"
Vlade Divac,1999,"8,837,774.00"
Vladimir Stepania,1999,"700,320.00"
Vonteego Cummings,1999,"704,400.00"
Voshon Lenard,1999,"3,308,516.00"
Wally Szczerbiak,1999,"2,011,440.00"
Walt Williams,1999,"3,750,000.00"
Walter McCarty,1999,"2,500,000.00"
Wayne Turner,1999,"30,000.00"
Wesley Person,1999,"4,900,000.00"
Will Perdue,1999,"5,300,000.00"
William Avery,1999,"1,196,520.00"
Willie Anderson,1999,"510,000.00"
Yinka Dare,1999,"1,893,500.00"
Zan Tabak,1999,"1,100,000.00"
Zydrunas Ilgauskas,1999,"9,000,000.00"
A.C. Green,2000,"2,250,000.00"
Aaron McKie,2000,"1,818,000.00"
Aaron Williams,2000,"2,250,000.00"
Adam Keefe,2000,"3,390,000.00"
Ademola Okulaja,2000,"316,969.00"
Adonal Foyle,2000,"3,580,000.00"
Adrian Griffin,2000,"498,500.00"
AJ Guyton,2000,"316,969.00"
Al Harrington,2000,"797,880.00"
Alan Henderson,2000,"5,910,000.00"
Aleksandar Radojevic,2000,"1,425,120.00"
Allan Houston,2000,"9,000,000.00"
Allen Iverson,2000,"10,130,000.00"
Alonzo Mourning,2000,"16,880,000.00"
Alvin Williams,2000,"2,100,000.00"
Andrae Patterson,2000,"498,500.00"
Andre Miller,2000,"1,808,400.00"
Andrew DeClercq,2000,"1,920,000.00"
Anfernee Hardaway,2000,"10,130,000.00"
Ansu Sesay,2000,"508,000.00"
Antawn Jamison,2000,"2,678,400.00"
Anthony Carter,2000,"1,200,000.00"
Anthony Johnson,2000,"1,200,000.00"
Anthony Mason,2000,"5,550,000.00"
Anthony Miller,2000,"40,000.00"
Anthony Peeler,2000,"2,740,000.00"
Antoine Walker,2000,"10,130,000.00"
Antonio Daniels,2000,"2,820,000.00"
Antonio Davis,2000,"5,500,000.00"
Antonio Harvey,2000,"611,000.00"
Antonio McDyess,2000,"10,800,000.00"
Arvydas Sabonis,2000,"11,250,000.00"
Austin Croshere,2000,"5,300,000.00"
Avery Johnson,2000,"8,000,000.00"
Baron Davis,2000,"2,916,000.00"
Ben Wallace,2000,"4,000,000.00"
Bill Curley,2000,"1,034,500.00"
Billy Owens,2000,"2,100,000.00"
Bimbo Coles,2000,"2,250,000.00"
Bo Outlaw,2000,"4,500,000.00"
Bob Sura,2000,"4,390,000.00"
Bobby Jackson,2000,"2,250,000.00"
Bobby Phills,2000,"4,640,000.00"
Bonzi Wells,2000,"1,528,440.00"
Brad Miller,2000,"4,000,000.00"
Brent Barry,2000,"4,320,000.00"
Brent Price,2000,"2,880,000.00"
Brevin Knight,2000,"4,250,000.00"
Brian Cardinal,2000,"316,969.00"
Brian Grant,2000,"8,900,000.00"
Brian Shaw,2000,"2,250,000.00"
Brian Skinner,2000,"901,800.00"
Bruce Bowen,2000,"733,000.00"
Bruno Sundov,2000,"997,000.00"
Bryant Reeves,2000,"10,110,000.00"
Bryant Stith,2000,"5,920,000.00"
Bryce Drew,2000,"1,182,600.00"
Bryon Russell,2000,"4,570,000.00"
Cal Bowdler,2000,"1,102,800.00"
Calbert Cheaney,2000,"2,200,000.00"
Calvin Booth,2000,"423,500.00"
Carlos Rogers,2000,"2,200,000.00"
Cedric Ceballos,2000,"3,937,500.00"
Cedric Henderson,2000,"2,700,000.00"
Charles Oakley,2000,"5,760,000.00"
Charlie Ward,2000,"5,040,000.00"
Chauncey Billups,2000,"2,250,000.00"
Cherokee Parks,2000,"2,100,000.00"
Chris Carr,2000,"1,200,000.00"
Chris Carrawell,2000,"316,969.00"
Chris Childs,2000,"4,680,000.00"
Chris Crawford,2000,"2,200,000.00"
Chris Dudley,2000,"6,200,000.00"
Chris Gatling,2000,"5,550,000.00"
Chris Herren,2000,"316,969.00"
Chris Mihm,2000,"1,923,600.00"
Chris Mills,2000,"4,800,000.00"
Chris Mullin,2000,"4,650,000.00"
Chris Porter,2000,"316,969.00"
Chris Webber,2000,"12,000,000.00"
Chris Whitney,2000,"2,370,000.00"
Christian Laettner,2000,"6,625,000.00"
Chuck Person,2000,"1,200,000.00"
Chucky Atkins,2000,"3,000,000.00"
Clar. Weatherspoon,2000,"2,100,000.00"
Clarence Weatherspoon,2000,"2,100,000.00"
Clifford Robinson,2000,"6,890,000.00"
Corey Benjamin,2000,"749,160.00"
Corey Maggette,2000,"1,353,960.00"
Corie Blount,2000,"1,320,000.00"
Corliss Williamson,2000,"3,940,000.00"
Cory Alexander,2000,"2,160,000.00"
Courtney Alexander,2000,"1,319,400.00"
Cuttino Mobley,2000,"3,920,000.00"
Dale Davis,2000,"6,000,000.00"
Dale Ellis,2000,"2,290,000.00"
Dalibor Bagaric,2000,"795,000.00"
Damon Jones,2000,"710,000.00"
Damon Stoudamire,2000,"11,250,000.00"
Dan Langhi,2000,"316,969.00"
Dan Majerle,2000,"4,050,000.00"
Dana Barros,2000,"3,700,000.00"
Daniel Santiago,2000,"316,969.00"
Danny Ferry,2000,"1,200,000.00"
Danny Fortson,2000,"3,950,000.00"
Danny Manning,2000,"8,030,000.00"
Darius Miles,2000,"2,841,720.00"
Darrell Armstrong,2000,"3,100,000.00"
Darrick Martin,2000,"673,500.00"
Darvin Ham,2000,"1,700,000.00"
David Benoit,2000,"736,000.00"
David Robinson,2000,"14,700,000.00"
David Wesley,2000,"2,880,000.00"
David Wingate,2000,"1,000,000.00"
Dean Garrett,2000,"2,880,000.00"
Dee Brown,2000,"1,000,000.00"
Dell Curry,2000,"2,000,000.00"
Dennis Scott,2000,"1,200,000.00"
Derek Anderson,2000,"2,250,000.00"
Derek Fisher,2000,"3,380,000.00"
Derek Strong,2000,"3,510,000.00"
DerMarr Johnson,2000,"2,107,200.00"
Derrick Coleman,2000,"8,000,000.00"
Derrick Dial,2000,"423,500.00"
Derrick McKey,2000,"5,400,000.00"
DeShawn Stevenson,2000,"828,120.00"
Desmond Mason,2000,"1,074,720.00"
Detlef Schrempf,2000,"2,200,000.00"
Devean George,2000,"849,720.00"
Dikembe Mutombo,2000,"14,400,000.00"
Dion Glover,2000,"960,480.00"
Dirk Nowitzki,2000,"1,693,560.00"
Don MacLean,2000,"3,178,500.00"
Don Reid,2000,"611,000.00"
Donnell Harvey,2000,"862,560.00"
Donyell Marshall,2000,"5,630,000.00"
Doug Christie,2000,"3,140,000.00"
Doug Overton,2000,"548,500.00"
Doug West,2000,"3,680,000.00"
Dragan Tarlac,2000,"2,500,000.00"
Duane Causwell,2000,"4,000,000.00"
Earl Boykins,2000,"498,500.00"
Eddie House,2000,"316,969.00"
Eddie Jones,2000,"8,960,000.00"
Eddie Robinson,2000,"600,000.00"
Eduardo Najera,2000,"316,969.00"
Elden Campbell,2000,"8,050,000.00"
Eldridge Recasner,2000,"1,200,000.00"
Elliot Perry,2000,"1,144,000.00"
Elton Brand,2000,"3,629,160.00"
Emanual Davis,2000,"610,000.00"
Eric Montross,2000,"2,240,000.00"
Eric Murdock,2000,"2,100,000.00"
Eric Piatkowski,2000,"2,200,000.00"
Eric Snow,2000,"3,380,000.00"
Eric Williams,2000,"3,890,000.00"
Erick Barkley,2000,"712,200.00"
Erick Dampier,2000,"5,610,000.00"
Erick Strickland,2000,"2,560,000.00"
Ervin Johnson,2000,"2,700,000.00"
Etan Thomas,2000,"1,388,880.00"
Etdrick Bohannon,2000,"523,500.00"
Evan Eschmeyer,2000,"423,500.00"
Felipe Lopez,2000,"831,120.00"
Felton Spencer,2000,"1,000,000.00"
Fred Hoiberg,2000,"880,000.00"
Garth Joseph,2000,"316,969.00"
Gary Grant,2000,"1,316,969.00"
Gary Payton,2000,"12,200,000.00"
Gary Trent,2000,"2,400,000.00"
George Lynch,2000,"2,200,000.00"
George McCloud,2000,"2,200,000.00"
Gerard King,2000,"489,500.00"
Glen Rice,2000,"7,578,900.00"
Glenn Robinson,2000,"8,120,000.00"
Grant Hill,2000,"9,660,000.00"
Grant Long,2000,"2,200,000.00"
Greg Anthony,2000,"3,500,000.00"
Greg Buckner,2000,"1,100,000.00"
Greg Foster,2000,"1,760,000.00"
Greg Minor,2000,"3,240,000.00"
Greg Ostertag,2000,"5,200,000.00"
Hakeem Olajuwon,2000,"16,700,000.00"
Hanno Mottola,2000,"316,969.00"
Hersey Hawkins,2000,"4,760,000.00"
Hidayet Turkoglu,2000,"1,131,240.00"
Horace Grant,2000,"6,500,000.00"
Howard Eisley,2000,"4,250,000.00"
Hubert Davis,2000,"2,100,000.00"
Iakovos Tsakalidis,2000,"763,200.00"
Ike Austin,2000,"5,500,000.00"
Ira Newble,2000,"316,969.00"
Isaac Austin,2000,"5,500,000.00"
Isaiah Rider,2000,"736,000.00"
J.R. Reid,2000,"2,200,000.00"
Jabari Smith Sr,2000,"316,969.00"
Jacque Vaughn,2000,"1,500,000.00"
Jahidi White,2000,"3,922,000.00"
Jake Voskuhl,2000,"316,969.00"
Jalen Rose,2000,"9,660,000.00"
Jamaal Magloire,2000,"975,000.00"
Jamal Crawford,2000,"1,762,320.00"
Jamal Mashburn,2000,"6,200,000.00"
Jamal Robinson,2000,"40,000.00"
James Posey,2000,"1,047,600.00"
James Robinson,2000,"1,870,000.00"
Jamie Feick,2000,"2,200,000.00"
Jaren Jackson Jr,2000,"1,750,000.00"
Jason Caffey,2000,"4,380,000.00"
Jason Collier,2000,"1,190,760.00"
Jason Hart,2000,"316,969.00"
Jason Kidd,2000,"7,680,000.00"
Jason Terry,2000,"1,579,080.00"
Jason Williams,2000,"2,011,080.00"
Jayson Williams,2000,"13,800,000.00"
Jeff Foster,2000,"922,080.00"
Jeff McInnis,2000,"523,500.00"
Jelani McCoy,2000,"1,110,000.00"
Jermaine Jackson,2000,"423,500.00"
Jermaine O'Neal,2000,"5,710,000.00"
Jerome Kersey,2000,"1,000,000.00"
Jerome Moiso,2000,"1,461,960.00"
Jerome Williams,2000,"2,870,000.00"
Jerry Stackhouse,2000,"5,310,000.00"
Jim Jackson,2000,"2,330,000.00"
Jim McIlvaine,2000,"5,400,000.00"
Joe Kleine,2000,"1,200,000.00"
Joe Smith,2000,"2,250,000.00"
Joel Przybilla,2000,"1,619,880.00"
John Amaechi,2000,"600,000.00"
John Crotty,2000,"800,000.00"
John Starks,2000,"2,250,000.00"
John Stockton,2000,"11,000,000.00"
John Wallace,2000,"2,200,000.00"
John Williams,2000,"2,100,000.00"
Johnny Newman,2000,"2,000,000.00"
Jon Barry,2000,"2,730,000.00"
Jonathan Bender,2000,"2,380,680.00"
Jonathan Kerner,2000,"423,500.00"
Jud Buechler,2000,"3,260,000.00"
Jumaine Jones,2000,"735,600.00"
Juwan Howard,2000,"16,875,000.00"
Karl Malone,2000,"15,750,000.00"
Keith Closs,2000,"1,920,000.00"
Keith Van Horn,2000,"9,000,000.00"
Kelvin Cato,2000,"5,330,000.00"
Kendall Gill,2000,"7,000,000.00"
Kenny Anderson,2000,"7,520,000.00"
Kenny Thomas,2000,"885,120.00"
Kenyon Martin,2000,"3,536,640.00"
Keon Clark,2000,"1,379,400.00"
Kerry Kittles,2000,"7,770,000.00"
Kevin Edwards,2000,"1,000,000.00"
Kevin Garnett,2000,"19,610,000.00"
Kevin Ollie,2000,"523,500.00"
Kevin Willis,2000,"2,870,000.00"
Keyon Dooling,2000,"1,538,880.00"
Khalid El-Amin,2000,"316,969.00"
Kobe Bryant,2000,"10,130,000.00"
Kornel David,2000,"498,500.00"
Kurt Thomas,2000,"3,680,000.00"
Lamar Odom,2000,"2,628,960.00"
Lamond Murray,2000,"3,380,000.00"
LaPhonso Ellis,2000,"1,200,000.00"
Lari Ketner,2000,"423,500.00"
Laron Profit,2000,"508,000.00"
Larry Hughes,2000,"1,842,480.00"
Larry Johnson,2000,"11,000,000.00"
Larry Robinson,2000,"611,000.00"
Latrell Sprewell,2000,"10,125,000.00"
Lavor Postell,2000,"316,969.00"
Lawrence Funderburke,2000,"2,700,000.00"
Lazaro Borrell,2000,"423,500.00"
Lee Nailon,2000,"316,969.00"
Leon Smith,2000,"483,680.00"
Lindsey Hunter,2000,"2,650,000.00"
Lorenzen Wright,2000,"4,950,000.00"
Lorenzo Williams,2000,"1,750,000.00"
Loy Vaught,2000,"4,812,025.00"
Luc Longley,2000,"5,750,000.00"
Lucious Harris,2000,"2,160,000.00"
Maceo Baston,2000,"423,500.00"
Mahmoud Abdul-Rauf,2000,"798,500.00"
Malik Rose,2000,"2,570,000.00"
Mamadou N'diaye,2000,"737,880.00"
Marc Jackson,2000,"316,969.00"
Marcus Camby,2000,"5,750,000.00"
Marcus Fizer,2000,"2,562,000.00"
Mario Elie,2000,"1,000,000.00"
Mark Blount,2000,"316,969.00"
Mark Bryant,2000,"3,029,268.00"
Mark Jackson,2000,"3,570,000.00"
Mark Karcher,2000,"50,000.00"
Mark Madsen,2000,"707,040.00"
Mark Pope,2000,"498,500.00"
Mark Strickland,2000,"2,400,000.00"
Mateen Cleaves,2000,"1,253,400.00"
Matt Bullard,2000,"2,100,000.00"
Matt Geiger,2000,"7,515,840.00"
Matt Harpring,2000,"1,244,880.00"
Matt Maloney,2000,"2,401,000.00"
Maurice Taylor,2000,"2,250,000.00"
Metta World Peace,2000,"1,160,760.00"
Michael Curry,2000,"2,200,000.00"
Michael Dickerson,2000,"1,310,400.00"
Michael Doleac,2000,"1,452,000.00"
Michael Finley,2000,"8,400,000.00"
Michael Hawkins,2000,"423,500.00"
Michael Olowokandi,2000,"3,697,440.00"
Michael Redd,2000,"316,969.00"
Michael Ruffin,2000,"440,000.00"
Michael Smith,2000,"2,200,000.00"
Michael Stewart,2000,"3,520,000.00"
Mike Bibby,2000,"3,308,160.00"
Mike Miller,2000,"2,320,080.00"
Mike Penberthy,2000,"316,969.00"
Mike Smith,2000,"316,969.00"
Mikki Moore,2000,"2,850,000.00"
Milt Palacio,2000,"316,969.00"
Mirsad Turkcan,2000,"1,069,400.00"
Mitch Richmond,2000,"10,000,000.00"
Monty Williams,2000,"1,000,000.00"
Moochie Norris,2000,"523,500.00"
Mookie Blaylock,2000,"4,800,000.00"
Morris Peterson,2000,"898,560.00"
Muggsy Bogues,2000,"1,740,000.00"
Nazr Mohammed,2000,"739,080.00"
Nick Anderson,2000,"3,750,000.00"
Nick Van Exel,2000,"9,200,000.00"
Obinna Ekezie,2000,"423,500.00"
Olden Polynice,2000,"2,200,000.00"
Olumide Oyedeji,2000,"316,969.00"
Othella Harrington,2000,"2,250,000.00"
Otis Thorpe,2000,"2,200,000.00"
P.J. Brown,2000,"5,740,000.00"
Pat Garrity,2000,"1,019,280.00"
Patrick Ewing,2000,"14,000,000.00"
Paul McPherson,2000,"316,969.00"
Paul Pierce,2000,"1,608,840.00"
Peja Stojakovic,2000,"1,480,000.00"
Pepe Sanchez,2000,"316,969.00"
Pervis Ellison,2000,"1,000,000.00"
Pete Mickeal,2000,"316,969.00"
PJ Brown,2000,"5,740,000.00"
Popeye Jones,2000,"2,812,500.00"
Predrag Stojakovic,2000,"1,480,000.00"
Quentin Richardson,2000,"1,020,960.00"
Quincy Lewis,2000,"1,000,440.00"
Radoslav Nesterovic,2000,"1,123,560.00"
Raef LaFrentz,2000,"2,970,840.00"
Rafer Alston,2000,"423,500.00"
Randy Brown,2000,"2,250,000.00"
Rashard Lewis,2000,"3,920,000.00"
Rasheed Wallace,2000,"12,600,000.00"
Rasho Nesterovic,2000,"1,123,560.00"
Ray Allen,2000,"10,130,000.00"
Reggie Miller,2000,"10,670,000.00"
Reggie Slater,2000,"673,500.00"
Rex Chapman,2000,"3,500,000.00"
Richard Hamilton,2000,"1,973,880.00"
Rick Brunson,2000,"539,500.00"
Rick Fox,2000,"3,400,000.00"
Ricky Davis,2000,"939,360.00"
Robert Horry,2000,"4,800,000.00"
Robert Pack,2000,"4,320,000.00"
Robert Traylor,2000,"2,203,080.00"
Rod Strickland,2000,"10,000,000.00"
Rodney Buford,2000,"423,500.00"
Rodney Rogers,2000,"2,200,000.00"
Ron Harper,2000,"2,200,000.00"
Ron Mercer,2000,"5,520,000.00"
Roshown McLeod,2000,"978,600.00"
Roy Rogers,2000,"523,500.00"
Ruben Garces,2000,"316,969.00"
Ruben Patterson,2000,"990,000.00"
Ruben Wolkowyski,2000,"316,969.00"
Ryan Bowen,2000,"510,000.00"
Sam Cassell,2000,"4,000,000.00"
Sam Jacobson,2000,"768,500.00"
Sam Mitchell,2000,"2,370,000.00"
Sam Perkins,2000,"2,250,000.00"
Samaki Walker,2000,"2,960,000.00"
Scot Pollard,2000,"3,920,000.00"
Scott Padgett,2000,"730,800.00"
Scott Williams,2000,"4,200,000.00"
Scottie Pippen,2000,"13,750,000.00"
Sean Elliott,2000,"5,300,000.00"
Sean Rooks,2000,"2,160,000.00"
Shammond Williams,2000,"550,000.00"
Shandon Anderson,2000,"2,200,000.00"
Shaquille O'Neal,2000,"19,285,715.00"
Shareef Abdur-Rahim,2000,"10,130,000.00"
Shawn Bradley,2000,"8,370,000.00"
Shawn Kemp,2000,"11,720,000.00"
Shawn Marion,2000,"1,662,240.00"
Shawnelle Scott,2000,"548,500.00"
Sherman Douglas,2000,"1,100,000.00"
Soumaila Samake,2000,"316,969.00"
Speedy Claxton,2000,"936,000.00"
Stacey Augmon,2000,"923,500.00"
Stanislav Medvedenko,2000,"316,969.00"
Stephen Jackson,2000,"316,969.00"
Stephon Marbury,2000,"10,130,000.00"
Steve Francis,2000,"3,246,960.00"
Steve Kerr,2000,"2,200,000.00"
Steve Nash,2000,"5,500,000.00"
Steve Smith,2000,"8,100,000.00"
Steven Smith,2000,"8,100,000.00"
Stromile Swift,2000,"3,164,280.00"
Tariq Abdul-Wahad,2000,"4,500,000.00"
Terrance Roberson,2000,"316,969.00"
Terrell Brandon,2000,"8,330,000.00"
Terry Cummings,2000,"2,200,000.00"
Terry Davis,2000,"923,500.00"
Terry Mills,2000,"2,400,000.00"
Terry Porter,2000,"2,200,000.00"
Theo Ratliff,2000,"7,800,000.00"
Tim Duncan,2000,"9,660,000.00"
Tim Hardaway,2000,"12,000,000.00"
Tim James,2000,"783,120.00"
Tim Thomas,2000,"8,510,000.00"
Todd Day,2000,"736,000.00"
Todd Fuller,2000,"611,000.00"
Todd MacCulloch,2000,"423,500.00"
Tom Gugliotta,2000,"9,360,000.00"
Tom Hammonds,2000,"1,130,000.00"
Toni Kukoc,2000,"6,000,000.00"
Tony Battie,2000,"3,200,000.00"
Tony Delk,2000,"2,250,000.00"
Tony Massenburg,2000,"1,360,000.00"
Torraye Braggs,2000,"316,969.00"
Tracy McGrady,2000,"9,660,000.00"
Tracy Murray,2000,"3,060,000.00"
Trajan Langdon,2000,"1,500,120.00"
Travis Best,2000,"3,500,000.00"
Travis Knight,2000,"3,200,000.00"
Troy Hudson,2000,"523,500.00"
Tyrone Corbin,2000,"1,000,000.00"
Tyrone Hill,2000,"7,300,000.00"
Tyrone Nesby,2000,"2,990,000.00"
Tyronn Lue,2000,"865,800.00"
Tyus Edney,2000,"523,500.00"
Vernon Maxwell,2000,"2,570,000.00"
Vin Baker,2000,"10,130,000.00"
Vince Carter,2000,"2,425,440.00"
Vinny Del Negro,2000,"2,100,000.00"
Vitaly Potapenko,2000,"4,290,000.00"
Vlade Divac,2000,"9,640,000.00"
Vladimir Stepania,2000,"749,160.00"
Vonteego Cummings,2000,"757,200.00"
Voshon Lenard,2000,"3,780,000.00"
Wally Szczerbiak,2000,"2,162,280.00"
Walt Williams,2000,"4,250,000.00"
Walter McCarty,2000,"2,670,000.00"
Wesley Person,2000,"5,600,000.00"
Will Perdue,2000,"2,250,000.00"
William Avery,2000,"1,286,160.00"
William Cunningham,2000,"498,500.00"
Zan Tabak,2000,"1,200,000.00"
Zendon Hamilton,2000,"316,969.00"
Zydrunas Ilgauskas,2000,"10,130,000.00"
Aaron McKie,2001,"4,000,000.00"
Aaron Williams,2001,"2,475,000.00"
Adonal Foyle,2001,"4,400,000.00"
Adrian Griffin,2001,"565,850.00"
AJ Guyton,2001,"465,850.00"
Al Harrington,2001,"1,436,982.00"
Alan Henderson,2001,"6,500,312.00"
Aleksandar Radojevic,2001,"1,524,600.00"
Allan Houston,2001,"12,750,000.00"
Allen Iverson,2001,"11,250,000.00"
Alonzo Mourning,2001,"18,754,800.00"
Alton Ford,2001,"332,817.00"
Alvin Jones,2001,"332,817.00"
Alvin Williams,2001,"5,350,000.00"
Amal McCaskill,2001,"465,850.00"
Andre Miller,2001,"1,934,520.00"
Andrei Kirilenko,2001,"831,120.00"
Andrew DeClercq,2001,"2,900,000.00"
Anfernee Hardaway,2001,"11,250,000.00"
Antawn Jamison,2001,"3,388,176.00"
Anthony Carter,2001,"3,250,000.00"
Anthony Johnson,2001,"598,600.00"
Anthony Mason,2001,"4,538,000.00"
Anthony Peeler,2001,"2,978,500.00"
Antoine Walker,2001,"11,250,000.00"
Antonio Daniels,2001,"3,000,000.00"
Antonio Davis,2001,"11,000,000.00"
Antonio Harvey,2001,"715,850.00"
Antonio McDyess,2001,"11,700,000.00"
Antonis Fotsis,2001,"332,817.00"
Art Long,2001,"465,850.00"
Austin Croshere,2001,"6,310,000.00"
Avery Johnson,2001,"4,538,000.00"
Baron Davis,2001,"3,119,400.00"
Ben Wallace,2001,"4,700,000.00"
Bimbo Coles,2001,"2,200,000.00"
Bo Outlaw,2001,"6,000,000.00"
Bob Sura,2001,"5,213,333.00"
Bobby Jackson,2001,"2,475,000.00"
Bobby Phills,2001,"5,220,000.00"
Bobby Simmons,2001,"332,817.00"
Bonzi Wells,2001,"2,028,239.00"
Brad Miller,2001,"4,400,000.00"
Brandon Armstrong,2001,"865,800.00"
Brendan Haywood,2001,"978,600.00"
Brent Barry,2001,"4,680,000.00"
Brent Price,2001,"3,680,000.00"
Brevin Knight,2001,"4,500,000.00"
Brian Cardinal,2001,"465,850.00"
Brian Grant,2001,"9,925,076.00"
Brian Scalabrine,2001,"332,817.00"
Brian Shaw,2001,"963,415.00"
Brian Skinner,2001,"1,483,461.00"
Bruce Bowen,2001,"715,850.00"
Bruno Sundov,2001,"565,850.00"
Bryant Reeves,2001,"11,555,554.00"
Bryant Stith,2001,"2,000,000.00"
Bryce Drew,2001,"1,300,000.00"
Bryon Russell,2001,"5,142,857.00"
Cal Bowdler,2001,"1,179,720.00"
Calbert Cheaney,2001,"2,400,000.00"
Calvin Booth,2001,"4,539,000.00"
Carlos Arroyo,2001,"332,817.00"
Carlos Rogers,2001,"778,350.00"
Cedric Henderson,2001,"3,000,000.00"
Charles Oakley,2001,"6,545,000.00"
Charles Smith,2001,"540,850.00"
Charlie Bell,2001,"89,292.00"
Charlie Ward,2001,"5,110,000.00"
Chauncey Billups,2001,"2,475,000.00"
Cherokee Parks,2001,"715,850.00"
Chris Andersen,2001,"288,171.00"
Chris Childs,2001,"5,200,000.00"
Chris Crawford,2001,"2,500,000.00"
Chris Dudley,2001,"7,200,000.00"
Chris Gatling,2001,"2,504,227.00"
Chris Mihm,2001,"2,067,960.00"
Chris Mills,2001,"5,400,000.00"
Chris Porter,2001,"465,850.00"
Chris Webber,2001,"12,750,000.00"
Chris Whitney,2001,"2,700,000.00"
Christian Laettner,2001,"4,500,000.00"
Chucky Atkins,2001,"3,300,000.00"
Clar. Weatherspoon,2001,"4,638,000.00"
Clarence Weatherspoon,2001,"4,638,000.00"
Clifford Robinson,2001,"7,656,250.00"
Corey Maggette,2001,"1,448,400.00"
Corie Blount,2001,"1,609,235.00"
Corliss Williamson,2001,"4,000,000.00"
Cory Alexander,2001,"1,995,741.00"
Courtney Alexander,2001,"1,418,400.00"
Cuttino Mobley,2001,"4,413,375.00"
Dale Davis,2001,"7,010,000.00"
Dalibor Bagaric,2001,"854,640.00"
Damon Jones,2001,"565,850.00"
Damon Stoudamire,2001,"12,375,000.00"
Damone Brown,2001,"332,817.00"
Dan Langhi,2001,"465,850.00"
Dan Majerle,2001,"1,000,000.00"
Dana Barros,2001,"1,600,000.00"
Daniel Santiago,2001,"465,850.00"
Danny Ferry,2001,"1,000,000.00"
Danny Fortson,2001,"4,649,534.00"
Danny Manning,2001,"1,500,000.00"
Darius Miles,2001,"3,054,840.00"
Darrell Armstrong,2001,"4,005,000.00"
Darrick Martin,2001,"778,350.00"
Darvin Ham,2001,"1,760,000.00"
David Robinson,2001,"9,500,000.00"
David Wesley,2001,"3,240,000.00"
Dean Garrett,2001,"3,240,000.00"
Dean Oliver,2001,"332,817.00"
Dell Curry,2001,"2,100,000.00"
Derek Anderson,2001,"6,495,000.00"
Derek Fisher,2001,"3,000,000.00"
Derek Strong,2001,"3,861,000.00"
DerMarr Johnson,2001,"2,265,240.00"
Derrick Coleman,2001,"8,710,000.00"
Derrick Dial,2001,"540,850.00"
Derrick McKey,2001,"6,000,000.00"
DeSagana Diop,2001,"1,842,480.00"
DeShawn Stevenson,2001,"890,280.00"
Desmond Mason,2001,"1,155,240.00"
Devean George,2001,"834,250.00"
Dickey Simpkins,2001,"26,190.00"
Dikembe Mutombo,2001,"14,315,790.00"
Dion Glover,2001,"1,027,440.00"
Dirk Nowitzki,2001,"2,157,595.00"
Don MacLean,2001,"965,850.00"
Don Reid,2001,"1,000,000.00"
Donnell Harvey,2001,"927,360.00"
Donyell Marshall,2001,"6,510,000.00"
Doug Christie,2001,"5,200,000.00"
Earl Boykins,2001,"650,000.00"
Earl Watson,2001,"332,817.00"
Eddie Griffin,2001,"2,011,080.00"
Eddie House,2001,"465,850.00"
Eddie Jones,2001,"10,091,250.00"
Eddie Robinson,2001,"5,170,000.00"
Eddy Curry,2001,"2,678,400.00"
Eduardo Najera,2001,"465,850.00"
Elden Campbell,2001,"7,975,000.00"
Eldridge Recasner,2001,"1,300,000.00"
Elton Brand,2001,"3,882,360.00"
Emanual Davis,2001,"715,850.00"
Eric Montross,2001,"2,480,000.00"
Eric Piatkowski,2001,"3,000,000.00"
Eric Snow,2001,"3,750,000.00"
Eric Williams,2001,"4,448,000.00"
Erick Barkley,2001,"638,000.00"
Erick Dampier,2001,"6,235,000.00"
Erick Strickland,2001,"637,415.00"
Ernest Brown,2001,"332,817.00"
Ervin Johnson,2001,"3,670,929.00"
Etan Thomas,2001,"1,493,040.00"
Evan Eschmeyer,2001,"3,038,000.00"
Felipe Lopez,2001,"565,850.00"
Felton Spencer,2001,"1,000,000.00"
Fred Hoiberg,2001,"1,600,000.00"
Gary Payton,2001,"12,926,493.00"
Gary Trent,2001,"715,850.00"
George Lynch,2001,"2,400,000.00"
George McCloud,2001,"2,400,000.00"
Gerald Wallace,2001,"797,880.00"
Gilbert Arenas,2001,"332,817.00"
Glen Rice,2001,"8,800,000.00"
Glenn Robinson,2001,"8,990,000.00"
Grant Hill,2001,"10,865,250.00"
Grant Long,2001,"2,400,000.00"
Greg Anthony,2001,"3,000,000.00"
Greg Buckner,2001,"1,200,000.00"
Greg Foster,2001,"1,764,247.00"
Greg Ostertag,2001,"6,933,328.00"
Hakeem Olajuwon,2001,"5,061,539.00"
Hanno Mottola,2001,"465,850.00"
Harold Jamison,2001,"600,000.00"
Hidayet Turkoglu,2001,"1,216,080.00"
Horace Grant,2001,"2,419,580.00"
Howard Eisley,2001,"4,781,250.00"
Hubert Davis,2001,"2,418,750.00"
Iakovos Tsakalidis,2001,"820,400.00"
Ira Newble,2001,"452,202.00"
Isaac Austin,2001,"5,695,715.00"
Isaiah Rider,2001,"112,797.00"
Jabari Smith Sr,2001,"465,850.00"
Jacque Vaughn,2001,"590,850.00"
Jahidi White,2001,"4,413,375.00"
Jake Voskuhl,2001,"465,850.00"
Jalen Rose,2001,"10,865,250.00"
Jamaal Magloire,2001,"1,048,080.00"
Jamaal Tinsley,2001,"749,160.00"
Jamal Crawford,2001,"1,894,560.00"
Jamal Mashburn,2001,"6,975,000.00"
James Posey,2001,"1,120,680.00"
Jamie Feick,2001,"2,400,000.00"
Jamison Brewer,2001,"332,817.00"
Jaren Jackson Jr,2001,"3,020,834.00"
Jarron Collins,2001,"332,817.00"
Jason Caffey,2001,"4,812,500.00"
Jason Collier,2001,"1,280,040.00"
Jason Collins,2001,"1,067,400.00"
Jason Hart,2001,"465,850.00"
Jason Kidd,2001,"8,447,500.00"
Jason Richardson,2001,"2,425,440.00"
Jason Terry,2001,"1,689,360.00"
Jason Williams,2001,"2,554,072.00"
Jayson Williams,2001,"15,125,000.00"
Jeff Foster,2001,"986,400.00"
Jeff McInnis,2001,"590,850.00"
Jeff Trepagnier,2001,"332,817.00"
Jelani McCoy,2001,"565,850.00"
Jermaine O'Neal,2001,"6,325,000.00"
Jerome James,2001,"465,850.00"
Jerome Moiso,2001,"1,571,640.00"
Jerome Williams,2001,"5,000,000.00"
Jerry Stackhouse,2001,"5,843,750.00"
Jeryl Sasser,2001,"901,800.00"
Jim Jackson,2001,"789,170.00"
Jim McIlvaine,2001,"6,000,000.00"
Joe Crispin,2001,"48,705.00"
Joe Johnson,2001,"1,608,840.00"
Joe Smith,2001,"4,538,000.00"
Joel Przybilla,2001,"1,741,440.00"
John Amaechi,2001,"2,175,000.00"
John Crotty,2001,"1,000,000.00"
John Starks,2001,"2,475,000.00"
John Stockton,2001,"7,000,000.00"
John Wallace,2001,"2,630,000.00"
Johnny Newman,2001,"2,675,000.00"
Jon Barry,2001,"3,175,000.00"
Jonathan Bender,2001,"2,546,760.00"
Joseph Forte,2001,"939,360.00"
Jud Buechler,2001,"3,600,000.00"
Jumaine Jones,2001,"786,600.00"
Juwan Howard,2001,"18,750,000.00"
Karl Malone,2001,"17,500,000.00"
Kedrick Brown,2001,"1,528,440.00"
Keith Van Horn,2001,"10,865,250.00"
Kelvin Cato,2001,"6,048,000.00"
Kendall Gill,2001,"1,538,000.00"
Kenny Anderson,2001,"8,350,000.00"
Kenny Satterfield,2001,"332,817.00"
Kenny Thomas,2001,"946,920.00"
Kenyon Martin,2001,"3,801,960.00"
Keon Clark,2001,"1,971,163.00"
Kerry Kittles,2001,"8,166,667.00"
Kevin Garnett,2001,"22,400,000.00"
Kevin Ollie,2001,"590,850.00"
Kevin Willis,2001,"3,000,000.00"
Keyon Dooling,2001,"1,654,320.00"
Khalid El-Amin,2001,"465,850.00"
Kirk Haston,2001,"1,182,600.00"
Kobe Bryant,2001,"11,250,000.00"
Kurt Thomas,2001,"4,413,375.00"
Kwame Brown,2001,"3,697,440.00"
Lamar Odom,2001,"2,812,320.00"
Lamond Murray,2001,"3,750,000.00"
LaPhonso Ellis,2001,"3,000,000.00"
Laron Profit,2001,"630,850.00"
Larry Hughes,2001,"2,343,635.00"
Larry Johnson,2001,"11,335,714.00"
Larry Robinson,2001,"715,850.00"
Latrell Sprewell,2001,"11,250,000.00"
Lavor Postell,2001,"465,850.00"
Lawrence Funderburke,2001,"3,025,000.00"
Lee Nailon,2001,"465,850.00"
Leon Smith,2001,"517,360.00"
Lindsey Hunter,2001,"3,425,760.00"
Loren Woods,2001,"332,817.00"
Lorenzen Wright,2001,"5,500,000.00"
Lorenzo Williams,2001,"1,880,000.00"
Loy Vaught,2001,"5,222,025.00"
Luc Longley,2001,"6,325,000.00"
Lucious Harris,2001,"2,400,000.00"
Malik Allen,2001,"332,817.00"
Malik Rose,2001,"2,285,000.00"
Mamadou N'diaye,2001,"793,200.00"
Marc Jackson,2001,"3,250,000.00"
Marcus Camby,2001,"7,300,000.00"
Marcus Fizer,2001,"2,754,120.00"
Mark Blount,2001,"540,850.00"
Mark Bryant,2001,"1,000,000.00"
Mark Jackson,2001,"3,860,000.00"
Mark Madsen,2001,"759,960.00"
Mark Pope,2001,"590,850.00"
Mark Strickland,2001,"715,850.00"
Mateen Cleaves,2001,"1,347,480.00"
Matt Bullard,2001,"1,300,000.00"
Matt Geiger,2001,"8,142,160.00"
Matt Harpring,2001,"1,908,401.00"
Matt Maloney,2001,"2,543,750.00"
Maurice Evans,2001,"332,817.00"
Maurice Taylor,2001,"6,500,000.00"
Metta World Peace,2001,"1,241,760.00"
Michael Bradley,2001,"1,123,560.00"
Michael Curry,2001,"2,400,000.00"
Michael Dickerson,2001,"1,940,702.00"
Michael Doleac,2001,"2,000,856.00"
Michael Finley,2001,"10,625,000.00"
Michael Jordan,2001,"1,000,000.00"
Michael Olowokandi,2001,"4,662,472.00"
Michael Redd,2001,"465,850.00"
Michael Ruffin,2001,"1,009,147.00"
Michael Smith,2001,"2,400,000.00"
Michael Stewart,2001,"3,840,000.00"
Mike Bibby,2001,"4,174,893.00"
Mike Miller,2001,"2,494,080.00"
Mike Penberthy,2001,"28,405.00"
Mikki Moore,2001,"2,531,250.00"
Milt Palacio,2001,"690,000.00"
Mitch Richmond,2001,"11,000,000.00"
Mitchell Butler,2001,"715,850.00"
Monty Williams,2001,"778,350.00"
Moochie Norris,2001,"3,600,000.00"
Mookie Blaylock,2001,"5,400,000.00"
Morris Peterson,2001,"966,000.00"
Muggsy Bogues,2001,"1,520,860.00"
Nazr Mohammed,2001,"4,500,000.00"
Nick Anderson,2001,"5,401,906.00"
Nick Van Exel,2001,"10,164,642.00"
Norm Richardson,2001,"332,817.00"
Obinna Ekezie,2001,"540,850.00"
Olumide Oyedeji,2001,"465,850.00"
Omar Cook,2001,"292,230.00"
Oscar Torres,2001,"332,817.00"
Othella Harrington,2001,"2,475,000.00"
P.J. Brown,2001,"6,404,800.00"
Pat Garrity,2001,"1,569,691.00"
Patrick Ewing,2001,"2,118,420.00"
Pau Gasol,2001,"2,970,840.00"
Paul Pierce,2001,"2,051,271.00"
Peja Stojakovic,2001,"5,000,000.00"
PJ Brown,2001,"6,404,800.00"
Popeye Jones,2001,"1,500,000.00"
Predrag Drobnjak,2001,"478,558.00"
Predrag Stojakovic,2001,"5,000,000.00"
Primoz Brezec,2001,"749,160.00"
Quentin Richardson,2001,"1,097,520.00"
Quincy Lewis,2001,"1,070,280.00"
Radoslav Nesterovic,2001,"1,725,788.00"
Raef LaFrentz,2001,"3,755,142.00"
Rafer Alston,2001,"625,000.00"
Raja Bell,2001,"540,850.00"
Randy Brown,2001,"2,475,000.00"
Rashard Lewis,2001,"4,413,375.00"
Rasheed Wallace,2001,"14,400,000.00"
Rasho Nesterovic,2001,"1,725,788.00"
Ratko Varda,2001,"332,817.00"
Ray Allen,2001,"11,250,000.00"
Reggie Miller,2001,"12,045,075.00"
Reggie Slater,2001,"646,011.00"
Rex Chapman,2001,"3,850,000.00"
Richard Hamilton,2001,"2,111,640.00"
Richard Jefferson,2001,"1,379,400.00"
Rick Brunson,2001,"590,850.00"
Rick Fox,2001,"3,791,250.00"
Ricky Davis,2001,"1,496,400.00"
Robert Horry,2001,"5,300,000.00"
Robert Traylor,2001,"2,793,505.00"
Rod Strickland,2001,"4,750,000.00"
Rodney Buford,2001,"481,488.00"
Rodney Rogers,2001,"2,400,000.00"
Rodney White,2001,"1,693,560.00"
Ron Mercer,2001,"6,750,000.00"
Roshown McLeod,2001,"1,509,001.00"
Ruben Boumtje-Boumtje,2001,"332,817.00"
Ruben Patterson,2001,"4,538,000.00"
Ruben Wolkowyski,2001,"545,385.00"
Ryan Bowen,2001,"630,850.00"
Sam Cassell,2001,"4,350,000.00"
Sam Mack,2001,"174,598.00"
Sam Mitchell,2001,"1,000,000.00"
Samaki Walker,2001,"1,400,000.00"
Samuel Dalembert,2001,"771,480.00"
Scot Pollard,2001,"4,344,187.00"
Scott Padgett,2001,"781,680.00"
Scott Williams,2001,"4,650,000.00"
Scottie Pippen,2001,"18,083,564.00"
Sean Marks,2001,"565,850.00"
Sean Rooks,2001,"2,400,000.00"
Shammond Williams,2001,"1,750,000.00"
Shandon Anderson,2001,"5,500,000.00"
Shane Battier,2001,"2,203,080.00"
Shaquille O'Neal,2001,"21,428,572.00"
Shareef Abdur-Rahim,2001,"11,250,000.00"
Shawn Bradley,2001,"4,500,000.00"
Shawn Kemp,2001,"12,660,000.00"
Shawn Marion,2001,"1,778,160.00"
Shawnelle Scott,2001,"590,850.00"
Soumaila Samake,2001,"465,850.00"
Speedy Claxton,2001,"1,006,200.00"
Stacey Augmon,2001,"2,400,000.00"
Stanislav Medvedenko,2001,"465,850.00"
Stephen Jackson,2001,"590,850.00"
Stephon Marbury,2001,"11,250,000.00"
Steve Francis,2001,"3,473,520.00"
Steve Goodrich,2001,"465,850.00"
Steve Kerr,2001,"2,406,250.00"
Steve Nash,2001,"5,750,000.00"
Steve Smith,2001,"9,000,000.00"
Steven Hunter,2001,"1,244,880.00"
Stromile Swift,2001,"3,401,640.00"
Tang Hamilton,2001,"60,881.00"
Tariq Abdul-Wahad,2001,"5,062,500.00"
Terence Morris,2001,"420,000.00"
Terrell Brandon,2001,"9,300,000.00"
Terry Porter,2001,"2,400,000.00"
Theo Ratliff,2001,"9,667,969.00"
Tierre Brown,2001,"332,817.00"
Tim Duncan,2001,"10,865,250.00"
Tim Hardaway,2001,"3,360,390.00"
Tim James,2001,"943,252.00"
Tim Thomas,2001,"9,675,000.00"
Todd MacCulloch,2001,"4,538,000.00"
Tom Gugliotta,2001,"10,114,000.00"
Tom Hammonds,2001,"1,800,000.00"
Toni Kukoc,2001,"7,906,783.00"
Tony Battie,2001,"3,600,000.00"
Tony Delk,2001,"2,475,000.00"
Tony Massenburg,2001,"1,650,000.00"
Tony Parker,2001,"744,480.00"
Tracy McGrady,2001,"10,865,250.00"
Tracy Murray,2001,"3,400,000.00"
Trajan Langdon,2001,"1,604,880.00"
Travis Best,2001,"3,375,000.00"
Travis Knight,2001,"3,600,000.00"
Trenton Hassell,2001,"332,817.00"
Troy Hudson,2001,"590,850.00"
Troy Murphy,2001,"1,310,400.00"
Tyrone Hill,2001,"6,600,000.00"
Tyrone Nesby,2001,"3,260,000.00"
Tyronn Lue,2001,"1,700,000.00"
Tyson Chandler,2001,"3,308,160.00"
Vernon Maxwell,2001,"473,000.00"
Victor Alexander,2001,"653,350.00"
Vin Baker,2001,"11,250,000.00"
Vince Carter,2001,"3,073,032.00"
Vinny Del Negro,2001,"2,275,000.00"
Vitaly Potapenko,2001,"4,762,500.00"
Vlade Divac,2001,"10,444,642.00"
Vladimir Radmanovic,2001,"1,452,000.00"
Vladimir Stepania,2001,"565,850.00"
Vonteego Cummings,2001,"810,000.00"
Voshon Lenard,2001,"4,252,435.00"
Wally Szczerbiak,2001,"2,313,240.00"
Walt Williams,2001,"5,000,000.00"
Walter McCarty,2001,"3,125,000.00"
Wang Zhizhi,2001,"465,850.00"
Wesley Person,2001,"6,300,000.00"
Will Perdue,2001,"1,320,000.00"
William Avery,2001,"1,375,920.00"
Willie Solomon,2001,"332,817.00"
Zach Randolph,2001,"1,019,280.00"
Zeljko Rebraca,2001,"3,500,000.00"
Zendon Hamilton,2001,"465,850.00"
Zydrunas Ilgauskas,2001,"11,250,000.00"
Aaron McKie,2002,"4,500,000.00"
Aaron Williams,2002,"2,700,000.00"
Adam Harrington,2002,"140,636.00"
Adonal Foyle,2002,"4,400,000.00"
Adrian Griffin,2002,"637,435.00"
Al Harrington,2002,"5,060,000.00"
Alan Henderson,2002,"7,091,250.00"
Allan Houston,2002,"14,343,750.00"
Allen Iverson,2002,"12,375,000.00"
Alonzo Mourning,2002,"20,629,800.00"
Alton Ford,2002,"512,435.00"
Alvin Williams,2002,"5,350,000.00"
Amal McCaskill,2002,"843,212.00"
Amare Stoudemire,2002,"1,767,120.00"
Andre Miller,2002,"2,460,709.00"
Andrei Kirilenko,2002,"893,400.00"
Andrew DeClercq,2002,"3,262,500.00"
Anfernee Hardaway,2002,"12,375,000.00"
Ansu Sesay,2002,"612,435.00"
Antawn Jamison,2002,"10,067,750.00"
Anthony Carter,2002,"3,656,250.00"
Anthony Goldwire,2002,"139,925.00"
Anthony Johnson,2002,"699,935.00"
Anthony Mason,2002,"4,370,819.00"
Anthony Peeler,2002,"3,350,812.00"
Antoine Walker,2002,"12,375,000.00"
Antonio Daniels,2002,"3,375,000.00"
Antonio Davis,2002,"12,000,000.00"
Antonio Harvey,2002,"60,361.00"
Antonio McDyess,2002,"12,600,000.00"
Art Long,2002,"229,243.00"
Arvydas Sabonis,2002,"6,850,000.00"
Austin Croshere,2002,"6,960,000.00"
Avery Johnson,2002,"4,991,800.00"
Baron Davis,2002,"3,942,922.00"
Ben Wallace,2002,"5,200,000.00"
Bimbo Coles,2002,"2,400,000.00"
Bo Outlaw,2002,"6,585,000.00"
Bob Sura,2002,"5,639,999.00"
Bobby Jackson,2002,"2,700,000.00"
Bobby Simmons,2002,"849,892.00"
Bonzi Wells,2002,"6,300,000.00"
Bostjan Nachbar,2002,"1,224,000.00"
Brad Miller,2002,"4,800,000.00"
Brandon Armstrong,2002,"930,720.00"
Brendan Haywood,2002,"1,051,920.00"
Brent Barry,2002,"5,040,000.00"
Brent Price,2002,"4,048,000.00"
Brevin Knight,2002,"5,000,000.00"
Brian Cardinal,2002,"587,435.00"
Brian Grant,2002,"11,027,862.00"
Brian Scalabrine,2002,"512,435.00"
Brian Shaw,2002,"1,030,000.00"
Brian Skinner,2002,"637,435.00"
Bruce Bowen,2002,"3,550,000.00"
Bruno Sundov,2002,"637,435.00"
Bryant Reeves,2002,"12,999,998.00"
Bryant Stith,2002,"2,000,000.00"
Bryce Drew,2002,"1,300,000.00"
Bryon Russell,2002,"1,400,000.00"
Calbert Cheaney,2002,"1,000,000.00"
Calvin Booth,2002,"4,992,900.00"
Carlos Arroyo,2002,"546,000.00"
Carlos Boozer,2002,"349,458.00"
Caron Butler,2002,"1,678,800.00"
Casey Jacobsen,2002,"941,040.00"
Cezary Trybanski,2002,"1,500,000.00"
Charles Oakley,2002,"1,030,000.00"
Charles Smith,2002,"637,435.00"
Charlie Ward,2002,"5,570,000.00"
Chauncey Billups,2002,"4,546,000.00"
Cherokee Parks,2002,"824,935.00"
Chris Andersen,2002,"512,435.00"
Chris Childs,2002,"1,750,000.00"
Chris Crawford,2002,"2,750,000.00"
Chris Dudley,2002,"1,030,000.00"
Chris Jefferies,2002,"781,800.00"
Chris Mihm,2002,"2,212,200.00"
Chris Mills,2002,"6,000,000.00"
Chris Owens,2002,"349,458.00"
Chris Webber,2002,"14,343,750.00"
Chris Whitney,2002,"3,000,000.00"
Chris Wilcox,2002,"1,922,520.00"
Christian Laettner,2002,"5,062,500.00"
Chucky Atkins,2002,"3,600,000.00"
Clarence Weatherspoon,2002,"4,991,800.00"
Clifford Robinson,2002,"8,421,875.00"
Corey Maggette,2002,"2,069,764.00"
Corie Blount,2002,"1,400,000.00"
Corliss Williamson,2002,"4,500,000.00"
Cory Alexander,2002,"2,149,259.00"
Courtney Alexander,2002,"1,517,280.00"
Curtis Borchardt,2002,"1,113,720.00"
Cuttino Mobley,2002,"4,903,750.00"
Dajuan Wagner,2002,"2,298,840.00"
Dale Davis,2002,"8,055,000.00"
Dalibor Bagaric,2002,"830,947.00"
Damon Jones,2002,"637,435.00"
Damon Stoudamire,2002,"12,375,000.00"
Dan Dickau,2002,"776,880.00"
Dan Gadzuric,2002,"349,458.00"
Dan Langhi,2002,"587,435.00"
Danny Ferry,2002,"4,546,000.00"
Danny Fortson,2002,"5,039,068.00"
Danny Manning,2002,"900,000.00"
Darius Miles,2002,"3,267,960.00"
Darrell Armstrong,2002,"4,010,000.00"
Darvin Ham,2002,"699,935.00"
David Robinson,2002,"10,500,000.00"
David Wesley,2002,"3,600,000.00"
Dean Oliver,2002,"118,735.00"
Derek Anderson,2002,"7,144,500.00"
Derek Fisher,2002,"3,000,000.00"
Derek Strong,2002,"4,212,000.00"
DerMarr Johnson,2002,"2,423,280.00"
Derrick Coleman,2002,"9,380,000.00"
DeSagana Diop,2002,"1,980,600.00"
DeShawn Stevenson,2002,"952,320.00"
Desmond Mason,2002,"1,235,880.00"
Devean George,2002,"4,546,000.00"
Devin Brown,2002,"34,946.00"
Dikembe Mutombo,2002,"16,105,264.00"
Dion Glover,2002,"1,584,312.00"
Dirk Nowitzki,2002,"10,067,750.00"
Don Reid,2002,"1,100,000.00"
Donnell Harvey,2002,"992,040.00"
Donyell Marshall,2002,"5,186,542.00"
Doug Christie,2002,"6,250,000.00"
Drew Gooden,2002,"2,794,920.00"
Earl Boykins,2002,"1,243,605.00"
Earl Watson,2002,"1,215,000.00"
Eddie Griffin,2002,"2,161,920.00"
Eddie House,2002,"637,435.00"
Eddie Jones,2002,"11,212,500.00"
Eddie Robinson,2002,"5,687,000.00"
Eddy Curry,2002,"2,879,280.00"
Eduardo Najera,2002,"3,047,620.00"
Efthimios Rentzias,2002,"903,360.00"
Elden Campbell,2002,"8,050,000.00"
Elton Brand,2002,"4,895,656.00"
Emanual Davis,2002,"824,935.00"
Eric Montross,2002,"2,720,000.00"
Eric Piatkowski,2002,"3,000,000.00"
Eric Snow,2002,"4,125,000.00"
Eric Williams,2002,"5,004,000.00"
Erick Barkley,2002,"682,500.00"
Erick Dampier,2002,"6,858,500.00"
Erick Strickland,2002,"762,435.00"
Ervin Johnson,2002,"3,998,679.00"
Etan Thomas,2002,"1,597,200.00"
Evan Eschmeyer,2002,"3,103,800.00"
Felipe Lopez,2002,"637,435.00"
Frank Williams,2002,"832,560.00"
Fred Hoiberg,2002,"1,400,000.00"
Fred Jones,2002,"1,367,400.00"
Gary Payton,2002,"12,636,117.00"
Gary Trent,2002,"824,935.00"
George Lynch,2002,"2,600,000.00"
George McCloud,2002,"2,599,900.00"
Gerald Wallace,2002,"857,760.00"
Gilbert Arenas,2002,"512,435.00"
Glen Rice,2002,"9,200,000.00"
Glenn Robinson,2002,"9,860,000.00"
Gordan Giricek,2002,"1,400,000.00"
Grant Hill,2002,"12,072,500.00"
Greg Anthony,2002,"1,500,000.00"
Greg Buckner,2002,"2,400,000.00"
Greg Foster,2002,"401,951.00"
Greg Ostertag,2002,"7,799,996.00"
Guy Rucker,2002,"34,946.00"
Hakeem Olajuwon,2002,"5,694,231.00"
Hedo Turkoglu,2002,"587,435.00"
Hidayet Turkoglu,2002,"1,300,920.00"
Horace Grant,2002,"2,661,538.00"
Howard Eisley,2002,"5,312,500.00"
Hubert Davis,2002,"2,687,500.00"
Iakovos Tsakalidis,2002,"877,680.00"
Igor Rakocevic,2002,"349,458.00"
Ira Newble,2002,"587,435.00"
J.R. Reid,2002,"800,000.00"
Jacque Vaughn,2002,"699,935.00"
Jahidi White,2002,"4,903,750.00"
Jake Voskuhl,2002,"587,435.00"
Jalen Rose,2002,"12,072,500.00"
Jamaal Magloire,2002,"1,121,280.00"
Jamaal Tinsley,2002,"805,320.00"
Jamal Crawford,2002,"2,026,680.00"
Jamal Mashburn,2002,"7,750,000.00"
Jamal Sampson,2002,"349,458.00"
James Posey,2002,"1,723,606.00"
Jamie Feick,2002,"2,600,000.00"
Jamison Brewer,2002,"512,435.00"
Jannero Pargo,2002,"349,458.00"
Jared Jeffries,2002,"1,594,920.00"
Jarron Collins,2002,"1,150,000.00"
Jason Caffey,2002,"5,250,000.00"
Jason Collier,2002,"1,369,440.00"
Jason Collins,2002,"1,147,440.00"
Jason Kidd,2002,"9,265,000.00"
Jason Richardson,2002,"2,607,360.00"
Jason Terry,2002,"2,153,934.00"
Jason Williams,2002,"5,500,000.00"
Jay Williams,2002,"3,451,920.00"
Jeff Foster,2002,"1,571,335.00"
Jeff McInnis,2002,"3,000,000.00"
Jelani McCoy,2002,"637,435.00"
Jermaine Jackson,2002,"171,932.00"
Jermaine O'Neal,2002,"6,900,000.00"
Jerome James,2002,"4,546,000.00"
Jerome Moiso,2002,"1,681,200.00"
Jerome Williams,2002,"5,250,000.00"
Jerry Stackhouse,2002,"6,375,000.00"
Jeryl Sasser,2002,"969,480.00"
Jim Jackson,2002,"791,341.00"
Jim McIlvaine,2002,"4,400,000.00"
Jiri Welsch,2002,"1,234,080.00"
Joe Johnson,2002,"1,729,560.00"
Joe Smith,2002,"4,991,800.00"
Joel Przybilla,2002,"1,862,880.00"
John Amaechi,2002,"2,392,500.00"
John Crotty,2002,"138,171.00"
John Salmons,2002,"670,800.00"
John Stockton,2002,"7,875,000.00"
Jon Barry,2002,"3,175,000.00"
Jonathan Bender,2002,"3,226,745.00"
Joseph Forte,2002,"1,009,920.00"
JR Bremer,2002,"349,458.00"
Juan Dixon,2002,"1,172,400.00"
Juaquin Hawkins,2002,"587,435.00"
Jud Buechler,2002,"3,450,000.00"
Jumaine Jones,2002,"1,419,026.00"
Junior Harrington,2002,"349,458.00"
Juwan Howard,2002,"20,625,000.00"
Kareem Rush,2002,"1,021,080.00"
Karl Malone,2002,"19,250,000.00"
Kedrick Brown,2002,"1,643,040.00"
Keith Van Horn,2002,"12,072,500.00"
Kelvin Cato,2002,"6,696,000.00"
Ken Johnson,2002,"349,458.00"
Kendall Gill,2002,"1,030,000.00"
Kenny Anderson,2002,"9,185,000.00"
Kenny Satterfield,2002,"512,435.00"
Kenny Thomas,2002,"1,557,684.00"
Kenyon Martin,2002,"4,067,160.00"
Keon Clark,2002,"4,546,000.00"
Kerry Kittles,2002,"8,966,667.00"
Kevin Garnett,2002,"25,200,000.00"
Kevin Ollie,2002,"1,000,000.00"
Kevin Willis,2002,"1,030,000.00"
Keyon Dooling,2002,"1,769,760.00"
Kirk Haston,2002,"1,271,400.00"
Kobe Bryant,2002,"12,375,000.00"
Kurt Thomas,2002,"4,903,750.00"
Kwame Brown,2002,"3,974,760.00"
Lamar Odom,2002,"3,557,585.00"
Lamond Murray,2002,"4,125,000.00"
LaPhonso Ellis,2002,"3,100,000.00"
Larry Hughes,2002,"4,546,000.00"
Larry Johnson,2002,"9,610,714.00"
Latrell Sprewell,2002,"12,375,000.00"
Lavor Postell,2002,"587,435.00"
Lawrence Funderburke,2002,"3,300,000.00"
Lee Nailon,2002,"587,435.00"
Lindsey Hunter,2002,"3,870,912.00"
Lonny Baxter,2002,"349,458.00"
Loren Woods,2002,"662,435.00"
Lorenzen Wright,2002,"6,050,000.00"
Lorenzo Williams,2002,"2,068,000.00"
Loy Vaught,2002,"5,364,964.00"
Luc Longley,2002,"6,900,000.00"
Lucious Harris,2002,"2,640,000.00"
Malik Allen,2002,"512,435.00"
Malik Rose,2002,"4,370,000.00"
Mamadou N'diaye,2002,"848,520.00"
Manu Ginobili,2002,"1,325,000.00"
Marc Jackson,2002,"3,575,000.00"
Marcus Camby,2002,"6,750,000.00"
Marcus Fizer,2002,"2,946,240.00"
Marcus Haislip,2002,"1,439,400.00"
Mark Blount,2002,"762,435.00"
Mark Bryant,2002,"1,030,000.00"
Mark Jackson,2002,"4,530,000.00"
Mark Madsen,2002,"813,000.00"
Mark Pope,2002,"637,435.00"
Mark Strickland,2002,"60,361.00"
Marko Jaric,2002,"1,750,000.00"
Mateen Cleaves,2002,"1,441,440.00"
Matt Bullard,2002,"1,430,000.00"
Matt Geiger,2002,"8,768,480.00"
Matt Harpring,2002,"4,000,000.00"
Matt Maloney,2002,"2,945,716.00"
Maurice Taylor,2002,"7,150,000.00"
Mehmet Okur,2002,"1,000,000.00"
Melvin Ely,2002,"1,490,120.00"
Mengke Bateer,2002,"512,453.00"
Metta World Peace,2002,"1,904,860.00"
Michael Bradley,2002,"1,207,800.00"
Michael Curry,2002,"2,600,000.00"
Michael Dickerson,2002,"5,500,000.00"
Michael Doleac,2002,"1,400,000.00"
Michael Finley,2002,"11,953,125.00"
Michael Jordan,2002,"1,030,000.00"
Michael Olowokandi,2002,"6,061,213.00"
Michael Redd,2002,"3,000,000.00"
Michael Stewart,2002,"4,160,000.00"
Mike Batiste,2002,"349,458.00"
Mike Bibby,2002,"8,500,000.00"
Mike Dunleavy,2002,"3,100,080.00"
Mike James,2002,"512,435.00"
Mike Miller,2002,"2,668,080.00"
Mike Wilks,2002,"55,402.00"
Mikki Moore,2002,"2,459,142.00"
Milt Palacio,2002,"750,000.00"
Monty Williams,2002,"887,435.00"
Moochie Norris,2002,"3,150,000.00"
Morris Peterson,2002,"1,033,320.00"
Muggsy Bogues,2002,"1,659,120.00"
Nate Huffman,2002,"349,458.00"
Nazr Mohammed,2002,"4,750,000.00"
Nenê,2002,"1,945,520.00"
Nick Anderson,2002,"6,101,906.00"
Nick Van Exel,2002,"11,061,234.00"
Nikoloz Tskitishvili,2002,"2,530,920.00"
Olumide Oyedeji,2002,"587,435.00"
Oscar Torres,2002,"168,729.00"
Othella Harrington,2002,"2,700,000.00"
Pat Burke,2002,"349,458.00"
Pat Garrity,2002,"2,350,000.00"
Patrick Ewing,2002,"1,850,000.00"
Pau Gasol,2002,"3,193,680.00"
Paul Pierce,2002,"10,067,750.00"
Paul Shirley,2002,"29,832.00"
Peja Stojakovic,2002,"5,625,000.00"
Pepe Sanchez,2002,"587,435.00"
Pete Mickeal,2002,"136,374.00"
PJ Brown,2002,"7,044,800.00"
Popeye Jones,2002,"1,030,000.00"
Predrag Drobnjak,2002,"526,413.00"
Predrag Savovic,2002,"349,458.00"
Predrag Stojakovic,2002,"5,625,000.00"
Primoz Brezec,2002,"805,320.00"
Quentin Richardson,2002,"1,174,080.00"
Qyntel Woods,2002,"980,280.00"
Radoslav Nesterovic,2002,"2,436,813.00"
Raef LaFrentz,2002,"7,270,000.00"
Rafer Alston,2002,"37,344.00"
Raja Bell,2002,"612,435.00"
Randy Brown,2002,"2,700,000.00"
Rashard Lewis,2002,"6,233,766.00"
Rasheed Wallace,2002,"16,200,000.00"
Rasho Nesterovic,2002,"2,436,813.00"
Rasual Butler,2002,"349,458.00"
Ratko Varda,2002,"124,984.00"
Raul Lopez,2002,"578,160.00"
Ray Allen,2002,"12,375,000.00"
Reggie Evans,2002,"349,458.00"
Reggie Miller,2002,"12,046,473.00"
Reggie Slater,2002,"321,926.00"
Richard Hamilton,2002,"2,681,783.00"
Richard Jefferson,2002,"1,482,840.00"
Rick Brunson,2002,"699,935.00"
Rick Fox,2002,"4,340,231.00"
Ricky Davis,2002,"4,546,000.00"
Robert Archibald,2002,"349,458.00"
Robert Horry,2002,"5,300,000.00"
Robert Traylor,2002,"750,000.00"
Rod Strickland,2002,"1,030,000.00"
Rodney Rogers,2002,"2,796,000.00"
Rodney White,2002,"1,820,520.00"
Roger Mason,2002,"349,458.00"
Ron Mercer,2002,"6,750,000.00"
Ronald Murray,2002,"349,458.00"
Ruben Boumtje-Boumtje,2002,"512,435.00"
Ruben Patterson,2002,"4,991,800.00"
Ruben Wolkowyski,2002,"587,435.00"
Ryan Bowen,2002,"1,111,111.00"
Ryan Humphrey,2002,"1,063,680.00"
Sam Cassell,2002,"4,850,000.00"
Sam Clancy,2002,"349,458.00"
Samaki Walker,2002,"1,540,000.00"
Samuel Dalembert,2002,"691,100.00"
Scot Pollard,2002,"4,826,874.00"
Scott Padgett,2002,"612,435.00"
Scott Williams,2002,"1,030,000.00"
Scottie Pippen,2002,"19,727,524.00"
Sean Lampley,2002,"349,458.00"
Sean Marks,2002,"612,435.00"
Sean Rooks,2002,"2,640,000.00"
Shammond Williams,2002,"2,000,000.00"
Shandon Anderson,2002,"6,100,000.00"
Shane Battier,2002,"2,368,200.00"
Shaquille O'Neal,2002,"23,571,429.00"
Shareef Abdur-Rahim,2002,"12,375,000.00"
Shawn Bradley,2002,"4,000,000.00"
Shawn Kemp,2002,"13,651,028.00"
Shawn Marion,2002,"2,265,375.00"
Smush Parker,2002,"349,458.00"
Soumaila Samake,2002,"124,984.00"
Speedy Claxton,2002,"1,076,400.00"
Stacey Augmon,2002,"2,400,000.00"
Stanislav Medvedenko,2002,"1,400,000.00"
Stephen Jackson,2002,"699,935.00"
Stephon Marbury,2002,"12,375,000.00"
Steve Francis,2002,"4,383,581.00"
Steve Kerr,2002,"2,625,000.00"
Steve Nash,2002,"5,750,000.00"
Steve Smith,2002,"9,900,000.00"
Steven Hunter,2002,"1,338,240.00"
Stromile Swift,2002,"3,639,000.00"
Tamar Slay,2002,"349,458.00"
Tariq Abdul-Wahad,2002,"5,625,000.00"
Tayshaun Prince,2002,"903,360.00"
Terence Morris,2002,"512,435.00"
Terrell Brandon,2002,"10,175,000.00"
Theo Ratliff,2002,"9,375,000.00"
Tim Duncan,2002,"12,072,500.00"
Tim Hardaway,2002,"1,000,000.00"
Tim Thomas,2002,"10,750,000.00"
Tito Maddox,2002,"349,458.00"
Todd MacCulloch,2002,"4,991,800.00"
Tom Gugliotta,2002,"10,892,000.00"
Toni Kukoc,2002,"8,050,000.00"
Tony Battie,2002,"4,000,000.00"
Tony Delk,2002,"2,700,000.00"
Tony Massenburg,2002,"2,541,098.00"
Tony Parker,2002,"800,400.00"
Tracy McGrady,2002,"12,072,500.00"
Tracy Murray,2002,"3,740,000.00"
Travis Best,2002,"1,400,000.00"
Travis Knight,2002,"4,000,000.00"
Tremaine Fowlkes,2002,"512,435.00"
Trenton Hassell,2002,"512,435.00"
Troy Hudson,2002,"2,000,000.00"
Troy Murphy,2002,"1,408,680.00"
Tyrone Hill,2002,"6,600,000.00"
Tyronn Lue,2002,"1,870,000.00"
Tyson Chandler,2002,"3,556,200.00"
Vin Baker,2002,"12,375,000.00"
Vince Carter,2002,"10,067,750.00"
Vincent Yarbrough,2002,"349,458.00"
Vitaly Potapenko,2002,"5,238,750.00"
Vlade Divac,2002,"11,248,076.00"
Vladimir Radmanovic,2002,"1,560,840.00"
Vladimir Stepania,2002,"1,350,000.00"
Voshon Lenard,2002,"824,935.00"
Wally Szczerbiak,2002,"2,933,187.00"
Walt Williams,2002,"1,030,000.00"
Walter McCarty,2002,"762,435.00"
Wang Zhizhi,2002,"1,900,000.00"
Wesley Person,2002,"7,000,000.00"
Yao Ming,2002,"3,858,240.00"
Zach Randolph,2002,"1,095,720.00"
Zeljko Rebraca,2002,"3,850,000.00"
Zydrunas Ilgauskas,2002,"12,375,000.00"
Aaron McKie,2003,"5,000,000.00"
Aaron Williams,2003,"2,925,000.00"
Adonal Foyle,2003,"4,400,000.00"
Adrian Griffin,2003,"751,179.00"
Al Harrington,2003,"5,692,500.00"
Alan Henderson,2003,"7,682,188.00"
Aleksandar Pavlovic,2003,"1,107,960.00"
Alex Garcia,2003,"366,931.00"
Allan Houston,2003,"15,937,500.00"
Allen Iverson,2003,"13,500,000.00"
Alonzo Mourning,2003,"4,917,000.00"
Alton Ford,2003,"586,082.00"
Alvin Williams,2003,"5,500,000.00"
Amal McCaskill,2003,"688,679.00"
Amare Stoudemire,2003,"1,899,720.00"
Andre Miller,2003,"8,000,000.00"
Andrei Kirilenko,2003,"955,800.00"
Andrew DeClercq,2003,"2,500,000.00"
Anfernee Hardaway,2003,"13,500,000.00"
Ansu Sesay,2003,"688,679.00"
Antawn Jamison,2003,"11,326,219.00"
Anthony Carter,2003,"751,179.00"
Anthony Johnson,2003,"813,679.00"
Anthony Mason,2003,"4,348,094.00"
Anthony Peeler,2003,"1,070,000.00"
Antoine Walker,2003,"13,500,000.00"
Antonio Daniels,2003,"2,200,000.00"
Antonio Davis,2003,"12,925,000.00"
Antonio McDyess,2003,"13,500,000.00"
Austin Croshere,2003,"7,610,000.00"
Avery Johnson,2003,"5,445,600.00"
Baron Davis,2003,"10,960,000.00"
Ben Davis,2003,"176,369.00"
Ben Handlogten,2003,"366,931.00"
Ben Wallace,2003,"5,500,000.00"
Bimbo Coles,2003,"2,120,000.00"
Bo Outlaw,2003,"6,585,000.00"
Bob Sura,2003,"6,266,666.00"
Bobby Jackson,2003,"2,925,000.00"
Bobby Simmons,2003,"638,679.00"
Bonzi Wells,2003,"7,000,000.00"
Boris Diaw,2003,"1,021,080.00"
Bostjan Nachbar,2003,"1,396,440.00"
Brad Miller,2003,"7,000,000.00"
Brandon Armstrong,2003,"995,650.00"
Brandon Hunter,2003,"366,931.00"
Brendan Haywood,2003,"1,125,360.00"
Brent Barry,2003,"5,400,000.00"
Brevin Knight,2003,"5,000,000.00"
Brian Cardinal,2003,"663,679.00"
Brian Cook,2003,"903,360.00"
Brian Grant,2003,"12,130,648.00"
Brian Scalabrine,2003,"800,000.00"
Brian Skinner,2003,"1,500,000.00"
Britton Johnsen,2003,"44,748.00"
Bruce Bowen,2003,"3,650,000.00"
Bruno Sundov,2003,"751,159.00"
Bryce Drew,2003,"1,300,000.00"
Bryon Russell,2003,"1,070,000.00"
Calbert Cheaney,2003,"1,070,000.00"
Calvin Booth,2003,"5,446,800.00"
Carlos Arroyo,2003,"800,000.00"
Carlos Boozer,2003,"563,679.00"
Carmelo Anthony,2003,"3,229,200.00"
Caron Butler,2003,"1,804,680.00"
Casey Jacobsen,2003,"1,011,600.00"
Cezary Trybanski,2003,"1,600,000.00"
Charlie Ward,2003,"6,030,000.00"
Chauncey Billups,2003,"5,000,600.00"
Cherokee Parks,2003,"228,946.00"
Chris Andersen,2003,"638,679.00"
Chris Bosh,2003,"2,911,320.00"
Chris Childs,2003,"1,166,667.00"
Chris Crawford,2003,"3,000,000.00"
Chris Jefferies,2003,"840,360.00"
Chris Kaman,2003,"2,394,600.00"
Chris Mihm,2003,"2,809,494.00"
Chris Mills,2003,"6,600,000.00"
Chris Webber,2003,"15,937,500.00"
Chris Whitney,2003,"1,070,000.00"
Chris Wilcox,2003,"2,066,760.00"
Christian Laettner,2003,"5,625,000.00"
Chucky Atkins,2003,"3,900,000.00"
Clarence Weatherspoon,2003,"5,445,600.00"
Clifford Robinson,2003,"4,700,000.00"
Corey Maggette,2003,"7,000,000.00"
Corie Blount,2003,"1,680,000.00"
Corliss Williamson,2003,"5,000,000.00"
Cory Alexander,2003,"2,302,778.00"
Courtney Alexander,2003,"2,168,193.00"
Curtis Borchardt,2003,"1,187,240.00"
Cuttino Mobley,2003,"5,394,125.00"
Dahntay Jones,2003,"1,063,680.00"
Dajuan Wagner,2003,"2,471,280.00"
Dale Davis,2003,"9,061,875.00"
Dalibor Bagaric,2003,"1,599,076.00"
Damon Jones,2003,"751,179.00"
Damon Stoudamire,2003,"12,375,000.00"
Damone Brown,2003,"202,508.00"
Dan Dickau,2003,"835,200.00"
Dan Gadzuric,2003,"563,679.00"
Dan Langhi,2003,"603,786.00"
Daniel Santiago,2003,"1,200,000.00"
Danny Fortson,2003,"5,428,602.00"
Darius Miles,2003,"4,130,701.00"
Darius Songaila,2003,"366,931.00"
Darko Milicic,2003,"3,595,800.00"
Darrell Armstrong,2003,"2,475,000.00"
Darvin Ham,2003,"813,679.00"
David Wesley,2003,"3,960,000.00"
David West,2003,"1,160,160.00"
Derek Anderson,2003,"7,794,000.00"
Derek Fisher,2003,"3,000,000.00"
Derrick Coleman,2003,"4,000,000.00"
Derrick Dial,2003,"32,375.00"
DeSagana Diop,2003,"2,118,840.00"
DeShawn Stevenson,2003,"1,616,087.00"
Desmond Mason,2003,"1,898,312.00"
Devean George,2003,"4,546,000.00"
Devin Brown,2003,"563,679.00"
Dikembe Mutombo,2003,"17,714,291.00"
Dion Glover,2003,"1,000,000.00"
Dirk Nowitzki,2003,"11,326,219.00"
Donnell Harvey,2003,"663,679.00"
Donyell Marshall,2003,"4,605,196.00"
Doug Christie,2003,"6,900,000.00"
Doug Overton,2003,"695,844.00"
Drew Gooden,2003,"3,004,560.00"
Dwyane Wade,2003,"2,636,400.00"
Earl Boykins,2003,"2,500,000.00"
Earl Watson,2003,"1,336,500.00"
Eddie Griffin,2003,"2,312,760.00"
Eddie House,2003,"750,000.00"
Eddie Jones,2003,"12,333,750.00"
Eddie Robinson,2003,"6,204,000.00"
Eddy Curry,2003,"3,080,160.00"
Eduardo Najera,2003,"3,428,572.00"
Efthimios Rentzias,2003,"971,160.00"
Elden Campbell,2003,"4,000,000.00"
Elton Brand,2003,"10,960,000.00"
Eric Montross,2003,"2,960,000.00"
Eric Piatkowski,2003,"2,500,000.00"
Eric Snow,2003,"4,500,000.00"
Eric Williams,2003,"5,540,000.00"
Erick Dampier,2003,"7,842,000.00"
Erick Strickland,2003,"1,500,000.00"
Ervin Johnson,2003,"4,418,156.00"
Etan Thomas,2003,"2,200,942.00"
Evan Eschmeyer,2003,"3,017,266.00"
Flip Murray,2003,"563,679.00"
Francisco Elson,2003,"366,931.00"
Frank Williams,2003,"894,960.00"
Fred Hoiberg,2003,"938,679.00"
Fred Jones,2003,"1,506,000.00"
Gary Payton,2003,"4,917,000.00"
Gary Trent,2003,"938,679.00"
George Lynch,2003,"2,800,000.00"
Gerald Wallace,2003,"917,520.00"
Gilbert Arenas,2003,"8,536,000.00"
Glen Rice,2003,"7,885,000.00"
Glenn Robinson,2003,"10,730,000.00"
Gordan Giricek,2003,"1,540,000.00"
Grant Hill,2003,"13,279,750.00"
Greg Buckner,2003,"2,640,000.00"
Greg Ostertag,2003,"8,666,666.00"
Hakeem Olajuwon,2003,"6,326,923.00"
Hedo Turkoglu,2003,"2,458,500.00"
Hidayet Turkoglu,2003,"1,995,611.00"
Horace Grant,2003,"1,070,000.00"
Howard Eisley,2003,"5,843,750.00"
Hubert Davis,2003,"2,956,250.00"
Iakovos Tsakalidis,2003,"1,580,702.00"
Ira Newble,2003,"2,458,500.00"
Jabari Smith Sr,2003,"638,679.00"
Jacque Vaughn,2003,"813,679.00"
Jahidi White,2003,"5,676,091.00"
Jake Voskuhl,2003,"1,500,000.00"
Jalen Rose,2003,"13,279,750.00"
Jamaal Magloire,2003,"1,726,771.00"
Jamaal Tinsley,2003,"861,600.00"
Jamal Crawford,2003,"2,577,937.00"
Jamal Mashburn,2003,"8,525,000.00"
Jamal Sampson,2003,"563,679.00"
James Jones,2003,"366,931.00"
James Posey,2003,"4,917,000.00"
Jamison Brewer,2003,"638,679.00"
Jannero Pargo,2003,"563,679.00"
Jared Jeffries,2003,"1,714,440.00"
Jarron Collins,2003,"1,250,000.00"
Jarvis Hayes,2003,"1,748,760.00"
Jason Caffey,2003,"5,687,500.00"
Jason Collins,2003,"1,227,480.00"
Jason Hart,2003,"638,679.00"
Jason Kapono,2003,"366,931.00"
Jason Kidd,2003,"13,152,000.00"
Jason Richardson,2003,"2,789,280.00"
Jason Terry,2003,"8,333,333.00"
Jason Williams,2003,"6,187,500.00"
Jay Williams,2003,"3,710,880.00"
Jeff Foster,2003,"4,000,000.00"
Jeff McInnis,2003,"3,300,000.00"
Jeff Trepagnier,2003,"638,679.00"
Jelani McCoy,2003,"36,643.00"
Jermaine O'Neal,2003,"13,152,000.00"
Jerome Beasley,2003,"366,931.00"
Jerome James,2003,"5,000,600.00"
Jerome Moiso,2003,"1,600,000.00"
Jerome Williams,2003,"5,987,500.00"
Jerry Stackhouse,2003,"6,906,250.00"
Jeryl Sasser,2003,"1,125,729.00"
Jim Jackson,2003,"2,200,000.00"
Jiri Welsch,2003,"1,326,600.00"
Joe Johnson,2003,"1,850,160.00"
Joe Smith,2003,"5,445,600.00"
Joel Przybilla,2003,"2,373,309.00"
John Amaechi,2003,"2,610,000.00"
John Salmons,2003,"865,320.00"
John Wallace,2003,"813,679.00"
Jon Barry,2003,"3,000,000.00"
Jon Stefansson,2003,"366,931.00"
Jonathan Bender,2003,"5,800,000.00"
Joseph Forte,2003,"1,080,360.00"
Josh Howard,2003,"773,400.00"
Josh Moore,2003,"366,931.00"
JR Bremer,2003,"563,679.00"
Juan Dixon,2003,"1,260,360.00"
Jumaine Jones,2003,"1,500,000.00"
Juwan Howard,2003,"4,917,000.00"
Kaniel Dickens,2003,"264,011.00"
Kareem Rush,2003,"1,097,640.00"
Karl Malone,2003,"1,500,000.00"
Kedrick Brown,2003,"1,757,640.00"
Keith Bogans,2003,"366,931.00"
Keith McLeod,2003,"366,931.00"
Keith Van Horn,2003,"13,279,750.00"
Kelvin Cato,2003,"7,344,000.00"
Kendall Gill,2003,"1,070,000.00"
Kendrick Perkins,2003,"814,320.00"
Kenny Anderson,2003,"1,070,000.00"
Kenny Thomas,2003,"5,500,000.00"
Kenyon Martin,2003,"5,128,689.00"
Keon Clark,2003,"5,000,600.00"
Kerry Kittles,2003,"9,266,666.00"
Kevin Garnett,2003,"28,000,000.00"
Kevin Ollie,2003,"2,458,500.00"
Kevin Willis,2003,"1,070,000.00"
Keyon Dooling,2003,"2,256,444.00"
Kirk Haston,2003,"1,360,080.00"
Kirk Hinrich,2003,"2,185,920.00"
Kobe Bryant,2003,"13,500,000.00"
Kurt Thomas,2003,"5,394,125.00"
Kwame Brown,2003,"4,252,080.00"
Kyle Korver,2003,"366,931.00"
Lamar Odom,2003,"9,963,596.00"
Lamond Murray,2003,"4,500,000.00"
Larry Hughes,2003,"5,000,600.00"
Latrell Sprewell,2003,"13,500,000.00"
Lawrence Funderburke,2003,"3,600,000.00"
Leandro Barbosa,2003,"809,280.00"
LeBron James,2003,"4,018,920.00"
Lindsey Hunter,2003,"3,000,000.00"
Linton Johnson,2003,"366,931.00"
Lonny Baxter,2003,"636,679.00"
Loren Woods,2003,"638,679.00"
Lorenzen Wright,2003,"6,600,000.00"
Lucious Harris,2003,"2,500,000.00"
Luke Ridnour,2003,"1,424,400.00"
Luke Walton,2003,"366,931.00"
Maciej Lampe,2003,"829,000.00"
Malik Allen,2003,"1,510,000.00"
Malik Rose,2003,"4,916,250.00"
Manu Ginobili,2003,"1,457,500.00"
Marc Jackson,2003,"3,900,000.00"
Marcus Banks,2003,"1,499,400.00"
Marcus Camby,2003,"7,250,000.00"
Marcus Fizer,2003,"3,726,994.00"
Marcus Haislip,2003,"1,547,280.00"
Mark Blount,2003,"944,922.00"
Mark Jackson,2003,"1,500,000.00"
Mark Madsen,2003,"663,679.00"
Mark Pope,2003,"751,179.00"
Marko Jaric,2003,"1,925,000.00"
Marquis Daniels,2003,"366,931.00"
Matt Barnes,2003,"500,000.00"
Matt Carroll,2003,"349,032.00"
Matt Harpring,2003,"4,290,000.00"
Matt Maloney,2003,"3,006,260.00"
Maurice Taylor,2003,"7,800,000.00"
Maurice Williams,2003,"366,931.00"
Mehmet Okur,2003,"1,100,000.00"
Melvin Ely,2003,"1,628,760.00"
Mengke Bateer,2003,"636,679.00"
Metta World Peace,2003,"5,473,684.00"
Michael Bradley,2003,"1,292,040.00"
Michael Curry,2003,"2,800,000.00"
Michael Dickerson,2003,"6,187,500.00"
Michael Doleac,2003,"1,540,000.00"
Michael Finley,2003,"13,281,250.00"
Michael Olowokandi,2003,"4,917,000.00"
Michael Redd,2003,"3,000,000.00"
Michael Ruffin,2003,"663,679.00"
Michael Stewart,2003,"4,480,000.00"
Mickael Pietrus,2003,"1,527,946.00"
Mike Bibby,2003,"9,500,000.00"
Mike Dunleavy,2003,"3,332,520.00"
Mike James,2003,"638,679.00"
Mike Miller,2003,"3,380,457.00"
Mike Sweetney,2003,"1,840,800.00"
Mike Wilks,2003,"638,679.00"
Mikki Moore,2003,"513,000.00"
Milt Palacio,2003,"688,679.00"
Mitchell Butler,2003,"876,179.00"
Monty Williams,2003,"1,000,000.00"
Moochie Norris,2003,"3,500,000.00"
Morris Peterson,2003,"1,646,079.00"
Muggsy Bogues,2003,"437,420.00"
Nate Huffman,2003,"1,760,000.00"
Nazr Mohammed,2003,"5,000,000.00"
Ndudi Ebi,2003,"838,560.00"
Nenê,2003,"2,102,840.00"
Nick Collison,2003,"1,578,240.00"
Nick Van Exel,2003,"11,956,625.00"
Nikoloz Tskitishvili,2003,"2,720,760.00"
Obinna Ekezie,2003,"688,679.00"
Olden Polynice,2003,"1,070,000.00"
Oliver Miller,2003,"686,838.00"
Othella Harrington,2003,"2,925,000.00"
Pat Garrity,2003,"2,643,750.00"
Pau Gasol,2003,"2,618,395.00"
Paul Grant,2003,"350,581.00"
Paul Pierce,2003,"11,326,219.00"
Peja Stojakovic,2003,"6,250,000.00"
Pepe Sanchez,2003,"663,679.00"
PJ Brown,2003,"8,000,000.00"
Popeye Jones,2003,"1,070,000.00"
Predrag Drobnjak,2003,"2,500,000.00"
Predrag Stojakovic,2003,"6,250,000.00"
Primoz Brezec,2003,"861,600.00"
Quentin Richardson,2003,"1,805,735.00"
Quincy Lewis,2003,"202,341.00"
Qyntel Woods,2003,"1,053,720.00"
Radoslav Nesterovic,2003,"5,600,000.00"
Raef LaFrentz,2003,"8,178,750.00"
Rafer Alston,2003,"688,679.00"
Raja Bell,2003,"688,679.00"
Rashard Lewis,2003,"7,012,987.00"
Rasheed Wallace,2003,"17,000,000.00"
Rasho Nesterovic,2003,"5,600,000.00"
Rasual Butler,2003,"563,679.00"
Raul Lopez,2003,"621,520.00"
Ray Allen,2003,"13,500,000.00"
Reece Gaines,2003,"1,353,120.00"
Reggie Evans,2003,"700,000.00"
Reggie Miller,2003,"5,000,000.00"
Richard Hamilton,2003,"6,500,000.00"
Richard Jefferson,2003,"1,586,280.00"
Richie Frahm,2003,"366,931.00"
Rick Brunson,2003,"813,679.00"
Rick Fox,2003,"4,734,797.00"
Ricky Davis,2003,"5,000,600.00"
Robert Archibald,2003,"563,679.00"
Robert Horry,2003,"4,500,000.00"
Robert Pack,2003,"965,610.00"
Robert Traylor,2003,"825,000.00"
Rod Strickland,2003,"887,317.00"
Rodney Buford,2003,"145,686.00"
Rodney Rogers,2003,"3,075,600.00"
Rodney White,2003,"1,947,600.00"
Roger Mason,2003,"563,679.00"
Ron Mercer,2003,"6,750,000.00"
Ronald Murray,2003,"563,679.00"
Ruben Boumtje-Boumtje,2003,"663,679.00"
Ruben Patterson,2003,"5,445,600.00"
Ryan Bowen,2003,"1,250,000.00"
Ryan Humphrey,2003,"1,143,360.00"
Sam Cassell,2003,"5,062,500.00"
Sam Clancy,2003,"563,679.00"
Samaki Walker,2003,"1,700,000.00"
Samuel Dalembert,2003,"887,160.00"
Scot Pollard,2003,"5,309,563.00"
Scott Padgett,2003,"688,679.00"
Scott Williams,2003,"1,070,000.00"
Scottie Pippen,2003,"4,917,000.00"
Sean Lampley,2003,"89,364.00"
Sean Marks,2003,"596,295.00"
Sean Rooks,2003,"1,070,000.00"
Shammond Williams,2003,"751,179.00"
Shandon Anderson,2003,"6,700,000.00"
Shane Battier,2003,"2,533,440.00"
Shane Heal,2003,"75,615.00"
Shaquille O'Neal,2003,"24,749,999.00"
Shareef Abdur-Rahim,2003,"13,500,000.00"
Shawn Bradley,2003,"3,500,000.00"
Shawn Kemp,2003,"14,941,935.00"
Shawn Marion,2003,"10,960,000.00"
Slavko Vranes,2003,"129,768.00"
Speedy Claxton,2003,"3,000,000.00"
Stacey Augmon,2003,"2,400,000.00"
Stanislav Medvedenko,2003,"1,540,000.00"
Stephen Jackson,2003,"1,000,000.00"
Stephon Marbury,2003,"13,500,000.00"
Steve Blake,2003,"366,931.00"
Steve Francis,2003,"10,960,000.00"
Steve Nash,2003,"5,750,000.00"
Steve Smith,2003,"1,070,000.00"
Steven Hunter,2003,"1,431,600.00"
Stromile Swift,2003,"4,592,418.00"
Tamar Slay,2003,"563,679.00"
Tariq Abdul-Wahad,2003,"6,187,500.00"
Tayshaun Prince,2003,"971,160.00"
Terrell Brandon,2003,"11,100,000.00"
Theo Ratliff,2003,"10,156,250.00"
Theron Smith,2003,"366,931.00"
Tim Duncan,2003,"12,676,125.00"
Tim Thomas,2003,"11,825,000.00"
TJ Ford,2003,"2,002,680.00"
Todd MacCulloch,2003,"5,445,600.00"
Tom Gugliotta,2003,"11,670,000.00"
Toni Kukoc,2003,"9,056,250.00"
Tony Battie,2003,"4,400,000.00"
Tony Delk,2003,"2,925,000.00"
Tony Massenburg,2003,"1,070,000.00"
Tony Parker,2003,"856,200.00"
Torraye Braggs,2003,"53,697.00"
Tracy McGrady,2003,"13,279,750.00"
Tracy Murray,2003,"143,537.00"
Travis Best,2003,"938,679.00"
Travis Hansen,2003,"366,931.00"
Travis Knight,2003,"4,402,500.00"
Travis Outlaw,2003,"941,040.00"
Tremaine Fowlkes,2003,"638,679.00"
Trenton Hassell,2003,"638,679.00"
Troy Bell,2003,"1,285,440.00"
Troy Hudson,2003,"2,100,000.00"
Troy Murphy,2003,"1,506,960.00"
Tyrone Hill,2003,"221,829.00"
Tyronn Lue,2003,"1,500,000.00"
Tyson Chandler,2003,"3,804,360.00"
Udonis Haslem,2003,"366,931.00"
Vin Baker,2003,"13,500,000.00"
Vince Carter,2003,"11,326,219.00"
Vitaly Potapenko,2003,"5,715,000.00"
Vlade Divac,2003,"12,051,510.00"
Vladimir Radmanovic,2003,"1,669,800.00"
Vladimir Stepania,2003,"751,179.00"
Voshon Lenard,2003,"1,200,000.00"
Wally Szczerbiak,2003,"8,000,000.00"
Walter McCarty,2003,"1,200,000.00"
Wang Zhizhi,2003,"2,620,943.00"
Wesley Person,2003,"7,700,000.00"
Willie Green,2003,"366,931.00"
Yao Ming,2003,"4,147,560.00"
Zach Randolph,2003,"1,172,160.00"
Zarko Cabarkapa,2003,"1,221,240.00"
Zaza Pachulia,2003,"366,931.00"
Zeljko Rebraca,2003,"4,200,000.00"
Zendon Hamilton,2003,"485,619.00"
Zoran Planinic,2003,"980,280.00"
Zydrunas Ilgauskas,2003,"13,500,000.00"
Aaron McKie,2004,"5,500,000.00"
Aaron Williams,2004,"3,790,257.00"
Adonal Foyle,2004,"6,500,000.00"
Adrian Griffin,2004,"870,046.00"
Al Harrington,2004,"6,325,000.00"
Al Jefferson,2004,"1,407,240.00"
Alan Henderson,2004,"8,273,125.00"
Aleksandar Pavlovic,2004,"1,191,000.00"
Aleksandar Radojevic,2004,"720,046.00"
Alex Garcia,2004,"620,046.00"
Allan Houston,2004,"17,531,250.00"
Allen Iverson,2004,"14,625,000.00"
Alonzo Mourning,2004,"5,408,700.00"
Alvin Williams,2004,"5,850,000.00"
Amal McCaskill,2004,"932,546.00"
Amare Stoudemire,2004,"2,032,200.00"
Anderson Varejao,2004,"788,000.00"
Andre Barrett,2004,"385,277.00"
Andre Emmett,2004,"385,277.00"
Andre Iguodala,2004,"1,914,480.00"
Andre Miller,2004,"7,366,667.00"
Andrei Kirilenko,2004,"1,671,694.00"
Andres Nocioni,2004,"2,525,000.00"
Andrew DeClercq,2004,"2,500,000.00"
Andris Biedrins,2004,"1,727,760.00"
Anfernee Hardaway,2004,"14,625,000.00"
Ansu Sesay,2004,"745,046.00"
Antawn Jamison,2004,"12,584,688.00"
Anthony Carter,2004,"807,546.00"
Anthony Goldwire,2004,"116,713.00"
Anthony Johnson,2004,"2,200,000.00"
Anthony Mason,2004,"4,710,435.00"
Anthony Miller,2004,"34,118.00"
Anthony Peeler,2004,"1,600,000.00"
Antoine Walker,2004,"14,625,000.00"
Antonio Burks,2004,"385,277.00"
Antonio Daniels,2004,"2,200,000.00"
Antonio Davis,2004,"12,925,000.00"
Antonio McDyess,2004,"4,903,000.00"
Arthur Johnson,2004,"385,277.00"
Arvydas Sabonis,2004,"3,000,000.00"
Austin Croshere,2004,"8,260,000.00"
Avery Johnson,2004,"1,100,000.00"
Awvee Storey,2004,"84,573.00"
Baron Davis,2004,"12,330,000.00"
Ben Gordon,2004,"3,358,320.00"
Ben Wallace,2004,"7,000,000.00"
Beno Udrih,2004,"841,680.00"
Bernard Robinson,2004,"385,277.00"
Bo Outlaw,2004,"7,632,904.00"
Bob Sura,2004,"3,200,000.00"
Bobby Jackson,2004,"3,150,000.00"
Bobby Simmons,2004,"825,000.00"
Bonzi Wells,2004,"7,700,000.00"
Boris Diaw,2004,"1,097,640.00"
Bostjan Nachbar,2004,"1,493,880.00"
Brad Miller,2004,"7,875,000.00"
Brandon Hunter,2004,"620,046.00"
Brendan Haywood,2004,"1,735,305.00"
Brent Barry,2004,"4,264,900.00"
Brevin Knight,2004,"932,546.00"
Brian Cardinal,2004,"4,903,000.00"
Brian Cook,2004,"971,160.00"
Brian Grant,2004,"13,233,434.00"
Brian Scalabrine,2004,"900,000.00"
Brian Skinner,2004,"4,500,000.00"
Britton Johnsen,2004,"45,369.00"
Bruce Bowen,2004,"3,000,000.00"
Bruno Sundov,2004,"870,046.00"
Bryon Russell,2004,"1,100,000.00"
Calbert Cheaney,2004,"1,600,000.00"
Calvin Booth,2004,"5,900,700.00"
Carlos Arroyo,2004,"4,000,000.00"
Carlos Boozer,2004,"10,967,500.00"
Carlos Delfino,2004,"901,920.00"
Carmelo Anthony,2004,"3,471,360.00"
Caron Butler,2004,"1,930,680.00"
Casey Jacobsen,2004,"1,082,160.00"
Cezary Trybanski,2004,"1,700,000.00"
Charlie Ward,2004,"1,700,000.00"
Chauncey Billups,2004,"5,455,200.00"
Chris Andersen,2004,"1,600,000.00"
Chris Bosh,2004,"3,129,720.00"
Chris Crawford,2004,"3,250,000.00"
Chris Duhon,2004,"385,277.00"
Chris Jefferies,2004,"899,040.00"
Chris Kaman,2004,"2,574,240.00"
Chris Mihm,2004,"3,371,393.00"
Chris Webber,2004,"17,531,250.00"
Chris Wilcox,2004,"2,210,880.00"
Christian Laettner,2004,"6,600,000.00"
Chucky Atkins,2004,"4,200,000.00"
Clarence Weatherspoon,2004,"5,899,400.00"
Clifford Robinson,2004,"5,287,500.00"
Corey Maggette,2004,"7,000,000.00"
Corliss Williamson,2004,"5,500,000.00"
Corsley Edwards,2004,"319,498.00"
Courtney Alexander,2004,"79,029.00"
Curtis Borchardt,2004,"1,280,880.00"
Cuttino Mobley,2004,"5,884,500.00"
Dahntay Jones,2004,"1,143,360.00"
Dajuan Wagner,2004,"2,643,600.00"
Dale Davis,2004,"10,068,750.00"
Damien Wilkins,2004,"385,277.00"
Damon Jones,2004,"2,503,000.00"
Damon Stoudamire,2004,"12,500,000.00"
Dan Dickau,2004,"893,400.00"
Dan Gadzuric,2004,"695,046.00"
Daniel Santiago,2004,"1,320,000.00"
Danny Fortson,2004,"5,818,136.00"
Darius Miles,2004,"6,750,000.00"
Darius Songaila,2004,"1,600,000.00"
Darko Milicic,2004,"3,865,440.00"
Darrell Armstrong,2004,"2,275,000.00"
Darvin Ham,2004,"932,546.00"
David Harrison,2004,"835,560.00"
David Wesley,2004,"4,455,000.00"
David West,2004,"1,247,160.00"
Delonte West,2004,"939,480.00"
Derek Anderson,2004,"8,443,500.00"
Derek Fisher,2004,"4,903,000.00"
DerMarr Johnson,2004,"745,046.00"
Derrick Coleman,2004,"4,500,000.00"
DeSagana Diop,2004,"2,695,164.00"
DeShawn Stevenson,2004,"2,500,000.00"
Desmond Mason,2004,"6,529,630.00"
Devean George,2004,"4,546,000.00"
Devin Brown,2004,"695,046.00"
Devin Harris,2004,"2,741,880.00"
Didier Ilunga-Mbenga,2004,"800,000.00"
Dikembe Mutombo,2004,"19,485,719.00"
Dirk Nowitzki,2004,"12,584,688.00"
Donta Smith,2004,"425,000.00"
Donyell Marshall,2004,"5,023,850.00"
Dorell Wright,2004,"1,152,240.00"
Doug Christie,2004,"7,550,000.00"
Drew Gooden,2004,"3,214,080.00"
Dwight Howard,2004,"4,179,720.00"
Dwyane Wade,2004,"2,834,160.00"
Earl Boykins,2004,"2,500,000.00"
Earl Watson,2004,"1,458,000.00"
Eddie Gill,2004,"720,046.00"
Eddie Griffin,2004,"695,046.00"
Eddie House,2004,"1,388,327.00"
Eddie Jones,2004,"13,455,000.00"
Eddie Robinson,2004,"5,055,556.00"
Eddy Curry,2004,"3,896,402.00"
Eduardo Najera,2004,"3,809,524.00"
Efthimios Rentzias,2004,"516,865.00"
Elden Campbell,2004,"4,400,000.00"
Elton Brand,2004,"12,056,000.00"
Emeka Okafor,2004,"3,739,680.00"
Eric Piatkowski,2004,"2,750,000.00"
Eric Snow,2004,"4,875,000.00"
Eric Williams,2004,"3,580,000.00"
Erick Dampier,2004,"7,700,000.00"
Erick Strickland,2004,"1,650,000.00"
Erik Daniels,2004,"385,277.00"
Ervin Johnson,2004,"4,837,633.00"
Etan Thomas,2004,"4,903,000.00"
Evan Eschmeyer,2004,"3,407,655.00"
Flip Murray,2004,"695,046.00"
Francisco Elson,2004,"620,046.00"
Frank Williams,2004,"957,480.00"
Fred Hoiberg,2004,"1,600,000.00"
Fred Jones,2004,"1,572,480.00"
Gary Payton,2004,"5,408,700.00"
Geno Carlisle,2004,"65,779.00"
George Lynch,2004,"3,000,000.00"
Gerald Wallace,2004,"1,652,453.00"
Gilbert Arenas,2004,"9,389,600.00"
Glenn Robinson,2004,"12,071,250.00"
Gordan Giricek,2004,"4,000,000.00"
Grant Hill,2004,"14,487,000.00"
Greg Buckner,2004,"2,647,824.00"
Greg Ostertag,2004,"4,000,000.00"
Hedo Turkoglu,2004,"2,704,350.00"
Hidayet Turkoglu,2004,"4,903,000.00"
Horace Jenkins,2004,"385,277.00"
Howard Eisley,2004,"6,301,923.00"
Iakovos Tsakalidis,2004,"2,900,000.00"
Ibo Kutluay,2004,"1,600,000.00"
Ira Newble,2004,"2,704,350.00"
Jabari Smith Sr,2004,"720,046.00"
Jackson Vroman,2004,"385,277.00"
Jacque Vaughn,2004,"932,546.00"
Jahidi White,2004,"6,166,466.00"
Jake Voskuhl,2004,"1,687,500.00"
Jalen Rose,2004,"14,487,000.00"
Jamaal Magloire,2004,"8,533,333.00"
Jamaal Tinsley,2004,"1,554,326.00"
Jamal Crawford,2004,"5,760,000.00"
Jamal Mashburn,2004,"9,300,000.00"
Jamal Sampson,2004,"695,046.00"
Jameer Nelson,2004,"1,106,160.00"
James Jones,2004,"620,046.00"
James Posey,2004,"5,408,700.00"
Jamison Brewer,2004,"720,046.00"
Jannero Pargo,2004,"695,046.00"
Jared Jeffries,2004,"1,834,080.00"
Jared Reiner,2004,"385,277.00"
Jarron Collins,2004,"1,700,000.00"
Jarvis Hayes,2004,"1,879,920.00"
Jason Caffey,2004,"4,148,148.00"
Jason Collier,2004,"1,500,000.00"
Jason Collins,2004,"1,887,864.00"
Jason Hart,2004,"1,400,000.00"
Jason Kapono,2004,"620,046.00"
Jason Kidd,2004,"14,796,000.00"
Jason Richardson,2004,"3,534,018.00"
Jason Terry,2004,"7,500,000.00"
Jason Williams,2004,"6,875,000.00"
Jay Williams,2004,"1,550,551.00"
Jeff Foster,2004,"4,500,000.00"
Jeff McInnis,2004,"3,600,000.00"
Jelani McCoy,2004,"167,418.00"
Jermaine O'Neal,2004,"14,796,000.00"
Jerome Beasley,2004,"620,046.00"
Jerome James,2004,"5,455,200.00"
Jerome Moiso,2004,"1,760,000.00"
Jerome Williams,2004,"6,187,500.00"
Jerry Stackhouse,2004,"7,437,500.00"
Jim Jackson,2004,"2,420,000.00"
Jiri Welsch,2004,"1,419,240.00"
Joe Johnson,2004,"2,358,954.00"
Joe Smith,2004,"5,899,400.00"
Joel Przybilla,2004,"1,500,000.00"
John Amaechi,2004,"1,200,000.00"
John Edwards,2004,"385,277.00"
John Salmons,2004,"925,680.00"
Jon Barry,2004,"1,800,000.00"
Jonathan Bender,2004,"6,525,000.00"
Josh Childress,2004,"2,490,360.00"
Josh Davis,2004,"620,046.00"
Josh Howard,2004,"863,640.00"
Josh Smith,2004,"1,270,080.00"
JR Smith,2004,"1,206,600.00"
Juan Dixon,2004,"1,348,200.00"
Jumaine Jones,2004,"1,687,500.00"
Junior Harrington,2004,"695,046.00"
Justin Reed,2004,"385,277.00"
Juwan Howard,2004,"5,408,700.00"
Kaniel Dickens,2004,"483,938.00"
Kareem Rush,2004,"1,174,200.00"
Kedrick Brown,2004,"2,332,388.00"
Keith Bogans,2004,"620,046.00"
Keith McLeod,2004,"750,000.00"
Keith Van Horn,2004,"14,487,000.00"
Kelvin Cato,2004,"7,992,000.00"
Kendall Gill,2004,"912,195.00"
Kendrick Perkins,2004,"875,400.00"
Kenny Anderson,2004,"1,100,000.00"
Kenny Thomas,2004,"6,000,000.00"
Kenyon Martin,2004,"9,454,546.00"
Kerry Kittles,2004,"9,566,667.00"
Kevin Garnett,2004,"16,000,000.00"
Kevin Martin,2004,"872,040.00"
Kevin Ollie,2004,"2,704,350.00"
Kevin Willis,2004,"1,300,000.00"
Keyon Dooling,2004,"745,046.00"
Kirk Hinrich,2004,"2,349,840.00"
Kirk Snyder,2004,"1,336,920.00"
Kobe Bryant,2004,"14,175,000.00"
Kris Humphries,2004,"1,481,400.00"
Kurt Thomas,2004,"5,884,500.00"
Kwame Brown,2004,"5,361,873.00"
Kyle Korver,2004,"620,046.00"
Lamar Odom,2004,"10,548,596.00"
Lamond Murray,2004,"4,875,000.00"
Laron Profit,2004,"745,046.00"
Larry Hughes,2004,"5,455,200.00"
Latrell Sprewell,2004,"14,625,000.00"
Leandro Barbosa,2004,"870,000.00"
LeBron James,2004,"4,320,360.00"
Lee Nailon,2004,"745,046.00"
Lindsey Hunter,2004,"1,600,000.00"
Linton Johnson,2004,"620,046.00"
Lionel Chalmers,2004,"450,000.00"
Lonny Baxter,2004,"542,475.00"
Loren Woods,2004,"755,000.00"
Lorenzen Wright,2004,"7,150,000.00"
Lucious Harris,2004,"2,500,000.00"
Luis Flores,2004,"385,277.00"
Luke Jackson,2004,"1,818,720.00"
Luke Ridnour,2004,"1,531,200.00"
Luke Walton,2004,"620,046.00"
Luol Deng,2004,"2,273,400.00"
Maciej Lampe,2004,"900,000.00"
Malik Allen,2004,"1,950,625.00"
Malik Rose,2004,"5,462,500.00"
Mamadou N'diaye,2004,"750,000.00"
Manu Ginobili,2004,"6,603,500.00"
Marc Jackson,2004,"4,225,000.00"
Marcus Banks,2004,"1,611,840.00"
Marcus Camby,2004,"8,500,000.00"
Marcus Fizer,2004,"735,960.00"
Marcus Haislip,2004,"1,976,380.00"
Mario Kasun,2004,"385,277.00"
Mark Blount,2004,"4,903,000.00"
Mark Madsen,2004,"745,046.00"
Mark Pope,2004,"870,046.00"
Marko Jaric,2004,"2,100,000.00"
Marquis Daniels,2004,"4,903,000.00"
Mateen Cleaves,2004,"735,960.00"
Matt Barnes,2004,"695,046.00"
Matt Bonner,2004,"385,277.00"
Matt Freije,2004,"380,579.00"
Matt Harpring,2004,"4,690,000.00"
Matt Maloney,2004,"3,237,500.00"
Maurice Evans,2004,"695,046.00"
Maurice Taylor,2004,"8,450,000.00"
Maurice Williams,2004,"1,600,000.00"
Mehmet Okur,2004,"7,500,000.00"
Melvin Ely,2004,"1,742,400.00"
Metta World Peace,2004,"6,157,895.00"
Michael Bradley,2004,"720,046.00"
Michael Curry,2004,"845,122.00"
Michael Doleac,2004,"2,400,000.00"
Michael Finley,2004,"14,609,375.00"
Michael Olowokandi,2004,"5,408,700.00"
Michael Redd,2004,"3,000,000.00"
Michael Ruffin,2004,"745,046.00"
Michael Stewart,2004,"4,800,000.00"
Mickael Pietrus,2004,"1,785,960.00"
Mike Bibby,2004,"10,500,000.00"
Mike Dunleavy,2004,"3,565,080.00"
Mike James,2004,"3,100,000.00"
Mike Miller,2004,"6,000,000.00"
Mike Sweetney,2004,"1,978,920.00"
Mike Wilks,2004,"1,440,092.00"
Mikki Moore,2004,"870,046.00"
Milt Palacio,2004,"807,546.00"
Moochie Norris,2004,"3,850,000.00"
Morris Peterson,2004,"4,400,000.00"
Nate Huffman,2004,"1,280,000.00"
Nazr Mohammed,2004,"5,250,000.00"
Ndudi Ebi,2004,"901,440.00"
Nenê,2004,"2,260,280.00"
Nenad Krstic,2004,"939,480.00"
Nick Collison,2004,"1,969,680.00"
Nick Van Exel,2004,"11,933,252.00"
Nikoloz Tskitishvili,2004,"2,910,600.00"
Othella Harrington,2004,"3,150,000.00"
Pape Sow,2004,"385,277.00"
Pat Garrity,2004,"2,937,500.00"
Pau Gasol,2004,"4,318,481.00"
Paul Pierce,2004,"12,584,688.00"
Pavel Podkolzin,2004,"1,061,880.00"
Peja Stojakovic,2004,"6,875,000.00"
Peter John Ramos,2004,"600,000.00"
PJ Brown,2004,"8,000,000.00"
Predrag Drobnjak,2004,"2,550,000.00"
Predrag Stojakovic,2004,"6,875,000.00"
Primoz Brezec,2004,"1,554,326.00"
Quentin Richardson,2004,"5,800,000.00"
Quinton Ross,2004,"620,046.00"
Qyntel Woods,2004,"1,127,280.00"
Radoslav Nesterovic,2004,"6,160,000.00"
Raef LaFrentz,2004,"9,714,538.00"
Rafael Araujo,2004,"2,082,720.00"
Rafer Alston,2004,"3,500,000.00"
Raja Bell,2004,"1,320,000.00"
Rashard Lewis,2004,"7,792,208.00"
Rasheed Wallace,2004,"9,720,000.00"
Rasho Nesterovic,2004,"6,160,000.00"
Rasual Butler,2004,"1,200,000.00"
Raul Lopez,2004,"997,320.00"
Ray Allen,2004,"14,625,000.00"
Reece Gaines,2004,"1,454,640.00"
Reggie Evans,2004,"880,000.00"
Reggie Miller,2004,"5,500,000.00"
Richard Hamilton,2004,"7,812,500.00"
Richard Jefferson,2004,"2,266,794.00"
Richie Frahm,2004,"695,046.00"
Rick Brunson,2004,"932,546.00"
Rick Fox,2004,"4,800,000.00"
Ricky Davis,2004,"5,455,200.00"
Robert Horry,2004,"1,100,000.00"
Robert Swift,2004,"1,641,360.00"
Robert Traylor,2004,"1,600,000.00"
Rodney Buford,2004,"745,046.00"
Rodney Rogers,2004,"2,700,000.00"
Rodney White,2004,"1,797,845.00"
Roger Mason,2004,"203,428.00"
Romain Sato,2004,"385,277.00"
Ron Mercer,2004,"1,600,000.00"
Ronald Dupree,2004,"620,046.00"
Ronald Murray,2004,"695,046.00"
Royal Ivey,2004,"425,000.00"
Ruben Patterson,2004,"5,899,400.00"
Ryan Bowen,2004,"807,046.00"
Ryan Humphrey,2004,"1,223,160.00"
Sam Cassell,2004,"6,250,000.00"
Samaki Walker,2004,"995,046.00"
Samuel Dalembert,2004,"1,599,549.00"
Sasha Vujacic,2004,"846,840.00"
Scot Pollard,2004,"5,792,250.00"
Scott Padgett,2004,"807,546.00"
Scott Williams,2004,"1,600,000.00"
Scottie Pippen,2004,"5,408,700.00"
Sean Marks,2004,"745,046.00"
Sebastian Telfair,2004,"1,559,280.00"
Shandon Anderson,2004,"8,173,699.00"
Shane Battier,2004,"3,212,402.00"
Shaquille O'Neal,2004,"27,696,430.00"
Shareef Abdur-Rahim,2004,"14,625,000.00"
Shaun Livingston,2004,"3,027,840.00"
Shawn Bradley,2004,"4,000,000.00"
Shawn Marion,2004,"12,330,000.00"
Smush Parker,2004,"695,046.00"
Speedy Claxton,2004,"3,300,000.00"
Stacey Augmon,2004,"1,100,000.00"
Stanislav Medvedenko,2004,"3,000,000.00"
Stephen Jackson,2004,"5,100,000.00"
Stephon Marbury,2004,"14,625,000.00"
Steve Blake,2004,"620,046.00"
Steve Francis,2004,"12,330,000.00"
Steve Nash,2004,"8,750,000.00"
Steve Smith,2004,"1,100,000.00"
Steven Hunter,2004,"1,720,046.00"
Stromile Swift,2004,"5,993,105.00"
Tamar Slay,2004,"695,046.00"
Tariq Abdul-Wahad,2004,"6,750,000.00"
Tayshaun Prince,2004,"1,038,960.00"
Theo Ratliff,2004,"10,937,500.00"
Theron Smith,2004,"620,046.00"
Tierre Brown,2004,"720,046.00"
Tim Duncan,2004,"14,260,641.00"
Tim Thomas,2004,"12,900,000.00"
TJ Ford,2004,"2,152,800.00"
Todd MacCulloch,2004,"5,899,400.00"
Tom Gugliotta,2004,"2,700,000.00"
Tommy Smith,2004,"620,046.00"
Toni Kukoc,2004,"3,000,000.00"
Tony Allen,2004,"901,920.00"
Tony Battie,2004,"4,800,000.00"
Tony Bobbitt,2004,"305,403.00"
Tony Delk,2004,"2,700,000.00"
Tony Massenburg,2004,"1,100,000.00"
Tony Parker,2004,"1,545,441.00"
Tracy McGrady,2004,"14,487,000.00"
Travis Best,2004,"1,000,000.00"
Travis Outlaw,2004,"1,011,600.00"
Tremaine Fowlkes,2004,"79,029.00"
Trenton Hassell,2004,"4,350,000.00"
Trevor Ariza,2004,"385,277.00"
Troy Bell,2004,"1,381,920.00"
Troy Hudson,2004,"4,903,000.00"
Troy Murphy,2004,"2,231,808.00"
Tyronn Lue,2004,"1,600,000.00"
Tyson Chandler,2004,"4,801,102.00"
Udonis Haslem,2004,"620,046.00"
Viktor Khryapa,2004,"1,019,400.00"
Vin Baker,2004,"8,833,333.00"
Vince Carter,2004,"12,584,688.00"
Vitaly Potapenko,2004,"6,191,250.00"
Vlade Divac,2004,"4,903,000.00"
Vladimir Radmanovic,2004,"2,300,984.00"
Vladimir Stepania,2004,"1,100,000.00"
Voshon Lenard,2004,"3,250,000.00"
Wally Szczerbiak,2004,"9,000,000.00"
Walter McCarty,2004,"1,337,500.00"
Wang Zhizhi,2004,"745,046.00"
Wesley Person,2004,"1,600,000.00"
Willie Green,2004,"620,046.00"
Yao Ming,2004,"4,436,880.00"
Yuta Tabuse,2004,"108,066.00"
Zach Randolph,2004,"1,504,272.00"
Zarko Cabarkapa,2004,"1,312,800.00"
Zaza Pachulia,2004,"620,046.00"
Zeljko Rebraca,2004,"2,500,000.00"
Zendon Hamilton,2004,"807,546.00"
Zoran Planinic,2004,"1,053,720.00"
Zydrunas Ilgauskas,2004,"14,625,000.00"
Aaron McKie,2005,"8,500,000.00"
Aaron Miles,2005,"155,614.00"
Aaron Williams,2005,"3,375,000.00"
Adonal Foyle,2005,"7,312,500.00"
Adrian Griffin,2005,"768,718.00"
Al Harrington,2005,"6,957,500.00"
Al Jefferson,2005,"1,512,840.00"
Alan Anderson,2005,"398,762.00"
Alan Henderson,2005,"1,138,500.00"
Aleksandar Pavlovic,2005,"1,274,160.00"
Alex Acker,2005,"398,762.00"
Alex Scales,2005,"24,315.00"
Allan Houston,2005,"19,125,000.00"
Allen Iverson,2005,"16,453,125.00"
Alonzo Mourning,2005,"5,138,500.00"
Alvin Williams,2005,"6,300,000.00"
Amare Stoudemire,2005,"2,589,023.00"
Amir Johnson,2005,"398,762.00"
Anderson Varejao,2005,"866,800.00"
Andray Blatche,2005,"398,762.00"
Andre Emmett,2005,"641,748.00"
Andre Iguodala,2005,"2,058,000.00"
Andre Miller,2005,"8,100,000.00"
Andre Owens,2005,"398,762.00"
Andrei Kirilenko,2005,"10,983,000.00"
Andres Nocioni,2005,"2,775,000.00"
Andrew Bogut,2005,"4,340,520.00"
Andrew Bynum,2005,"1,888,680.00"
Andris Biedrins,2005,"1,857,360.00"
Anfernee Hardaway,2005,"15,750,000.00"
Antawn Jamison,2005,"13,843,156.00"
Anthony Carter,2005,"900,498.00"
Anthony Goldwire,2005,"74,652.00"
Anthony Johnson,2005,"2,420,000.00"
Anthony Roberson,2005,"398,762.00"
Antoine Walker,2005,"6,880,000.00"
Antoine Wright,2005,"1,461,360.00"
Antonio Burks,2005,"641,748.00"
Antonio Daniels,2005,"5,000,000.00"
Antonio Davis,2005,"13,925,000.00"
Antonio McDyess,2005,"5,393,300.00"
Arvydas Macijauskas,2005,"2,500,000.00"
Austin Croshere,2005,"7,900,000.00"
Awvee Storey,2005,"641,748.00"
Baron Davis,2005,"13,700,000.00"
Ben Gordon,2005,"3,610,200.00"
Ben Handlogten,2005,"35,091.00"
Ben Wallace,2005,"7,500,000.00"
Beno Udrih,2005,"904,800.00"
Bernard Robinson,2005,"641,748.00"
Bo Outlaw,2005,"1,138,500.00"
Bob Sura,2005,"3,520,000.00"
Bobby Jackson,2005,"3,375,000.00"
Bobby Simmons,2005,"8,000,000.00"
Boniface N'Dong,2005,"398,762.00"
Bonzi Wells,2005,"8,000,000.00"
Boris Diaw,2005,"1,174,200.00"
Bostjan Nachbar,2005,"2,500,000.00"
Bracey Wright,2005,"398,762.00"
Brad Miller,2005,"8,750,000.00"
Brandon Bass,2005,"398,762.00"
Brendan Haywood,2005,"4,000,000.00"
Brent Barry,2005,"4,691,390.00"
Brevin Knight,2005,"4,600,000.00"
Brian Cardinal,2005,"5,393,300.00"
Brian Cook,2005,"1,038,960.00"
Brian Grant,2005,"16,006,220.00"
Brian Scalabrine,2005,"2,586,207.00"
Brian Skinner,2005,"4,950,000.00"
Bruce Bowen,2005,"3,375,000.00"
Bryon Russell,2005,"1,138,500.00"
Calbert Cheaney,2005,"1,760,000.00"
Calvin Booth,2005,"7,255,098.00"
Carlos Arroyo,2005,"4,000,000.00"
Carlos Boozer,2005,"11,593,816.00"
Carlos Delfino,2005,"969,696.00"
Carmelo Anthony,2005,"3,713,640.00"
Caron Butler,2005,"2,461,617.00"
Channing Frye,2005,"2,162,880.00"
Charles Smith,2005,"771,123.00"
Charlie Bell,2005,"641,748.00"
Charlie Villanueva,2005,"2,360,880.00"
Charlie Ward,2005,"1,870,000.00"
Chauncey Billups,2005,"5,909,800.00"
Chris Andersen,2005,"3,500,000.00"
Chris Bosh,2005,"3,348,000.00"
Chris Duhon,2005,"2,800,000.00"
Chris Kaman,2005,"2,753,760.00"
Chris Mihm,2005,"3,792,817.00"
Chris Paul,2005,"3,144,240.00"
Chris Taft,2005,"423,762.00"
Chris Webber,2005,"19,125,000.00"
Chris Wilcox,2005,"2,812,239.00"
Chucky Atkins,2005,"4,500,000.00"
CJ Miles,2005,"398,762.00"
Clarence Weatherspoon,2005,"6,353,200.00"
Clifford Robinson,2005,"2,500,000.00"
Corey Maggette,2005,"7,000,000.00"
Corliss Williamson,2005,"6,000,000.00"
Curtis Borchardt,2005,"1,969,993.00"
Cuttino Mobley,2005,"7,200,000.00"
Dahntay Jones,2005,"1,223,160.00"
Dale Davis,2005,"3,500,000.00"
Damien Wilkins,2005,"2,500,000.00"
Damon Jones,2005,"3,590,000.00"
Damon Stoudamire,2005,"3,750,000.00"
Dan Dickau,2005,"2,250,000.00"
Dan Gadzuric,2005,"4,750,000.00"
Daniel Ewing,2005,"450,000.00"
Danny Fortson,2005,"6,207,670.00"
Danny Granger,2005,"1,318,920.00"
Darius Miles,2005,"7,250,000.00"
Darius Songaila,2005,"2,200,000.00"
Darko Milicic,2005,"4,135,200.00"
Darrell Armstrong,2005,"1,138,500.00"
Darrick Martin,2005,"946,646.00"
David Harrison,2005,"898,200.00"
David Lee,2005,"861,360.00"
David Wesley,2005,"5,070,000.00"
David West,2005,"1,334,160.00"
Delonte West,2005,"1,010,040.00"
Deng Gai,2005,"92,396.00"
Derek Anderson,2005,"10,763,000.00"
Derek Fisher,2005,"5,393,300.00"
DerMarr Johnson,2005,"835,810.00"
Deron Williams,2005,"3,487,400.00"
Derrick Coleman,2005,"2,000,000.00"
DeSagana Diop,2005,"1,850,000.00"
DeShawn Stevenson,2005,"2,750,000.00"
Desmond Mason,2005,"7,333,333.00"
Devean George,2005,"5,000,600.00"
Devin Brown,2005,"2,500,000.00"
Devin Green,2005,"398,762.00"
Devin Harris,2005,"2,947,440.00"
Didier Ilunga-Mbenga,2005,"880,000.00"
Dijon Thompson,2005,"398,762.00"
Dikembe Mutombo,2005,"2,000,000.00"
Dion Glover,2005,"163,085.00"
Dirk Nowitzki,2005,"13,843,156.00"
DJ Mbenga,2005,"880,000.00"
Donell Taylor,2005,"398,762.00"
Donta Smith,2005,"641,748.00"
Donyell Marshall,2005,"4,799,108.00"
Dorell Wright,2005,"1,238,640.00"
Doug Christie,2005,"9,775,000.00"
Drew Gooden,2005,"4,065,811.00"
Dwayne Jones,2005,"398,762.00"
Dwight Howard,2005,"4,493,160.00"
Dwyane Wade,2005,"3,031,920.00"
Earl Barron,2005,"398,762.00"
Earl Boykins,2005,"2,750,000.00"
Earl Watson,2005,"5,000,000.00"
Eddie Basden,2005,"398,762.00"
Eddie Gill,2005,"819,551.00"
Eddie Griffin,2005,"2,500,000.00"
Eddie House,2005,"835,810.00"
Eddie Jones,2005,"14,576,250.00"
Eddie Robinson,2005,"5,444,444.00"
Eddy Curry,2005,"7,390,000.00"
Eduardo Najera,2005,"4,190,476.00"
Elton Brand,2005,"13,152,000.00"
Emeka Okafor,2005,"4,020,120.00"
Eric Piatkowski,2005,"3,000,000.00"
Eric Snow,2005,"5,484,375.00"
Eric Williams,2005,"3,938,000.00"
Erick Dampier,2005,"8,662,500.00"
Ersan Ilyasova,2005,"398,762.00"
Ervin Johnson,2005,"1,138,500.00"
Esteban Batista,2005,"398,762.00"
Etan Thomas,2005,"5,393,300.00"
Evan Eschmeyer,2005,"3,711,400.00"
Fabricio Oberto,2005,"2,325,000.00"
Francisco Elson,2005,"719,373.00"
Francisco Garcia,2005,"1,016,400.00"
Fred Hoiberg,2005,"1,760,000.00"
Fred Jones,2005,"2,328,843.00"
Gary Payton,2005,"1,138,500.00"
George Lynch,2005,"3,200,000.00"
Gerald Fitch,2005,"359,858.00"
Gerald Green,2005,"1,253,040.00"
Gerald Wallace,2005,"5,000,000.00"
Gilbert Arenas,2005,"10,243,200.00"
Gordan Giricek,2005,"4,000,000.00"
Grant Hill,2005,"15,694,250.00"
Greg Buckner,2005,"3,595,926.00"
Greg Ostertag,2005,"4,400,000.00"
Ha Seung-Jin,2005,"641,748.00"
Hakim Warrick,2005,"1,196,520.00"
Hedo Turkoglu,2005,"2,950,200.00"
Hidayet Turkoglu,2005,"5,393,300.00"
Howard Eisley,2005,"5,926,984.00"
Iakovos Tsakalidis,2005,"2,900,000.00"
Ibo Kutluay,2005,"1,760,000.00"
Ike Diogu,2005,"1,988,160.00"
Ira Newble,2005,"2,950,200.00"
Jackie Butler,2005,"398,762.00"
Jackson Vroman,2005,"682,051.00"
Jacque Vaughn,2005,"1,094,550.00"
Jake Voskuhl,2005,"1,937,500.00"
Jalen Rose,2005,"15,694,250.00"
Jamaal Magloire,2005,"8,533,333.00"
Jamaal Tinsley,2005,"5,400,000.00"
Jamal Crawford,2005,"6,480,000.00"
Jamal Mashburn,2005,"10,075,000.00"
Jamal Sampson,2005,"719,373.00"
Jameer Nelson,2005,"1,189,200.00"
James Jones,2005,"2,400,000.00"
James Posey,2005,"5,900,400.00"
James Singleton,2005,"625,000.00"
James Thomas,2005,"148,698.00"
Jannero Pargo,2005,"895,248.00"
Jared Jeffries,2005,"2,433,824.00"
Jared Reiner,2005,"242,612.00"
Jarrett Jack,2005,"1,058,640.00"
Jarron Collins,2005,"1,700,000.00"
Jarvis Hayes,2005,"2,011,080.00"
Jason Collier,2005,"1,650,000.00"
Jason Collins,2005,"5,500,000.00"
Jason Hart,2005,"1,540,000.00"
Jason Kapono,2005,"1,100,000.00"
Jason Kidd,2005,"16,440,000.00"
Jason Maxiell,2005,"905,640.00"
Jason Richardson,2005,"8,888,888.00"
Jason Terry,2005,"6,666,667.00"
Jason Williams,2005,"7,562,500.00"
Jeff Foster,2005,"5,000,000.00"
Jeff McInnis,2005,"3,400,000.00"
Jermaine Jackson,2005,"1,355,067.00"
Jermaine O'Neal,2005,"16,440,000.00"
Jerome James,2005,"5,000,000.00"
Jerome Williams,2005,"6,620,063.00"
Jerry Stackhouse,2005,"8,367,187.00"
Jim Jackson,2005,"2,640,000.00"
Jiri Welsch,2005,"2,177,114.00"
Joe Johnson,2005,"12,000,000.00"
Joe Smith,2005,"6,353,200.00"
Joel Przybilla,2005,"1,560,000.00"
Joey Graham,2005,"1,388,400.00"
Johan Petro,2005,"936,600.00"
John Edwards,2005,"1,000,000.00"
John Lucas,2005,"34,041.00"
John Salmons,2005,"1,669,001.00"
John Thomas,2005,"282,118.00"
Jon Barry,2005,"1,800,000.00"
Jonathan Bender,2005,"7,175,000.00"
Jose Calderon,2005,"2,190,000.00"
Josh Childress,2005,"2,677,200.00"
Josh Davis,2005,"193,003.00"
Josh Howard,2005,"923,880.00"
Josh Powell,2005,"398,762.00"
Josh Smith,2005,"1,365,360.00"
JR Smith,2005,"1,297,080.00"
Juan Dixon,2005,"2,500,000.00"
Julius Hodge,2005,"1,148,760.00"
Jumaine Jones,2005,"1,875,000.00"
Justin Reed,2005,"641,748.00"
Juwan Howard,2005,"5,900,400.00"
Kaniel Dickens,2005,"31,305.00"
Kareem Rush,2005,"3,000,000.00"
Keith Bogans,2005,"869,373.00"
Keith McLeod,2005,"1,250,000.00"
Keith Van Horn,2005,"15,694,250.00"
Kelvin Cato,2005,"8,640,000.00"
Kendrick Perkins,2005,"936,480.00"
Kenny Thomas,2005,"6,500,000.00"
Kenyon Martin,2005,"10,636,364.00"
Kevin Burleson,2005,"398,762.00"
Kevin Garnett,2005,"18,000,000.00"
Kevin Martin,2005,"937,440.00"
Kevin Ollie,2005,"2,950,200.00"
Keyon Dooling,2005,"3,100,000.00"
Kirk Hinrich,2005,"2,513,880.00"
Kirk Snyder,2005,"1,437,240.00"
Kobe Bryant,2005,"15,946,875.00"
Kris Humphries,2005,"1,592,400.00"
Kurt Thomas,2005,"6,620,062.00"
Kwame Brown,2005,"7,500,000.00"
Kyle Korver,2005,"3,630,363.00"
Lamar Odom,2005,"11,465,333.00"
Lamond Murray,2005,"6,388,500.00"
Laron Profit,2005,"745,248.00"
Larry Hughes,2005,"10,344,900.00"
Lawrence Roberts,2005,"398,762.00"
Leandro Barbosa,2005,"930,600.00"
LeBron James,2005,"4,621,800.00"
Lee Nailon,2005,"835,810.00"
Linas Kleiza,2005,"879,360.00"
Lindsey Hunter,2005,"1,760,000.00"
Linton Johnson,2005,"719,373.00"
Lionel Chalmers,2005,"682,050.00"
Lonny Baxter,2005,"745,248.00"
Loren Woods,2005,"780,000.00"
Lorenzen Wright,2005,"7,700,000.00"
Louis Williams,2005,"450,000.00"
Luke Jackson,2005,"1,955,160.00"
Luke Ridnour,2005,"1,638,000.00"
Luke Walton,2005,"1,250,000.00"
Luol Deng,2005,"2,443,920.00"
Luther Head,2005,"975,600.00"
Maciej Lampe,2005,"900,000.00"
Malik Allen,2005,"1,670,000.00"
Malik Rose,2005,"6,008,750.00"
Manu Ginobili,2005,"7,428,937.00"
Marc Jackson,2005,"4,550,000.00"
Marcus Banks,2005,"1,724,280.00"
Marcus Camby,2005,"9,150,000.00"
Mario Kasun,2005,"682,050.00"
Mark Blount,2005,"5,515,875.00"
Mark Madsen,2005,"2,000,000.00"
Marko Jaric,2005,"5,000,000.00"
Marquis Daniels,2005,"5,393,300.00"
Martell Webster,2005,"2,586,120.00"
Martynas Andriuskevicius,2005,"398,762.00"
Marvin Williams,2005,"3,883,560.00"
Mateen Cleaves,2005,"305,784.00"
Matt Barnes,2005,"683,862.00"
Matt Bonner,2005,"2,000,000.00"
Matt Carroll,2005,"1,100,000.00"
Matt Harpring,2005,"5,020,000.00"
Matt Walsh,2005,"38,904.00"
Maurice Evans,2005,"1,500,000.00"
Maurice Taylor,2005,"9,100,000.00"
Maurice Williams,2005,"1,760,000.00"
Mehmet Okur,2005,"8,250,000.00"
Melvin Ely,2005,"2,401,027.00"
Melvin Sanders,2005,"24,315.00"
Metta World Peace,2005,"6,842,105.00"
Michael Bradley,2005,"819,550.00"
Michael Doleac,2005,"2,640,000.00"
Michael Finley,2005,"18,612,500.00"
Michael Olowokandi,2005,"5,900,400.00"
Michael Redd,2005,"12,000,000.00"
Michael Ruffin,2005,"1,670,000.00"
Mickael Pietrus,2005,"1,910,520.00"
Mike Bibby,2005,"11,500,000.00"
Mike Dunleavy,2005,"4,506,261.00"
Mike James,2005,"3,410,000.00"
Mike Miller,2005,"6,750,000.00"
Mike Sweetney,2005,"2,116,920.00"
Mike Wilks,2005,"745,248.00"
Mikki Moore,2005,"1,020,000.00"
Milt Palacio,2005,"1,400,000.00"
Monta Ellis,2005,"448,762.00"
Moochie Norris,2005,"4,200,000.00"
Morris Peterson,2005,"4,550,000.00"
Nate Robinson,2005,"1,102,680.00"
Nazr Mohammed,2005,"5,500,000.00"
Ndudi Ebi,2005,"964,320.00"
Nenê,2005,"3,039,889.00"
Nenad Krstic,2005,"1,010,040.00"
Nick Collison,2005,"1,815,000.00"
Nick Van Exel,2005,"1,138,500.00"
Nikoloz Tskitishvili,2005,"745,248.00"
Orien Greene,2005,"398,762.00"
Othella Harrington,2005,"3,500,000.00"
Pape Sow,2005,"641,748.00"
Pat Burke,2005,"750,000.00"
Pat Garrity,2005,"3,231,250.00"
Pau Gasol,2005,"10,993,000.00"
Paul Pierce,2005,"13,843,156.00"
Pavel Podkolzin,2005,"1,141,560.00"
Peter John Ramos,2005,"660,000.00"
PJ Brown,2005,"8,000,000.00"
Predrag Stojakovic,2005,"7,500,000.00"
Primoz Brezec,2005,"2,750,000.00"
Quentin Richardson,2005,"6,940,000.00"
Quinton Ross,2005,"700,000.00"
Qyntel Woods,2005,"599,834.00"
Radoslav Nesterovic,2005,"6,720,000.00"
Raef LaFrentz,2005,"10,623,288.00"
Rafael Araujo,2005,"2,238,960.00"
Rafer Alston,2005,"3,850,000.00"
Raja Bell,2005,"4,250,000.00"
Randy Holcomb,2005,"52,033.00"
Rashad McCants,2005,"1,538,400.00"
Rashard Lewis,2005,"8,571,429.00"
Rasheed Wallace,2005,"10,860,000.00"
Rasho Nesterovic,2005,"6,720,000.00"
Rasual Butler,2005,"1,300,000.00"
Raul Lopez,2005,"1,744,313.00"
Rawle Marshall,2005,"398,762.00"
Ray Allen,2005,"13,223,140.00"
Raymond Felton,2005,"2,847,360.00"
Reece Gaines,2005,"1,556,160.00"
Reggie Evans,2005,"1,100,000.00"
Reggie Miller,2005,"6,000,000.00"
Richard Hamilton,2005,"8,625,000.00"
Richard Jefferson,2005,"10,200,000.00"
Richie Frahm,2005,"719,373.00"
Rick Brunson,2005,"1,029,873.00"
Ricky Davis,2005,"5,909,800.00"
Robert Horry,2005,"3,000,000.00"
Robert Swift,2005,"1,764,480.00"
Robert Whaley,2005,"398,762.00"
Romain Sato,2005,"682,051.00"
Ron Mercer,2005,"1,760,000.00"
Ronald Dupree,2005,"719,373.00"
Ronald Murray,2005,"895,248.00"
Ronnie Price,2005,"398,762.00"
Royal Ivey,2005,"641,748.00"
Ruben Patterson,2005,"6,353,200.00"
Ryan Bowen,2005,"900,498.00"
Ryan Gomes,2005,"428,762.00"
Salim Stoudamire,2005,"675,000.00"
Sam Cassell,2005,"6,875,000.00"
Samaki Walker,2005,"364,223.00"
Samuel Dalembert,2005,"8,470,000.00"
Sarunas Jasikevicius,2005,"4,000,000.00"
Sasha Vujacic,2005,"910,440.00"
Scot Pollard,2005,"6,274,937.00"
Scott Padgett,2005,"1,670,000.00"
Sean Banks,2005,"150,751.00"
Sean Marks,2005,"835,810.00"
Sean May,2005,"1,619,280.00"
Sebastian Telfair,2005,"1,676,280.00"
Sergey Monya,2005,"1,016,400.00"
Shandon Anderson,2005,"8,935,000.00"
Shane Battier,2005,"4,903,000.00"
Shaquille O'Neal,2005,"20,000,000.00"
Shareef Abdur-Rahim,2005,"5,000,000.00"
Sharrod Ford,2005,"116,711.00"
Shaun Livingston,2005,"3,254,880.00"
Shavlik Randolph,2005,"398,762.00"
Shawn Bradley,2005,"4,500,000.00"
Shawn Marion,2005,"13,700,000.00"
Smush Parker,2005,"745,248.00"
Speedy Claxton,2005,"3,600,000.00"
Stacey Augmon,2005,"1,138,500.00"
Stanislav Medvedenko,2005,"3,000,000.00"
Stephen Graham,2005,"48,630.00"
Stephen Jackson,2005,"5,610,000.00"
Stephon Marbury,2005,"16,453,125.00"
Steve Blake,2005,"1,000,000.00"
Steve Francis,2005,"13,700,000.00"
Steve Nash,2005,"9,625,000.00"
Steven Hunter,2005,"2,800,000.00"
Stromile Swift,2005,"5,000,000.00"
Tariq Abdul-Wahad,2005,"3,656,250.00"
Tayshaun Prince,2005,"1,763,115.00"
Terence Morris,2005,"835,810.00"
Theo Ratliff,2005,"11,666,666.00"
Tim Duncan,2005,"15,845,156.00"
Tim Thomas,2005,"13,975,000.00"
TJ Ford,2005,"2,303,040.00"
Todd MacCulloch,2005,"6,353,200.00"
Toni Kukoc,2005,"2,000,000.00"
Tony Allen,2005,"969,696.00"
Tony Battie,2005,"5,200,000.00"
Tony Delk,2005,"3,375,000.00"
Tony Parker,2005,"8,400,000.00"
Tracy McGrady,2005,"15,694,250.00"
Travis Diener,2005,"398,762.00"
Travis Outlaw,2005,"1,082,160.00"
Trenton Hassell,2005,"4,350,000.00"
Trevor Ariza,2005,"682,051.00"
Troy Bell,2005,"1,478,280.00"
Troy Hudson,2005,"5,253,000.00"
Troy Murphy,2005,"7,365,079.00"
Tyronn Lue,2005,"3,500,000.00"
Tyson Chandler,2005,"9,000,000.00"
Udonis Haslem,2005,"5,000,000.00"
Viktor Khryapa,2005,"1,095,960.00"
Vin Baker,2005,"9,183,333.00"
Vince Carter,2005,"13,843,156.00"
Vitaly Potapenko,2005,"3,320,000.00"
Vlade Divac,2005,"2,000,000.00"
Vladimir Radmanovic,2005,"3,166,155.00"
Von Wafer,2005,"398,762.00"
Voshon Lenard,2005,"3,520,000.00"
Wally Szczerbiak,2005,"10,000,000.00"
Walter McCarty,2005,"1,035,000.00"
Wayne Simien,2005,"867,720.00"
Wesley Person,2005,"1,760,000.00"
Yao Ming,2005,"5,594,906.00"
Yaroslav Korolev,2005,"1,704,480.00"
Zach Randolph,2005,"10,666,667.00"
Zarko Cabarkapa,2005,"1,404,360.00"
Zaza Pachulia,2005,"4,000,000.00"
Zeljko Rebraca,2005,"3,000,000.00"
Zendon Hamilton,2005,"329,138.00"
Zoran Planinic,2005,"1,127,280.00"
Zydrunas Ilgauskas,2005,"8,740,000.00"
Aaron McKie,2006,"8,070,874.00"
Aaron Williams,2006,"1,750,000.00"
Adam Morrison,2006,"3,616,680.00"
Adonal Foyle,2006,"8,125,000.00"
Adrian Griffin,2006,"1,475,000.00"
Al Harrington,2006,"7,625,000.00"
Al Jefferson,2006,"1,618,320.00"
Alan Anderson,2006,"102,131.00"
Alan Henderson,2006,"1,178,348.00"
Aleksandar Pavlovic,2006,"1,962,206.00"
Alex Acker,2006,"839,209.00"
Alexander Johnson,2006,"412,718.00"
Allan Ray,2006,"412,718.00"
Allen Iverson,2006,"17,184,375.00"
Alonzo Mourning,2006,"6,725,433.00"
Alvin Williams,2006,"4,587,508.00"
Amare Stoudemire,2006,"12,455,000.00"
Amar'e Stoudemire,2006,"12,455,000.00"
Amir Johnson,2006,"664,209.00"
Anderson Varejao,2006,"945,600.00"
Andray Blatche,2006,"664,209.00"
Andre Barrett,2006,"744,551.00"
Andre Brown,2006,"241,591.00"
Andre Iguodala,2006,"2,201,640.00"
Andre Miller,2006,"8,733,333.00"
Andre Owens,2006,"676,800.00"
Andrea Bargnani,2006,"4,501,200.00"
Andreas Glyniadakis,2006,"161,061.00"
Andrei Kirilenko,2006,"12,364,000.00"
Andres Nocioni,2006,"3,950,000.00"
Andrew Bogut,2006,"4,665,960.00"
Andrew Bynum,2006,"2,030,280.00"
Andris Biedrins,2006,"1,986,960.00"
Antawn Jamison,2006,"15,101,625.00"
Anthony Johnson,2006,"2,640,000.00"
Anthony Parker,2006,"4,150,000.00"
Anthony Roberson,2006,"267,111.00"
Antoine Walker,2006,"7,606,820.00"
Antoine Wright,2006,"1,570,920.00"
Antonio Daniels,2006,"5,400,000.00"
Antonio McDyess,2006,"5,883,600.00"
Arvydas Macijauskas,2006,"500,000.00"
Austin Croshere,2006,"7,300,000.00"
Baron Davis,2006,"15,070,000.00"
Ben Gordon,2006,"3,862,080.00"
Ben Wallace,2006,"16,000,000.00"
Beno Udrih,2006,"967,920.00"
Bernard Robinson,2006,"1,000,000.00"
Bo Outlaw,2006,"1,178,348.00"
Bob Sura,2006,"3,840,000.00"
Bobby Jackson,2006,"5,259,000.00"
Bobby Jones,2006,"412,718.00"
Bobby Simmons,2006,"8,640,000.00"
Boniface N'Dong,2006,"839,209.00"
Bonzi Wells,2006,"2,115,000.00"
Boris Diaw,2006,"1,870,501.00"
Bostjan Nachbar,2006,"2,500,000.00"
Bracey Wright,2006,"664,209.00"
Brad Miller,2006,"9,625,000.00"
Brandon Bass,2006,"664,209.00"
Brandon Roy,2006,"2,681,880.00"
Brendan Haywood,2006,"4,500,000.00"
Brent Barry,2006,"5,117,880.00"
Brevin Knight,2006,"4,400,000.00"
Brian Cardinal,2006,"5,400,000.00"
Brian Chase,2006,"412,718.00"
Brian Cook,2006,"1,817,141.00"
Brian Grant,2006,"16,786,950.00"
Brian Scalabrine,2006,"2,793,103.00"
Brian Skinner,2006,"5,400,000.00"
Bruce Bowen,2006,"3,750,000.00"
Calvin Booth,2006,"7,628,858.00"
Carlos Arroyo,2006,"4,100,000.00"
Carlos Boozer,2006,"11,260,483.00"
Carlos Delfino,2006,"1,037,280.00"
Carmelo Anthony,2006,"4,694,041.00"
Caron Butler,2006,"7,438,000.00"
Casey Jacobsen,2006,"31,250.00"
Cedric Bozeman,2006,"412,718.00"
Cedric Simmons,2006,"1,515,480.00"
Channing Frye,2006,"2,325,000.00"
Charlie Bell,2006,"744,551.00"
Charlie Villanueva,2006,"2,537,880.00"
Chauncey Billups,2006,"6,364,400.00"
Chris Bosh,2006,"4,235,220.00"
Chris Duhon,2006,"3,024,000.00"
Chris Kaman,2006,"3,491,768.00"
Chris McCray,2006,"161,061.00"
Chris Mihm,2006,"4,214,241.00"
Chris Paul,2006,"3,380,160.00"
Chris Quinn,2006,"412,718.00"
Chris Taft,2006,"664,209.00"
Chris Webber,2006,"18,261,024.00"
Chris Wilcox,2006,"6,250,000.00"
Chuck Hayes,2006,"664,209.00"
Chucky Atkins,2006,"3,000,000.00"
CJ Miles,2006,"664,209.00"
Clifford Robinson,2006,"1,600,000.00"
Corey Maggette,2006,"7,000,000.00"
Corliss Williamson,2006,"6,500,000.00"
Craig Smith,2006,"412,718.00"
Cuttino Mobley,2006,"8,125,000.00"
Dahntay Jones,2006,"1,886,113.00"
Dajuan Wagner,2006,"771,331.00"
Dale Davis,2006,"3,500,000.00"
Damien Wilkins,2006,"2,700,000.00"
Damir Markota,2006,"412,718.00"
Damon Jones,2006,"3,884,678.00"
Damon Stoudamire,2006,"4,050,000.00"
Dan Dickau,2006,"2,753,218.00"
Dan Gadzuric,2006,"5,252,065.00"
Daniel Ewing,2006,"664,209.00"
Daniel Gibson,2006,"412,718.00"
Daniel Horton,2006,"75,000.00"
Danny Fortson,2006,"6,596,990.00"
Danny Granger,2006,"1,417,800.00"
Darius Miles,2006,"7,750,000.00"
Darius Songaila,2006,"3,650,000.00"
Darko Milicic,2006,"5,218,622.00"
Darrell Armstrong,2006,"1,178,348.00"
Darrick Martin,2006,"1,178,348.00"
David Harrison,2006,"960,840.00"
David Lee,2006,"926,040.00"
David Noel,2006,"412,718.00"
David Wesley,2006,"1,750,000.00"
David West,2006,"2,051,938.00"
Dee Brown,2006,"412,718.00"
Delonte West,2006,"1,080,480.00"
Derek Anderson,2006,"11,043,897.00"
Derek Fisher,2006,"5,883,600.00"
DerMarr Johnson,2006,"865,063.00"
Deron Williams,2006,"3,749,040.00"
DeSagana Diop,2006,"1,998,000.00"
DeShawn Stevenson,2006,"932,015.00"
Desmon Farmer,2006,"275,404.00"
Desmond Mason,2006,"8,037,037.00"
Devean George,2006,"1,974,259.00"
Devin Brown,2006,"1,064,518.00"
Devin Harris,2006,"3,153,120.00"
Didier Ilunga-Mbenga,2006,"1,628,959.00"
Dijon Thompson,2006,"89,101.00"
Dikembe Mutombo,2006,"2,210,000.00"
Dirk Nowitzki,2006,"15,101,625.00"
Donell Taylor,2006,"664,209.00"
Donyell Marshall,2006,"5,633,037.00"
Dorell Wright,2006,"1,325,160.00"
Doug Christie,2006,"158,071.00"
Drew Gooden,2006,"6,645,402.00"
Dwayne Jones,2006,"664,209.00"
Dwight Howard,2006,"4,806,720.00"
Dwyane Wade,2006,"3,841,443.00"
Earl Barron,2006,"744,551.00"
Earl Boykins,2006,"2,950,000.00"
Earl Watson,2006,"5,400,000.00"
Eddie Griffin,2006,"2,700,000.00"
Eddie House,2006,"1,400,000.00"
Eddie Jones,2006,"15,395,472.00"
Eddy Curry,2006,"8,171,103.00"
Eduardo Najera,2006,"4,571,428.00"
Elton Brand,2006,"14,248,000.00"
Emeka Okafor,2006,"4,300,560.00"
Eric Piatkowski,2006,"1,178,348.00"
Eric Snow,2006,"6,093,750.00"
Eric Williams,2006,"4,296,000.00"
Erick Dampier,2006,"9,628,000.00"
Ersan Ilyasova,2006,"664,209.00"
Esteban Batista,2006,"664,209.00"
Etan Thomas,2006,"5,883,600.00"
Fabricio Oberto,2006,"2,500,000.00"
Flip Murray,2006,"1,750,000.00"
Francisco Elson,2006,"3,000,000.00"
Francisco Garcia,2006,"1,092,600.00"
Fred Jones,2006,"3,100,000.00"
Gary Payton,2006,"1,178,348.00"
Gerald Green,2006,"1,347,000.00"
Gerald Wallace,2006,"5,525,000.00"
Gilbert Arenas,2006,"11,096,800.00"
Gordan Giricek,2006,"4,000,000.00"
Grant Hill,2006,"16,901,500.00"
Greg Buckner,2006,"5,182,074.00"
Ha Seung-Jin,2006,"744,551.00"
Hakim Warrick,2006,"1,286,280.00"
Hassan Adams,2006,"412,718.00"
Hedo Turkoglu,2006,"3,196,050.00"
Hidayet Turkoglu,2006,"5,883,600.00"
Hilton Armstrong,2006,"1,767,600.00"
Howard Eisley,2006,"162,660.00"
Iakovos Tsakalidis,2006,"2,900,000.00"
Ike Diogu,2006,"2,137,200.00"
Ime Udoka,2006,"744,551.00"
Ira Newble,2006,"3,196,050.00"
Ivan McFarlin,2006,"412,718.00"
Jackie Butler,2006,"2,200,000.00"
Jacque Vaughn,2006,"1,071,225.00"
Jake Voskuhl,2006,"2,000,000.00"
Jalen Rose,2006,"16,141,500.00"
Jamaal Magloire,2006,"8,433,334.00"
Jamaal Tinsley,2006,"5,850,000.00"
Jamal Crawford,2006,"7,200,000.00"
Jamal Sampson,2006,"771,331.00"
Jameer Nelson,2006,"1,272,120.00"
James Augustine,2006,"412,718.00"
James Jones,2006,"2,650,000.00"
James Lang,2006,"771,331.00"
James Posey,2006,"6,392,100.00"
James Singleton,2006,"675,000.00"
James White,2006,"818,153.00"
Jannero Pargo,2006,"1,000,000.00"
Jared Jeffries,2006,"5,215,000.00"
Jared Reiner,2006,"396,905.00"
Jarrett Jack,2006,"1,137,960.00"
Jarron Collins,2006,"2,625,698.00"
Jarvis Hayes,2006,"2,564,127.00"
Jason Collins,2006,"5,800,000.00"
Jason Hart,2006,"1,922,640.00"
Jason Kapono,2006,"1,188,000.00"
Jason Kidd,2006,"18,084,000.00"
Jason Maxiell,2006,"973,440.00"
Jason Richardson,2006,"9,999,999.00"
Jason Terry,2006,"8,100,000.00"
Jason Williams,2006,"8,250,000.00"
Jeff Foster,2006,"5,500,000.00"
Jeff McInnis,2006,"3,600,000.00"
Jefferson Sobral,2006,"75,000.00"
Jeremy Richardson,2006,"176,161.00"
Jermaine O'Neal,2006,"18,084,000.00"
Jerome James,2006,"5,400,000.00"
Jerome Williams,2006,"7,014,400.00"
Jerry Stackhouse,2006,"9,296,874.00"
Jimmie Hunter,2006,"100,000.00"
JJ Redick,2006,"1,860,720.00"
Joe Johnson,2006,"12,744,189.00"
Joe Smith,2006,"6,807,000.00"
Joel Przybilla,2006,"5,215,000.00"
Joey Graham,2006,"1,492,440.00"
Johan Petro,2006,"1,006,800.00"
John Edwards,2006,"1,080,000.00"
John Lucas,2006,"700,000.00"
John Lucas III,2006,"700,000.00"
John Salmons,2006,"4,400,000.00"
Jordan Farmar,2006,"939,120.00"
Jorge Garbajosa,2006,"3,750,000.00"
Jose Calderon,2006,"2,333,334.00"
Jose Juan Barea,2006,"412,718.00"
Josh Boone,2006,"1,053,960.00"
Josh Childress,2006,"2,863,920.00"
Josh Howard,2006,"1,667,603.00"
Josh Powell,2006,"744,551.00"
Josh Smith,2006,"1,460,640.00"
JR Smith,2006,"1,387,560.00"
Juan Dixon,2006,"2,550,000.00"
Juaquin Hawkins,2006,"215,928.00"
Julius Hodge,2006,"1,234,800.00"
Jumaine Jones,2006,"998,967.00"
Junior Harrington,2006,"390,556.00"
Justin Reed,2006,"1,300,000.00"
Justin Williams,2006,"261,724.00"
Juwan Howard,2006,"6,392,100.00"
Keith Bogans,2006,"2,510,000.00"
Keith McLeod,2006,"1,350,000.00"
Kelenna Azubuike,2006,"301,657.00"
Kelvin Cato,2006,"1,071,225.00"
Kendrick Perkins,2006,"1,689,409.00"
Kenny Thomas,2006,"7,187,500.00"
Kenyon Martin,2006,"12,068,182.00"
Kevin Burleson,2006,"70,000.00"
Kevin Garnett,2006,"21,000,000.00"
Kevin Martin,2006,"1,002,840.00"
Kevin Ollie,2006,"3,196,050.00"
Kevin Pittsnogle,2006,"50,000.00"
Keyon Dooling,2006,"3,348,000.00"
Kirk Hinrich,2006,"3,192,628.00"
Kirk Snyder,2006,"1,537,440.00"
Kobe Bryant,2006,"17,718,750.00"
Kris Humphries,2006,"1,703,520.00"
Kurt Thomas,2006,"7,821,482.00"
Kwame Brown,2006,"8,287,500.00"
Kyle Korver,2006,"4,018,182.00"
Kyle Lowry,2006,"1,011,720.00"
Lamar Odom,2006,"12,348,596.00"
LaMarcus Aldridge,2006,"4,027,320.00"
Larry Hughes,2006,"13,363,012.00"
Lawrence Roberts,2006,"664,209.00"
Leandro Barbosa,2006,"1,679,733.00"
LeBron James,2006,"5,828,090.00"
Leon Powe,2006,"432,000.00"
Linas Kleiza,2006,"945,360.00"
Lindsey Hunter,2006,"2,250,000.00"
Linton Johnson,2006,"771,331.00"
Loren Woods,2006,"300,000.00"
Lorenzen Wright,2006,"3,250,000.00"
Louis Williams,2006,"664,209.00"
Luke Jackson,2006,"2,131,981.00"
Luke Ridnour,2006,"2,425,878.00"
Luke Schenscher,2006,"55,000.00"
Luke Walton,2006,"1,375,000.00"
Luol Deng,2006,"2,614,440.00"
Luther Head,2006,"1,048,800.00"
Lynn Greer,2006,"664,209.00"
Maceo Baston,2006,"744,551.00"
Malik Allen,2006,"1,803,600.00"
Malik Rose,2006,"7,525,397.00"
Manu Ginobili,2006,"8,254,375.00"
Marc Jackson,2006,"4,875,000.00"
Marcus Banks,2006,"3,672,414.00"
Marcus Camby,2006,"8,800,000.00"
Marcus Vinicius,2006,"412,718.00"
Marcus Williams,2006,"1,097,880.00"
Mardy Collins,2006,"899,880.00"
Mario Kasun,2006,"919,551.00"
Mark Blount,2006,"7,288,165.00"
Mark Madsen,2006,"2,210,000.00"
Marko Jaric,2006,"5,525,000.00"
Marquis Daniels,2006,"5,883,600.00"
Martell Webster,2006,"2,780,160.00"
Martynas Andriuskevicius,2006,"664,209.00"
Marvin Williams,2006,"4,174,800.00"
Matt Barnes,2006,"771,331.00"
Matt Bonner,2006,"2,000,000.00"
Matt Carroll,2006,"1,188,000.00"
Matt Freije,2006,"145,961.00"
Matt Harpring,2006,"6,500,000.00"
Maurice Ager,2006,"906,480.00"
Maurice Evans,2006,"1,620,000.00"
Maurice Taylor,2006,"8,565,918.00"
Maurice Williams,2006,"1,920,000.00"
Mehmet Okur,2006,"8,250,000.00"
Melvin Ely,2006,"3,303,813.00"
Metta World Peace,2006,"7,526,316.00"
Michael Doleac,2006,"2,880,000.00"
Michael Finley,2006,"19,030,999.00"
Michael Olowokandi,2006,"1,103,225.00"
Michael Redd,2006,"13,260,000.00"
Michael Ruffin,2006,"1,803,600.00"
Mickael Gelabale,2006,"802,000.00"
Mickael Pietrus,2006,"2,535,260.00"
Mike Bibby,2006,"12,500,000.00"
Mike Dunleavy,2006,"7,438,016.00"
Mike Gansey,2006,"150,000.00"
Mike Hall,2006,"135,895.00"
Mike James,2006,"5,215,000.00"
Mike Miller,2006,"7,623,813.00"
Mike Sweetney,2006,"2,696,956.00"
Mike Wilks,2006,"798,112.00"
Mikki Moore,2006,"1,071,225.00"
Mile Ilic,2006,"800,000.00"
Mo Williams,2006,"1,920,000.00"
Monta Ellis,2006,"664,209.00"
Morris Peterson,2006,"4,550,000.00"
Nate Robinson,2006,"1,185,480.00"
Nazr Mohammed,2006,"5,215,000.00"
Ndudi Ebi,2006,"90,000.00"
Nenê,2006,"8,000,000.00"
Nenad Krstic,2006,"1,080,480.00"
Nene Hilario,2006,"8,000,000.00"
Nick Collison,2006,"2,501,070.00"
Orien Greene,2006,"664,209.00"
Othella Harrington,2006,"2,200,000.00"
Pape Sow,2006,"744,551.00"
Pat Burke,2006,"810,000.00"
Pat Carroll,2006,"110,000.00"
Pat Garrity,2006,"3,525,000.00"
Patrick O'Bryant,2006,"2,061,720.00"
Pau Gasol,2006,"12,364,000.00"
Paul Davis,2006,"412,718.00"
Paul Miller,2006,"100,000.00"
Paul Millsap,2006,"625,000.00"
Paul Pierce,2006,"15,101,625.00"
Pavel Podkolzin,2006,"600,000.00"
Peter John Ramos,2006,"384,776.00"
PJ Brown,2006,"8,560,000.00"
PJ Tucker,2006,"412,718.00"
Pops Mensah-Bonsu,2006,"412,718.00"
Predrag Stojakovic,2006,"10,800,000.00"
Primoz Brezec,2006,"2,750,000.00"
Quentin Richardson,2006,"7,525,500.00"
Quincy Douby,2006,"1,240,920.00"
Quinton Ross,2006,"771,331.00"
Radoslav Nesterovic,2006,"7,280,000.00"
Raef LaFrentz,2006,"11,532,037.00"
Rafael Araujo,2006,"2,395,200.00"
Rafer Alston,2006,"4,200,000.00"
Raja Bell,2006,"4,500,000.00"
Rajon Rondo,2006,"1,143,600.00"
Randy Foye,2006,"2,448,240.00"
Rashad McCants,2006,"1,653,720.00"
Rashard Lewis,2006,"9,350,649.00"
Rasheed Wallace,2006,"11,650,000.00"
Rasho Nesterovic,2006,"7,280,000.00"
Rasual Butler,2006,"3,000,000.00"
Rawle Marshall,2006,"664,209.00"
Ray Allen,2006,"14,611,570.00"
Raymond Felton,2006,"3,060,840.00"
Reggie Evans,2006,"4,000,000.00"
Renaldo Balkman,2006,"1,191,240.00"
Renaldo Major,2006,"20,133.00"
Richard Hamilton,2006,"9,187,500.00"
Richard Jefferson,2006,"11,200,000.00"
Ricky Davis,2006,"6,364,400.00"
Robert Hite,2006,"412,718.00"
Robert Horry,2006,"3,315,000.00"
Robert Swift,2006,"1,887,600.00"
Robert Whaley,2006,"83,026.00"
Rodney Carney,2006,"1,439,760.00"
Roger Mason,2006,"744,551.00"
Roger Mason Jr.,2006,"744,551.00"
Roger Powell,2006,"412,718.00"
Ronald Dupree,2006,"771,331.00"
Ronald Murray,2006,"1,750,000.00"
Ronnie Brewer,2006,"1,595,400.00"
Ronnie Price,2006,"664,209.00"
Ronny Turiaf,2006,"664,209.00"
Royal Ivey,2006,"744,551.00"
Ruben Patterson,2006,"6,807,000.00"
Rudy Gay,2006,"2,242,290.00"
Ryan Bowen,2006,"998,967.00"
Ryan Gomes,2006,"664,209.00"
Ryan Hollins,2006,"412,718.00"
Saer Sene,2006,"1,958,640.00"
Salim Stoudamire,2006,"729,000.00"
Sam Cassell,2006,"6,850,000.00"
Samuel Dalembert,2006,"9,464,307.00"
Sarunas Jasikevicius,2006,"4,000,000.00"
Sasha Vujacic,2006,"973,920.00"
Scot Pollard,2006,"2,200,000.00"
Scott Padgett,2006,"1,495,317.00"
Sean Marks,2006,"932,015.00"
Sean May,2006,"1,740,720.00"
Sebastian Telfair,2006,"1,793,160.00"
Sergey Monya,2006,"100,000.00"
Sergio Rodriguez,2006,"912,000.00"
Shammond Williams,2006,"1,750,000.00"
Shandon Anderson,2006,"7,244,726.00"
Shane Battier,2006,"5,393,300.00"
Shannon Brown,2006,"971,280.00"
Shaquille O'Neal,2006,"20,000,000.00"
Shareef Abdur-Rahim,2006,"5,400,000.00"
Shaun Livingston,2006,"3,481,920.00"
Shavlik Randolph,2006,"1,000,000.00"
Shawn Bradley,2006,"4,800,000.00"
Shawn Marion,2006,"15,070,000.00"
Shawne Williams,2006,"1,367,760.00"
Shelden Williams,2006,"2,952,840.00"
Smush Parker,2006,"798,112.00"
Solomon Jones,2006,"675,000.00"
Speedy Claxton,2006,"6,854,546.00"
Stanislav Medvedenko,2006,"625,132.00"
Stephen Graham,2006,"259,204.00"
Stephen Jackson,2006,"6,120,000.00"
Stephon Marbury,2006,"17,184,375.00"
Steve Blake,2006,"1,330,000.00"
Steve Francis,2006,"15,070,000.00"
Steve Nash,2006,"10,500,000.00"
Steve Novak,2006,"600,000.00"
Steven Hunter,2006,"3,024,000.00"
Steven Smith,2006,"161,061.00"
Stromile Swift,2006,"5,400,000.00"
T.J. Ford,2006,"2,929,467.00"
Tarence Kinsey,2006,"412,718.00"
Tariq Abdul-Wahad,2006,"1,968,750.00"
Tayshaun Prince,2006,"7,851,240.00"
Thabo Sefolosha,2006,"1,679,280.00"
Theo Ratliff,2006,"11,666,666.00"
Tim Duncan,2006,"17,429,672.00"
Tim Thomas,2006,"5,215,000.00"
TJ Ford,2006,"2,929,467.00"
Tony Allen,2006,"1,037,280.00"
Tony Battie,2006,"5,746,000.00"
Tony Parker,2006,"9,450,000.00"
Tracy McGrady,2006,"16,901,500.00"
Travis Diener,2006,"664,209.00"
Travis Outlaw,2006,"1,836,426.00"
Trenton Hassell,2006,"4,350,000.00"
Trevor Ariza,2006,"3,100,000.00"
Troy Hudson,2006,"5,603,000.00"
Troy Murphy,2006,"8,285,714.00"
Tyronn Lue,2006,"3,500,000.00"
Tyrus Thomas,2006,"3,260,760.00"
Tyson Chandler,2006,"9,150,000.00"
Udonis Haslem,2006,"5,525,000.00"
Uros Slokar,2006,"412,718.00"
Vassilis Spanoulis,2006,"1,800,000.00"
Viktor Khryapa,2006,"1,172,400.00"
Vin Baker,2006,"5,329,555.00"
Vince Carter,2006,"15,101,625.00"
Vincent Grier,2006,"70,000.00"
Vitaly Potapenko,2006,"3,674,584.00"
Vladimir Radmanovic,2006,"5,215,000.00"
Von Wafer,2006,"24,300.00"
Wally Szczerbiak,2006,"11,775,000.00"
Walter Herrmann,2006,"1,800,000.00"
Wayne Simien,2006,"932,760.00"
Will Blalock,2006,"412,718.00"
Will Conroy,2006,"35,378.00"
Willie Green,2006,"2,800,000.00"
Yakhouba Diawara,2006,"412,718.00"
Yao Ming,2006,"12,455,000.00"
Yaroslav Korolev,2006,"1,832,280.00"
Zach Randolph,2006,"12,000,000.00"
Zarko Cabarkapa,2006,"2,157,097.00"
Zaza Pachulia,2006,"4,000,000.00"
Zeljko Rebraca,2006,"3,240,000.00"
Zoran Planinic,2006,"150,000.00"
Zydrunas Ilgauskas,2006,"9,442,697.00"
Aaron Brooks,2007,"972,720.00"
Aaron Gray,2007,"427,163.00"
Aaron McKie,2007,"7,750,000.00"
Aaron Williams,2007,"1,890,000.00"
Acie Law,2007,"1,927,080.00"
Adam Haluska,2007,"427,163.00"
Adam Morrison,2007,"3,887,880.00"
Adonal Foyle,2007,"10,157,090.00"
Adrian Griffin,2007,"1,593,000.00"
Al Harrington,2007,"8,425,625.00"
Al Horford,2007,"3,745,800.00"
Al Jefferson,2007,"2,480,885.00"
Al Thornton,2007,"1,652,280.00"
Alando Tucker,2007,"931,920.00"
Aleksandar Pavlovic,2007,"4,250,000.00"
Alexander Johnson,2007,"687,456.00"
Allen Iverson,2007,"19,012,500.00"
Alonzo Mourning,2007,"2,762,500.00"
Alvin Williams,2007,"4,516,484.00"
Amare Stoudemire,2007,"13,762,775.00"
Amar'e Stoudemire,2007,"13,762,775.00"
Amir Johnson,2007,"3,666,666.00"
Anderson Varejao,2007,"5,356,000.00"
Andray Blatche,2007,"2,470,000.00"
Andre Brown,2007,"711,517.00"
Andre Iguodala,2007,"2,804,889.00"
Andre Miller,2007,"9,366,666.00"
Andre Owens,2007,"687,456.00"
Andrea Bargnani,2007,"4,838,880.00"
Andrei Kirilenko,2007,"13,735,000.00"
Andres Nocioni,2007,"8,500,000.00"
Andrew Bogut,2007,"4,991,520.00"
Andrew Bynum,2007,"2,172,000.00"
Andris Biedrins,2007,"2,636,696.00"
Anfernee Hardaway,2007,"320,142.00"
Antawn Jamison,2007,"16,360,094.00"
Anthony Carter,2007,"1,103,225.00"
Anthony Johnson,2007,"2,860,000.00"
Anthony Parker,2007,"4,350,000.00"
Antoine Walker,2007,"8,329,640.00"
Antoine Wright,2007,"1,680,600.00"
Antonio Daniels,2007,"5,800,000.00"
Antonio McDyess,2007,"6,373,900.00"
Arron Afflalo,2007,"944,520.00"
Arvydas Macijauskas,2007,"500,000.00"
Austin Croshere,2007,"1,219,590.00"
Awvee Storey,2007,"711,517.00"
Baron Davis,2007,"16,440,000.00"
Ben Gordon,2007,"4,881,669.00"
Ben Wallace,2007,"15,500,000.00"
Beno Udrih,2007,"2,535,445.00"
Bernard Robinson,2007,"1,080,000.00"
Billy Thomas,2007,"775,426.00"
Bo Outlaw,2007,"160,071.00"
Bob Sura,2007,"3,840,000.00"
Bobby Jackson,2007,"5,670,000.00"
Bobby Jones,2007,"773,388.00"
Bobby Simmons,2007,"9,280,000.00"
Bonzi Wells,2007,"2,284,200.00"
Boris Diaw,2007,"9,000,000.00"
Bostjan Nachbar,2007,"2,500,000.00"
Brad Miller,2007,"10,500,000.00"
Brandan Wright,2007,"2,323,080.00"
Brandon Bass,2007,"770,610.00"
Brandon Roy,2007,"2,883,120.00"
Brandon Wallace,2007,"130,819.00"
Brendan Haywood,2007,"5,000,000.00"
Brent Barry,2007,"5,544,370.00"
Brevin Knight,2007,"1,600,000.00"
Brian Cardinal,2007,"5,850,000.00"
Brian Cook,2007,"3,500,000.00"
Brian Scalabrine,2007,"3,000,000.00"
Brian Skinner,2007,"1,108,718.00"
Bruce Bowen,2007,"4,125,000.00"
C.J. Watson,2007,"125,479.00"
Calvin Booth,2007,"1,103,225.00"
Carl Landry,2007,"427,163.00"
Carlos Arroyo,2007,"4,100,000.00"
Carlos Boozer,2007,"11,260,483.00"
Carlos Delfino,2007,"1,868,141.00"
Carmelo Anthony,2007,"13,041,250.00"
Caron Butler,2007,"8,218,990.00"
Casey Jacobsen,2007,"826,269.00"
Cedric Simmons,2007,"1,629,120.00"
Channing Frye,2007,"2,487,240.00"
Charlie Bell,2007,"3,100,000.00"
Charlie Villanueva,2007,"2,715,000.00"
Chauncey Billups,2007,"10,000,000.00"
Cheikh Samb,2007,"427,163.00"
Chris Bosh,2007,"12,455,000.00"
Chris Duhon,2007,"3,248,000.00"
Chris Kaman,2007,"8,600,000.00"
Chris Mihm,2007,"2,500,000.00"
Chris Paul,2007,"3,615,960.00"
Chris Quinn,2007,"687,456.00"
Chris Richard,2007,"427,163.00"
Chris Webber,2007,"19,602,173.00"
Chris Wilcox,2007,"6,500,000.00"
Chuck Hayes,2007,"1,750,000.00"
Chucky Atkins,2007,"3,000,000.00"
CJ Miles,2007,"770,610.00"
CJ Watson,2007,"125,479.00"
Clifford Robinson,2007,"500,000.00"
Coby Karl,2007,"427,163.00"
Corey Brewer,2007,"2,535,720.00"
Corey Maggette,2007,"7,000,000.00"
Courtney Sims,2007,"112,130.00"
Craig Smith,2007,"687,456.00"
Cuttino Mobley,2007,"8,350,000.00"
D.J. Strawberry,2007,"427,163.00"
Daequan Cook,2007,"1,184,400.00"
Dahntay Jones,2007,"753,767.00"
Damien Wilkins,2007,"2,900,000.00"
Damon Jones,2007,"4,172,432.00"
Damon Stoudamire,2007,"4,906,438.00"
Dan Dickau,2007,"3,916,706.00"
Dan Gadzuric,2007,"5,751,130.00"
Daniel Gibson,2007,"687,456.00"
Danny Granger,2007,"1,516,800.00"
Darius Miles,2007,"8,250,000.00"
Darius Songaila,2007,"3,942,000.00"
Darius Washington,2007,"154,847.00"
Darko Milicic,2007,"6,500,000.00"
Darrell Armstrong,2007,"1,219,590.00"
Darrick Martin,2007,"1,219,590.00"
Darryl Watkins,2007,"109,461.00"
David Harrison,2007,"1,734,316.00"
David Lee,2007,"990,600.00"
David Noel,2007,"687,456.00"
David Wesley,2007,"250,000.00"
David West,2007,"10,650,000.00"
Delonte West,2007,"1,889,760.00"
Demetris Nichols,2007,"427,163.00"
Derek Anderson,2007,"1,219,590.00"
Derek Fisher,2007,"10,723,900.00"
DerMarr Johnson,2007,"42,203.00"
Deron Williams,2007,"4,010,640.00"
DeSagana Diop,2007,"2,146,000.00"
DeShawn Stevenson,2007,"1,033,930.00"
Desmond Mason,2007,"5,000,000.00"
Devean George,2007,"2,369,111.00"
Devin Brown,2007,"1,200,000.00"
Devin Harris,2007,"3,995,003.00"
Didier Ilunga-Mbenga,2007,"2,483,569.00"
Dikembe Mutombo,2007,"1,219,590.00"
Dirk Nowitzki,2007,"16,360,094.00"
Dominic McGuire,2007,"427,163.00"
Donyell Marshall,2007,"6,016,965.00"
Dorell Wright,2007,"2,040,746.00"
Drew Gooden,2007,"6,453,416.00"
Dwayne Jones,2007,"770,610.00"
Dwight Howard,2007,"6,061,274.00"
Dwyane Wade,2007,"13,041,250.00"
Earl Barron,2007,"973,328.00"
Earl Boykins,2007,"533,572.00"
Earl Watson,2007,"5,800,000.00"
Eddie Gill,2007,"151,089.00"
Eddie Griffin,2007,"2,900,000.00"
Eddie House,2007,"1,500,000.00"
Eddie Jones,2007,"1,830,000.00"
Eddy Curry,2007,"8,947,543.00"
Eduardo Najera,2007,"4,952,380.00"
Elton Brand,2007,"15,344,000.00"
Emeka Okafor,2007,"5,427,307.00"
Eric Piatkowski,2007,"1,219,590.00"
Eric Snow,2007,"6,703,125.00"
Erick Dampier,2007,"10,590,500.00"
Etan Thomas,2007,"6,373,900.00"
Fabricio Oberto,2007,"3,600,000.00"
Francisco Elson,2007,"3,000,000.00"
Francisco Garcia,2007,"1,168,800.00"
Fred Jones,2007,"3,300,000.00"
Gabe Pruitt,2007,"650,000.00"
Gerald Green,2007,"1,440,960.00"
Gerald Wallace,2007,"9,500,000.00"
Gilbert Arenas,2007,"11,950,400.00"
Glen Davis,2007,"427,163.00"
Gordan Giricek,2007,"4,000,000.00"
Grant Hill,2007,"1,830,000.00"
Greg Buckner,2007,"5,830,000.00"
Greg Oden,2007,"4,662,000.00"
Guillermo Diaz,2007,"56,065.00"
Hakim Warrick,2007,"1,376,040.00"
Hedo Turkoglu,2007,"3,441,900.00"
Herbert Hill,2007,"427,163.00"
Hidayet Turkoglu,2007,"6,373,900.00"
Hilton Armstrong,2007,"1,900,200.00"
Ian Mahinmi,2007,"938,760.00"
Ike Diogu,2007,"2,286,360.00"
Ime Udoka,2007,"1,000,000.00"
Ira Newble,2007,"3,441,900.00"
J.J. Barea,2007,"687,456.00"
Jackie Butler,2007,"2,350,000.00"
Jacque Vaughn,2007,"1,219,950.00"
Jake Voskuhl,2007,"3,000,000.00"
Jamaal Magloire,2007,"4,000,000.00"
Jamaal Tinsley,2007,"6,300,000.00"
Jamal Crawford,2007,"7,920,000.00"
Jamario Moon,2007,"427,163.00"
Jameer Nelson,2007,"1,961,609.00"
James Augustine,2007,"687,456.00"
James Jones,2007,"2,900,000.00"
James Posey,2007,"3,206,000.00"
JamesOn Curry,2007,"427,163.00"
Jannero Pargo,2007,"1,830,000.00"
Jared Dudley,2007,"1,137,000.00"
Jared Jeffries,2007,"5,632,200.00"
Jarrett Jack,2007,"1,217,400.00"
Jarron Collins,2007,"2,350,000.00"
Jarvis Hayes,2007,"1,200,000.00"
Jason Collins,2007,"6,100,000.00"
Jason Hart,2007,"2,300,000.00"
Jason Kapono,2007,"5,356,000.00"
Jason Kidd,2007,"19,728,000.00"
Jason Maxiell,2007,"1,041,360.00"
Jason Richardson,2007,"11,111,110.00"
Jason Smith,2007,"1,233,840.00"
Jason Terry,2007,"8,898,000.00"
Jason Williams,2007,"8,937,500.00"
Javaris Crittenton,2007,"1,285,200.00"
Jeff Foster,2007,"5,500,000.00"
Jeff Green,2007,"3,058,200.00"
Jeff McInnis,2007,"1,219,590.00"
Jelani McCoy,2007,"151,089.00"
Jeremy Richardson,2007,"850,726.00"
Jermaine O'Neal,2007,"19,728,000.00"
Jermareo Davidson,2007,"427,163.00"
Jerome James,2007,"5,800,000.00"
Jerome Williams,2007,"7,639,400.00"
Jerry Stackhouse,2007,"6,750,000.00"
JJ Redick,2007,"2,000,160.00"
Joakim Noah,2007,"2,135,400.00"
Joe Johnson,2007,"13,488,377.00"
Joe Smith,2007,"5,200,000.00"
Joel Anthony,2007,"427,163.00"
Joel Przybilla,2007,"5,762,575.00"
Joey Graham,2007,"1,596,600.00"
Johan Petro,2007,"1,077,120.00"
John Salmons,2007,"4,752,000.00"
Jordan Farmar,2007,"1,009,560.00"
Jorge Garbajosa,2007,"4,000,000.00"
Jose Calderon,2007,"2,471,604.00"
Jose Juan Barea,2007,"687,456.00"
Josh Boone,2007,"1,133,040.00"
Josh Childress,2007,"3,631,449.00"
Josh Howard,2007,"9,000,000.00"
Josh McRoberts,2007,"427,163.00"
Josh Powell,2007,"800,000.00"
Josh Smith,2007,"2,243,543.00"
JR Smith,2007,"2,134,067.00"
Juan Carlos Navarro,2007,"538,090.00"
Juan Dixon,2007,"2,550,000.00"
Juaquin Hawkins,2007,"687,456.00"
Julian Wright,2007,"1,739,160.00"
Justin Reed,2007,"1,436,500.00"
Justin Williams,2007,"862,456.00"
Juwan Howard,2007,"8,094,997.00"
Kaniel Dickens,2007,"264,897.00"
Kareem Rush,2007,"854,957.00"
Keith Bogans,2007,"2,440,000.00"
Keith Langford,2007,"272,316.00"
Keith Van Horn,2007,"4,300,000.00"
Kelenna Azubuike,2007,"687,456.00"
Kendrick Perkins,2007,"4,480,912.00"
Kenny Thomas,2007,"7,875,000.00"
Kenyon Martin,2007,"13,250,000.00"
Kevin Durant,2007,"4,171,200.00"
Kevin Garnett,2007,"23,750,000.00"
Kevin Martin,2007,"1,808,121.00"
Kevin Ollie,2007,"3,441,900.00"
Keyon Dooling,2007,"3,596,000.00"
Kirk Hinrich,2007,"11,250,000.00"
Kirk Snyder,2007,"2,358,433.00"
Kobe Bryant,2007,"19,490,625.00"
Kosta Perovic,2007,"1,800,000.00"
Kris Humphries,2007,"2,522,913.00"
Kurt Thomas,2007,"8,091,188.00"
Kwame Brown,2007,"9,075,000.00"
Kyle Korver,2007,"4,400,000.00"
Kyle Lowry,2007,"1,087,680.00"
Kyrylo Fesenko,2007,"750,000.00"
Lamar Odom,2007,"13,248,596.00"
LaMarcus Aldridge,2007,"4,329,360.00"
Larry Hughes,2007,"12,000,084.00"
Leandro Barbosa,2007,"5,600,000.00"
LeBron James,2007,"13,041,250.00"
Leon Powe,2007,"687,456.00"
Linas Kleiza,2007,"1,011,360.00"
Lindsey Hunter,2007,"2,250,000.00"
Linton Johnson,2007,"283,953.00"
Lorenzen Wright,2007,"3,250,000.00"
Louis Williams,2007,"770,610.00"
Luis Scola,2007,"2,910,000.00"
Luke Jackson,2007,"279,415.00"
Luke Ridnour,2007,"6,500,000.00"
Luke Walton,2007,"4,000,000.00"
Luol Deng,2007,"3,320,339.00"
Luther Head,2007,"1,122,000.00"
Maceo Baston,2007,"1,830,000.00"
Malik Allen,2007,"998,398.00"
Malik Rose,2007,"7,101,250.00"
Manu Ginobili,2007,"9,079,811.00"
Marcin Gortat,2007,"427,163.00"
Marco Belinelli,2007,"1,345,800.00"
Marcus Banks,2007,"3,966,207.00"
Marcus Camby,2007,"11,250,000.00"
Marcus Vinicius,2007,"687,456.00"
Marcus Williams,2007,"1,193,090.00"
Mardy Collins,2007,"967,320.00"
Mario West,2007,"427,163.00"
Mark Blount,2007,"7,901,040.00"
Mark Madsen,2007,"2,420,000.00"
Marko Jaric,2007,"6,050,000.00"
Marquis Daniels,2007,"6,373,900.00"
Martell Webster,2007,"2,974,080.00"
Marvin Williams,2007,"4,466,040.00"
Matt Barnes,2007,"3,000,000.00"
Matt Bonner,2007,"2,678,000.00"
Matt Carroll,2007,"5,450,000.00"
Matt Harpring,2007,"6,000,000.00"
Maurice Ager,2007,"974,400.00"
Maurice Evans,2007,"1,740,000.00"
Maurice Williams,2007,"7,750,000.00"
Mehmet Okur,2007,"8,500,000.00"
Melvin Ely,2007,"895,341.00"
Metta World Peace,2007,"7,400,000.00"
Michael Doleac,2007,"3,120,000.00"
Michael Finley,2007,"21,696,750.00"
Michael Redd,2007,"14,520,000.00"
Michael Ruffin,2007,"1,033,930.00"
Mickael Gelabale,2007,"802,000.00"
Mickael Pietrus,2007,"3,470,770.00"
Mike Bibby,2007,"13,500,000.00"
Mike Conley,2007,"3,377,160.00"
Mike Dunleavy,2007,"8,219,008.00"
Mike James,2007,"5,632,200.00"
Mike Miller,2007,"8,376,194.00"
Mike Wilks,2007,"229,432.00"
Mikki Moore,2007,"5,356,000.00"
Mile Ilic,2007,"864,000.00"
Mo Williams,2007,"7,750,000.00"
Monta Ellis,2007,"770,610.00"
Morris Almond,2007,"1,005,960.00"
Morris Peterson,2007,"5,356,000.00"
Nate Robinson,2007,"1,268,160.00"
Nazr Mohammed,2007,"5,632,200.00"
Nenê,2007,"8,840,000.00"
Nenad Krstic,2007,"1,889,760.00"
Nick Collison,2007,"5,750,000.00"
Nick Fazekas,2007,"427,163.00"
Nick Young,2007,"1,491,240.00"
Oleksiy Pecherov,2007,"1,345,800.00"
Orien Greene,2007,"77,061.00"
Othella Harrington,2007,"2,376,000.00"
Pat Garrity,2007,"3,818,750.00"
Patrick O'Bryant,2007,"2,216,400.00"
Pau Gasol,2007,"13,735,000.00"
Paul Davis,2007,"687,456.00"
Paul Millsap,2007,"687,456.00"
Paul Pierce,2007,"16,360,094.00"
Peja Stojakovic,2007,"11,664,000.00"
Predrag Stojakovic,2007,"11,664,000.00"
Primoz Brezec,2007,"2,750,000.00"
Quentin Richardson,2007,"8,105,500.00"
Quincy Douby,2007,"1,333,920.00"
Quinton Ross,2007,"826,046.00"
Radoslav Nesterovic,2007,"7,840,000.00"
Raef LaFrentz,2007,"12,440,787.00"
Rafer Alston,2007,"4,550,000.00"
Raja Bell,2007,"4,750,000.00"
Rajon Rondo,2007,"1,229,280.00"
Ramon Sessions,2007,"427,163.00"
Randolph Morris,2007,"810,000.00"
Randy Foye,2007,"2,631,840.00"
Rashad McCants,2007,"1,769,160.00"
Rashard Lewis,2007,"14,880,000.00"
Rasheed Wallace,2007,"12,540,000.00"
Rasho Nesterovic,2007,"7,840,000.00"
Rasual Butler,2007,"3,315,000.00"
Ray Allen,2007,"16,000,000.00"
Raymond Felton,2007,"3,274,440.00"
Reggie Evans,2007,"4,320,000.00"
Renaldo Balkman,2007,"1,280,640.00"
Richard Hamilton,2007,"10,000,000.00"
Richard Jefferson,2007,"12,200,000.00"
Richie Frahm,2007,"623,694.00"
Ricky Davis,2007,"6,819,000.00"
Robert Horry,2007,"3,630,000.00"
Robert Swift,2007,"2,601,113.00"
Rodney Carney,2007,"1,547,760.00"
Rodney Stuckey,2007,"1,569,600.00"
Roger Mason,2007,"798,328.00"
Roger Mason Jr.,2007,"798,328.00"
Ronald Dupree,2007,"826,046.00"
Ronald Murray,2007,"1,890,000.00"
Ronnie Brewer,2007,"1,715,040.00"
Ronnie Price,2007,"1,100,000.00"
Ronny Turiaf,2007,"770,610.00"
Royal Ivey,2007,"826,046.00"
Ruben Patterson,2007,"304,897.00"
Rudy Gay,2007,"2,411,160.00"
Ryan Bowen,2007,"1,033,930.00"
Ryan Gomes,2007,"770,610.00"
Ryan Hollins,2007,"687,456.00"
Saer Sene,2007,"2,105,520.00"
Salim Stoudamire,2007,"783,000.00"
Sam Cassell,2007,"6,150,000.00"
Samuel Dalembert,2007,"10,250,000.00"
Sasha Pavlovic,2007,"4,250,000.00"
Sasha Vujacic,2007,"1,756,951.00"
Scot Pollard,2007,"1,219,590.00"
Sean Marks,2007,"1,033,930.00"
Sean May,2007,"1,862,160.00"
Sean Williams,2007,"1,416,600.00"
Sebastian Telfair,2007,"2,562,426.00"
Sergio Rodriguez,2007,"817,000.00"
Shane Battier,2007,"5,883,600.00"
Shannon Brown,2007,"1,044,120.00"
Shaquille O'Neal,2007,"20,000,000.00"
Shareef Abdur-Rahim,2007,"5,800,000.00"
Shaun Livingston,2007,"4,404,629.00"
Shavlik Randolph,2007,"1,080,000.00"
Shawn Marion,2007,"16,440,000.00"
Shawne Williams,2007,"1,470,360.00"
Shelden Williams,2007,"3,174,240.00"
Smush Parker,2007,"2,250,000.00"
Solomon Jones,2007,"729,000.00"
Speedy Claxton,2007,"6,306,182.00"
Spencer Hawes,2007,"2,028,600.00"
Stephane Lasme,2007,"48,056.00"
Stephen Graham,2007,"770,610.00"
Stephen Jackson,2007,"6,630,000.00"
Stephon Marbury,2007,"19,012,500.00"
Steve Blake,2007,"4,250,000.00"
Steve Francis,2007,"17,500,000.00"
Steve Nash,2007,"11,375,000.00"
Steve Novak,2007,"687,456.00"
Steven Hunter,2007,"3,248,000.00"
Stromile Swift,2007,"5,800,000.00"
T.J. Ford,2007,"8,000,000.00"
Tarence Kinsey,2007,"219,533.00"
Taurean Green,2007,"427,163.00"
Tayshaun Prince,2007,"8,675,620.00"
Thabo Sefolosha,2007,"1,805,160.00"
Thaddeus Young,2007,"1,830,720.00"
Theo Ratliff,2007,"11,666,666.00"
Thomas Gardner,2007,"101,451.00"
Tim Duncan,2007,"19,014,188.00"
Tim Thomas,2007,"5,632,200.00"
TJ Ford,2007,"8,000,000.00"
Tony Allen,2007,"1,868,141.00"
Tony Battie,2007,"5,200,000.00"
Tony Parker,2007,"10,500,000.00"
Tracy McGrady,2007,"19,014,187.00"
Travis Diener,2007,"1,500,000.00"
Travis Outlaw,2007,"4,000,000.00"
Trenton Hassell,2007,"4,350,000.00"
Trevor Ariza,2007,"3,100,000.00"
Troy Hudson,2007,"7,172,590.00"
Troy Murphy,2007,"9,206,349.00"
Tyronn Lue,2007,"3,500,000.00"
Tyrus Thomas,2007,"3,505,320.00"
Tyson Chandler,2007,"10,250,000.00"
Udonis Haslem,2007,"6,050,000.00"
Vassilis Spanoulis,2007,"1,944,000.00"
Viktor Khryapa,2007,"1,928,598.00"
Vince Carter,2007,"13,320,000.00"
Vladimir Radmanovic,2007,"5,632,200.00"
Von Wafer,2007,"770,610.00"
Wally Szczerbiak,2007,"12,775,000.00"
Walter Herrmann,2007,"1,944,000.00"
Willie Green,2007,"3,094,000.00"
Wilson Chandler,2007,"1,091,640.00"
Yakhouba Diawara,2007,"687,456.00"
Yao Ming,2007,"13,762,775.00"
Yi Jianlian,2007,"2,777,760.00"
Zach Randolph,2007,"13,333,333.00"
Zaza Pachulia,2007,"4,000,000.00"
Zydrunas Ilgauskas,2007,"10,142,156.00"
Aaron Brooks,2008,"1,045,560.00"
Aaron Gray,2008,"711,517.00"
Acie Law,2008,"2,071,680.00"
Adam Morrison,2008,"4,159,200.00"
Adonal Foyle,2008,"8,062,275.00"
Adrian Griffin,2008,"1,711,000.00"
Al Harrington,2008,"9,226,250.00"
Al Horford,2008,"4,026,720.00"
Al Jefferson,2008,"11,000,000.00"
Al Thornton,2008,"1,776,240.00"
Alando Tucker,2008,"1,001,880.00"
Aleksandar Pavlovic,2008,"4,500,000.00"
Alex Acker,2008,"711,517.00"
Alexis Ajinca,2008,"1,276,320.00"
Allen Iverson,2008,"20,840,625.00"
Amare Stoudemire,2008,"15,070,550.00"
Amar'e Stoudemire,2008,"15,070,550.00"
Amir Johnson,2008,"3,666,667.00"
Anderson Varejao,2008,"5,784,480.00"
Andray Blatche,2008,"2,739,669.00"
Andre Brown,2008,"107,908.00"
Andre Iguodala,2008,"11,300,000.00"
Andre Miller,2008,"10,333,334.00"
Andrea Bargnani,2008,"5,176,440.00"
Andrei Kirilenko,2008,"15,106,000.00"
Andres Nocioni,2008,"8,000,000.00"
Andrew Bogut,2008,"6,294,310.00"
Andrew Bynum,2008,"2,769,300.00"
Andris Biedrins,2008,"9,000,000.00"
Antawn Jamison,2008,"9,923,285.00"
Anthony Carter,2008,"1,147,533.00"
Anthony Johnson,2008,"1,910,000.00"
Anthony Morrow,2008,"442,114.00"
Anthony Parker,2008,"4,550,000.00"
Anthony Randolph,2008,"1,709,280.00"
Anthony Roberson,2008,"797,581.00"
Anthony Tolliver,2008,"213,255.00"
Antoine Walker,2008,"8,854,475.00"
Antoine Wright,2008,"1,800,000.00"
Antonio Daniels,2008,"6,200,000.00"
Antonio McDyess,2008,"3,950,419.00"
Arron Afflalo,2008,"1,015,440.00"
Austin Croshere,2008,"601,436.00"
Baron Davis,2008,"11,250,000.00"
Ben Gordon,2008,"6,404,750.00"
Ben Wallace,2008,"14,500,000.00"
Beno Udrih,2008,"5,585,000.00"
Blake Ahearn,2008,"125,562.00"
Bobby Brown,2008,"442,114.00"
Bobby Jackson,2008,"6,487,888.00"
Bobby Simmons,2008,"10,602,667.00"
Boris Diaw,2008,"9,000,000.00"
Brad Miller,2008,"11,375,000.00"
Brandan Wright,2008,"2,497,320.00"
Brandon Bass,2008,"826,269.00"
Brandon Roy,2008,"3,084,240.00"
Brandon Rush,2008,"1,799,160.00"
Brendan Haywood,2008,"5,500,000.00"
Brent Barry,2008,"1,910,000.00"
Brevin Knight,2008,"2,000,000.00"
Brian Cardinal,2008,"6,300,000.00"
Brian Cook,2008,"3,500,000.00"
Brian Scalabrine,2008,"3,206,897.00"
Brian Skinner,2008,"1,262,275.00"
Brook Lopez,2008,"2,098,560.00"
Bruce Bowen,2008,"4,000,000.00"
C.J. Watson,2008,"711,517.00"
Calvin Booth,2008,"1,319,651.00"
Carl Landry,2008,"3,000,000.00"
Carlos Boozer,2008,"11,593,817.00"
Carmelo Anthony,2008,"14,410,581.00"
Caron Butler,2008,"9,249,980.00"
Cartier Martin,2008,"200,252.00"
Cedric Simmons,2008,"1,742,760.00"
Channing Frye,2008,"3,163,769.00"
Charlie Bell,2008,"3,354,480.00"
Charlie Villanueva,2008,"3,448,050.00"
Chauncey Billups,2008,"11,050,000.00"
Cheikh Samb,2008,"797,581.00"
Chris Andersen,2008,"998,398.00"
Chris Bosh,2008,"14,410,581.00"
Chris Douglas-Roberts,2008,"442,411.00"
Chris Duhon,2008,"5,585,000.00"
Chris Kaman,2008,"9,500,000.00"
Chris Mihm,2008,"2,500,000.00"
Chris Paul,2008,"4,574,189.00"
Chris Quinn,2008,"972,581.00"
Chris Wilcox,2008,"6,750,000.00"
Chuck Hayes,2008,"1,768,000.00"
Chucky Atkins,2008,"3,240,000.00"
CJ Miles,2008,"3,700,000.00"
CJ Watson,2008,"711,517.00"
Corey Brewer,2008,"2,725,920.00"
Corey Maggette,2008,"8,275,862.00"
Courtney Lee,2008,"1,176,240.00"
Courtney Sims,2008,"184,648.00"
Craig Smith,2008,"2,500,000.00"
Cuttino Mobley,2008,"9,100,000.00"
Daequan Cook,2008,"1,273,200.00"
Dahntay Jones,2008,"926,678.00"
Damien Wilkins,2008,"3,100,000.00"
Damon Jones,2008,"4,460,186.00"
Damon Stoudamire,2008,"2,325,000.00"
Dan Gadzuric,2008,"6,250,195.00"
Daniel Gibson,2008,"3,700,000.00"
Danilo Gallinari,2008,"2,873,520.00"
Danny Granger,2008,"2,329,805.00"
Darius Miles,2008,"9,704,752.00"
Darius Songaila,2008,"4,235,000.00"
Darko Milicic,2008,"7,020,000.00"
Darnell Jackson,2008,"450,000.00"
Darrell Arthur,2008,"977,160.00"
David Lee,2008,"1,788,033.00"
David West,2008,"9,862,500.00"
DeAndre Jordan,2008,"550,000.00"
Dee Brown,2008,"238,567.00"
Delonte West,2008,"3,850,000.00"
DeMarcus Nelson,2008,"182,047.00"
Demetris Nichols,2008,"87,893.00"
Derek Fisher,2008,"4,700,000.00"
Deron Williams,2008,"5,069,449.00"
Derrick Rose,2008,"4,822,800.00"
DeSagana Diop,2008,"5,585,000.00"
DeShawn Stevenson,2008,"3,616,072.00"
Desmon Farmer,2008,"83,708.00"
Desmond Mason,2008,"5,300,000.00"
Devean George,2008,"1,600,000.00"
Devin Brown,2008,"998,398.00"
Devin Harris,2008,"7,800,000.00"
Didier Ilunga-Mbenga,2008,"2,852,599.00"
Dikembe Mutombo,2008,"794,491.00"
Dirk Nowitzki,2008,"18,077,904.00"
DJ Augustin,2008,"2,208,960.00"
DJ White,2008,"964,080.00"
Dominic McGuire,2008,"711,517.00"
Donte Greene,2008,"971,160.00"
Donyell Marshall,2008,"7,213,169.00"
Dorell Wright,2008,"2,612,835.00"
Drew Gooden,2008,"7,151,183.00"
Dwayne Jones,2008,"46,812.00"
Dwight Howard,2008,"13,758,000.00"
Dwyane Wade,2008,"14,410,581.00"
Earl Watson,2008,"6,200,000.00"
Eddie Gill,2008,"387,613.00"
Eddie House,2008,"2,650,000.00"
Eddie Jones,2008,"2,000,000.00"
Eddy Curry,2008,"9,723,983.00"
Eduardo Najera,2008,"3,250,000.00"
Elton Brand,2008,"13,757,844.00"
Emeka Okafor,2008,"9,537,500.00"
Eric Gordon,2008,"2,623,200.00"
Eric Snow,2008,"7,312,500.00"
Erick Dampier,2008,"11,553,000.00"
Etan Thomas,2008,"6,864,200.00"
Fabricio Oberto,2008,"3,600,000.00"
Flip Murray,2008,"1,500,000.00"
Francisco Elson,2008,"1,700,000.00"
Francisco Garcia,2008,"1,983,454.00"
Fred Jones,2008,"622,531.00"
Gabe Pruitt,2008,"711,517.00"
George Hill,2008,"1,006,200.00"
Gerald Green,2008,"854,957.00"
Gerald Wallace,2008,"9,500,000.00"
Gilbert Arenas,2008,"14,653,466.00"
Glen Davis,2008,"711,517.00"
Goran Dragic,2008,"1,700,000.00"
Grant Hill,2008,"1,976,400.00"
Greg Buckner,2008,"4,010,005.00"
Greg Oden,2008,"5,011,680.00"
Hakim Warrick,2008,"2,119,102.00"
Hamed Haddadi,2008,"1,572,221.00"
Hassan Adams,2008,"297,163.00"
Hedo Turkoglu,2008,"6,864,200.00"
Henry Walker,2008,"542,114.00"
Hidayet Turkoglu,2008,"6,864,200.00"
Hilton Armstrong,2008,"2,032,800.00"
Ian Mahinmi,2008,"1,009,200.00"
Ike Diogu,2008,"2,912,823.00"
Ime Udoka,2008,"1,080,000.00"
J.J. Barea,2008,"1,500,000.00"
Jackie Butler,2008,"2,552,000.00"
Jacque Vaughn,2008,"1,262,275.00"
Jake Voskuhl,2008,"826,153.00"
Jamaal Magloire,2008,"1,141,838.00"
Jamaal Tinsley,2008,"6,750,000.00"
Jamal Crawford,2008,"8,640,000.00"
Jamario Moon,2008,"711,517.00"
Jameer Nelson,2008,"7,700,000.00"
James Jones,2008,"4,010,000.00"
James Posey,2008,"5,585,000.00"
James Singleton,2008,"826,269.00"
Jared Dudley,2008,"1,222,320.00"
Jared Jeffries,2008,"6,049,400.00"
Jarrett Jack,2008,"2,002,623.00"
Jarron Collins,2008,"2,074,302.00"
Jarvis Hayes,2008,"1,910,000.00"
Jason Collins,2008,"6,200,000.00"
Jason Hart,2008,"2,484,000.00"
Jason Kapono,2008,"5,784,480.00"
Jason Kidd,2008,"21,372,000.00"
Jason Maxiell,2008,"1,877,572.00"
Jason Richardson,2008,"12,664,335.00"
Jason Smith,2008,"1,326,360.00"
Jason Terry,2008,"9,196,000.00"
Jason Thompson,2008,"1,893,840.00"
Jason Williams,2008,"1,262,275.00"
JaVale McGee,2008,"1,392,240.00"
Javaris Crittenton,2008,"1,381,560.00"
Jawad Williams,2008,"244,463.00"
Jeff Foster,2008,"5,500,000.00"
Jeff Green,2008,"3,287,640.00"
Jeremy Richardson,2008,"769,431.00"
Jermaine O'Neal,2008,"21,372,000.00"
Jermareo Davidson,2008,"422,725.00"
Jerome James,2008,"6,200,000.00"
Jerry Stackhouse,2008,"7,000,000.00"
Jerryd Bayless,2008,"1,993,560.00"
JJ Hickson,2008,"1,329,480.00"
JJ Redick,2008,"2,139,720.00"
Joakim Noah,2008,"2,295,480.00"
Joe Alexander,2008,"2,403,120.00"
Joe Johnson,2008,"14,232,567.00"
Joe Smith,2008,"4,795,000.00"
Joel Anthony,2008,"711,517.00"
Joel Przybilla,2008,"6,310,150.00"
Joey Dorsey,2008,"816,500.00"
Joey Graham,2008,"2,449,184.00"
Johan Petro,2008,"1,939,893.00"
John Salmons,2008,"5,104,000.00"
Jordan Farmar,2008,"1,080,000.00"
Jorge Garbajosa,2008,"4,350,000.00"
Jose Calderon,2008,"7,438,018.00"
Jose Juan Barea,2008,"1,500,000.00"
Josh Boone,2008,"1,212,120.00"
Josh Howard,2008,"9,945,000.00"
Josh McRoberts,2008,"711,517.00"
Josh Powell,2008,"854,957.00"
Josh Smith,2008,"10,000,000.00"
JR Giddens,2008,"957,120.00"
JR Smith,2008,"4,985,001.00"
Juan Dixon,2008,"998,398.00"
Juaquin Hawkins,2008,"797,581.00"
Julian Wright,2008,"1,869,600.00"
Justin Reed,2008,"1,573,000.00"
Juwan Howard,2008,"8,355,619.00"
Kareem Rush,2008,"926,678.00"
Keith Bogans,2008,"2,565,000.00"
Keith McLeod,2008,"926,678.00"
Kelenna Azubuike,2008,"2,900,000.00"
Kendrick Perkins,2008,"4,578,880.00"
Kenny Thomas,2008,"8,562,500.00"
Kenyon Martin,2008,"14,431,816.00"
Kevin Durant,2008,"4,484,040.00"
Kevin Garnett,2008,"24,751,934.00"
Kevin Love,2008,"3,163,680.00"
Kevin Martin,2008,"8,760,335.00"
Kevin Ollie,2008,"1,262,275.00"
Keyon Dooling,2008,"3,300,000.00"
Kirk Hinrich,2008,"10,000,000.00"
Kobe Bryant,2008,"21,262,500.00"
Kosta Koufos,2008,"1,129,320.00"
Kris Humphries,2008,"3,200,000.00"
Kurt Thomas,2008,"4,200,000.00"
Kwame Brown,2008,"4,000,000.00"
Kyle Korver,2008,"4,956,818.00"
Kyle Lowry,2008,"1,163,520.00"
Kyle Weaver,2008,"806,452.00"
Kyrylo Fesenko,2008,"810,000.00"
Lamar Odom,2008,"14,148,596.00"
LaMarcus Aldridge,2008,"4,631,400.00"
Larry Hughes,2008,"12,827,676.00"
Leandro Barbosa,2008,"6,100,000.00"
LeBron James,2008,"14,410,581.00"
Leon Powe,2008,"797,581.00"
Linas Kleiza,2008,"1,824,493.00"
Lindsey Hunter,2008,"1,143,473.00"
Linton Johnson,2008,"125,374.00"
Lorenzen Wright,2008,"1,262,275.00"
Lou Amundson,2008,"797,581.00"
Louis Williams,2008,"4,500,000.00"
Luc Mbah a Moute,2008,"757,000.00"
Luis Scola,2008,"3,100,667.00"
Luke Ridnour,2008,"6,500,000.00"
Luke Walton,2008,"4,420,000.00"
Luol Deng,2008,"9,385,000.00"
Luther Head,2008,"1,962,378.00"
Maceo Baston,2008,"2,272,860.00"
Malik Allen,2008,"1,300,000.00"
Malik Hairston,2008,"351,091.00"
Malik Rose,2008,"7,647,500.00"
Manu Ginobili,2008,"9,905,248.00"
Marc Gasol,2008,"3,093,333.00"
Marcin Gortat,2008,"711,517.00"
Marco Belinelli,2008,"1,446,720.00"
Marcus Banks,2008,"4,260,000.00"
Marcus Camby,2008,"10,000,000.00"
Marcus Williams,2008,"1,262,520.00"
Mardy Collins,2008,"1,034,760.00"
Mario Chalmers,2008,"700,000.00"
Mario West,2008,"711,517.00"
Mark Blount,2008,"8,513,916.00"
Mark Madsen,2008,"2,630,000.00"
Marko Jaric,2008,"6,575,000.00"
Marquis Daniels,2008,"6,864,200.00"
Marreese Speights,2008,"1,542,600.00"
Martell Webster,2008,"3,771,133.00"
Marvin Williams,2008,"5,636,143.00"
Matt Barnes,2008,"926,678.00"
Matt Bonner,2008,"2,987,000.00"
Matt Carroll,2008,"5,050,000.00"
Matt Harpring,2008,"6,000,000.00"
Maurice Ager,2008,"1,042,440.00"
Maurice Evans,2008,"2,500,000.00"
Maurice Williams,2008,"8,353,000.00"
Mehmet Okur,2008,"8,500,000.00"
Melvin Ely,2008,"998,398.00"
Metta World Peace,2008,"7,400,000.00"
Michael Beasley,2008,"4,314,960.00"
Michael Finley,2008,"2,500,000.00"
Michael Redd,2008,"15,780,000.00"
Michael Ruffin,2008,"1,141,838.00"
Mickael Pietrus,2008,"5,300,000.00"
Mike Bibby,2008,"14,983,603.00"
Mike Conley,2008,"3,630,480.00"
Mike Dunleavy,2008,"9,000,000.00"
Mike James,2008,"6,244,093.00"
Mike Miller,2008,"9,028,575.00"
Mike Taylor,2008,"500,000.00"
Mike Wilks,2008,"998,398.00"
Mikki Moore,2008,"5,632,200.00"
Mo Williams,2008,"8,353,000.00"
Monta Ellis,2008,"11,000,000.00"
Morris Almond,2008,"1,081,440.00"
Morris Peterson,2008,"5,592,240.00"
Nate Robinson,2008,"2,020,179.00"
Nathan Jawai,2008,"442,114.00"
Nazr Mohammed,2008,"6,049,400.00"
Nenê,2008,"9,680,000.00"
Nenad Krstic,2008,"4,778,548.00"
Nene Hilario,2008,"9,680,000.00"
Nick Collison,2008,"6,350,000.00"
Nick Young,2008,"1,602,960.00"
Nicolas Batum,2008,"1,040,640.00"
OJ Mayo,2008,"3,875,040.00"
Oleksiy Pecherov,2008,"1,446,720.00"
Othello Hunter,2008,"442,114.00"
Patrick O'Bryant,2008,"1,500,000.00"
Pau Gasol,2008,"15,106,000.00"
Paul Davis,2008,"328,416.00"
Paul Millsap,2008,"797,581.00"
Paul Pierce,2008,"18,077,903.00"
Peja Stojakovic,2008,"12,528,000.00"
Predrag Stojakovic,2008,"12,528,000.00"
Quentin Richardson,2008,"8,685,500.00"
Quincy Douby,2008,"1,427,040.00"
Quinton Ross,2008,"854,957.00"
Radoslav Nesterovic,2008,"8,400,000.00"
Raef LaFrentz,2008,"12,722,500.00"
Rafer Alston,2008,"4,900,000.00"
Raja Bell,2008,"5,000,000.00"
Rajon Rondo,2008,"1,315,080.00"
Ramon Sessions,2008,"722,517.00"
Randolph Morris,2008,"797,581.00"
Randy Foye,2008,"2,815,560.00"
Rashad McCants,2008,"2,620,126.00"
Rashard Lewis,2008,"16,447,871.00"
Rasheed Wallace,2008,"13,930,000.00"
Rasual Butler,2008,"3,630,000.00"
Ray Allen,2008,"18,388,430.00"
Raymond Felton,2008,"4,148,716.00"
Reggie Evans,2008,"4,640,000.00"
Renaldo Balkman,2008,"1,369,920.00"
Richard Hamilton,2008,"10,812,500.00"
Richard Hendrix,2008,"57,215.00"
Richard Jefferson,2008,"13,200,000.00"
Ricky Davis,2008,"2,300,000.00"
Rob Kurz,2008,"429,111.00"
Robert Swift,2008,"3,579,131.00"
Robin Lopez,2008,"1,623,720.00"
Rodney Carney,2008,"1,655,760.00"
Rodney Stuckey,2008,"1,687,320.00"
Roger Mason,2008,"3,500,000.00"
Roger Mason Jr.,2008,"3,500,000.00"
Roko Ukic,2008,"1,250,000.00"
Ronald Murray,2008,"1,500,000.00"
Ronnie Brewer,2008,"1,834,680.00"
Ronnie Price,2008,"1,188,000.00"
Ronny Turiaf,2008,"4,500,000.00"
Roy Hibbert,2008,"1,465,400.00"
Royal Ivey,2008,"854,957.00"
Rudy Fernandez,2008,"1,084,080.00"
Rudy Gay,2008,"2,579,400.00"
Russell Westbrook,2008,"3,493,680.00"
Ryan Anderson,2008,"1,225,200.00"
Ryan Bowen,2008,"1,141,838.00"
Ryan Gomes,2008,"3,650,000.00"
Ryan Hollins,2008,"972,581.00"
Saer Sene,2008,"2,252,400.00"
Sam Cassell,2008,"1,262,275.00"
Samuel Dalembert,2008,"11,238,564.00"
Sasha Pavlovic,2008,"4,500,000.00"
Sasha Vujacic,2008,"4,524,887.00"
Sean Marks,2008,"1,141,838.00"
Sean May,2008,"2,661,027.00"
Sean Singletary,2008,"442,114.00"
Sean Williams,2008,"1,522,920.00"
Sebastian Telfair,2008,"2,300,000.00"
Sergio Rodriguez,2008,"1,048,800.00"
Shane Battier,2008,"6,448,900.00"
Shannon Brown,2008,"797,581.00"
Shaquille O'Neal,2008,"21,000,000.00"
Shaun Livingston,2008,"370,000.00"
Shavlik Randolph,2008,"826,269.00"
Shawn Marion,2008,"17,810,000.00"
Shawne Williams,2008,"1,572,960.00"
Shelden Williams,2008,"3,395,760.00"
Smush Parker,2008,"1,660,000.00"
Solomon Jones,2008,"797,581.00"
Sonny Weems,2008,"442,114.00"
Speedy Claxton,2008,"5,757,818.00"
Spencer Hawes,2008,"2,180,760.00"
Stephen Graham,2008,"826,269.00"
Stephen Jackson,2008,"7,140,000.00"
Stephon Marbury,2008,"20,840,625.00"
Steve Blake,2008,"4,250,000.00"
Steve Francis,2008,"19,816,550.00"
Steve Nash,2008,"12,250,000.00"
Steve Novak,2008,"797,581.00"
Steven Hill,2008,"148,238.00"
Steven Hunter,2008,"3,862,600.00"
Stromile Swift,2008,"6,200,000.00"
Sun Yue,2008,"442,114.00"
T.J. Ford,2008,"8,000,000.00"
Tarence Kinsey,2008,"797,581.00"
Tayshaun Prince,2008,"9,500,000.00"
Thabo Sefolosha,2008,"1,931,160.00"
Thaddeus Young,2008,"1,968,120.00"
Theo Ratliff,2008,"1,262,275.00"
Thomas Gardner,2008,"711,517.00"
Tim Duncan,2008,"20,598,704.00"
Tim Thomas,2008,"6,049,400.00"
TJ Ford,2008,"8,000,000.00"
Tony Allen,2008,"2,500,000.00"
Tony Battie,2008,"5,746,000.00"
Tony Parker,2008,"11,550,000.00"
Tracy McGrady,2008,"20,370,437.00"
Travis Diener,2008,"1,620,000.00"
Travis Outlaw,2008,"4,000,000.00"
Trenton Hassell,2008,"4,350,000.00"
Trevor Ariza,2008,"3,100,000.00"
Trey Johnson,2008,"187,258.00"
Troy Murphy,2008,"10,126,984.00"
Tyronn Lue,2008,"2,250,000.00"
Tyrus Thomas,2008,"3,749,880.00"
Tyson Chandler,2008,"11,350,000.00"
Udonis Haslem,2008,"6,575,000.00"
Vince Carter,2008,"14,724,125.00"
Vladimir Radmanovic,2008,"6,049,400.00"
Von Wafer,2008,"826,269.00"
Wally Szczerbiak,2008,"13,775,000.00"
Walter Herrmann,2008,"2,000,000.00"
Walter Sharpe,2008,"442,114.00"
Will Bynum,2008,"711,517.00"
Willie Green,2008,"3,388,000.00"
Willie Solomon,2008,"711,517.00"
Wilson Chandler,2008,"1,173,480.00"
Yakhouba Diawara,2008,"875,000.00"
Yao Ming,2008,"15,070,550.00"
Yi Jianlian,2008,"2,986,080.00"
Zach Randolph,2008,"14,666,667.00"
Zaza Pachulia,2008,"4,000,000.00"
Zydrunas Ilgauskas,2008,"10,841,615.00"
Aaron Brooks,2009,"1,118,520.00"
Aaron Gray,2009,"1,000,497.00"
Acie Law,2009,"2,216,160.00"
Adam Morrison,2009,"5,257,229.00"
Adonal Foyle,2009,"1,306,455.00"
AJ Price,2009,"457,588.00"
Al Harrington,2009,"10,026,875.00"
Al Horford,2009,"4,307,640.00"
Al Jefferson,2009,"12,000,000.00"
Al Thornton,2009,"1,900,200.00"
Alando Tucker,2009,"1,071,720.00"
Aleksandar Pavlovic,2009,"2,750,000.00"
Alexis Ajinca,2009,"1,372,080.00"
Allen Iverson,2009,"1,191,180.00"
Amare Stoudemire,2009,"16,378,325.00"
Amar'e Stoudemire,2009,"16,378,325.00"
Amir Johnson,2009,"3,666,666.00"
Anderson Varejao,2009,"6,300,000.00"
Andray Blatche,2009,"3,000,000.00"
Andre Iguodala,2009,"12,200,000.00"
Andre Miller,2009,"6,730,800.00"
Andrea Bargnani,2009,"6,527,491.00"
Andrei Kirilenko,2009,"16,452,000.00"
Andres Nocioni,2009,"7,500,000.00"
Andrew Bogut,2009,"10,000,000.00"
Andrew Bynum,2009,"12,526,998.00"
Andris Biedrins,2009,"9,000,000.00"
Antawn Jamison,2009,"11,641,095.00"
Anthony Carter,2009,"1,306,455.00"
Anthony Johnson,2009,"2,160,000.00"
Anthony Morrow,2009,"736,420.00"
Anthony Parker,2009,"2,644,230.00"
Anthony Randolph,2009,"1,837,560.00"
Anthony Tolliver,2009,"411,529.00"
Antoine Wright,2009,"2,110,550.00"
Antonio Anderson,2009,"139,968.00"
Antonio Daniels,2009,"5,863,580.00"
Antonio McDyess,2009,"7,500,000.00"
Arron Afflalo,2009,"1,086,240.00"
Austin Daye,2009,"1,677,840.00"
Baron Davis,2009,"12,150,000.00"
Ben Gordon,2009,"10,000,000.00"
Ben Wallace,2009,"1,306,445.00"
Beno Udrih,2009,"6,031,800.00"
BJ Mullens,2009,"1,120,200.00"
Blake Griffin,2009,"4,983,480.00"
Bobby Brown,2009,"736,420.00"
Bobby Simmons,2009,"10,560,000.00"
Boris Diaw,2009,"9,000,000.00"
Brad Miller,2009,"12,250,000.00"
Brandan Wright,2009,"2,671,440.00"
Brandon Bass,2009,"4,000,000.00"
Brandon Jennings,2009,"2,168,520.00"
Brandon Roy,2009,"3,910,816.00"
Brandon Rush,2009,"1,934,160.00"
Brendan Haywood,2009,"6,000,000.00"
Brent Barry,2009,"2,062,800.00"
Brian Cardinal,2009,"6,750,000.00"
Brian Cook,2009,"3,500,000.00"
Brian Scalabrine,2009,"3,413,793.00"
Brian Skinner,2009,"1,306,455.00"
Brook Lopez,2009,"2,225,880.00"
Bruce Bowen,2009,"2,000,000.00"
C.J. Watson,2009,"1,000,497.00"
Carl Landry,2009,"3,000,000.00"
Carlos Arroyo,2009,"1,107,572.00"
Carlos Boozer,2009,"13,520,500.00"
Carlos Delfino,2009,"3,500,000.00"
Carmelo Anthony,2009,"15,779,912.00"
Caron Butler,2009,"9,780,970.00"
Cartier Martin,2009,"86,638.00"
Cedric Jackson,2009,"53,834.00"
Channing Frye,2009,"2,000,000.00"
Charlie Bell,2009,"3,596,000.00"
Charlie Villanueva,2009,"6,500,000.00"
Chase Budinger,2009,"457,588.00"
Chauncey Billups,2009,"12,100,000.00"
Chris Andersen,2009,"3,650,000.00"
Chris Bosh,2009,"15,779,912.00"
Chris Douglas-Roberts,2009,"736,000.00"
Chris Duhon,2009,"6,031,800.00"
Chris Hunter,2009,"632,455.00"
Chris Kaman,2009,"10,400,000.00"
Chris Paul,2009,"13,520,500.00"
Chris Quinn,2009,"1,055,000.00"
Chris Richard,2009,"43,319.00"
Chris Wilcox,2009,"3,000,000.00"
Chuck Hayes,2009,"2,111,750.00"
Chucky Atkins,2009,"2,066,455.00"
CJ Miles,2009,"3,700,000.00"
CJ Watson,2009,"1,000,497.00"
Coby Karl,2009,"355,215.00"
Corey Brewer,2009,"2,916,120.00"
Corey Maggette,2009,"8,937,931.00"
Courtney Lee,2009,"1,264,440.00"
Craig Smith,2009,"2,500,000.00"
Cuttino Mobley,2009,"9,500,000.00"
Daequan Cook,2009,"1,362,120.00"
Dahntay Jones,2009,"2,500,000.00"
DaJuan Summers,2009,"457,588.00"
Damien Wilkins,2009,"3,300,000.00"
Dan Gadzuric,2009,"6,749,260.00"
Daniel Gibson,2009,"4,088,500.00"
Danilo Gallinari,2009,"3,089,040.00"
Danny Granger,2009,"9,930,500.00"
Danny Green,2009,"457,588.00"
Dante Cunningham,2009,"457,588.00"
Darius Miles,2009,"9,000,000.00"
Darius Songaila,2009,"4,526,000.00"
Darko Milicic,2009,"7,500,000.00"
Darnell Jackson,2009,"736,420.00"
Darrell Arthur,2009,"1,050,480.00"
Darren Collison,2009,"1,266,120.00"
David Andersen,2009,"2,300,000.00"
David Lee,2009,"7,000,000.00"
David West,2009,"9,075,000.00"
DeAndre Jordan,2009,"736,420.00"
DeJuan Blair,2009,"850,000.00"
Delonte West,2009,"4,254,250.00"
DeMar DeRozan,2009,"2,282,640.00"
DeMarre Carroll,2009,"1,009,680.00"
Derek Fisher,2009,"5,048,000.00"
Deron Williams,2009,"12,323,900.00"
Derrick Brown,2009,"457,588.00"
Derrick Rose,2009,"5,184,480.00"
DeSagana Diop,2009,"6,031,800.00"
DeShawn Stevenson,2009,"3,886,928.00"
Desmond Mason,2009,"76,850.00"
Devean George,2009,"1,600,000.00"
Devin Brown,2009,"1,100,000.00"
Devin Harris,2009,"8,400,000.00"
Didier Ilunga-Mbenga,2009,"959,111.00"
Dirk Nowitzki,2009,"19,795,714.00"
DJ Augustin,2009,"2,385,480.00"
DJ Mbenga,2009,"959,111.00"
DJ White,2009,"1,036,440.00"
Dominic McGuire,2009,"825,497.00"
Donte Greene,2009,"1,044,000.00"
Dorell Wright,2009,"2,750,000.00"
Drew Gooden,2009,"4,500,000.00"
Dwight Howard,2009,"15,202,590.00"
Dwyane Wade,2009,"15,779,912.00"
Earl Boykins,2009,"1,191,180.00"
Earl Clark,2009,"1,766,280.00"
Earl Watson,2009,"9,400,000.00"
Eddie House,2009,"2,862,000.00"
Eddy Curry,2009,"10,500,423.00"
Eduardo Najera,2009,"3,100,000.00"
Elton Brand,2009,"14,858,471.00"
Emeka Okafor,2009,"10,538,937.00"
Eric Gordon,2009,"2,819,880.00"
Eric Maynor,2009,"1,318,920.00"
Erick Dampier,2009,"12,115,500.00"
Ersan Ilyasova,2009,"2,100,000.00"
Etan Thomas,2009,"7,350,000.00"
Fabricio Oberto,2009,"3,900,000.00"
Francisco Elson,2009,"1,700,000.00"
Francisco Garcia,2009,"5,800,000.00"
Garrett Temple,2009,"180,344.00"
George Hill,2009,"1,081,680.00"
Gerald Henderson,2009,"1,957,080.00"
Gerald Wallace,2009,"9,075,000.00"
Gilbert Arenas,2009,"16,192,080.00"
Glen Davis,2009,"3,000,000.00"
Goran Dragic,2009,"1,836,000.00"
Grant Hill,2009,"3,000,000.00"
Greg Buckner,2009,"1,000,000.00"
Greg Oden,2009,"5,361,240.00"
Hakim Warrick,2009,"3,000,000.00"
Hamed Haddadi,2009,"1,627,779.00"
Hasheem Thabeet,2009,"4,458,840.00"
Hedo Turkoglu,2009,"9,000,000.00"
Henry Walker,2009,"736,420.00"
Hidayet Turkoglu,2009,"9,000,000.00"
Hilton Armstrong,2009,"2,801,198.00"
Ian Mahinmi,2009,"1,079,640.00"
Ike Diogu,2009,"884,881.00"
Ime Udoka,2009,"838,034.00"
J.J. Barea,2009,"1,657,500.00"
Jamaal Magloire,2009,"1,229,225.00"
Jamaal Tinsley,2009,"6,190,300.00"
Jamal Crawford,2009,"9,360,000.00"
Jamario Moon,2009,"2,750,000.00"
Jameer Nelson,2009,"6,138,888.00"
James Harden,2009,"4,054,160.00"
James Johnson,2009,"1,594,080.00"
James Jones,2009,"4,320,000.00"
James Posey,2009,"6,031,800.00"
James Singleton,2009,"1,030,189.00"
JamesOn Curry,2009,"26,917.00"
Jannero Pargo,2009,"2,000,000.00"
Jared Dudley,2009,"1,307,640.00"
Jared Jeffries,2009,"6,466,600.00"
Jarrett Jack,2009,"4,500,000.00"
Jarron Collins,2009,"1,181,803.00"
Jarvis Hayes,2009,"2,062,800.00"
Jason Collins,2009,"1,181,803.00"
Jason Hart,2009,"521,384.00"
Jason Kapono,2009,"6,212,960.00"
Jason Kidd,2009,"8,000,000.00"
Jason Maxiell,2009,"5,000,000.00"
Jason Richardson,2009,"13,333,333.00"
Jason Smith,2009,"1,418,880.00"
Jason Terry,2009,"9,862,500.00"
Jason Thompson,2009,"2,035,920.00"
Jason Williams,2009,"1,306,455.00"
JaVale McGee,2009,"1,496,640.00"
Javaris Crittenton,2009,"1,477,920.00"
Jawad Williams,2009,"736,420.00"
Jeff Ayres,2009,"457,588.00"
Jeff Foster,2009,"6,077,500.00"
Jeff Green,2009,"3,516,960.00"
Jeff Teague,2009,"1,373,880.00"
Jermaine O'Neal,2009,"23,016,000.00"
Jermaine Taylor,2009,"725,000.00"
Jerome James,2009,"6,600,000.00"
Jerry Stackhouse,2009,"2,668,598.00"
Jerryd Bayless,2009,"2,143,080.00"
JJ Hickson,2009,"1,429,200.00"
JJ Redick,2009,"2,839,408.00"
Joakim Noah,2009,"2,455,680.00"
Jodie Meeks,2009,"650,000.00"
Joe Alexander,2009,"2,583,360.00"
Joe Johnson,2009,"14,976,754.00"
Joe Smith,2009,"1,306,455.00"
Joel Anthony,2009,"825,497.00"
Joel Przybilla,2009,"6,857,725.00"
Joey Dorsey,2009,"881,000.00"
Joey Graham,2009,"884,881.00"
Johan Petro,2009,"884,881.00"
John Salmons,2009,"5,456,000.00"
Jon Brockman,2009,"457,588.00"
Jonas Jerebko,2009,"457,588.00"
Jonathan Bender,2009,"801,361.00"
Jonny Flynn,2009,"2,969,280.00"
Jordan Farmar,2009,"1,947,240.00"
Jordan Hill,2009,"2,483,280.00"
Jose Calderon,2009,"8,219,009.00"
Jose Juan Barea,2009,"1,657,500.00"
Josh Boone,2009,"2,056,968.00"
Josh Howard,2009,"10,890,000.00"
Josh McRoberts,2009,"825,497.00"
Josh Powell,2009,"959,111.00"
Josh Smith,2009,"10,800,000.00"
JR Giddens,2009,"1,028,880.00"
JR Smith,2009,"5,508,426.00"
Jrue Holiday,2009,"1,514,280.00"
Julian Wright,2009,"2,000,040.00"
Juwan Howard,2009,"1,306,455.00"
Kareem Rush,2009,"534,906.00"
Keith Bogans,2009,"1,033,342.00"
Kelenna Azubuike,2009,"3,132,000.00"
Kendrick Perkins,2009,"4,250,000.00"
Kenny Thomas,2009,"8,775,000.00"
Kenyon Martin,2009,"15,363,636.00"
Kevin Durant,2009,"4,796,880.00"
Kevin Garnett,2009,"16,400,000.00"
Kevin Love,2009,"3,401,040.00"
Kevin Martin,2009,"10,180,170.00"
Kevin Ollie,2009,"1,306,455.00"
Keyon Dooling,2009,"3,564,000.00"
Kirk Hinrich,2009,"9,500,000.00"
Kobe Bryant,2009,"23,034,375.00"
Kosta Koufos,2009,"1,214,040.00"
Kris Humphries,2009,"3,200,000.00"
Kurt Thomas,2009,"3,800,000.00"
Kwame Brown,2009,"4,100,000.00"
Kyle Korver,2009,"5,155,115.00"
Kyle Lowry,2009,"2,034,997.00"
Kyle Weaver,2009,"870,968.00"
Kyrylo Fesenko,2009,"870,000.00"
Lamar Odom,2009,"7,500,000.00"
LaMarcus Aldridge,2009,"5,844,827.00"
Larry Hughes,2009,"13,655,268.00"
Leandro Barbosa,2009,"6,600,000.00"
LeBron James,2009,"15,779,912.00"
Leon Powe,2009,"855,189.00"
Lester Hudson,2009,"392,987.00"
Lindsey Hunter,2009,"1,306,455.00"
Lou Amundson,2009,"855,189.00"
Louis Amundson,2009,"855,189.00"
Louis Williams,2009,"4,972,500.00"
Luc Mbah a Moute,2009,"736,420.00"
Luis Scola,2009,"3,375,600.00"
Luke Ridnour,2009,"6,500,000.00"
Luke Walton,2009,"4,840,000.00"
Luol Deng,2009,"10,370,425.00"
Luther Head,2009,"884,881.00"
Malik Allen,2009,"1,300,000.00"
Malik Hairston,2009,"736,420.00"
Manu Ginobili,2009,"10,728,130.00"
Marc Gasol,2009,"3,240,000.00"
Marcin Gortat,2009,"5,854,000.00"
Marco Belinelli,2009,"1,547,640.00"
Marcus Banks,2009,"4,553,793.00"
Marcus Camby,2009,"7,650,000.00"
Marcus Haislip,2009,"825,497.00"
Marcus Landry,2009,"457,588.00"
Marcus Thornton,2009,"457,888.00"
Marcus Williams,2009,"855,189.00"
Mardy Collins,2009,"1,867,742.00"
Mario Chalmers,2009,"773,500.00"
Mario West,2009,"446,740.00"
Mark Blount,2009,"7,962,500.00"
Mark Madsen,2009,"2,840,000.00"
Marko Jaric,2009,"7,100,000.00"
Marquis Daniels,2009,"1,990,000.00"
Marreese Speights,2009,"1,658,280.00"
Martell Webster,2009,"4,344,000.00"
Marvin Williams,2009,"7,500,000.00"
Matt Barnes,2009,"1,600,000.00"
Matt Bonner,2009,"3,240,380.00"
Matt Carroll,2009,"4,700,000.00"
Matt Harpring,2009,"6,500,000.00"
Maurice Evans,2009,"2,500,000.00"
Maurice Williams,2009,"8,860,000.00"
Mehmet Okur,2009,"9,000,000.00"
Metta World Peace,2009,"5,854,000.00"
Michael Beasley,2009,"4,638,600.00"
Michael Finley,2009,"2,500,000.00"
Michael Redd,2009,"17,040,000.00"
Mickael Pietrus,2009,"5,300,000.00"
Mike Bibby,2009,"6,217,617.00"
Mike Conley,2009,"3,883,800.00"
Mike Dunleavy,2009,"9,780,992.00"
Mike Harris,2009,"64,978.00"
Mike James,2009,"6,466,600.00"
Mike Miller,2009,"9,750,000.00"
Mike Wilks,2009,"175,908.00"
Mikki Moore,2009,"2,537,952.00"
Mo Williams,2009,"8,860,000.00"
Monta Ellis,2009,"11,000,000.00"
Morris Peterson,2009,"6,212,960.00"
Nate Robinson,2009,"4,000,000.00"
Nathan Jawai,2009,"736,420.00"
Nazr Mohammed,2009,"6,466,600.00"
Nenê,2009,"10,520,000.00"
Nenad Krstic,2009,"5,400,000.00"
Nene Hilario,2009,"10,520,000.00"
Nick Collison,2009,"6,250,000.00"
Nick Young,2009,"1,714,800.00"
Nicolas Batum,2009,"1,118,760.00"
OJ Mayo,2009,"4,165,560.00"
Oleksiy Pecherov,2009,"1,547,640.00"
Omri Casspi,2009,"1,167,000.00"
Othello Hunter,2009,"307,564.00"
Patrick Mills,2009,"457,588.00"
Patrick O'Bryant,2009,"1,620,000.00"
Pau Gasol,2009,"16,452,000.00"
Paul Davis,2009,"80,488.00"
Paul Millsap,2009,"7,692,932.00"
Paul Pierce,2009,"19,795,712.00"
Pops Mensah-Bonsu,2009,"330,199.00"
Predrag Stojakovic,2009,"13,392,000.00"
Primoz Brezec,2009,"1,107,572.00"
Quentin Richardson,2009,"9,352,400.00"
Quincy Douby,2009,"85,519.00"
Quinton Ross,2009,"1,033,342.00"
Radoslav Nesterovic,2009,"1,990,000.00"
Rafer Alston,2009,"5,053,133.00"
Raja Bell,2009,"5,250,000.00"
Rajon Rondo,2009,"2,094,922.00"
Ramon Sessions,2009,"3,670,667.00"
Randolph Morris,2009,"855,189.00"
Randy Foye,2009,"3,575,761.00"
Rashard Lewis,2009,"18,876,000.00"
Rasheed Wallace,2009,"5,854,000.00"
Rasual Butler,2009,"3,945,000.00"
Ray Allen,2009,"18,776,860.00"
Raymond Felton,2009,"5,501,196.00"
Reggie Evans,2009,"4,960,000.00"
Renaldo Balkman,2009,"2,112,417.00"
Richard Hamilton,2009,"11,625,000.00"
Richard Jefferson,2009,"14,200,000.00"
Ricky Davis,2009,"2,484,000.00"
Robin Lopez,2009,"1,745,520.00"
Rodney Carney,2009,"855,189.00"
Rodney Stuckey,2009,"1,805,040.00"
Rodrigue Beaubois,2009,"1,075,440.00"
Roger Mason,2009,"3,780,000.00"
Roger Mason Jr.,2009,"3,780,000.00"
Roko Ukic,2009,"303,232.00"
Ronald Murray,2009,"1,990,000.00"
Ronnie Brewer,2009,"2,717,161.00"
Ronnie Price,2009,"1,250,000.00"
Ronny Turiaf,2009,"4,140,000.00"
Roy Hibbert,2009,"1,575,360.00"
Royal Ivey,2009,"1,050,000.00"
Rudy Fernandez,2009,"1,165,320.00"
Rudy Gay,2009,"3,280,997.00"
Russell Westbrook,2009,"3,755,640.00"
Ryan Anderson,2009,"1,317,120.00"
Ryan Bowen,2009,"209,592.00"
Ryan Gomes,2009,"3,867,500.00"
Ryan Hollins,2009,"2,183,333.00"
Sam Young,2009,"824,200.00"
Samuel Dalembert,2009,"12,025,694.00"
Sasha Pavlovic,2009,"2,750,000.00"
Sasha Vujacic,2009,"5,000,000.00"
Sean Marks,2009,"1,187,686.00"
Sean May,2009,"884,881.00"
Sean Williams,2009,"1,629,120.00"
Sebastian Telfair,2009,"2,500,000.00"
Serge Ibaka,2009,"1,120,200.00"
Sergio Rodriguez,2009,"1,892,035.00"
Shane Battier,2009,"6,864,200.00"
Shannon Brown,2009,"2,000,000.00"
Shaquille O'Neal,2009,"20,000,000.00"
Shareef Abdur-Rahim,2009,"6,600,000.00"
Shaun Livingston,2009,"296,695.00"
Shavlik Randolph,2009,"343,542.00"
Shawn Marion,2009,"6,635,068.00"
Shawne Williams,2009,"2,416,067.00"
Shelden Williams,2009,"825,497.00"
Solomon Jones,2009,"1,620,000.00"
Sonny Weems,2009,"736,420.00"
Speedy Claxton,2009,"5,209,454.00"
Spencer Hawes,2009,"2,332,800.00"
Stephen Curry,2009,"2,710,560.00"
Stephen Graham,2009,"884,881.00"
Stephen Jackson,2009,"7,650,000.00"
Steve Blake,2009,"4,930,000.00"
Steve Nash,2009,"13,125,000.00"
Steve Novak,2009,"855,189.00"
Steven Hunter,2009,"3,696,000.00"
Sundiata Gaines,2009,"269,169.00"
T.J. Ford,2009,"8,500,000.00"
Taj Gibson,2009,"1,039,800.00"
Taylor Griffin,2009,"457,588.00"
Tayshaun Prince,2009,"10,324,380.00"
Terrence Williams,2009,"2,060,040.00"
Thabo Sefolosha,2009,"2,759,628.00"
Thaddeus Young,2009,"2,105,400.00"
Theo Ratliff,2009,"1,306,455.00"
Tim Duncan,2009,"22,183,220.00"
Tim Thomas,2009,"7,773,055.00"
TJ Ford,2009,"8,500,000.00"
Toney Douglas,2009,"996,240.00"
Tony Allen,2009,"2,500,000.00"
Tony Battie,2009,"6,292,000.00"
Tony Parker,2009,"12,600,000.00"
Tracy McGrady,2009,"23,239,562.00"
Travis Diener,2009,"1,740,000.00"
Travis Outlaw,2009,"4,000,000.00"
Trenton Hassell,2009,"4,350,000.00"
Trevor Ariza,2009,"5,854,000.00"
Troy Murphy,2009,"11,047,619.00"
Ty Lawson,2009,"1,438,690.00"
Tyler Hansbrough,2009,"1,859,160.00"
Tyreke Evans,2009,"3,610,080.00"
Tyrus Thomas,2009,"4,743,598.00"
Tyson Chandler,2009,"11,850,000.00"
Udonis Haslem,2009,"7,100,000.00"
Vince Carter,2009,"16,300,000.00"
Vladimir Radmanovic,2009,"6,466,600.00"
Wayne Ellington,2009,"1,003,560.00"
Wesley Matthews,2009,"457,588.00"
Will Bynum,2009,"825,497.00"
Will Conroy,2009,"48,559.00"
Willie Green,2009,"3,682,000.00"
Wilson Chandler,2009,"1,255,440.00"
Yakhouba Diawara,2009,"945,000.00"
Yao Ming,2009,"16,378,325.00"
Yi Jianlian,2009,"3,194,400.00"
Zach Randolph,2009,"16,000,000.00"
Zaza Pachulia,2009,"4,750,000.00"
Zydrunas Ilgauskas,2009,"11,541,074.00"
Aaron Brooks,2010,"2,016,692.00"
Aaron Gray,2010,"1,028,840.00"
Acie Law,2010,"859,087.00"
AJ Price,2010,"762,195.00"
Al Harrington,2010,"5,765,000.00"
Al Horford,2010,"5,444,857.00"
Al Jefferson,2010,"13,000,000.00"
Al Thornton,2010,"2,814,196.00"
Aleksandar Pavlovic,2010,"202,295.00"
Alexis Ajinca,2010,"1,467,840.00"
Al-Farouq Aminu,2010,"2,563,320.00"
Alonzo Gee,2010,"681,492.00"
Amare Stoudemire,2010,"16,486,611.00"
Amar'e Stoudemire,2010,"16,486,611.00"
Amir Johnson,2010,"5,000,000.00"
Anderson Varejao,2010,"7,281,818.00"
Andray Blatche,2010,"5,900,000.00"
Andre Iguodala,2010,"12,345,250.00"
Andre Miller,2010,"7,269,264.00"
Andrea Bargnani,2010,"8,500,000.00"
Andrei Kirilenko,2010,"17,823,000.00"
Andres Nocioni,2010,"6,850,000.00"
Andrew Bogut,2010,"11,000,000.00"
Andrew Bynum,2010,"13,700,000.00"
Andris Biedrins,2010,"9,000,000.00"
Andy Rautins,2010,"600,000.00"
Antawn Jamison,2010,"13,358,905.00"
Anthony Carter,2010,"1,352,181.00"
Anthony Morrow,2010,"4,000,000.00"
Anthony Parker,2010,"2,855,700.00"
Anthony Randolph,2010,"1,965,720.00"
Anthony Tolliver,2010,"2,200,000.00"
Antoine Wright,2010,"992,680.00"
Antonio McDyess,2010,"4,860,000.00"
Armon Johnson,2010,"473,604.00"
Arron Afflalo,2010,"1,959,577.00"
Austin Daye,2010,"1,803,720.00"
Avery Bradley,2010,"1,418,160.00"
Baron Davis,2010,"13,000,000.00"
Ben Gordon,2010,"10,800,000.00"
Ben Uzoh,2010,"473,604.00"
Ben Wallace,2010,"2,080,000.00"
Beno Udrih,2010,"6,478,600.00"
BJ Mullens,2010,"1,204,200.00"
Blake Griffin,2010,"5,357,280.00"
Bobby Simmons,2010,"71,951.00"
Boris Diaw,2010,"9,000,000.00"
Brad Miller,2010,"4,400,000.00"
Brandan Wright,2010,"3,398,072.00"
Brandon Bass,2010,"4,000,000.00"
Brandon Jennings,2010,"2,331,120.00"
Brandon Roy,2010,"13,520,500.00"
Brandon Rush,2010,"2,069,049.00"
Brendan Haywood,2010,"6,900,000.00"
Brian Cardinal,2010,"1,352,181.00"
Brian Cook,2010,"1,146,337.00"
Brian Scalabrine,2010,"1,229,255.00"
Brian Skinner,2010,"270,436.00"
Brook Lopez,2010,"2,413,320.00"
C.J. Watson,2010,"3,100,000.00"
Carl Landry,2010,"3,000,000.00"
Carlos Arroyo,2010,"1,223,166.00"
Carlos Boozer,2010,"14,400,000.00"
Carlos Delfino,2010,"3,500,000.00"
Carmelo Anthony,2010,"17,149,243.00"
Caron Butler,2010,"10,561,960.00"
Cartier Martin,2010,"854,389.00"
Channing Frye,2010,"5,200,000.00"
Charlie Bell,2010,"4,447,792.00"
Charlie Villanueva,2010,"7,020,000.00"
Chase Budinger,2010,"780,871.00"
Chauncey Billups,2010,"13,150,000.00"
Chris Andersen,2010,"4,533,300.00"
Chris Bosh,2010,"14,500,000.00"
Chris Douglas-Roberts,2010,"854,389.00"
Chris Duhon,2010,"3,500,000.00"
Chris Johnson,2010,"164,368.00"
Chris Kaman,2010,"11,800,000.00"
Chris Paul,2010,"14,940,153.00"
Chris Quinn,2010,"861,978.00"
Chris Wilcox,2010,"3,000,000.00"
Christian Eyenga,2010,"1,020,960.00"
Chuck Hayes,2010,"1,972,500.00"
CJ Miles,2010,"3,700,000.00"
CJ Watson,2010,"3,100,000.00"
Cole Aldrich,2010,"2,126,520.00"
Corey Brewer,2010,"3,703,472.00"
Corey Maggette,2010,"9,600,000.00"
Courtney Lee,2010,"1,409,040.00"
Craig Brackins,2010,"1,306,920.00"
Craig Smith,2010,"2,300,000.00"
Daequan Cook,2010,"2,169,857.00"
Dahntay Jones,2010,"2,500,000.00"
DaJuan Summers,2010,"762,195.00"
Damien Wilkins,2010,"748,656.00"
Damion James,2010,"1,156,320.00"
Dan Gadzuric,2010,"7,248,325.00"
Daniel Gibson,2010,"4,015,334.00"
Daniel Orton,2010,"1,028,400.00"
Danilo Gallinari,2010,"3,304,560.00"
Danny Granger,2010,"10,973,202.00"
Danny Green,2010,"94,154.00"
Dante Cunningham,2010,"762,195.00"
Darington Hobson,2010,"103,078.00"
Darius Songaila,2010,"4,818,000.00"
Darko Milicic,2010,"4,325,000.00"
Darnell Jackson,2010,"854,389.00"
Darrell Arthur,2010,"1,123,680.00"
Darren Collison,2010,"1,361,040.00"
Da'Sean Butler,2010,"473,604.00"
David Andersen,2010,"2,500,000.00"
David Lee,2010,"10,800,000.00"
David West,2010,"8,287,500.00"
DeAndre Jordan,2010,"854,389.00"
DeJuan Blair,2010,"918,000.00"
Delonte West,2010,"1,069,509.00"
DeMar DeRozan,2010,"2,453,880.00"
DeMarcus Cousins,2010,"3,374,640.00"
DeMarre Carroll,2010,"1,085,400.00"
Derek Fisher,2010,"3,700,000.00"
Deron Williams,2010,"14,940,152.00"
Derrick Brown,2010,"762,195.00"
Derrick Caracter,2010,"473,604.00"
Derrick Favors,2010,"4,133,280.00"
Derrick Rose,2010,"5,546,160.00"
DeSagana Diop,2010,"6,478,600.00"
DeShawn Stevenson,2010,"4,151,786.00"
Devin Ebanks,2010,"473,604.00"
Devin Harris,2010,"8,981,000.00"
Dexter Pittman,2010,"473,604.00"
Didier Ilunga-Mbenga,2010,"1,069,509.00"
Dirk Nowitzki,2010,"17,278,618.00"
DJ Augustin,2010,"2,540,400.00"
DJ Mbenga,2010,"1,069,509.00"
DJ White,2010,"1,108,680.00"
Dominic McGuire,2010,"884,120.00"
Dominique Jones,2010,"1,110,120.00"
Donte Greene,2010,"1,116,840.00"
Dorell Wright,2010,"3,500,000.00"
Drew Gooden,2010,"5,760,000.00"
Dwight Howard,2010,"16,647,180.00"
Dwyane Wade,2010,"14,200,000.00"
Earl Barron,2010,"188,558.00"
Earl Boykins,2010,"1,352,181.00"
Earl Clark,2010,"1,898,760.00"
Earl Watson,2010,"1,229,255.00"
Ed Davis,2010,"1,919,160.00"
Eddie House,2010,"1,352,181.00"
Eddy Curry,2010,"11,530,592.00"
Eduardo Najera,2010,"3,000,000.00"
Ekpe Udoh,2010,"3,065,040.00"
Elliot Williams,2010,"1,254,720.00"
Elton Brand,2010,"15,959,099.00"
Emeka Okafor,2010,"11,495,000.00"
Eric Bledsoe,2010,"1,485,000.00"
Eric Gordon,2010,"3,016,680.00"
Eric Maynor,2010,"1,417,800.00"
Erick Dampier,2010,"1,129,469.00"
Ersan Ilyasova,2010,"2,320,500.00"
Etan Thomas,2010,"1,223,166.00"
Evan Turner,2010,"4,602,720.00"
Fabricio Oberto,2010,"992,680.00"
Francisco Elson,2010,"1,146,337.00"
Francisco Garcia,2010,"5,500,000.00"
Gani Lawal,2010,"473,640.00"
Garret Siler,2010,"473,640.00"
Garrett Temple,2010,"170,373.00"
Gary Forbes,2010,"473,604.00"
Gary Neal,2010,"525,000.00"
George Hill,2010,"1,157,160.00"
Gerald Henderson,2010,"2,103,840.00"
Gerald Wallace,2010,"10,500,000.00"
Gilbert Arenas,2010,"17,730,694.00"
Glen Davis,2010,"3,300,000.00"
Goran Dragic,2010,"1,972,000.00"
Gordon Hayward,2010,"2,356,320.00"
Grant Hill,2010,"3,324,000.00"
Greg Monroe,2010,"2,798,040.00"
Greg Oden,2010,"6,760,524.00"
Greivis Vasquez,2010,"1,035,960.00"
Hakim Warrick,2010,"4,250,000.00"
Hamady N'Diaye,2010,"473,604.00"
Hamed Haddadi,2010,"1,600,000.00"
Hasheem Thabeet,2010,"4,793,280.00"
Hassan Whiteside,2010,"730,437.00"
Henry Walker,2010,"854,389.00"
Hidayet Turkoglu,2010,"10,215,850.00"
Hilton Armstrong,2010,"992,680.00"
Ian Mahinmi,2010,"762,196.00"
Ike Diogu,2010,"608,772.00"
Ime Udoka,2010,"264,232.00"
Ishmael Smith,2010,"473,604.00"
J.J. Barea,2010,"1,815,000.00"
Jamaal Magloire,2010,"1,229,255.00"
Jamaal Tinsley,2010,"5,500,000.00"
Jamal Crawford,2010,"10,800,000.00"
Jamario Moon,2010,"3,000,000.00"
Jameer Nelson,2010,"7,800,000.00"
James Anderson,2010,"1,361,400.00"
James Harden,2010,"4,304,520.00"
James Johnson,2010,"1,713,600.00"
James Jones,2010,"1,069,509.00"
James Posey,2010,"7,148,800.00"
Jared Dudley,2010,"2,151,068.00"
Jared Jeffries,2010,"6,883,800.00"
Jarrett Jack,2010,"4,600,000.00"
Jarron Collins,2010,"643,551.00"
Jason Collins,2010,"1,352,181.00"
Jason Kapono,2010,"6,641,440.00"
Jason Kidd,2010,"8,610,500.00"
Jason Maxiell,2010,"5,000,000.00"
Jason Richardson,2010,"14,444,444.00"
Jason Smith,2010,"2,187,913.00"
Jason Terry,2010,"10,650,000.00"
Jason Thompson,2010,"2,178,000.00"
Jason Williams,2010,"1,877,145.00"
JaVale McGee,2010,"1,601,040.00"
Jawad Williams,2010,"321,652.00"
Jeff Adrien,2010,"342,666.00"
Jeff Foster,2010,"6,655,000.00"
Jeff Green,2010,"4,455,988.00"
Jeff Teague,2010,"1,476,840.00"
Jeremy Evans,2010,"473,604.00"
Jeremy Lin,2010,"473,604.00"
Jermaine O'Neal,2010,"5,765,000.00"
Jermaine Taylor,2010,"780,871.00"
Jerry Stackhouse,2010,"222,712.00"
Jerryd Bayless,2010,"2,292,600.00"
JJ Hickson,2010,"1,528,920.00"
JJ Redick,2010,"7,250,000.00"
Joakim Noah,2010,"3,128,536.00"
Jodie Meeks,2010,"762,195.00"
Joe Alexander,2010,"90,465.00"
Joe Johnson,2010,"16,324,500.00"
Joe Smith,2010,"1,352,181.00"
Joel Anthony,2010,"3,300,000.00"
Joel Przybilla,2010,"7,405,300.00"
Joey Dorsey,2010,"854,389.00"
Joey Graham,2010,"992,680.00"
Johan Petro,2010,"3,250,000.00"
John Lucas,2010,"208,264.00"
John Salmons,2010,"8,000,000.00"
John Wall,2010,"5,144,280.00"
Jon Brockman,2010,"1,000,000.00"
Jonas Jerebko,2010,"762,195.00"
Jonny Flynn,2010,"3,192,000.00"
Jordan Crawford,2010,"1,042,320.00"
Jordan Farmar,2010,"3,750,000.00"
Jordan Hill,2010,"2,669,520.00"
Jose Calderon,2010,"9,000,000.00"
Jose Juan Barea,2010,"1,815,000.00"
Josh Childress,2010,"6,500,000.00"
Josh Howard,2010,"3,000,000.00"
Josh McRoberts,2010,"885,120.00"
Josh Powell,2010,"1,069,609.00"
Josh Smith,2010,"11,600,000.00"
JR Smith,2010,"6,757,851.00"
Jrue Holiday,2010,"1,627,920.00"
Julian Wright,2010,"2,858,057.00"
Juwan Howard,2010,"1,352,181.00"
Keith Bogans,2010,"1,600,000.00"
Kelenna Azubuike,2010,"3,300,000.00"
Kendrick Perkins,2010,"4,640,208.00"
Kenyon Martin,2010,"16,545,454.00"
Kevin Durant,2010,"6,053,663.00"
Kevin Garnett,2010,"18,800,000.00"
Kevin Love,2010,"3,638,280.00"
Kevin Martin,2010,"11,100,005.00"
Kevin Seraphin,2010,"1,563,120.00"
Keyon Dooling,2010,"2,000,000.00"
Kirk Hinrich,2010,"9,000,000.00"
Kobe Bryant,2010,"24,806,250.00"
Kosta Koufos,2010,"1,352,640.00"
Kris Humphries,2010,"3,200,000.00"
Kurt Thomas,2010,"1,352,181.00"
Kwame Brown,2010,"1,229,255.00"
Kyle Korver,2010,"5,000,000.00"
Kyle Lowry,2010,"5,750,000.00"
Kyrylo Fesenko,2010,"1,087,500.00"
Lamar Odom,2010,"8,200,000.00"
LaMarcus Aldridge,2010,"11,244,000.00"
Lance Stephenson,2010,"750,000.00"
Landry Fields,2010,"473,604.00"
Larry Owens,2010,"55,718.00"
Larry Sanders,2010,"1,731,960.00"
Lazar Hayward,2010,"1,020,960.00"
Leandro Barbosa,2010,"7,100,000.00"
LeBron James,2010,"14,500,000.00"
Leon Powe,2010,"915,852.00"
Lester Hudson,2010,"192,791.00"
Linas Kleiza,2010,"4,995,000.00"
Lou Amundson,2010,"2,225,000.00"
Lou Williams,2010,"5,000,000.00"
Louis Amundson,2010,"2,225,000.00"
Louis Williams,2010,"5,000,000.00"
Luc Mbah a Moute,2010,"854,389.00"
Luis Scola,2010,"7,775,378.00"
Luke Babbitt,2010,"1,645,440.00"
Luke Harangody,2010,"473,604.00"
Luke Ridnour,2010,"4,000,000.00"
Luke Walton,2010,"5,260,000.00"
Luol Deng,2010,"11,345,000.00"
Luther Head,2010,"992,680.00"
Malik Allen,2010,"1,229,255.00"
Manny Harris,2010,"473,604.00"
Manu Ginobili,2010,"11,854,584.00"
Marc Gasol,2010,"3,480,000.00"
Marcin Gortat,2010,"6,322,320.00"
Marco Belinelli,2010,"2,380,270.00"
Marcus Banks,2010,"4,847,586.00"
Marcus Camby,2010,"11,749,832.00"
Marcus Thornton,2010,"762,195.00"
Mario Chalmers,2010,"854,389.00"
Marko Jaric,2010,"7,625,000.00"
Marquis Daniels,2010,"2,470,000.00"
Marreese Speights,2010,"1,773,960.00"
Martell Webster,2010,"4,800,000.00"
Marvin Williams,2010,"6,712,500.00"
Matt Barnes,2010,"1,765,000.00"
Matt Bonner,2010,"3,000,000.00"
Matt Carroll,2010,"4,300,000.00"
Matt Janning,2010,"58,504.00"
Maurice Ager,2010,"83,305.00"
Maurice Evans,2010,"2,500,000.00"
Maurice Williams,2010,"9,300,000.00"
Mehmet Okur,2010,"9,945,000.00"
Melvin Ely,2010,"1,223,166.00"
Metta World Peace,2010,"6,322,320.00"
Michael Beasley,2010,"4,962,240.00"
Michael Redd,2010,"18,300,000.00"
Mickael Pietrus,2010,"5,300,000.00"
Mike Bibby,2010,"5,564,767.00"
Mike Conley,2010,"4,913,007.00"
Mike Dunleavy,2010,"10,561,984.00"
Mike Miller,2010,"5,000,000.00"
Monta Ellis,2010,"11,000,000.00"
Morris Peterson,2010,"6,665,000.00"
Mustafa Shakur,2010,"89,670.00"
Nate Robinson,2010,"4,200,000.00"
Nazr Mohammed,2010,"6,883,800.00"
Nenê,2010,"11,360,000.00"
Nenad Krstic,2010,"5,543,116.00"
Nene Hilario,2010,"11,360,000.00"
Nick Collison,2010,"13,250,000.00"
Nick Young,2010,"2,630,503.00"
Nicolas Batum,2010,"1,196,760.00"
Nikola Pekovic,2010,"4,000,000.00"
OJ Mayo,2010,"4,456,200.00"
Omer Asik,2010,"1,721,000.00"
Omri Casspi,2010,"1,254,480.00"
Pape Sy,2010,"473,604.00"
Patrick Beverley,2010,"473,604.00"
Patrick Mills,2010,"937,195.00"
Patrick Patterson,2010,"1,823,280.00"
Pau Gasol,2010,"17,823,000.00"
Paul George,2010,"2,238,360.00"
Paul Millsap,2010,"7,600,000.00"
Paul Pierce,2010,"13,876,321.00"
Pooh Jeter,2010,"473,604.00"
Pops Mensah-Bonsu,2010,"364,461.00"
Predrag Stojakovic,2010,"15,532,320.00"
Quentin Richardson,2010,"2,265,000.00"
Quincy Pondexter,2010,"1,073,280.00"
Quinton Ross,2010,"1,146,337.00"
Raja Bell,2010,"3,000,000.00"
Rajon Rondo,2010,"9,090,911.00"
Ramon Sessions,2010,"3,964,320.00"
Randy Foye,2010,"4,250,000.00"
Rashard Lewis,2010,"19,573,711.00"
Rasheed Wallace,2010,"6,322,320.00"
Rasual Butler,2010,"2,400,000.00"
Ray Allen,2010,"10,000,000.00"
Raymond Felton,2010,"7,500,000.00"
Reggie Evans,2010,"5,080,000.00"
Reggie Williams,2010,"762,195.00"
Renaldo Balkman,2010,"1,675,000.00"
Richard Hamilton,2010,"12,500,000.00"
Richard Jefferson,2010,"8,400,000.00"
Robin Lopez,2010,"1,867,320.00"
Rodney Carney,2010,"651,872.00"
Rodney Stuckey,2010,"2,767,126.00"
Rodrigue Beaubois,2010,"1,156,080.00"
Roger Mason,2010,"1,400,000.00"
Ronald Dupree,2010,"58,393.00"
Ronnie Brewer,2010,"4,790,000.00"
Ronnie Price,2010,"1,380,000.00"
Ronny Turiaf,2010,"4,000,000.00"
Roy Hibbert,2010,"1,685,280.00"
Royal Ivey,2010,"1,200,000.00"
Rudy Fernandez,2010,"1,246,680.00"
Rudy Gay,2010,"13,603,750.00"
Russell Westbrook,2010,"4,017,720.00"
Ryan Anderson,2010,"1,409,040.00"
Ryan Gomes,2010,"4,000,000.00"
Ryan Hollins,2010,"2,333,333.00"
Sam Young,2010,"886,000.00"
Samardo Samuels,2010,"500,000.00"
Samuel Dalembert,2010,"13,428,129.00"
Sasha Vujacic,2010,"5,475,113.00"
Sean Marks,2010,"1,264,687.00"
Sebastian Telfair,2010,"2,700,000.00"
Semih Erden,2010,"473,604.00"
Serge Ibaka,2010,"1,204,200.00"
Shane Battier,2010,"7,354,500.00"
Shannon Brown,2010,"2,200,000.00"
Shaquille O'Neal,2010,"1,352,181.00"
Shaun Livingston,2010,"3,500,000.00"
Shawn Marion,2010,"7,305,500.00"
Shawne Williams,2010,"885,210.00"
Shelden Williams,2010,"915,852.00"
Sherron Collins,2010,"473,604.00"
Solomon Alabi,2010,"770,000.00"
Solomon Jones,2010,"1,500,000.00"
Sonny Weems,2010,"854,389.00"
Spencer Hawes,2010,"2,974,320.00"
Stephen Curry,2010,"2,913,840.00"
Stephen Graham,2010,"992,680.00"
Stephen Jackson,2010,"8,453,250.00"
Steve Blake,2010,"4,000,000.00"
Steve Nash,2010,"10,310,938.00"
Steve Novak,2010,"734,945.00"
Sundiata Gaines,2010,"327,296.00"
T.J. Ford,2010,"8,500,000.00"
Taj Gibson,2010,"1,117,680.00"
Tayshaun Prince,2010,"11,148,760.00"
Terrence Williams,2010,"2,214,480.00"
Terrico White,2010,"473,604.00"
Thabo Sefolosha,2010,"3,250,000.00"
Thaddeus Young,2010,"2,901,241.00"
Theo Ratliff,2010,"1,352,181.00"
Tiago Splitter,2010,"3,400,000.00"
Tim Duncan,2010,"18,700,000.00"
Timofey Mozgov,2010,"3,567,096.00"
TJ Ford,2010,"8,500,000.00"
Toney Douglas,2010,"1,071,000.00"
Tony Allen,2010,"3,000,000.00"
Tony Battie,2010,"1,352,181.00"
Tony Parker,2010,"13,500,000.00"
Tracy McGrady,2010,"1,352,181.00"
Travis Outlaw,2010,"7,000,000.00"
Trevor Ariza,2010,"6,322,320.00"
Trevor Booker,2010,"1,204,560.00"
Trey Johnson,2010,"89,670.00"
Troy Murphy,2010,"11,968,253.00"
Ty Lawson,2010,"1,546,560.00"
Tyler Hansbrough,2010,"1,998,600.00"
Tyreke Evans,2010,"3,880,920.00"
Tyrus Thomas,2010,"6,611,570.00"
Tyson Chandler,2010,"12,600,000.00"
Udonis Haslem,2010,"3,500,000.00"
Vince Carter,2010,"17,300,000.00"
Vladimir Radmanovic,2010,"6,883,800.00"
Von Wafer,2010,"915,852.00"
Wayne Ellington,2010,"1,078,800.00"
Wesley Johnson,2010,"3,726,600.00"
Wesley Matthews,2010,"5,765,000.00"
Will Bynum,2010,"3,250,000.00"
Willie Green,2010,"3,976,000.00"
Willie Warren,2010,"500,000.00"
Wilson Chandler,2010,"2,130,482.00"
Xavier Henry,2010,"2,020,200.00"
Yao Ming,2010,"17,686,100.00"
Yi Jianlian,2010,"4,050,499.00"
Zabian Dowdell,2010,"242,374.00"
Zach Randolph,2010,"17,666,666.00"
Zaza Pachulia,2010,"4,251,250.00"
Zydrunas Ilgauskas,2010,"1,352,181.00"
Aaron Gray,2011,"2,500,000.00"
AJ Price,2011,"854,389.00"
Al Harrington,2011,"6,226,200.00"
Al Horford,2011,"12,000,000.00"
Al Jefferson,2011,"14,000,000.00"
Alec Burks,2011,"2,020,200.00"
Aleksandar Pavlovic,2011,"1,223,166.00"
Al-Farouq Aminu,2011,"2,755,560.00"
Alonzo Gee,2011,"854,389.00"
Amare Stoudemire,2011,"18,217,705.00"
Amar'e Stoudemire,2011,"18,217,705.00"
Amir Johnson,2011,"5,500,000.00"
Anderson Varejao,2011,"7,700,000.00"
Andray Blatche,2011,"6,442,083.00"
Andre Emmett,2011,"61,433.00"
Andre Iguodala,2011,"13,531,750.00"
Andre Miller,2011,"7,807,728.00"
Andrea Bargnani,2011,"9,250,000.00"
Andres Nocioni,2011,"6,650,000.00"
Andrew Bogut,2011,"12,000,000.00"
Andrew Bynum,2011,"14,900,000.00"
Andrew Goudelock,2011,"473,604.00"
Andris Biedrins,2011,"9,000,000.00"
Andy Rautins,2011,"788,872.00"
Antawn Jamison,2011,"15,076,715.00"
Anthony Carter,2011,"1,352,181.00"
Anthony Morrow,2011,"4,000,000.00"
Anthony Parker,2011,"2,250,000.00"
Anthony Randolph,2011,"2,911,231.00"
Anthony Tolliver,2011,"2,050,000.00"
Antonio McDyess,2011,"2,640,000.00"
Armon Johnson,2011,"762,195.00"
Arron Afflalo,2011,"7,562,500.00"
Austin Daye,2011,"1,929,600.00"
Avery Bradley,2011,"1,524,480.00"
Baron Davis,2011,"15,252,181.00"
Ben Gordon,2011,"11,600,000.00"
Ben Uzoh,2011,"61,433.00"
Ben Wallace,2011,"2,246,400.00"
Beno Udrih,2011,"6,925,400.00"
Bismack Biyombo,2011,"2,798,040.00"
BJ Mullens,2011,"1,288,200.00"
Blake Griffin,2011,"5,731,080.00"
Bobby Simmons,2011,"594,836.00"
Boris Diaw,2011,"9,000,000.00"
Brad Miller,2011,"4,752,000.00"
Brandan Wright,2011,"915,852.00"
Brandon Bass,2011,"4,250,000.00"
Brandon Jennings,2011,"2,493,720.00"
Brandon Knight,2011,"2,563,320.00"
Brandon Roy,2011,"16,032,144.00"
Brandon Rush,2011,"2,956,658.00"
Brendan Haywood,2011,"7,624,500.00"
Brian Cardinal,2011,"1,352,181.00"
Brian Cook,2011,"1,223,166.00"
Brian Scalabrine,2011,"1,352,181.00"
Brian Skinner,2011,"65,446.00"
Brook Lopez,2011,"3,076,983.00"
C.J. Watson,2011,"3,400,000.00"
Carl Landry,2011,"8,500,000.00"
Carldell Johnson,2011,"168,035.00"
Carlos Boozer,2011,"13,500,000.00"
Carlos Delfino,2011,"3,500,000.00"
Carmelo Anthony,2011,"18,518,574.00"
Caron Butler,2011,"8,000,000.00"
Chandler Parsons,2011,"850,000.00"
Channing Frye,2011,"5,600,000.00"
Charles Jenkins,2011,"473,604.00"
Charlie Bell,2011,"4,099,920.00"
Charlie Villanueva,2011,"7,540,000.00"
Chase Budinger,2011,"854,389.00"
Chauncey Billups,2011,"14,200,000.00"
Chris Andersen,2011,"4,234,000.00"
Chris Bosh,2011,"16,022,500.00"
Chris Duhon,2011,"3,500,000.00"
Chris Johnson,2011,"762,195.00"
Chris Kaman,2011,"14,030,000.00"
Chris Paul,2011,"16,359,805.00"
Chris Singleton,2011,"1,485,000.00"
Chris Wilcox,2011,"3,000,000.00"
Chris Wright,2011,"473,604.00"
Christian Eyenga,2011,"1,097,520.00"
Chuck Hayes,2011,"5,250,000.00"
CJ Miles,2011,"3,700,000.00"
CJ Watson,2011,"3,400,000.00"
Cole Aldrich,2011,"2,286,000.00"
Corey Brewer,2011,"3,059,000.00"
Corey Maggette,2011,"10,262,069.00"
Cory Higgins,2011,"473,604.00"
Cory Joseph,2011,"1,028,400.00"
Courtney Fortson,2011,"42,009.00"
Courtney Lee,2011,"2,225,093.00"
Craig Brackins,2011,"1,404,960.00"
Craig Smith,2011,"992,680.00"
D.J. Augustin,2011,"3,236,470.00"
Daequan Cook,2011,"3,341,558.00"
Dahntay Jones,2011,"2,700,000.00"
DaJuan Summers,2011,"303,137.00"
Damien Wilkins,2011,"1,146,337.00"
Damion James,2011,"1,243,080.00"
Daniel Gibson,2011,"4,403,834.00"
Daniel Orton,2011,"1,105,560.00"
Danilo Gallinari,2011,"4,190,182.00"
Danny Granger,2011,"12,015,904.00"
Danny Green,2011,"854,389.00"
Dante Cunningham,2011,"2,000,000.00"
Darington Hobson,2011,"245,884.00"
Darius Morris,2011,"473,604.00"
Darko Milicic,2011,"4,776,500.00"
Darrell Arthur,2011,"2,027,119.00"
Darren Collison,2011,"1,455,960.00"
David Lee,2011,"11,610,000.00"
David West,2011,"10,000,000.00"
DeAndre Jordan,2011,"10,079,404.00"
DeAndre Liggins,2011,"473,604.00"
DeJuan Blair,2011,"986,000.00"
Delonte West,2011,"1,146,337.00"
DeMar DeRozan,2011,"2,625,000.00"
DeMarcus Cousins,2011,"3,627,720.00"
DeMarre Carroll,2011,"833,713.00"
Dennis Horner,2011,"91,642.00"
Derek Fisher,2011,"3,400,000.00"
Deron Williams,2011,"16,359,805.00"
Derrick Brown,2011,"854,389.00"
Derrick Caracter,2011,"270,427.00"
Derrick Favors,2011,"4,443,360.00"
Derrick Rose,2011,"6,993,708.00"
Derrick Williams,2011,"4,602,720.00"
DeSagana Diop,2011,"6,925,400.00"
DeShawn Stevenson,2011,"2,500,000.00"
Devin Ebanks,2011,"762,195.00"
Devin Harris,2011,"9,319,000.00"
Dexter Pittman,2011,"762,195.00"
Dirk Nowitzki,2011,"19,092,873.00"
DJ Augustin,2011,"3,236,470.00"
DJ White,2011,"2,001,167.00"
Dominic McGuire,2011,"915,852.00"
Dominique Jones,2011,"1,193,280.00"
Donald Sloan,2011,"198,629.00"
Donte Greene,2011,"2,015,896.00"
Dorell Wright,2011,"3,823,000.00"
Drew Gooden,2011,"6,226,200.00"
Dwight Howard,2011,"18,091,770.00"
Dwyane Wade,2011,"15,691,000.00"
Earl Barron,2011,"185,588.00"
Earl Clark,2011,"1,160,000.00"
Earl Watson,2011,"2,000,000.00"
Ed Davis,2011,"2,063,040.00"
Eddie House,2011,"1,352,181.00"
Eddy Curry,2011,"1,229,255.00"
Eduardo Najera,2011,"2,750,000.00"
Ekpe Udoh,2011,"3,294,960.00"
Elliot Williams,2011,"1,348,800.00"
Elton Brand,2011,"17,059,727.00"
Emeka Okafor,2011,"12,541,812.00"
Enes Kanter,2011,"4,133,280.00"
Eric Bledsoe,2011,"1,596,360.00"
Eric Gordon,2011,"3,831,184.00"
Eric Maynor,2011,"1,516,680.00"
Erick Dampier,2011,"850,522.00"
Ersan Ilyasova,2011,"2,541,000.00"
E'Twaun Moore,2011,"473,604.00"
Evan Turner,2011,"4,947,840.00"
Francisco Elson,2011,"305,792.00"
Francisco Garcia,2011,"5,800,000.00"
Garret Siler,2011,"51,097.00"
Gary Forbes,2011,"1,500,000.00"
Gary Neal,2011,"762,195.00"
George Hill,2011,"2,086,360.00"
Gerald Green,2011,"516,999.00"
Gerald Henderson,2011,"2,250,600.00"
Gerald Wallace,2011,"9,500,000.00"
Gilbert Arenas,2011,"19,269,307.00"
Glen Davis,2011,"6,300,000.00"
Goran Dragic,2011,"2,108,000.00"
Gordon Hayward,2011,"2,532,960.00"
Grant Hill,2011,"6,500,000.00"
Greg Monroe,2011,"3,007,920.00"
Greg Oden,2011,"1,500,000.00"
Greg Smith,2011,"301,733.00"
Greg Stiemsma,2011,"762,195.00"
Greivis Vasquez,2011,"1,113,600.00"
Gustavo Ayon,2011,"1,567,500.00"
Hakim Warrick,2011,"4,000,000.00"
Hamady N'Diaye,2011,"270,427.00"
Hamed Haddadi,2011,"1,300,000.00"
Hasheem Thabeet,2011,"5,127,720.00"
Hassan Whiteside,2011,"762,195.00"
Henry Walker,2011,"885,120.00"
Hidayet Turkoglu,2011,"11,015,850.00"
Ian Mahinmi,2011,"915,852.00"
Ike Diogu,2011,"64,028.00"
Iman Shumpert,2011,"1,563,120.00"
Isaiah Thomas,2011,"473,604.00"
Ishmael Smith,2011,"639,254.00"
Ivan Johnson,2011,"473,604.00"
J.J. Barea,2011,"4,300,000.00"
JaJuan Johnson,2011,"1,042,320.00"
Jamaal Magloire,2011,"1,352,181.00"
Jamaal Tinsley,2011,"1,229,255.00"
Jamal Crawford,2011,"5,000,000.00"
Jameer Nelson,2011,"7,800,000.00"
James Anderson,2011,"1,463,520.00"
James Harden,2011,"4,604,760.00"
James Johnson,2011,"1,833,120.00"
James Jones,2011,"1,500,000.00"
James Posey,2011,"7,595,600.00"
Jan Vesely,2011,"3,065,040.00"
Jannero Pargo,2011,"1,223,166.00"
Jared Dudley,2011,"4,250,000.00"
Jared Jeffries,2011,"1,229,255.00"
Jarrett Jack,2011,"5,000,000.00"
Jason Collins,2011,"1,352,181.00"
Jason Kapono,2011,"1,223,166.00"
Jason Kidd,2011,"10,121,000.00"
Jason Maxiell,2011,"5,000,000.00"
Jason Richardson,2011,"5,395,000.00"
Jason Smith,2011,"2,500,000.00"
Jason Terry,2011,"11,158,000.00"
Jason Thompson,2011,"3,001,284.00"
JaVale McGee,2011,"2,462,400.00"
Jeff Adrien,2011,"270,427.00"
Jeff Ayres,2011,"1,500,000.00"
Jeff Foote,2011,"225,341.00"
Jeff Foster,2011,"3,000,000.00"
Jeff Teague,2011,"1,579,920.00"
Jeremy Evans,2011,"762,195.00"
Jeremy Lin,2011,"762,195.00"
Jeremy Pargo,2011,"1,000,000.00"
Jeremy Tyler,2011,"650,000.00"
Jermaine O'Neal,2011,"6,226,200.00"
Jerome Jordan,2011,"473,604.00"
Jerry Stackhouse,2011,"1,352,181.00"
Jerryd Bayless,2011,"3,042,280.00"
Jimmer Fredette,2011,"2,238,360.00"
Jimmy Butler,2011,"1,020,960.00"
JJ Hickson,2011,"2,354,537.00"
JJ Redick,2011,"6,750,000.00"
Joakim Noah,2011,"12,000,000.00"
Jodie Meeks,2011,"854,389.00"
Joe Johnson,2011,"18,038,573.00"
Joel Anthony,2011,"3,600,000.00"
Joel Przybilla,2011,"1,145,027.00"
Johan Petro,2011,"3,250,000.00"
John Lucas,2011,"915,852.00"
John Lucas III,2011,"915,852.00"
John Salmons,2011,"8,500,000.00"
John Wall,2011,"5,530,080.00"
Jon Brockman,2011,"1,000,000.00"
Jon Leuer,2011,"473,604.00"
Jonas Jerebko,2011,"4,500,000.00"
Jonny Flynn,2011,"3,414,720.00"
Jordan Crawford,2011,"1,120,440.00"
Jordan Farmar,2011,"4,000,000.00"
Jordan Hamilton,2011,"1,073,286.00"
Jordan Hill,2011,"2,855,760.00"
Jordan Williams,2011,"473,604.00"
Jose Calderon,2011,"9,780,992.00"
Jose Juan Barea,2011,"4,300,000.00"
Josh Childress,2011,"6,000,000.00"
Josh Davis,2011,"314,041.00"
Josh Harrellson,2011,"473,604.00"
Josh Howard,2011,"2,150,000.00"
Josh McRoberts,2011,"3,000,000.00"
Josh Selby,2011,"550,000.00"
Josh Smith,2011,"12,400,000.00"
JR Smith,2011,"2,382,353.00"
Jrue Holiday,2011,"1,741,440.00"
Julyan Stone,2011,"473,604.00"
Justin Harper,2011,"473,604.00"
Juwan Howard,2011,"1,352,181.00"
Kawhi Leonard,2011,"1,731,960.00"
Keith Bogans,2011,"848,266.00"
Kemba Walker,2011,"2,356,320.00"
Kendrick Perkins,2011,"7,123,626.00"
Kenneth Faried,2011,"1,254,720.00"
Kenyon Martin,2011,"2,500,000.00"
Kevin Durant,2011,"15,506,632.00"
Kevin Garnett,2011,"21,247,044.00"
Kevin Love,2011,"4,609,701.00"
Kevin Martin,2011,"11,519,840.00"
Kevin Seraphin,2011,"1,680,360.00"
Keyon Dooling,2011,"2,246,400.00"
Kirk Hinrich,2011,"8,100,000.00"
Klay Thompson,2011,"2,126,520.00"
Kobe Bryant,2011,"25,244,493.00"
Kosta Koufos,2011,"2,203,792.00"
Kris Humphries,2011,"8,000,000.00"
Kurt Thomas,2011,"1,352,181.00"
Kwame Brown,2011,"6,750,000.00"
Kyle Korver,2011,"5,000,000.00"
Kyle Lowry,2011,"5,750,000.00"
Kyrie Irving,2011,"5,144,280.00"
Lamar Odom,2011,"8,900,000.00"
LaMarcus Aldridge,2011,"12,372,000.00"
Lance Stephenson,2011,"810,000.00"
Lance Thomas,2011,"328,444.00"
Landry Fields,2011,"762,195.00"
Larry Hughes,2011,"414,443.00"
Larry Owens,2011,"86,052.00"
Larry Sanders,2011,"1,861,920.00"
Lavoy Allen,2011,"473,604.00"
Lazar Hayward,2011,"1,097,520.00"
Leandro Barbosa,2011,"7,600,000.00"
LeBron James,2011,"16,022,500.00"
Linas Kleiza,2011,"4,605,000.00"
Lou Amundson,2011,"2,403,000.00"
Lou Williams,2011,"5,176,000.00"
Louis Amundson,2011,"2,403,000.00"
Louis Williams,2011,"5,176,000.00"
Luc Mbah a Moute,2011,"5,000,000.00"
Luis Scola,2011,"8,591,793.00"
Luke Babbitt,2011,"1,768,800.00"
Luke Harangody,2011,"762,195.00"
Luke Ridnour,2011,"3,680,000.00"
Luke Walton,2011,"5,680,000.00"
Luol Deng,2011,"12,325,000.00"
Malcolm Lee,2011,"500,000.00"
Malcolm Thomas,2011,"103,104.00"
Manny Harris,2011,"122,942.00"
Manu Ginobili,2011,"12,981,038.00"
Marc Gasol,2011,"12,922,194.00"
Marcin Gortat,2011,"6,790,640.00"
Marco Belinelli,2011,"3,377,604.00"
Marcus Camby,2011,"11,227,250.00"
Marcus Morris,2011,"1,823,280.00"
Marcus Thornton,2011,"7,000,000.00"
Mario Chalmers,2011,"4,000,000.00"
Markieff Morris,2011,"1,919,160.00"
Marquis Daniels,2011,"1,223,166.00"
Marreese Speights,2011,"2,721,255.00"
MarShon Brooks,2011,"1,110,120.00"
Martell Webster,2011,"5,256,000.00"
Marvin Williams,2011,"7,500,000.00"
Matt Barnes,2011,"1,906,200.00"
Matt Bonner,2011,"3,315,000.00"
Matt Carroll,2011,"3,900,000.00"
Maurice Evans,2011,"1,223,166.00"
Maurice Williams,2011,"8,500,000.00"
Mehmet Okur,2011,"10,890,000.00"
Metta World Peace,2011,"6,790,640.00"
Michael Beasley,2011,"6,262,347.00"
Michael Redd,2011,"1,308,506.00"
Mickael Pietrus,2011,"6,523,166.00"
Mickell Gladness,2011,"248,263.00"
Mike Bibby,2011,"1,352,181.00"
Mike Conley,2011,"6,611,571.00"
Mike Dunleavy,2011,"3,750,000.00"
Mike James,2011,"277,566.00"
Mike Miller,2011,"5,400,000.00"
Mo Williams,2011,"8,500,000.00"
Monta Ellis,2011,"11,000,000.00"
Mychel Thompson,2011,"168,035.00"
Nate Robinson,2011,"5,483,307.00"
Nazr Mohammed,2011,"3,750,000.00"
Nenê,2011,"13,000,000.00"
Nick Collison,2011,"3,272,997.00"
Nick Young,2011,"3,695,857.00"
Nicolas Batum,2011,"2,155,365.00"
Nikola Pekovic,2011,"4,503,600.00"
Nikola Vucevic,2011,"1,645,400.00"
Nolan Smith,2011,"1,306,920.00"
Norris Cole,2011,"1,035,960.00"
O.J. Mayo,2011,"5,632,637.00"
OJ Mayo,2011,"5,632,637.00"
Omer Asik,2011,"1,857,500.00"
Omri Casspi,2011,"1,341,960.00"
Patrick Patterson,2011,"1,959,960.00"
Pau Gasol,2011,"18,714,150.00"
Paul George,2011,"2,406,240.00"
Paul Millsap,2011,"8,103,435.00"
Paul Pierce,2011,"15,333,334.00"
Quentin Richardson,2011,"2,446,600.00"
Quincy Pondexter,2011,"1,153,800.00"
Raja Bell,2011,"3,240,000.00"
Rajon Rondo,2011,"10,045,455.00"
Ramon Sessions,2011,"4,257,973.00"
Randy Foye,2011,"4,250,000.00"
Rashard Lewis,2011,"21,136,631.00"
Rasual Butler,2011,"1,229,255.00"
Ray Allen,2011,"10,000,000.00"
Raymond Felton,2011,"7,560,000.00"
Reggie Evans,2011,"1,229,255.00"
Reggie Jackson,2011,"1,156,320.00"
Reggie Williams,2011,"2,500,000.00"
Renaldo Balkman,2011,"1,675,000.00"
Richard Hamilton,2011,"17,500,000.00"
Richard Jefferson,2011,"9,282,000.00"
Ricky Rubio,2011,"3,480,120.00"
Robin Lopez,2011,"2,862,602.00"
Rodney Stuckey,2011,"8,500,000.00"
Rodrigue Beaubois,2011,"1,236,720.00"
Roger Mason,2011,"1,146,337.00"
Roger Mason Jr.,2011,"1,146,337.00"
Ronnie Brewer,2011,"4,710,000.00"
Ronnie Price,2011,"1,069,509.00"
Ronny Turiaf,2011,"4,360,000.00"
Roy Hibbert,2011,"2,588,590.00"
Royal Ivey,2011,"1,200,000.00"
Rudy Fernandez,2011,"2,180,443.00"
Rudy Gay,2011,"15,032,144.00"
Russell Westbrook,2011,"5,082,416.00"
Ryan Anderson,2011,"2,244,601.00"
Ryan Gomes,2011,"4,000,000.00"
Ryan Hollins,2011,"2,483,333.00"
Ryan Reid,2011,"475,000.00"
Sam Young,2011,"947,800.00"
Samardo Samuels,2011,"762,195.00"
Samuel Dalembert,2011,"7,000,000.00"
Sasha Pavlovic,2011,"1,223,166.00"
Sean Williams,2011,"885,120.00"
Sebastian Telfair,2011,"1,500,000.00"
Semih Erden,2011,"762,195.00"
Serge Ibaka,2011,"1,288,200.00"
Shane Battier,2011,"3,000,000.00"
Shannon Brown,2011,"3,500,000.00"
Shaun Livingston,2011,"3,500,000.00"
Shawn Marion,2011,"8,022,449.00"
Shawne Williams,2011,"3,000,000.00"
Shelden Williams,2011,"992,680.00"
Shelvin Mack,2011,"473,604.00"
Solomon Alabi,2011,"830,000.00"
Solomon Jones,2011,"440,353.00"
Spencer Hawes,2011,"4,051,024.00"
Stephen Curry,2011,"3,117,120.00"
Stephen Jackson,2011,"9,256,500.00"
Steve Blake,2011,"4,000,000.00"
Steve Nash,2011,"11,689,062.00"
Steve Novak,2011,"992,680.00"
Sundiata Gaines,2011,"854,389.00"
Taj Gibson,2011,"1,195,680.00"
Tayshaun Prince,2011,"6,292,135.00"
Terrel Harris,2011,"473,604.00"
Terrence Williams,2011,"2,369,040.00"
Thabo Sefolosha,2011,"3,300,000.00"
Thaddeus Young,2011,"7,478,261.00"
Tiago Splitter,2011,"3,672,000.00"
Tim Duncan,2011,"21,164,619.00"
Timofey Mozgov,2011,"3,343,896.00"
TJ Ford,2011,"1,146,337.00"
Tobias Harris,2011,"1,418,160.00"
Toney Douglas,2011,"1,145,640.00"
Tony Allen,2011,"3,150,000.00"
Tony Battie,2011,"1,352,181.00"
Tony Parker,2011,"12,500,000.00"
Tracy McGrady,2011,"1,352,181.00"
Travis Leslie,2011,"473,604.00"
Travis Outlaw,2011,"7,000,000.00"
Trevor Ariza,2011,"6,790,640.00"
Trevor Booker,2011,"1,294,920.00"
Trey Thompkins,2011,"473,604.00"
Tristan Thompson,2011,"3,726,600.00"
Troy Murphy,2011,"1,352,181.00"
Ty Lawson,2011,"1,654,440.00"
Tyler Hansbrough,2011,"2,138,040.00"
Tyler Honeycutt,2011,"775,000.00"
Tyreke Evans,2011,"4,151,640.00"
Tyrus Thomas,2011,"7,305,765.00"
Tyson Chandler,2011,"13,107,837.00"
Udonis Haslem,2011,"3,780,000.00"
Vernon Macklin,2011,"473,604.00"
Vince Carter,2011,"21,300,000.00"
Vladimir Radmanovic,2011,"1,352,181.00"
Von Wafer,2011,"992,680.00"
Walker Russell,2011,"374,289.00"
Wayne Ellington,2011,"1,154,040.00"
Wesley Johnson,2011,"4,006,080.00"
Wesley Matthews,2011,"6,135,160.00"
Will Bynum,2011,"3,250,000.00"
Willie Green,2011,"1,223,166.00"
Xavier Henry,2011,"2,171,640.00"
Yi Jianlian,2011,"827,197.00"
Zach Randolph,2011,"15,200,000.00"
Zaza Pachulia,2011,"4,750,000.00"
Aaron Brooks,2012,"5,750,000.00"
Aaron Gray,2012,"2,575,000.00"
AJ Price,2012,"885,120.00"
Al Harrington,2012,"6,687,400.00"
Al Horford,2012,"12,000,000.00"
Al Jefferson,2012,"15,000,000.00"
Alan Anderson,2012,"885,120.00"
Alec Burks,2012,"2,171,640.00"
Aleksandar Pavlovic,2012,"1,232,713.00"
Alexey Shved,2012,"3,017,943.00"
Al-Farouq Aminu,2012,"2,947,800.00"
Alonzo Gee,2012,"3,500,000.00"
Amare Stoudemire,2012,"19,948,799.00"
Amir Johnson,2012,"6,000,000.00"
Anderson Varejao,2012,"8,400,000.00"
Andray Blatche,2012,"7,972,891.00"
Andre Drummond,2012,"2,356,320.00"
Andre Iguodala,2012,"14,718,250.00"
Andre Miller,2012,"5,000,000.00"
Andrea Bargnani,2012,"10,000,000.00"
Andrei Kirilenko,2012,"9,779,349.00"
Andrew Bogut,2012,"13,150,000.00"
Andrew Bynum,2012,"16,473,002.00"
Andrew Goudelock,2012,"44,835.00"
Andrew Nicholson,2012,"1,418,160.00"
Andris Biedrins,2012,"9,000,000.00"
Antawn Jamison,2012,"1,352,181.00"
Anthony Davis,2012,"5,144,280.00"
Anthony Morrow,2012,"4,000,000.00"
Anthony Randolph,2012,"1,674,641.00"
Anthony Tolliver,2012,"915,852.00"
Arnett Moultrie,2012,"1,042,320.00"
Aron Baynes,2012,"239,588.00"
Arron Afflalo,2012,"7,562,500.00"
Austin Daye,2012,"2,958,444.00"
Austin Rivers,2012,"2,238,360.00"
Avery Bradley,2012,"1,630,800.00"
Baron Davis,2012,"14,850,000.00"
Ben Gordon,2012,"12,400,000.00"
Ben Hansbrough,2012,"473,604.00"
Beno Udrih,2012,"7,810,000.00"
Bernard James,2012,"473,604.00"
Bismack Biyombo,2012,"3,007,920.00"
BJ Mullens,2012,"2,253,061.00"
Blake Griffin,2012,"7,226,891.00"
Boris Diaw,2012,"4,500,000.00"
Brad Miller,2012,"848,000.00"
Bradley Beal,2012,"4,133,280.00"
Brandan Wright,2012,"992,680.00"
Brandon Bass,2012,"6,500,000.00"
Brandon Jennings,2012,"3,179,493.00"
Brandon Knight,2012,"2,755,560.00"
Brandon Roy,2012,"21,459,805.00"
Brandon Rush,2012,"4,000,000.00"
Brendan Haywood,2012,"8,349,000.00"
Brian Roberts,2012,"473,604.00"
Brook Lopez,2012,"13,668,000.00"
C.J. Watson,2012,"992,680.00"
Carl Landry,2012,"4,000,000.00"
Carlos Boozer,2012,"15,000,000.00"
Carlos Delfino,2012,"3,000,000.00"
Carmelo Anthony,2012,"19,450,000.00"
Caron Butler,2012,"8,000,000.00"
Cartier Martin,2012,"915,852.00"
Chandler Parsons,2012,"888,250.00"
Channing Frye,2012,"6,000,000.00"
Charles Jenkins,2012,"762,195.00"
Charlie Villanueva,2012,"8,060,000.00"
Chase Budinger,2012,"942,293.00"
Chauncey Billups,2012,"3,000,000.00"
Chris Andersen,2012,"5,225,952.00"
Chris Bosh,2012,"17,545,000.00"
Chris Copeland,2012,"473,604.00"
Chris Douglas-Roberts,2012,"72,892.00"
Chris Duhon,2012,"3,680,000.00"
Chris Johnson,2012,"508,586.00"
Chris Kaman,2012,"8,000,000.00"
Chris Paul,2012,"17,779,457.00"
Chris Quinn,2012,"169,339.00"
Chris Singleton,2012,"1,596,360.00"
Chris Wilcox,2012,"1,352,181.00"
Chris Wright,2012,"27,859.00"
Christian Eyenga,2012,"1,174,080.00"
Chuck Hayes,2012,"5,486,250.00"
CJ Miles,2012,"2,225,000.00"
CJ Watson,2012,"992,680.00"
Cole Aldrich,2012,"2,445,480.00"
Corey Brewer,2012,"3,243,000.00"
Corey Maggette,2012,"10,924,138.00"
Cory Higgins,2012,"762,195.00"
Cory Joseph,2012,"1,105,560.00"
Courtney Lee,2012,"5,000,000.00"
D.J. Augustin,2012,"3,500,000.00"
Daequan Cook,2012,"3,602,675.00"
Dahntay Jones,2012,"2,900,000.00"
DaJuan Summers,2012,"177,024.00"
Damian Lillard,2012,"3,065,040.00"
Damien Wilkins,2012,"1,223,166.00"
Damion James,2012,"50,258.00"
Daniel Gibson,2012,"4,792,332.00"
Daniel Orton,2012,"762,195.00"
Danilo Gallinari,2012,"9,439,000.00"
Danny Granger,2012,"13,058,606.00"
Danny Green,2012,"3,500,000.00"
Dante Cunningham,2012,"2,090,000.00"
Darius Johnson-Odom,2012,"195,013.00"
Darius Miller,2012,"473,604.00"
Darius Morris,2012,"937,195.00"
Darko Milicic,2012,"6,457,255.00"
Darrell Arthur,2012,"3,006,217.00"
Darren Collison,2012,"2,319,344.00"
David Lee,2012,"12,744,000.00"
David West,2012,"10,000,000.00"
DeAndre Jordan,2012,"10,532,977.00"
DeAndre Liggins,2012,"762,195.00"
DeJuan Blair,2012,"1,054,000.00"
Delonte West,2012,"1,223,166.00"
DeMar DeRozan,2012,"3,344,250.00"
DeMarcus Cousins,2012,"3,880,800.00"
DeMarre Carroll,2012,"885,120.00"
DeQuan Jones,2012,"473,604.00"
Derek Fisher,2012,"1,519,214.00"
Deron Williams,2012,"17,177,795.00"
Derrick Favors,2012,"4,753,320.00"
Derrick Rose,2012,"16,402,500.00"
Derrick Williams,2012,"4,947,840.00"
DeSagana Diop,2012,"7,372,200.00"
DeShawn Stevenson,2012,"2,240,450.00"
Devin Ebanks,2012,"1,040,000.00"
Devin Harris,2012,"8,500,000.00"
Dexter Pittman,2012,"854,389.00"
Diante Garrett,2012,"473,604.00"
Dion Waiters,2012,"3,726,600.00"
Dionte Christmas,2012,"236,800.00"
Dirk Nowitzki,2012,"20,907,128.00"
DJ Augustin,2012,"3,500,000.00"
DJ White,2012,"263,980.00"
Dominic McGuire,2012,"1,195,578.00"
Dominique Jones,2012,"1,276,560.00"
Donald Sloan,2012,"300,395.00"
Donatas Motiejunas,2012,"1,361,400.00"
Dorell Wright,2012,"4,106,000.00"
Doron Lamb,2012,"650,000.00"
Draymond Green,2012,"850,000.00"
Drew Gooden,2012,"6,680,000.00"
Dwight Howard,2012,"19,261,200.00"
Dwyane Wade,2012,"17,024,000.00"
Earl Barron,2012,"339,726.00"
Earl Clark,2012,"1,240,000.00"
Earl Watson,2012,"2,000,000.00"
Ed Davis,2012,"2,207,040.00"
Eddy Curry,2012,"31,629.00"
Ekpe Udoh,2012,"3,524,880.00"
Elliot Williams,2012,"1,442,880.00"
Elton Brand,2012,"18,160,354.00"
Emeka Okafor,2012,"13,543,250.00"
Enes Kanter,2012,"4,443,360.00"
Eric Bledsoe,2012,"1,707,720.00"
Eric Gordon,2012,"13,668,750.00"
Eric Maynor,2012,"2,338,720.00"
Ersan Ilyasova,2012,"7,900,000.00"
E'Twaun Moore,2012,"762,195.00"
Evan Fournier,2012,"1,361,400.00"
Evan Turner,2012,"5,293,080.00"
Fab Melo,2012,"1,254,720.00"
Festus Ezeli,2012,"1,020,960.00"
Francisco Garcia,2012,"6,100,000.00"
Garrett Temple,2012,"572,943.00"
Gary Forbes,2012,"1,500,000.00"
Gary Neal,2012,"972,000.00"
George Hill,2012,"8,000,000.00"
Gerald Green,2012,"3,500,000.00"
Gerald Henderson,2012,"3,101,326.00"
Gerald Wallace,2012,"9,682,435.00"
Gilbert Arenas,2012,"20,807,922.00"
Glen Davis,2012,"6,400,000.00"
Goran Dragic,2012,"7,500,000.00"
Gordon Hayward,2012,"2,709,720.00"
Grant Hill,2012,"1,957,000.00"
Greg Monroe,2012,"3,217,680.00"
Greg Smith,2012,"762,195.00"
Greg Stiemsma,2012,"2,575,000.00"
Greivis Vasquez,2012,"1,191,240.00"
Gustavo Ayon,2012,"1,500,000.00"
Hakim Warrick,2012,"4,000,000.00"
Hamed Haddadi,2012,"1,300,000.00"
Harrison Barnes,2012,"2,798,040.00"
Hasheem Thabeet,2012,"885,120.00"
Henry Sims,2012,"25,073.00"
Hidayet Turkoglu,2012,"11,815,850.00"
Ian Mahinmi,2012,"4,000,000.00"
Iman Shumpert,2012,"1,680,360.00"
Isaiah Thomas,2012,"762,195.00"
Ishmael Smith,2012,"985,000.00"
Ivan Johnson,2012,"962,195.00"
J.J. Barea,2012,"4,493,500.00"
Jae Crowder,2012,"600,491.00"
JaJuan Johnson,2012,"1,120,440.00"
Jamaal Tinsley,2012,"1,352,181.00"
Jamal Crawford,2012,"5,000,000.00"
Jameer Nelson,2012,"8,600,000.00"
James Anderson,2012,"902,002.00"
James Harden,2012,"5,820,416.00"
James Johnson,2012,"2,812,006.00"
James White,2012,"854,389.00"
Jan Vesely,2012,"3,294,960.00"
Jannero Pargo,2012,"696,446.00"
Jared Cunningham,2012,"1,156,320.00"
Jared Dudley,2012,"4,250,000.00"
Jared Jeffries,2012,"1,475,106.00"
Jared Sullinger,2012,"1,306,920.00"
Jarrett Jack,2012,"5,580,000.00"
Jarvis Varnado,2012,"314,806.00"
Jason Collins,2012,"1,352,181.00"
Jason Kidd,2012,"3,090,000.00"
Jason Maxiell,2012,"5,000,000.00"
Jason Richardson,2012,"5,799,625.00"
Jason Smith,2012,"2,500,000.00"
Jason Terry,2012,"5,000,000.00"
Jason Thompson,2012,"5,250,000.00"
JaVale McGee,2012,"10,000,000.00"
Jeff Adrien,2012,"653,356.00"
Jeff Ayres,2012,"854,389.00"
Jeff Green,2012,"8,100,000.00"
Jeff Teague,2012,"2,433,076.00"
Jeffery Taylor,2012,"550,000.00"
Jerel McNeal,2012,"61,289.00"
Jeremy Evans,2012,"1,795,000.00"
Jeremy Lamb,2012,"2,020,200.00"
Jeremy Lin,2012,"5,000,000.00"
Jeremy Pargo,2012,"1,313,845.00"
Jeremy Tyler,2012,"762,195.00"
Jermaine O'Neal,2012,"1,352,181.00"
Jerry Stackhouse,2012,"1,352,181.00"
Jerryd Bayless,2012,"3,100,000.00"
Jimmer Fredette,2012,"2,406,240.00"
Jimmy Butler,2012,"1,097,520.00"
JJ Hickson,2012,"4,000,000.00"
JJ Redick,2012,"6,000,000.00"
Joakim Noah,2012,"11,050,000.00"
Jodie Meeks,2012,"1,400,000.00"
Joe Johnson,2012,"19,752,645.00"
Joel Anthony,2012,"3,750,000.00"
Joel Freeland,2012,"2,900,000.00"
Joel Przybilla,2012,"1,352,181.00"
Johan Petro,2012,"3,500,000.00"
John Henson,2012,"1,823,280.00"
John Jenkins,2012,"1,204,560.00"
John Lucas,2012,"1,500,000.00"
John Lucas III,2012,"1,500,000.00"
John Salmons,2012,"8,080,000.00"
John Wall,2012,"5,915,880.00"
Jon Brockman,2012,"1,000,000.00"
Jon Leuer,2012,"762,195.00"
Jonas Jerebko,2012,"4,500,000.00"
Jonas Valanciunas,2012,"3,374,640.00"
Jordan Crawford,2012,"1,198,680.00"
Jordan Farmar,2012,"1,500,000.00"
Jordan Hamilton,2012,"1,153,800.00"
Jordan Hill,2012,"3,500,000.00"
Jordan Williams,2012,"420,000.00"
Jose Calderon,2012,"11,046,591.00"
Jose Juan Barea,2012,"4,493,000.00"
Josh Akognon,2012,"41,788.00"
Josh Childress,2012,"6,890,056.00"
Josh Harrellson,2012,"358,680.00"
Josh Howard,2012,"1,113,560.00"
Josh McRoberts,2012,"3,135,000.00"
Josh Selby,2012,"762,195.00"
Josh Smith,2012,"13,200,000.00"
JR Smith,2012,"2,806,452.00"
Jrue Holiday,2012,"2,674,851.00"
Julyan Stone,2012,"762,195.00"
Justin Dentmon,2012,"44,835.00"
Justin Harper,2012,"762,195.00"
Justin Holiday,2012,"76,220.00"
Juwan Howard,2012,"373,838.00"
Kawhi Leonard,2012,"1,861,920.00"
Keith Bogans,2012,"854,389.00"
Kelenna Azubuike,2012,"992,680.00"
Kemba Walker,2012,"2,532,960.00"
Kendall Marshall,2012,"1,919,160.00"
Kendrick Perkins,2012,"7,800,531.00"
Kenneth Faried,2012,"1,348,800.00"
Kent Bazemore,2012,"473,604.00"
Kenyon Martin,2012,"429,516.00"
Kevin Durant,2012,"17,548,838.00"
Kevin Garnett,2012,"12,467,532.00"
Kevin Jones,2012,"390,000.00"
Kevin Love,2012,"13,668,750.00"
Kevin Martin,2012,"12,939,675.00"
Kevin Murphy,2012,"473,604.00"
Kevin Seraphin,2012,"1,797,600.00"
Keyon Dooling,2012,"1,471,491.00"
Khris Middleton,2012,"473,604.00"
Kim English,2012,"473,604.00"
Kirk Hinrich,2012,"3,941,000.00"
Klay Thompson,2012,"2,222,160.00"
Kobe Bryant,2012,"27,849,000.00"
Kosta Koufos,2012,"3,000,000.00"
Kris Humphries,2012,"12,000,000.00"
Kris Joseph,2012,"225,657.00"
Kurt Thomas,2012,"1,352,181.00"
Kwame Brown,2012,"3,000,000.00"
Kyle Korver,2012,"5,000,000.00"
Kyle Lowry,2012,"5,750,000.00"
Kyle O'Quinn,2012,"788,872.00"
Kyle Singler,2012,"1,000,000.00"
Kyrie Irving,2012,"5,530,080.00"
Lamar Odom,2012,"8,200,000.00"
LaMarcus Aldridge,2012,"13,000,000.00"
Lance Stephenson,2012,"915,243.00"
Lance Thomas,2012,"762,195.00"
Landry Fields,2012,"5,000,000.00"
Larry Sanders,2012,"1,991,760.00"
Lavoy Allen,2012,"3,000,000.00"
Lazar Hayward,2012,"1,209,260.00"
Leandro Barbosa,2012,"1,229,255.00"
LeBron James,2012,"17,545,000.00"
Linas Kleiza,2012,"4,600,000.00"
Lou Williams,2012,"5,000,000.00"
Louis Amundson,2012,"1,365,196.00"
Louis Williams,2012,"5,000,000.00"
Luc Mbah a Moute,2012,"4,794,192.00"
Luis Scola,2012,"4,500,000.00"
Luke Babbitt,2012,"1,892,280.00"
Luke Harangody,2012,"1,054,389.00"
Luke Ridnour,2012,"4,000,000.00"
Luke Walton,2012,"6,091,363.00"
Luke Zeller,2012,"473,604.00"
Luol Deng,2012,"13,326,700.00"
Maalik Wayns,2012,"334,308.00"
Malcolm Lee,2012,"762,195.00"
Malcolm Thomas,2012,"179,340.00"
Manu Ginobili,2012,"14,107,492.00"
Marc Gasol,2012,"13,891,359.00"
Marcin Gortat,2012,"7,258,960.00"
Marco Belinelli,2012,"1,957,000.00"
Marcus Camby,2012,"4,590,338.00"
Marcus Morris,2012,"1,959,960.00"
Marcus Thornton,2012,"7,632,500.00"
Mario Chalmers,2012,"4,000,000.00"
Markieff Morris,2012,"2,063,040.00"
Marquis Daniels,2012,"1,229,255.00"
Marquis Teague,2012,"857,000.00"
Marreese Speights,2012,"4,200,000.00"
MarShon Brooks,2012,"1,193,280.00"
Martell Webster,2012,"2,200,000.00"
Marvin Williams,2012,"8,287,500.00"
Matt Barnes,2012,"854,389.00"
Matt Bonner,2012,"3,630,000.00"
Matt Carroll,2012,"3,500,000.00"
Maurice Williams,2012,"8,500,000.00"
Metta World Peace,2012,"7,258,960.00"
Meyers Leonard,2012,"2,126,520.00"
Michael Beasley,2012,"5,750,000.00"
Michael Kidd-Gilchrist,2012,"4,602,720.00"
Micheal Eric,2012,"300,000.00"
Mickael Gelabale,2012,"452,323.00"
Mickael Pietrus,2012,"1,005,096.00"
Mike Conley,2012,"7,180,000.00"
Mike Dunleavy,2012,"3,750,000.00"
Mike James,2012,"795,400.00"
Mike Miller,2012,"5,800,000.00"
Mike Scott,2012,"473,604.00"
Miles Plumlee,2012,"1,073,280.00"
Mirza Teletovic,2012,"3,090,000.00"
Mo Williams,2012,"8,500,000.00"
Moe Harkless,2012,"1,731,960.00"
Monta Ellis,2012,"11,000,000.00"
Nando De Colo,2012,"1,400,000.00"
Nate Robinson,2012,"1,146,337.00"
Nazr Mohammed,2012,"1,352,181.00"
Nenê,2012,"13,000,000.00"
Nene Hilario,2012,"13,000,000.00"
Nick Collison,2012,"2,929,332.00"
Nick Young,2012,"6,000,000.00"
Nicolas Batum,2012,"11,950,000.00"
Nikola Pekovic,2012,"4,640,000.00"
Nikola Vucevic,2012,"1,768,800.00"
Nolan Smith,2012,"1,404,960.00"
Norris Cole,2012,"1,113,600.00"
O.J. Mayo,2012,"4,020,000.00"
OJ Mayo,2012,"4,020,000.00"
Omer Asik,2012,"5,000,000.00"
Omri Casspi,2012,"2,277,306.00"
Orlando Johnson,2012,"550,000.00"
P.J. Tucker,2012,"762,195.00"
Pablo Prigioni,2012,"473,604.00"
Patrick Beverley,2012,"298,092.00"
Patrick Mills,2012,"1,085,120.00"
Patrick Patterson,2012,"2,096,760.00"
Patty Mills,2012,"1,085,120.00"
Pau Gasol,2012,"19,000,000.00"
Paul George,2012,"2,574,120.00"
Paul Millsap,2012,"7,200,000.00"
Paul Pierce,2012,"16,790,345.00"
Perry Jones,2012,"1,035,960.00"
PJ Tucker,2012,"762,195.00"
Quentin Richardson,2012,"2,706,940.00"
Quincy Acy,2012,"665,000.00"
Quincy Miller,2012,"473,604.00"
Quincy Pondexter,2012,"1,234,320.00"
Raja Bell,2012,"3,480,000.00"
Rajon Rondo,2012,"11,000,000.00"
Ramon Sessions,2012,"5,000,000.00"
Randy Foye,2012,"2,500,000.00"
Rashard Lewis,2012,"15,052,181.00"
Rasheed Wallace,2012,"1,352,181.00"
Ray Allen,2012,"3,090,000.00"
Raymond Felton,2012,"4,000,000.00"
Reggie Evans,2012,"1,622,618.00"
Reggie Jackson,2012,"1,243,080.00"
Reggie Williams,2012,"2,500,000.00"
Renaldo Balkman,2012,"1,675,000.00"
Richard Hamilton,2012,"10,500,000.00"
Richard Jefferson,2012,"10,164,000.00"
Ricky Rubio,2012,"3,741,120.00"
Robert Sacre,2012,"473,604.00"
Robin Lopez,2012,"4,899,293.00"
Rodney Stuckey,2012,"8,500,000.00"
Rodrigue Beaubois,2012,"2,227,332.00"
Roger Mason,2012,"1,229,255.00"
Ronnie Brewer,2012,"1,069,509.00"
Ronnie Price,2012,"1,146,337.00"
Ronny Turiaf,2012,"1,146,337.00"
Roy Hibbert,2012,"13,668,750.00"
Royal Ivey,2012,"1,223,166.00"
Royce White,2012,"1,645,440.00"
Rudy Gay,2012,"16,460,532.00"
Russell Westbrook,2012,"13,668,750.00"
Ryan Anderson,2012,"8,700,000.00"
Ryan Gomes,2012,"4,000,000.00"
Ryan Hollins,2012,"1,069,509.00"
Sam Young,2012,"761,319.00"
Samardo Samuels,2012,"346,781.00"
Samuel Dalembert,2012,"6,700,000.00"
Sasha Pavlovic,2012,"1,232,713.00"
Scott Machado,2012,"225,657.00"
Sebastian Telfair,2012,"1,567,500.00"
Serge Ibaka,2012,"2,253,061.00"
Shane Battier,2012,"3,135,000.00"
Shannon Brown,2012,"3,500,000.00"
Shaun Livingston,2012,"2,038,446.00"
Shavlik Randolph,2012,"280,286.00"
Shawn Marion,2012,"8,646,364.00"
Shawne Williams,2012,"3,158,000.00"
Shelvin Mack,2012,"761,800.00"
Solomon Jones,2012,"62,912.00"
Spencer Hawes,2012,"6,500,000.00"
Stephen Curry,2012,"3,958,742.00"
Stephen Jackson,2012,"10,060,000.00"
Steve Blake,2012,"4,000,000.00"
Steve Nash,2012,"8,900,000.00"
Steve Novak,2012,"4,054,055.00"
Taj Gibson,2012,"2,155,811.00"
Tayshaun Prince,2012,"6,764,045.00"
Terrel Harris,2012,"304,878.00"
Terrence Jones,2012,"1,485,000.00"
Terrence Ross,2012,"2,563,320.00"
Terrence Williams,2012,"296,775.00"
Thabo Sefolosha,2012,"3,600,000.00"
Thaddeus Young,2012,"8,039,130.00"
Thomas Robinson,2012,"3,374,640.00"
Tiago Splitter,2012,"3,944,000.00"
Tim Duncan,2012,"9,638,554.00"
Tim Ohlbrecht,2012,"142,081.00"
Timofey Mozgov,2012,"2,794,621.00"
Tobias Harris,2012,"1,524,480.00"
Toney Douglas,2012,"2,067,880.00"
Tony Allen,2012,"3,300,000.00"
Tony Parker,2012,"12,500,000.00"
Tony Wroten,2012,"1,110,120.00"
Tornike Shengelia,2012,"473,604.00"
Tracy McGrady,2012,"79,540.00"
Travis Leslie,2012,"294,835.00"
Travis Outlaw,2012,"7,000,000.00"
Trevor Ariza,2012,"7,258,960.00"
Trevor Booker,2012,"1,385,280.00"
Trey Thompkins,2012,"762,195.00"
Tristan Thompson,2012,"4,006,080.00"
Troy Murphy,2012,"226,619.00"
Ty Lawson,2012,"2,544,528.00"
Tyler Hansbrough,2012,"3,055,259.00"
Tyler Honeycutt,2012,"850,000.00"
Tyler Zeller,2012,"1,563,120.00"
Tyreke Evans,2012,"5,251,824.00"
Tyrus Thomas,2012,"8,000,000.00"
Tyshawn Taylor,2012,"473,604.00"
Tyson Chandler,2012,"13,604,188.00"
Udonis Haslem,2012,"4,060,000.00"
Victor Claver,2012,"1,254,720.00"
Vince Carter,2012,"3,120,000.00"
Vladimir Radmanovic,2012,"1,352,181.00"
Vyacheslav Kravtsov,2012,"1,500,000.00"
Wayne Ellington,2012,"2,083,042.00"
Wesley Johnson,2012,"4,285,560.00"
Wesley Matthews,2012,"6,505,320.00"
Will Barton,2012,"550,000.00"
Will Bynum,2012,"3,500,000.00"
Will Conroy,2012,"854,389.00"
Willie Green,2012,"1,375,000.00"
Wilson Chandler,2012,"5,930,415.00"
Xavier Henry,2012,"2,323,200.00"
Zach Randolph,2012,"16,500,000.00"
Zaza Pachulia,2012,"5,248,750.00"
Aaron Brooks,2013,"1,027,424.00"
Aaron Gray,2013,"2,612,500.00"
AJ Price,2013,"947,907.00"
Al Harrington,2013,"8,548,107.00"
Al Horford,2013,"12,000,000.00"
Al Jefferson,2013,"13,500,000.00"
Alan Anderson,2013,"947,907.00"
Alec Burks,2013,"2,323,200.00"
Alex Len,2013,"3,492,720.00"
Alexey Shved,2013,"3,066,667.00"
Alexis Ajinca,2013,"635,880.00"
Al-Farouq Aminu,2013,"3,700,000.00"
Allen Crabbe,2013,"825,000.00"
Alonzo Gee,2013,"3,250,000.00"
Amare Stoudemire,2013,"21,679,893.00"
Amar'e Stoudemire,2013,"21,679,893.00"
Amir Johnson,2013,"6,500,000.00"
Anderson Varejao,2013,"9,100,000.00"
Andray Blatche,2013,"9,170,525.00"
Andre Drummond,2013,"2,462,400.00"
Andre Iguodala,2013,"12,868,632.00"
Andre Miller,2013,"5,000,000.00"
Andre Roberson,2013,"1,110,840.00"
Andrea Bargnani,2013,"11,000,000.00"
Andrei Kirilenko,2013,"3,183,000.00"
Andrew Bogut,2013,"14,200,000.00"
Andrew Bynum,2013,"7,000,000.00"
Andrew Nicholson,2013,"1,482,000.00"
Andris Biedrins,2013,"9,000,000.00"
Antawn Jamison,2013,"1,399,507.00"
Anthony Bennett,2013,"5,324,280.00"
Anthony Davis,2013,"5,375,760.00"
Anthony Morrow,2013,"1,027,424.00"
Anthony Randolph,2013,"1,750,000.00"
Anthony Tolliver,2013,"1,027,424.00"
Archie Goodwin,2013,"1,064,400.00"
Arinze Onuaku,2013,"106,776.00"
Arnett Moultrie,2013,"1,089,240.00"
Aron Baynes,2013,"788,872.00"
Arron Afflalo,2013,"7,562,500.00"
Austin Daye,2013,"947,907.00"
Austin Rivers,2013,"2,339,040.00"
Avery Bradley,2013,"2,511,432.00"
Ben Gordon,2013,"13,200,000.00"
Ben McLemore,2013,"2,895,960.00"
Beno Udrih,2013,"1,272,279.00"
Bernard James,2013,"788,872.00"
Bismack Biyombo,2013,"3,217,680.00"
BJ Mullens,2013,"947,907.00"
Blake Griffin,2013,"16,402,500.00"
Boris Diaw,2013,"4,702,500.00"
Bradley Beal,2013,"4,319,280.00"
Brandan Wright,2013,"5,000,000.00"
Brandon Bass,2013,"6,750,000.00"
Brandon Davies,2013,"490,180.00"
Brandon Jennings,2013,"7,655,503.00"
Brandon Knight,2013,"2,947,800.00"
Brandon Roy,2013,"17,779,458.00"
Brandon Rush,2013,"4,000,000.00"
Brendan Haywood,2013,"7,073,500.00"
Brian Roberts,2013,"788,872.00"
Brook Lopez,2013,"14,694,000.00"
C.J. Watson,2013,"2,016,000.00"
Carl Landry,2013,"6,750,000.00"
Carlos Boozer,2013,"15,300,000.00"
Carlos Delfino,2013,"3,250,000.00"
Carmelo Anthony,2013,"21,490,000.00"
Caron Butler,2013,"8,386,992.00"
Carrick Felix,2013,"490,180.00"
Cartier Martin,2013,"1,003,248.00"
Casper Ware,2013,"69,201.00"
Chandler Parsons,2013,"926,500.00"
Channing Frye,2013,"6,400,000.00"
Charlie Villanueva,2013,"8,580,000.00"
Chase Budinger,2013,"5,000,000.00"
Chauncey Billups,2013,"2,500,000.00"
Chris Andersen,2013,"6,217,507.00"
Chris Babb,2013,"138,403.00"
Chris Bosh,2013,"19,067,500.00"
Chris Copeland,2013,"3,000,000.00"
Chris Douglas-Roberts,2013,"535,288.00"
Chris Duhon,2013,"1,500,000.00"
Chris Johnson,2013,"916,099.00"
Chris Kaman,2013,"3,183,000.00"
Chris Paul,2013,"18,668,431.00"
Chris Singleton,2013,"1,707,720.00"
Chris Smith,2013,"184,538.00"
Chris Wright,2013,"139,212.00"
Christapher Johnson,2013,"320,000.00"
Chuck Hayes,2013,"5,722,500.00"
CJ McCollum,2013,"2,316,720.00"
CJ Miles,2013,"2,225,000.00"
CJ Watson,2013,"2,016,000.00"
Cody Zeller,2013,"3,857,040.00"
Cole Aldrich,2013,"884,293.00"
Corey Brewer,2013,"4,500,000.00"
Cory Joseph,2013,"1,182,600.00"
Courtney Lee,2013,"5,225,000.00"
Damian Lillard,2013,"3,202,920.00"
Damion James,2013,"107,776.00"
Daniel Orton,2013,"369,322.00"
Danilo Gallinari,2013,"10,146,925.00"
Danny Granger,2013,"14,379,240.00"
Danny Green,2013,"3,762,500.00"
Dante Cunningham,2013,"2,180,000.00"
Darius Johnson-Odom,2013,"46,404.00"
Darius Miller,2013,"788,872.00"
Darius Morris,2013,"944,923.00"
Darrell Arthur,2013,"3,231,683.00"
Darren Collison,2013,"1,900,000.00"
David Lee,2013,"13,878,000.00"
David West,2013,"12,000,000.00"
DeAndre Jordan,2013,"10,986,550.00"
DeAndre Liggins,2013,"88,429.00"
DeJuan Blair,2013,"941,000.00"
DeMar DeRozan,2013,"9,500,000.00"
DeMarcus Cousins,2013,"4,916,973.00"
DeMarre Carroll,2013,"2,500,000.00"
Dennis Schroeder,2013,"1,617,840.00"
Derek Fisher,2013,"1,399,507.00"
Deron Williams,2013,"18,466,130.00"
Derrick Favors,2013,"6,008,106.00"
Derrick Rose,2013,"17,632,688.00"
Derrick Williams,2013,"5,293,080.00"
Devin Harris,2013,"1,272,279.00"
Dewayne Dedmon,2013,"256,623.00"
Dexter Pittman,2013,"107,776.00"
Diante Garrett,2013,"719,266.00"
Dion Waiters,2013,"3,894,240.00"
Dionte Christmas,2013,"490,180.00"
Dirk Nowitzki,2013,"22,721,381.00"
DJ Augustin,2013,"592,279.00"
DJ Stephens,2013,"28,834.00"
Donald Sloan,2013,"884,293.00"
Donatas Motiejunas,2013,"1,422,720.00"
Dorell Wright,2013,"3,000,000.00"
Doron Lamb,2013,"788,872.00"
Draymond Green,2013,"875,500.00"
Drew Gooden,2013,"7,091,619.00"
Dwight Buycks,2013,"700,000.00"
Dwight Howard,2013,"20,513,178.00"
Dwyane Wade,2013,"18,536,000.00"
Earl Clark,2013,"4,361,518.00"
Earl Watson,2013,"1,399,507.00"
Ed Davis,2013,"3,153,860.00"
Ekpe Udoh,2013,"4,469,547.00"
Elias Harris,2013,"100,000.00"
Elliot Williams,2013,"797,545.00"
Elton Brand,2013,"4,000,000.00"
Emeka Okafor,2013,"14,544,687.00"
Enes Kanter,2013,"4,753,320.00"
Eric Bledsoe,2013,"2,626,473.00"
Eric Gordon,2013,"14,283,844.00"
Eric Maynor,2013,"2,016,000.00"
Erik Murphy,2013,"455,580.00"
Ersan Ilyasova,2013,"7,900,000.00"
E'Twaun Moore,2013,"884,293.00"
Evan Fournier,2013,"1,422,720.00"
Evan Turner,2013,"6,679,866.00"
Fab Melo,2013,"1,311,240.00"
Festus Ezeli,2013,"1,066,920.00"
Francisco Garcia,2013,"1,265,977.00"
Gal Mekel,2013,"490,180.00"
Garrett Temple,2013,"916,099.00"
Gary Neal,2013,"3,250,000.00"
George Hill,2013,"8,000,000.00"
Gerald Green,2013,"3,500,000.00"
Gerald Henderson,2013,"6,000,000.00"
Gerald Wallace,2013,"10,105,855.00"
Giannis Antetokounmpo,2013,"1,792,560.00"
Gigi Datome,2013,"1,750,000.00"
Gilbert Arenas,2013,"22,346,536.00"
Glen Davis,2013,"6,750,000.00"
Glen Rice Jr,2013,"490,180.00"
Goran Dragic,2013,"7,500,000.00"
Gordon Hayward,2013,"3,452,183.00"
Gorgui Dieng,2013,"1,352,640.00"
Greg Monroe,2013,"4,086,453.00"
Greg Oden,2013,"1,027,424.00"
Greg Smith,2013,"884,293.00"
Greg Stiemsma,2013,"2,676,000.00"
Greivis Vasquez,2013,"2,150,188.00"
Gustavo Ayon,2013,"1,500,000.00"
Hamed Haddadi,2013,"200,000.00"
Harrison Barnes,2013,"2,923,920.00"
Hasheem Thabeet,2013,"1,200,000.00"
Henry Sims,2013,"788,872.00"
Hidayet Turkoglu,2013,"6,650,359.00"
Hilton Armstrong,2013,"296,138.00"
Hollis Thompson,2013,"490,180.00"
Ian Clark,2013,"490,180.00"
Ian Mahinmi,2013,"4,000,000.00"
Iman Shumpert,2013,"1,797,600.00"
Isaiah Canaan,2013,"570,515.00"
Isaiah Thomas,2013,"884,293.00"
Ish Smith,2013,"951,463.00"
Ishmael Smith,2013,"985,000.00"
J.J. Barea,2013,"4,687,000.00"
Jae Crowder,2013,"788,872.00"
Jamaal Franklin,2013,"535,000.00"
Jamaal Tinsley,2013,"139,951.00"
Jamal Crawford,2013,"5,225,000.00"
Jameer Nelson,2013,"8,600,000.00"
James Anderson,2013,"916,099.00"
James Harden,2013,"13,668,750.00"
James Johnson,2013,"507,409.00"
James Jones,2013,"1,500,000.00"
James Nunnally,2013,"57,668.00"
James Southerland,2013,"155,704.00"
Jan Vesely,2013,"3,524,880.00"
Jannero Pargo,2013,"1,399,507.00"
Jared Cunningham,2013,"1,301,208.00"
Jared Dudley,2013,"4,250,000.00"
Jared Sullinger,2013,"1,365,720.00"
Jarrett Jack,2013,"6,300,000.00"
Jarvis Varnado,2013,"310,908.00"
Jason Collins,2013,"436,316.00"
Jason Maxiell,2013,"2,500,000.00"
Jason Richardson,2013,"6,204,250.00"
Jason Smith,2013,"2,500,000.00"
Jason Terry,2013,"5,225,000.00"
Jason Thompson,2013,"5,643,750.00"
JaVale McGee,2013,"10,750,000.00"
Jeff Adrien,2013,"916,099.00"
Jeff Ayres,2013,"1,750,000.00"
Jeff Green,2013,"8,700,000.00"
Jeff Teague,2013,"8,000,000.00"
Jeff Withey,2013,"490,180.00"
Jeffery Taylor,2013,"788,872.00"
Jeremy Evans,2013,"1,660,000.00"
Jeremy Lamb,2013,"2,111,160.00"
Jeremy Lin,2013,"5,225,000.00"
Jeremy Tyler,2013,"556,584.00"
Jermaine O'Neal,2013,"2,000,000.00"
Jerryd Bayless,2013,"3,135,000.00"
Jimmer Fredette,2013,"2,813,399.00"
Jimmy Butler,2013,"1,174,080.00"
JJ Hickson,2013,"5,150,000.00"
JJ Redick,2013,"6,500,000.00"
Joakim Noah,2013,"11,600,000.00"
Jodie Meeks,2013,"1,550,000.00"
Joe Johnson,2013,"21,466,718.00"
Joel Anthony,2013,"3,800,000.00"
Joel Freeland,2013,"3,000,000.00"
John Henson,2013,"1,905,360.00"
John Jenkins,2013,"1,258,800.00"
John Lucas,2013,"1,600,000.00"
John Lucas III,2013,"1,600,000.00"
John Salmons,2013,"7,580,000.00"
John Wall,2013,"7,459,924.00"
Jon Leuer,2013,"900,000.00"
Jonas Jerebko,2013,"4,500,000.00"
Jonas Valanciunas,2013,"3,526,440.00"
Jordan Crawford,2013,"2,162,418.00"
Jordan Farmar,2013,"1,106,942.00"
Jordan Hamilton,2013,"1,234,320.00"
Jordan Hill,2013,"3,500,000.00"
Jorge Gutierrez,2013,"121,103.00"
Jose Calderon,2013,"6,791,570.00"
Jose Juan Barea,2013,"4,687,000.00"
Josh Childress,2013,"7,405,833.00"
Josh Harrellson,2013,"884,293.00"
Josh McRoberts,2013,"2,652,000.00"
Josh Smith,2013,"14,000,000.00"
JR Smith,2013,"5,565,000.00"
Jrue Holiday,2013,"11,000,000.00"
Julyan Stone,2013,"884,293.00"
Justin Hamilton,2013,"126,870.00"
Kawhi Leonard,2013,"1,991,760.00"
Keith Bogans,2013,"5,058,198.00"
Kelly Olynyk,2013,"1,986,360.00"
Kemba Walker,2013,"2,709,720.00"
Kendall Marshall,2013,"547,570.00"
Kendrick Perkins,2013,"8,477,437.00"
Kenneth Faried,2013,"1,442,880.00"
Kent Bazemore,2013,"762,195.00"
Kentavious Caldwell-Pope,2013,"2,653,080.00"
Kenyon Martin,2013,"1,399,507.00"
Kevin Durant,2013,"18,773,176.00"
Kevin Garnett,2013,"11,532,468.00"
Kevin Love,2013,"14,693,906.00"
Kevin Martin,2013,"6,500,000.00"
Kevin Seraphin,2013,"2,761,113.00"
Khris Middleton,2013,"788,872.00"
Kirk Hinrich,2013,"4,059,000.00"
Klay Thompson,2013,"3,245,151.00"
Kobe Bryant,2013,"30,453,000.00"
Kosta Koufos,2013,"3,000,000.00"
Kris Humphries,2013,"12,000,000.00"
Kwame Brown,2013,"3,000,000.00"
Kyle Korver,2013,"6,760,563.00"
Kyle Lowry,2013,"6,210,000.00"
Kyle O'Quinn,2013,"788,872.00"
Kyle Singler,2013,"1,045,000.00"
Kyrie Irving,2013,"5,915,880.00"
LaMarcus Aldridge,2013,"14,100,000.00"
Lance Stephenson,2013,"981,349.00"
Lance Thomas,2013,"884,293.00"
Landry Fields,2013,"5,225,000.00"
Larry Sanders,2013,"3,053,368.00"
Lavoy Allen,2013,"3,120,000.00"
Leandro Barbosa,2013,"650,359.00"
LeBron James,2013,"19,067,500.00"
Linas Kleiza,2013,"4,600,000.00"
Lou Williams,2013,"5,225,000.00"
Louis Williams,2013,"5,225,000.00"
Luc Mbah a Moute,2013,"4,588,384.00"
Luis Scola,2013,"4,500,000.00"
Luke Babbitt,2013,"387,995.00"
Luke Ridnour,2013,"4,320,000.00"
Luol Deng,2013,"14,312,125.00"
Maalik Wayns,2013,"361,952.00"
Malcolm Thomas,2013,"702,233.00"
Manny Harris,2013,"104,034.00"
Manu Ginobili,2013,"7,000,000.00"
Marc Gasol,2013,"14,860,523.00"
Marcin Gortat,2013,"7,727,280.00"
Marco Belinelli,2013,"2,750,000.00"
Marcus Camby,2013,"3,383,773.00"
Marcus Morris,2013,"2,096,760.00"
Marcus Morris Sr.,2013,"2,096,760.00"
Marcus Thornton,2013,"8,165,000.00"
Mario Chalmers,2013,"4,000,000.00"
Markieff Morris,2013,"2,207,040.00"
Marquis Teague,2013,"1,074,720.00"
Marreese Speights,2013,"3,500,000.00"
MarShon Brooks,2013,"1,276,560.00"
Martell Webster,2013,"5,150,000.00"
Marvin Williams,2013,"7,500,000.00"
Mason Plumlee,2013,"1,298,640.00"
Matt Barnes,2013,"3,250,000.00"
Matt Bonner,2013,"3,945,000.00"
Matthew Dellavedova,2013,"490,180.00"
Maurice Williams,2013,"2,652,000.00"
Melvin Ely,2013,"74,469.00"
Metta World Peace,2013,"9,317,280.00"
Meyers Leonard,2013,"2,222,160.00"
Michael Beasley,2013,"7,027,424.00"
Michael Carter-Williams,2013,"2,200,920.00"
Michael Kidd-Gilchrist,2013,"4,809,840.00"
Mike Conley,2013,"7,900,000.00"
Mike Dunleavy,2013,"3,000,000.00"
Mike James,2013,"889,097.00"
Mike Miller,2013,"7,599,507.00"
Mike Muscala,2013,"161,471.00"
Mike Scott,2013,"788,872.00"
Miles Plumlee,2013,"1,121,520.00"
Miroslav Raduljica,2013,"490,180.00"
Mirza Teletovic,2013,"3,229,050.00"
Mo Williams,2013,"2,652,000.00"
Moe Harkless,2013,"1,809,840.00"
Monta Ellis,2013,"8,360,000.00"
Mustafa Shakur,2013,"46,404.00"
Nando De Colo,2013,"1,463,000.00"
Nate Robinson,2013,"2,016,000.00"
Nate Wolters,2013,"490,180.00"
Nazr Mohammed,2013,"1,399,507.00"
Nemanja Nedovic,2013,"1,056,720.00"
Nenê,2013,"13,000,000.00"
Nene Hilario,2013,"13,000,000.00"
Nerlens Noel,2013,"3,172,320.00"
Nick Calathes,2013,"490,180.00"
Nick Collison,2013,"2,585,668.00"
Nick Young,2013,"1,106,942.00"
Nicolas Batum,2013,"10,920,250.00"
Nikola Pekovic,2013,"12,100,000.00"
Nikola Vucevic,2013,"1,892,280.00"
Norris Cole,2013,"1,191,240.00"
O.J. Mayo,2013,"8,000,000.00"
Ognjen Kuzmic,2013,"490,180.00"
OJ Mayo,2013,"8,000,000.00"
Omer Asik,2013,"5,225,000.00"
Omri Casspi,2013,"947,907.00"
Orlando Johnson,2013,"788,872.00"
Othyus Jeffers,2013,"104,034.00"
Otto Porter,2013,"4,278,000.00"
P.J. Tucker,2013,"884,293.00"
Pablo Prigioni,2013,"1,591,350.00"
Patrick Beverley,2013,"788,872.00"
Patrick Mills,2013,"1,133,950.00"
Patrick Patterson,2013,"3,105,301.00"
Patty Mills,2013,"1,133,950.00"
Pau Gasol,2013,"19,285,850.00"
Paul George,2013,"3,282,003.00"
Paul Millsap,2013,"9,500,000.00"
Paul Pierce,2013,"15,333,334.00"
Pero Antic,2013,"1,200,000.00"
Perry Jones,2013,"1,082,520.00"
Peyton Siva,2013,"490,180.00"
Phil Pressey,2013,"490,180.00"
PJ Tucker,2013,"884,293.00"
Quentin Richardson,2013,"4,208,107.00"
Quincy Acy,2013,"788,872.00"
Quincy Miller,2013,"788,872.00"
Quincy Pondexter,2013,"2,225,478.00"
Rajon Rondo,2013,"12,000,000.00"
Ramon Sessions,2013,"5,000,000.00"
Randy Foye,2013,"3,000,000.00"
Rashard Lewis,2013,"1,399,507.00"
Rasual Butler,2013,"1,399,507.00"
Ray Allen,2013,"3,229,050.00"
Ray McCallum,2013,"524,616.00"
Raymond Felton,2013,"4,180,000.00"
Reggie Bullock,2013,"1,149,000.00"
Reggie Evans,2013,"1,695,636.00"
Reggie Jackson,2013,"1,329,720.00"
Reggie Williams,2013,"111,518.00"
Richard Hamilton,2013,"1,000,000.00"
Richard Jefferson,2013,"11,046,000.00"
Ricky Ledo,2013,"550,000.00"
Ricky Rubio,2013,"4,002,120.00"
Robbie Hummel,2013,"490,180.00"
Robert Covington,2013,"490,180.00"
Robert Sacre,2013,"788,873.00"
Robin Lopez,2013,"5,119,761.00"
Rodney Stuckey,2013,"8,500,000.00"
Roger Mason,2013,"1,272,279.00"
Ronnie Brewer,2013,"1,256,250.00"
Ronnie Price,2013,"1,265,977.00"
Ronny Turiaf,2013,"1,600,000.00"
Roy Hibbert,2013,"14,283,844.00"
Royal Ivey,2013,"74,839.00"
Royce White,2013,"1,777,148.00"
Rudy Gay,2013,"17,888,932.00"
Rudy Gobert,2013,"1,078,800.00"
Russell Westbrook,2013,"14,693,906.00"
Ryan Anderson,2013,"8,308,500.00"
Ryan Gomes,2013,"495,521.00"
Ryan Hollins,2013,"1,186,459.00"
Ryan Kelly,2013,"490,180.00"
Samuel Dalembert,2013,"3,700,748.00"
Sasha Vujacic,2013,"69,791.00"
Scotty Hopson,2013,"1,350,000.00"
Serge Ibaka,2013,"12,250,000.00"
Sergey Karasev,2013,"1,467,840.00"
Seth Curry,2013,"66,318.00"
Shabazz Muhammad,2013,"1,887,120.00"
Shane Battier,2013,"3,270,000.00"
Shane Edwards,2013,"28,834.00"
Shane Larkin,2013,"1,536,960.00"
Shannon Brown,2013,"481,562.00"
Shaun Livingston,2013,"1,265,977.00"
Shavlik Randolph,2013,"306,036.00"
Shawn Marion,2013,"9,316,796.00"
Shawne Williams,2013,"535,770.00"
Shelvin Mack,2013,"884,293.00"
Solomon Hill,2013,"1,246,680.00"
Solomon Jones,2013,"474,583.00"
Spencer Hawes,2013,"6,500,000.00"
Stephen Curry,2013,"9,887,642.00"
Stephen Jackson,2013,"238,739.00"
Steve Blake,2013,"4,000,000.00"
Steve Nash,2013,"9,300,500.00"
Steve Novak,2013,"3,750,001.00"
Steven Adams,2013,"2,090,880.00"
Taj Gibson,2013,"7,550,000.00"
Tayshaun Prince,2013,"7,235,955.00"
Terrence Jones,2013,"1,551,840.00"
Terrence Ross,2013,"2,678,640.00"
Thabo Sefolosha,2013,"3,900,000.00"
Thaddeus Young,2013,"8,600,000.00"
Thomas Robinson,2013,"3,526,440.00"
Tiago Splitter,2013,"10,000,000.00"
Tim Duncan,2013,"10,361,446.00"
Tim Hardaway Jr,2013,"1,196,760.00"
Timofey Mozgov,2013,"4,400,000.00"
Tobias Harris,2013,"1,630,800.00"
Toney Douglas,2013,"1,600,000.00"
Tony Allen,2013,"5,000,000.00"
Tony Mitchell,2013,"490,180.00"
Tony Mitchell,2013,"28,834.00"
Tony Parker,2013,"12,500,000.00"
Tony Snell,2013,"1,409,040.00"
Tony Wroten,2013,"1,160,040.00"
Tornike Shengelia,2013,"788,872.00"
Toure Murry,2013,"490,180.00"
Travis Outlaw,2013,"3,000,000.00"
Trevor Ariza,2013,"7,727,280.00"
Trevor Booker,2013,"2,350,820.00"
Trey Burke,2013,"2,438,760.00"
Tristan Thompson,2013,"4,285,560.00"
Troy Daniels,2013,"158,587.00"
Ty Lawson,2013,"10,786,517.00"
Tyler Hansbrough,2013,"3,183,000.00"
Tyler Zeller,2013,"1,633,440.00"
Tyreke Evans,2013,"11,796,247.00"
Tyrus Thomas,2013,"8,694,215.00"
Tyson Chandler,2013,"14,100,538.00"
Udonis Haslem,2013,"4,340,000.00"
Vander Blue,2013,"28,834.00"
Victor Claver,2013,"1,311,240.00"
Victor Oladipo,2013,"4,763,760.00"
Vince Carter,2013,"3,180,000.00"
Vitor Faverani,2013,"2,000,000.00"
Vyacheslav Kravtsov,2013,"1,500,000.00"
Wayne Ellington,2013,"2,500,000.00"
Wesley Johnson,2013,"916,099.00"
Wesley Matthews,2013,"6,875,480.00"
Will Barton,2013,"788,872.00"
Will Bynum,2013,"2,790,343.00"
Willie Green,2013,"1,399,507.00"
Willie Reed,2013,"57,668.00"
Wilson Chandler,2013,"6,344,164.00"
Xavier Henry,2013,"916,099.00"
Zach Randolph,2013,"17,800,000.00"
Zaza Pachulia,2013,"5,200,000.00"
Aaron Brooks,2014,"915,243.00"
Aaron Gordon,2014,"3,992,040.00"
Aaron Gray,2014,"1,227,985.00"
Adreian Payne,2014,"1,855,320.00"
AJ Price,2014,"493,917.00"
Al Harrington,2014,"7,609,800.00"
Al Horford,2014,"12,000,000.00"
Al Jefferson,2014,"13,500,000.00"
Alan Anderson,2014,"1,276,061.00"
Alec Burks,2014,"3,201,369.00"
Alex Kirk,2014,"214,871.00"
Alex Len,2014,"3,649,920.00"
Alexey Shved,2014,"3,198,723.00"
Alexis Ajinca,2014,"981,084.00"
Al-Farouq Aminu,2014,"981,084.00"
Allen Crabbe,2014,"862,000.00"
Alonzo Gee,2014,"1,063,384.00"
Amare Stoudemire,2014,"21,896,658.00"
Amir Johnson,2014,"7,000,000.00"
Anderson Varejao,2014,"9,800,000.00"
Andre Dawkins,2014,"271,697.00"
Andre Drummond,2014,"2,568,360.00"
Andre Iguodala,2014,"12,289,544.00"
Andre Miller,2014,"4,625,000.00"
Andre Roberson,2014,"1,160,880.00"
Andrea Bargnani,2014,"12,000,000.00"
Andrei Kirilenko,2014,"3,326,235.00"
Andrew Bogut,2014,"12,972,973.00"
Andrew Nicholson,2014,"1,545,840.00"
Andrew Wiggins,2014,"5,510,640.00"
Anthony Bennett,2014,"5,563,920.00"
Anthony Davis,2014,"5,607,240.00"
Anthony Morrow,2014,"3,200,000.00"
Anthony Randolph,2014,"1,825,359.00"
Anthony Tolliver,2014,"3,000,000.00"
Archie Goodwin,2014,"1,112,280.00"
Arinze Onuaku,2014,"48,028.00"
Arnett Moultrie,2014,"1,136,160.00"
Aron Baynes,2014,"2,100,000.00"
Arron Afflalo,2014,"7,562,500.00"
Austin Daye,2014,"1,263,550.00"
Austin Rivers,2014,"2,439,840.00"
Avery Bradley,2014,"7,191,011.00"
Ben Gordon,2014,"4,500,000.00"
Ben McLemore,2014,"3,026,280.00"
Beno Udrih,2014,"2,077,000.00"
Bernard James,2014,"1,259,775.00"
Bismack Biyombo,2014,"4,086,453.00"
Blake Griffin,2014,"17,632,688.00"
Bojan Bogdanovic,2014,"3,278,000.00"
Boris Diaw,2014,"8,000,000.00"
Bradley Beal,2014,"4,505,280.00"
Brandan Wright,2014,"5,000,000.00"
Brandon Bass,2014,"6,950,000.00"
Brandon Davies,2014,"129,676.00"
Brandon Jennings,2014,"8,000,000.00"
Brandon Knight,2014,"3,553,917.00"
Brandon Roy,2014,"14,399,332.00"
Brandon Rush,2014,"1,145,685.00"
Brendan Haywood,2014,"9,798,000.00"
Brian Roberts,2014,"2,732,000.00"
Brook Lopez,2014,"15,719,000.00"
Bruno Caboclo,2014,"1,458,360.00"
Bryce Cotton,2014,"152,200.00"
C.J. Watson,2014,"2,106,720.00"
Cameron Bairstow,2014,"507,336.00"
Carl Landry,2014,"6,750,000.00"
Carlos Boozer,2014,"16,800,000.00"
Carlos Delfino,2014,"3,250,000.00"
Carmelo Anthony,2014,"22,458,401.00"
Caron Butler,2014,"4,500,000.00"
Carrick Felix,2014,"816,482.00"
Cartier Martin,2014,"1,145,685.00"
Chandler Parsons,2014,"14,700,000.00"
Channing Frye,2014,"8,579,088.00"
Charlie Villanueva,2014,"1,316,809.00"
Chase Budinger,2014,"5,000,000.00"
Chris Andersen,2014,"5,300,000.00"
Chris Babb,2014,"48,028.00"
Chris Bosh,2014,"20,644,400.00"
Chris Copeland,2014,"3,130,000.00"
Chris Douglas-Roberts,2014,"915,243.00"
Chris Kaman,2014,"4,800,000.00"
Chris Paul,2014,"20,068,563.00"
Christapher Johnson,2014,"1,135,974.00"
Chuck Hayes,2014,"5,958,750.00"
CJ McCollum,2014,"2,421,000.00"
CJ Miles,2014,"4,205,000.00"
CJ Watson,2014,"2,077,000.00"
CJ Wilcox,2014,"1,109,760.00"
Cleanthony Early,2014,"507,336.00"
Clint Capela,2014,"1,189,200.00"
Cody Zeller,2014,"4,030,560.00"
Cole Aldrich,2014,"981,084.00"
Corey Brewer,2014,"4,702,500.00"
Cory Jefferson,2014,"507,336.00"
Cory Joseph,2014,"2,134,593.00"
Courtney Lee,2014,"5,450,000.00"
Dahntay Jones,2014,"721,169.00"
Damian Lillard,2014,"3,340,920.00"
Damien Inglis,2014,"820,000.00"
Damjan Rudez,2014,"1,100,000.00"
Danilo Gallinari,2014,"10,854,850.00"
Danny Granger,2014,"2,100,000.00"
Danny Green,2014,"4,025,000.00"
Dante Cunningham,2014,"831,941.00"
Dante Exum,2014,"3,615,000.00"
Darius Miller,2014,"915,243.00"
Darius Morris,2014,"803,149.00"
Darrell Arthur,2014,"3,457,149.00"
Darren Collison,2014,"4,797,664.00"
David Lee,2014,"15,012,000.00"
David Stockton,2014,"59,686.00"
David Wear,2014,"29,843.00"
David West,2014,"12,000,000.00"
DeAndre Jordan,2014,"11,440,123.00"
DeJuan Blair,2014,"2,000,000.00"
DeMar DeRozan,2014,"9,500,000.00"
DeMarcus Cousins,2014,"13,701,250.00"
DeMarre Carroll,2014,"2,500,000.00"
Dennis Schroeder,2014,"1,690,680.00"
Deron Williams,2014,"19,754,465.00"
Derrick Favors,2014,"12,950,000.00"
Derrick Rose,2014,"18,862,876.00"
Derrick Williams,2014,"6,679,866.00"
Devin Harris,2014,"3,878,896.00"
Devyn Marble,2014,"884,879.00"
Dewayne Dedmon,2014,"816,482.00"
Dion Waiters,2014,"4,062,000.00"
Dirk Nowitzki,2014,"7,974,482.00"
DJ Augustin,2014,"3,000,000.00"
Donald Sloan,2014,"948,163.00"
Donatas Motiejunas,2014,"1,483,920.00"
Dorell Wright,2014,"3,145,000.00"
Doug McDermott,2014,"2,277,960.00"
Draymond Green,2014,"915,243.00"
Drew Gooden,2014,"8,128,490.00"
Drew Gordon,2014,"73,657.00"
Dwight Buycks,2014,"48,028.00"
Dwight Howard,2014,"21,436,271.00"
Dwight Powell,2014,"507,336.00"
Dwyane Wade,2014,"15,000,000.00"
Earl Barron,2014,"390,063.00"
Earl Clark,2014,"125,104.00"
Ed Davis,2014,"981,084.00"
Ekpe Udoh,2014,"981,084.00"
Elfrid Payton,2014,"2,397,840.00"
Elijah Millsap,2014,"301,417.00"
Elliot Williams,2014,"161,511.00"
Elton Brand,2014,"2,000,000.00"
Enes Kanter,2014,"6,008,106.00"
Eric Bledsoe,2014,"13,000,000.00"
Eric Gordon,2014,"14,898,938.00"
Eric Maynor,2014,"2,106,720.00"
Eric Moreland,2014,"507,336.00"
Erick Green,2014,"507,336.00"
Ersan Ilyasova,2014,"7,900,000.00"
E'Twaun Moore,2014,"948,163.00"
Evan Fournier,2014,"1,483,920.00"
Evan Turner,2014,"3,278,000.00"
Festus Ezeli,2014,"1,112,880.00"
Francisco Garcia,2014,"1,316,809.00"
Furkan Aldemir,2014,"2,810,305.00"
Gal Mekel,2014,"888,524.00"
Garrett Temple,2014,"981,084.00"
Gary Harris,2014,"1,519,200.00"
Gary Neal,2014,"3,250,000.00"
George Hill,2014,"8,000,000.00"
Gerald Green,2014,"3,500,000.00"
Gerald Henderson,2014,"6,000,000.00"
Gerald Wallace,2014,"10,105,855.00"
Giannis Antetokounmpo,2014,"1,873,200.00"
Gigi Datome,2014,"1,750,000.00"
Glen Davis,2014,"7,827,985.00"
Glen Rice Jr,2014,"470,677.00"
Glenn Robinson III,2014,"507,336.00"
Goran Dragic,2014,"7,500,000.00"
Gordon Hayward,2014,"14,746,000.00"
Gorgui Dieng,2014,"1,413,480.00"
Grant Jerrett,2014,"816,482.00"
Greg Monroe,2014,"5,479,933.00"
Greg Smith,2014,"948,163.00"
Greg Stiemsma,2014,"981,084.00"
Greivis Vasquez,2014,"6,400,000.00"
Harrison Barnes,2014,"3,049,920.00"
Hassan Whiteside,2014,"775,191.00"
Henry Sims,2014,"915,243.00"
Henry Walker,2014,"311,634.00"
Hidayet Turkoglu,2014,"1,448,490.00"
Hollis Thompson,2014,"816,482.00"
Ian Clark,2014,"816,481.00"
Ian Mahinmi,2014,"4,000,000.00"
Iman Shumpert,2014,"2,761,113.00"
Isaiah Canaan,2014,"816,482.00"
Isaiah Thomas,2014,"7,238,606.00"
Ishmael Smith,2014,"1,838,615.00"
J.J. Barea,2014,"1,310,286.00"
Jabari Brown,2014,"104,450.00"
Jabari Parker,2014,"4,930,560.00"
Jack Cooley,2014,"152,199.00"
Jae Crowder,2014,"915,243.00"
JaKarr Sampson,2014,"507,336.00"
Jamaal Franklin,2014,"864,510.00"
Jamal Crawford,2014,"5,450,000.00"
Jameer Nelson,2014,"4,750,000.00"
James Ennis,2014,"507,336.00"
James Ennis III,2014,"507,336.00"
James Harden,2014,"14,693,906.00"
James Johnson,2014,"2,500,000.00"
James Jones,2014,"1,448,490.00"
James Michael McAdoo,2014,"259,634.00"
James Young,2014,"1,674,480.00"
JaMychal Green,2014,"244,712.00"
Jannero Pargo,2014,"1,448,490.00"
Jared Dudley,2014,"4,250,000.00"
Jared Sullinger,2014,"1,424,520.00"
Jarell Eddie,2014,"29,843.00"
Jarnell Stokes,2014,"507,336.00"
Jarrett Jack,2014,"6,300,000.00"
Jarvis Varnado,2014,"75,000.00"
Jason Maxiell,2014,"1,316,809.00"
Jason Richardson,2014,"6,601,125.00"
Jason Smith,2014,"3,278,000.00"
Jason Terry,2014,"5,450,000.00"
Jason Thompson,2014,"6,037,500.00"
JaVale McGee,2014,"11,250,000.00"
Jeff Adrien,2014,"1,217,698.00"
Jeff Ayres,2014,"1,828,750.00"
Jeff Green,2014,"9,200,000.00"
Jeff Teague,2014,"8,000,000.00"
Jeff Withey,2014,"816,482.00"
Jeffery Taylor,2014,"915,243.00"
Jerami Grant,2014,"884,879.00"
Jerel McNeal,2014,"59,686.00"
Jeremy Evans,2014,"1,795,000.00"
Jeremy Lamb,2014,"2,202,000.00"
Jeremy Lin,2014,"14,898,938.00"
Jerome Jordan,2014,"816,482.00"
Jerryd Bayless,2014,"3,000,000.00"
Jimmer Fredette,2014,"948,163.00"
Jimmy Butler,2014,"2,119,214.00"
JJ Hickson,2014,"5,381,750.00"
JJ Redick,2014,"6,792,500.00"
Joakim Noah,2014,"12,700,000.00"
Jodie Meeks,2014,"6,000,000.00"
Joe Harris,2014,"884,879.00"
Joe Ingles,2014,"507,336.00"
Joe Johnson,2014,"23,180,790.00"
Joel Anthony,2014,"3,800,000.00"
Joel Embiid,2014,"4,427,640.00"
Joel Freeland,2014,"3,100,000.00"
Joey Dorsey,2014,"948,163.00"
Joffrey Lauvergne,2014,"1,790,281.00"
John Henson,2014,"1,987,320.00"
John Jenkins,2014,"1,312,920.00"
John Lucas,2014,"491,968.00"
John Salmons,2014,"1,000,000.00"
John Wall,2014,"13,701,250.00"
Johnny O'Bryant,2014,"600,000.00"
Jon Leuer,2014,"967,500.00"
Jonas Jerebko,2014,"4,500,000.00"
Jonas Valanciunas,2014,"3,678,360.00"
Jordan Adams,2014,"1,344,120.00"
Jordan Clarkson,2014,"507,336.00"
Jordan Farmar,2014,"2,100,000.00"
Jordan Hamilton,2014,"1,232,610.00"
Jordan Hill,2014,"9,000,000.00"
Jorge Gutierrez,2014,"960,566.00"
Jose Calderon,2014,"7,097,191.00"
Jose Juan Barea,2014,"5,822,078.00"
Josh Childress,2014,"7,317,500.00"
Josh Davis,2014,"20,000.00"
Josh McRoberts,2014,"5,305,000.00"
Josh Smith,2014,"14,945,778.00"
JR Smith,2014,"5,982,375.00"
Jrue Holiday,2014,"11,000,000.00"
Julius Randle,2014,"2,997,360.00"
Justin Hamilton,2014,"816,482.00"
Justin Holiday,2014,"816,482.00"
Jusuf Nurkic,2014,"1,762,680.00"
Kalin Lucas,2014,"173,008.00"
Kawhi Leonard,2014,"3,053,368.00"
Kelly Olynyk,2014,"2,075,760.00"
Kemba Walker,2014,"3,452,183.00"
Kendall Marshall,2014,"915,243.00"
Kendrick Perkins,2014,"9,588,889.00"
Kenneth Faried,2014,"2,373,537.00"
Kent Bazemore,2014,"2,000,000.00"
Kentavious Caldwell-Pope,2014,"2,772,480.00"
Kenyon Martin,2014,"818,049.00"
Kevin Durant,2014,"19,997,513.00"
Kevin Garnett,2014,"12,000,000.00"
Kevin Love,2014,"15,719,063.00"
Kevin Martin,2014,"6,792,500.00"
Kevin Seraphin,2014,"3,898,691.00"
Khris Middleton,2014,"915,243.00"
Kirk Hinrich,2014,"2,730,000.00"
KJ McDaniels,2014,"507,336.00"
Klay Thompson,2014,"3,075,880.00"
Kobe Bryant,2014,"23,500,000.00"
Kosta Koufos,2014,"3,000,000.00"
Kostas Papanikolaou,2014,"4,797,664.00"
Kris Humphries,2014,"4,250,000.00"
Kyle Anderson,2014,"1,093,680.00"
Kyle Korver,2014,"6,253,521.00"
Kyle Lowry,2014,"12,000,000.00"
Kyle O'Quinn,2014,"915,243.00"
Kyle Singler,2014,"1,090,000.00"
Kyrie Irving,2014,"7,459,924.00"
LaMarcus Aldridge,2014,"15,200,000.00"
Lance Stephenson,2014,"9,000,000.00"
Lance Thomas,2014,"937,004.00"
Landry Fields,2014,"8,500,000.00"
Langston Galloway,2014,"295,455.00"
Larry Drew II,2014,"53,716.00"
Larry Sanders,2014,"11,000,000.00"
Lavoy Allen,2014,"948,163.00"
Leandro Barbosa,2014,"1,448,490.00"
LeBron James,2014,"20,644,400.00"
Lester Hudson,2014,"111,548.00"
Lorenzo Brown,2014,"390,082.00"
Lou Williams,2014,"5,450,000.00"
Louis Amundson,2014,"1,294,868.00"
Louis Williams,2014,"5,450,000.00"
Luc Mbah a Moute,2014,"4,382,576.00"
Lucas Nogueira,2014,"1,762,680.00"
Luis Scola,2014,"4,500,000.00"
Luke Babbitt,2014,"981,084.00"
Luke Ridnour,2014,"2,750,000.00"
Luol Deng,2014,"9,714,461.00"
Malcolm Lee,2014,"37,686.00"
Malcolm Thomas,2014,"713,910.00"
Manu Ginobili,2014,"7,000,000.00"
Marc Gasol,2014,"15,829,688.00"
Marcin Gortat,2014,"10,434,782.00"
Marco Belinelli,2014,"2,873,750.00"
Marcus Camby,2014,"8,354,416.00"
Marcus Morris,2014,"3,105,301.00"
Marcus Morris Sr.,2014,"3,105,301.00"
Marcus Smart,2014,"3,283,320.00"
Marcus Thornton,2014,"8,697,500.00"
Mario Chalmers,2014,"4,000,000.00"
Markel Brown,2014,"507,336.00"
Markieff Morris,2014,"3,153,860.00"
Marquis Teague,2014,"1,120,920.00"
Marreese Speights,2014,"3,657,500.00"
Martell Webster,2014,"5,381,750.00"
Marvin Williams,2014,"7,000,000.00"
Mason Plumlee,2014,"1,357,080.00"
Matt Barnes,2014,"3,396,250.00"
Matt Bonner,2014,"1,448,490.00"
Matthew Dellavedova,2014,"816,482.00"
Maurice Williams,2014,"3,750,000.00"
Metta World Peace,2014,"250,000.00"
Meyers Leonard,2014,"2,317,920.00"
Michael Beasley,2014,"330,225.00"
Michael Carter-Williams,2014,"2,300,040.00"
Michael Kidd-Gilchrist,2014,"5,016,960.00"
Mike Conley,2014,"8,760,000.00"
Mike Dunleavy,2014,"3,000,000.00"
Mike Miller,2014,"9,332,000.00"
Mike Muscala,2014,"816,482.00"
Mike Scott,2014,"3,333,333.00"
Miles Plumlee,2014,"1,169,880.00"
Miroslav Raduljica,2014,"1,596,056.00"
Mirza Teletovic,2014,"3,368,100.00"
Mitch McGary,2014,"1,400,040.00"
Moe Harkless,2014,"1,887,840.00"
Monta Ellis,2014,"8,720,000.00"
Nate Robinson,2014,"2,106,720.00"
Nate Wolters,2014,"904,854.00"
Nazr Mohammed,2014,"1,448,490.00"
Nemanja Nedovic,2014,"1,104,240.00"
Nenê,2014,"13,000,000.00"
Nerlens Noel,2014,"3,315,120.00"
Nick Calathes,2014,"816,482.00"
Nick Collison,2014,"2,242,003.00"
Nick Johnson,2014,"507,336.00"
Nick Young,2014,"4,994,420.00"
Nicolas Batum,2014,"11,390,500.00"
Nik Stauskas,2014,"2,745,840.00"
Nikola Mirotic,2014,"5,305,000.00"
Nikola Pekovic,2014,"12,100,000.00"
Nikola Vucevic,2014,"2,902,757.00"
Noah Vonleh,2014,"2,524,200.00"
Norris Cole,2014,"2,150,188.00"
O.J. Mayo,2014,"8,000,000.00"
Ognjen Kuzmic,2014,"816,482.00"
OJ Mayo,2014,"8,000,000.00"
Omer Asik,2014,"14,898,938.00"
Omri Casspi,2014,"1,063,384.00"
Otto Porter,2014,"4,470,480.00"
P.J. Tucker,2014,"5,700,000.00"
Pablo Prigioni,2014,"1,662,961.00"
Patric Young,2014,"507,336.00"
Patrick Beverley,2014,"915,243.00"
Patrick Mills,2014,"3,500,000.00"
Patrick Patterson,2014,"5,831,326.00"
Patty Mills,2014,"3,842,105.00"
Pau Gasol,2014,"7,128,000.00"
Paul George,2014,"15,800,000.00"
Paul Millsap,2014,"9,500,000.00"
Paul Pierce,2014,"5,305,000.00"
Pero Antic,2014,"1,250,000.00"
Perry Jones,2014,"1,129,200.00"
Phil Pressey,2014,"816,482.00"
PJ Hairston,2014,"1,149,720.00"
PJ Tucker,2014,"5,700,000.00"
Quincy Acy,2014,"915,243.00"
Quincy Miller,2014,"398,393.00"
Quincy Pondexter,2014,"3,146,068.00"
Rajon Rondo,2014,"12,909,090.00"
Ramon Sessions,2014,"2,077,000.00"
Randy Foye,2014,"3,000,000.00"
Rasual Butler,2014,"1,448,490.00"
Ray McCallum,2014,"816,482.00"
Raymond Felton,2014,"4,360,000.00"
Reggie Bullock,2014,"1,200,720.00"
Reggie Evans,2014,"1,768,654.00"
Reggie Jackson,2014,"2,325,680.00"
Reggie Williams,2014,"487,905.00"
Richard Jefferson,2014,"1,448,490.00"
Ricky Ledo,2014,"960,566.00"
Ricky Rubio,2014,"5,070,686.00"
Robbie Hummel,2014,"880,000.00"
Robert Covington,2014,"1,000,000.00"
Robert Sacre,2014,"915,243.00"
Robin Lopez,2014,"5,340,229.00"
Rodney Hood,2014,"1,290,360.00"
Rodney Stuckey,2014,"1,227,985.00"
Ronnie Price,2014,"1,316,809.00"
Ronny Turiaf,2014,"1,600,000.00"
Roy Hibbert,2014,"14,898,938.00"
Rudy Gay,2014,"19,317,326.00"
Rudy Gobert,2014,"1,127,400.00"
Russ Smith,2014,"507,336.00"
Russell Westbrook,2014,"15,719,062.00"
Ryan Anderson,2014,"8,491,500.00"
Ryan Hollins,2014,"1,310,286.00"
Ryan Kelly,2014,"1,650,000.00"
Samuel Dalembert,2014,"1,885,755.00"
Sean Kilpatrick,2014,"29,843.00"
Sebastian Telfair,2014,"1,316,809.00"
Serge Ibaka,2014,"12,250,000.00"
Sergey Karasev,2014,"1,533,840.00"
Seth Curry,2014,"48,028.00"
Shabazz Muhammad,2014,"1,971,960.00"
Shabazz Napier,2014,"1,238,640.00"
Shane Larkin,2014,"1,606,080.00"
Shannon Brown,2014,"215,811.00"
Shaun Livingston,2014,"5,305,000.00"
Shavlik Randolph,2014,"1,227,985.00"
Shawn Marion,2014,"1,448,490.00"
Shawne Williams,2014,"1,145,685.00"
Shayne Whittington,2014,"507,336.00"
Shelvin Mack,2014,"2,433,333.00"
Sim Bhullar,2014,"35,000.00"
Solomon Hill,2014,"1,302,840.00"
Spencer Dinwiddie,2014,"700,000.00"
Spencer Hawes,2014,"5,305,000.00"
Stephen Curry,2014,"10,629,213.00"
Steve Blake,2014,"2,100,000.00"
Steve Nash,2014,"9,701,000.00"
Steve Novak,2014,"3,445,947.00"
Steven Adams,2014,"2,184,960.00"
Taj Gibson,2014,"8,000,000.00"
Tarik Black,2014,"507,336.00"
Tayshaun Prince,2014,"7,707,865.00"
Terrence Jones,2014,"1,618,680.00"
Terrence Ross,2014,"2,793,960.00"
Thabo Sefolosha,2014,"4,000,000.00"
Thaddeus Young,2014,"9,160,870.00"
Thomas Robinson,2014,"3,678,360.00"
Tiago Splitter,2014,"9,250,000.00"
Tim Duncan,2014,"10,361,446.00"
Tim Frazier,2014,"107,435.00"
Tim Hardaway Jr,2014,"1,250,640.00"
Timofey Mozgov,2014,"4,650,000.00"
TJ Warren,2014,"1,953,120.00"
Tobias Harris,2014,"2,511,432.00"
Toney Douglas,2014,"268,973.00"
Tony Allen,2014,"5,000,000.00"
Tony Mitchell,2014,"816,482.00"
Tony Parker,2014,"12,500,000.00"
Tony Snell,2014,"1,472,400.00"
Tony Wroten,2014,"1,210,080.00"
Toure Murry,2014,"1,000,000.00"
Travis Outlaw,2014,"7,000,000.00"
Travis Wear,2014,"507,336.00"
Trevor Ariza,2014,"8,600,000.00"
Trevor Booker,2014,"5,000,000.00"
Trey Burke,2014,"2,548,560.00"
Tristan Thompson,2014,"5,421,233.00"
Troy Daniels,2014,"816,482.00"
Ty Lawson,2014,"11,595,506.00"
Tyler Ennis,2014,"1,590,720.00"
Tyler Hansbrough,2014,"3,326,235.00"
Tyler Johnson,2014,"280,526.00"
Tyler Zeller,2014,"1,703,760.00"
Tyreke Evans,2014,"11,265,416.00"
Tyrus Thomas,2014,"9,460,664.00"
Tyson Chandler,2014,"14,596,888.00"
Udonis Haslem,2014,"2,732,000.00"
Vander Blue,2014,"48,028.00"
Victor Claver,2014,"1,370,000.00"
Victor Oladipo,2014,"4,978,200.00"
Vince Carter,2014,"3,911,981.00"
Vitor Faverani,2014,"2,090,000.00"
Wayne Ellington,2014,"1,063,384.00"
Wesley Johnson,2014,"981,084.00"
Wesley Matthews,2014,"7,245,640.00"
Will Barton,2014,"915,243.00"
Will Bynum,2014,"2,915,908.00"
Will Cherry,2014,"106,567.00"
Willie Green,2014,"1,448,490.00"
Wilson Chandler,2014,"6,754,913.00"
Xavier Henry,2014,"1,082,000.00"
Zach LaVine,2014,"2,055,840.00"
Zach Randolph,2014,"16,500,000.00"
Zaza Pachulia,2014,"5,200,000.00"
Zoran Dragic,2014,"1,756,500.00"
Aaron Brooks,2015,"2,250,000.00"
Aaron Gordon,2015,"4,171,680.00"
Aaron Gray,2015,"1,356,146.00"
Aaron Harrison,2015,"525,093.00"
Adreian Payne,2015,"1,938,840.00"
Al Horford,2015,"12,000,000.00"
Al Jefferson,2015,"13,500,000.00"
Alan Anderson,2015,"4,000,000.00"
Alan Williams,2015,"114,284.00"
Alec Burks,2015,"9,213,484.00"
Alex Len,2015,"3,807,120.00"
Alex Stepheson,2015,"92,662.00"
Alexis Ajinca,2015,"4,539,607.00"
Al-Farouq Aminu,2015,"8,042,895.00"
Allen Crabbe,2015,"947,276.00"
Alonzo Gee,2015,"1,320,000.00"
Amare Stoudemire,2015,"1,499,187.00"
Amir Johnson,2015,"12,000,000.00"
Anderson Varejao,2015,"10,158,574.00"
Andre Drummond,2015,"3,272,090.00"
Andre Iguodala,2015,"11,710,456.00"
Andre Miller,2015,"1,490,369.00"
Andre Roberson,2015,"1,210,800.00"
Andrea Bargnani,2015,"1,362,897.00"
Andrew Bogut,2015,"12,000,000.00"
Andrew Goudelock,2015,"200,600.00"
Andrew Nicholson,2015,"2,380,593.00"
Andrew Wiggins,2015,"5,758,680.00"
Anthony Bennett,2015,"4,597,276.00"
Anthony Brown,2015,"525,093.00"
Anthony Davis,2015,"7,070,730.00"
Anthony Morrow,2015,"3,344,000.00"
Anthony Tolliver,2015,"3,000,000.00"
Archie Goodwin,2015,"1,160,160.00"
Aron Baynes,2015,"6,500,000.00"
Arron Afflalo,2015,"8,000,000.00"
Austin Rivers,2015,"3,110,796.00"
Avery Bradley,2015,"7,730,337.00"
Axel Toupane,2015,"61,775.00"
Ben McLemore,2015,"3,156,600.00"
Beno Udrih,2015,"2,080,465.00"
Bismack Biyombo,2015,"2,814,000.00"
Blake Griffin,2015,"18,862,876.00"
Boban Marjanovic,2015,"1,200,000.00"
Bobby Portis,2015,"1,344,120.00"
Bojan Bogdanovic,2015,"3,425,510.00"
Boris Diaw,2015,"7,500,000.00"
Bradley Beal,2015,"5,694,673.00"
Brandan Wright,2015,"5,464,000.00"
Branden Dawson,2015,"525,093.00"
Brandon Bass,2015,"3,000,000.00"
Brandon Jennings,2015,"8,344,497.00"
Brandon Knight,2015,"13,500,000.00"
Brandon Rush,2015,"1,270,964.00"
Brian Roberts,2015,"2,854,940.00"
Briante Weber,2015,"61,774.00"
Brook Lopez,2015,"19,689,000.00"
Bruno Caboclo,2015,"1,524,000.00"
Bryce Cotton,2015,"99,418.00"
Bryce Dejean-Jones,2015,"61,775.00"
C.J. Watson,2015,"5,000,000.00"
Cameron Bairstow,2015,"845,059.00"
Cameron Payne,2015,"2,021,520.00"
Carl Landry,2015,"6,750,000.00"
Carmelo Anthony,2015,"22,875,000.00"
Caron Butler,2015,"1,499,187.00"
Cartier Martin,2015,"1,270,964.00"
Chandler Parsons,2015,"15,361,500.00"
Channing Frye,2015,"8,193,029.00"
Charlie Villanueva,2015,"1,499,187.00"
Chase Budinger,2015,"5,258,082.00"
Chris Andersen,2015,"5,000,000.00"
Chris Bosh,2015,"22,192,730.00"
Chris Copeland,2015,"1,150,000.00"
Chris Kaman,2015,"5,000,000.00"
Chris McCullough,2015,"1,140,240.00"
Chris Paul,2015,"21,468,695.00"
Christapher Johnson,2015,"981,348.00"
Christian Wood,2015,"339,762.00"
Chuck Hayes,2015,"70,549.00"
CJ McCollum,2015,"2,525,160.00"
CJ Miles,2015,"4,394,225.00"
CJ Watson,2015,"5,000,000.00"
CJ Wilcox,2015,"1,159,680.00"
Cleanthony Early,2015,"845,059.00"
Cliff Alexander,2015,"525,093.00"
Clint Capela,2015,"1,242,720.00"
Cody Zeller,2015,"4,204,200.00"
Cole Aldrich,2015,"1,100,602.00"
Corey Brewer,2015,"8,229,375.00"
Cory Jefferson,2015,"362,878.00"
Cory Joseph,2015,"7,000,000.00"
Coty Clarke,2015,"61,774.00"
Courtney Lee,2015,"5,675,000.00"
Cristiano Felicio,2015,"525,093.00"
Damian Lillard,2015,"4,236,286.00"
Damien Inglis,2015,"855,000.00"
Damjan Rudez,2015,"1,149,500.00"
D'Angelo Russell,2015,"5,103,120.00"
Danilo Gallinari,2015,"14,000,000.00"
Danny Granger,2015,"2,100,000.00"
Danny Green,2015,"10,000,000.00"
Dante Cunningham,2015,"2,850,000.00"
Dante Exum,2015,"3,777,720.00"
Darrell Arthur,2015,"2,814,000.00"
Darren Collison,2015,"5,013,559.00"
Darrun Hilliard,2015,"600,000.00"
David Lee,2015,"17,120,776.00"
David West,2015,"1,499,187.00"
DeAndre Jordan,2015,"19,689,000.00"
DeJuan Blair,2015,"2,000,000.00"
Delon Wright,2015,"1,509,360.00"
DeMar DeRozan,2015,"9,500,000.00"
DeMarcus Cousins,2015,"14,728,844.00"
DeMarre Carroll,2015,"13,600,000.00"
Dennis Schroeder,2015,"1,763,400.00"
Deron Williams,2015,"10,853,761.00"
Derrick Favors,2015,"12,000,000.00"
Derrick Rose,2015,"20,093,064.00"
Derrick Williams,2015,"4,400,000.00"
Devin Booker,2015,"2,055,840.00"
Devin Harris,2015,"4,053,446.00"
Devyn Marble,2015,"845,059.00"
Dewayne Dedmon,2015,"947,276.00"
Dion Waiters,2015,"5,138,430.00"
Dirk Nowitzki,2015,"8,333,333.00"
DJ Augustin,2015,"3,000,000.00"
Donald Sloan,2015,"1,015,421.00"
Dorell Wright,2015,"17,637.00"
Doug McDermott,2015,"2,380,440.00"
Draymond Green,2015,"14,260,870.00"
Drew Gooden,2015,"3,300,000.00"
Duje Dukan,2015,"525,093.00"
Dwight Howard,2015,"22,359,364.00"
Dwight Powell,2015,"845,059.00"
Dwyane Wade,2015,"20,000,000.00"
Ed Davis,2015,"6,980,802.00"
Elfrid Payton,2015,"2,505,720.00"
Elijah Millsap,2015,"352,936.00"
Elliot Williams,2015,"57,726.00"
Elton Brand,2015,"890,693.00"
Emmanuel Mudiay,2015,"3,102,240.00"
Enes Freedom,2015,"16,407,500.00"
Enes Kanter,2015,"16,407,500.00"
Eric Bledsoe,2015,"13,500,000.00"
Eric Gordon,2015,"15,514,031.00"
Eric Moreland,2015,"845,059.00"
Erick Green,2015,"199,418.00"
Ersan Ilyasova,2015,"7,900,000.00"
E'Twaun Moore,2015,"1,015,421.00"
Evan Fournier,2015,"2,288,204.00"
Evan Turner,2015,"3,425,510.00"
Festus Ezeli,2015,"2,008,748.00"
Frank Kaminsky,2015,"2,612,520.00"
Furkan Aldemir,2015,"2,683,841.00"
Gal Mekel,2015,"947,276.00"
Garrett Temple,2015,"1,100,602.00"
Gary Harris,2015,"1,587,480.00"
Gary Neal,2015,"2,139,000.00"
George Hill,2015,"8,000,000.00"
Gerald Green,2015,"1,362,897.00"
Gerald Henderson,2015,"6,000,000.00"
Gerald Wallace,2015,"10,105,855.00"
Giannis Antetokounmpo,2015,"1,953,960.00"
Glenn Robinson III,2015,"1,100,000.00"
Goran Dragic,2015,"14,783,000.00"
Gordon Hayward,2015,"15,409,570.00"
Gorgui Dieng,2015,"1,474,440.00"
Greg Monroe,2015,"16,407,500.00"
Greg Smith,2015,"197,111.00"
Greivis Vasquez,2015,"6,600,000.00"
Harrison Barnes,2015,"3,873,398.00"
Hassan Whiteside,2015,"981,348.00"
Henry Sims,2015,"161,633.00"
Hollis Thompson,2015,"947,276.00"
Ian Clark,2015,"947,276.00"
Ian Mahinmi,2015,"4,000,000.00"
Iman Shumpert,2015,"8,988,765.00"
Isaiah Canaan,2015,"947,276.00"
Isaiah Thomas,2015,"6,912,869.00"
Ishmael Smith,2015,"1,100,602.00"
J.J. Barea,2015,"4,000,000.00"
Jabari Parker,2015,"5,152,440.00"
Jae Crowder,2015,"6,796,117.00"
Jahlil Okafor,2015,"4,582,680.00"
JaKarr Sampson,2015,"1,103,547.00"
Jamal Crawford,2015,"5,675,000.00"
Jameer Nelson,2015,"4,345,000.00"
James Anderson,2015,"1,015,421.00"
James Ennis,2015,"944,477.00"
James Harden,2015,"15,719,062.00"
James Johnson,2015,"2,500,000.00"
James Jones,2015,"1,499,187.00"
James Michael McAdoo,2015,"845,059.00"
James Young,2015,"1,749,840.00"
JaMychal Green,2015,"845,059.00"
Jared Cunningham,2015,"1,039,074.00"
Jared Dudley,2015,"4,250,000.00"
Jared Sullinger,2015,"2,269,260.00"
Jarell Eddie,2015,"349,032.00"
Jarell Martin,2015,"1,230,840.00"
Jarnell Stokes,2015,"845,059.00"
Jarrett Jack,2015,"6,300,000.00"
Jason Smith,2015,"4,300,000.00"
Jason Terry,2015,"1,499,187.00"
Jason Thompson,2015,"6,752,729.00"
JaVale McGee,2015,"13,270,964.00"
Jeff Ayres,2015,"251,890.00"
Jeff Green,2015,"9,200,000.00"
Jeff Teague,2015,"8,000,000.00"
Jeff Withey,2015,"947,276.00"
Jerami Grant,2015,"845,059.00"
Jeremy Evans,2015,"1,185,784.00"
Jeremy Lamb,2015,"3,034,356.00"
Jeremy Lin,2015,"2,139,000.00"
Jerian Grant,2015,"1,572,360.00"
Jerryd Bayless,2015,"3,000,000.00"
Jimmer Fredette,2015,"625,167.00"
Jimmy Butler,2015,"16,407,500.00"
JJ Hickson,2015,"5,583,413.00"
JJ O'Brien,2015,"30,887.00"
JJ Redick,2015,"7,085,000.00"
Joakim Noah,2015,"13,400,000.00"
Jodie Meeks,2015,"6,270,000.00"
Joe Harris,2015,"845,059.00"
Joe Ingles,2015,"2,100,000.00"
Joe Johnson,2015,"22,309,344.00"
Joel Anthony,2015,"2,500,000.00"
Joel Embiid,2015,"4,626,960.00"
Joey Dorsey,2015,"1,015,421.00"
Joffrey Lauvergne,2015,"1,709,719.00"
John Henson,2015,"2,943,220.00"
John Holland,2015,"9,266.00"
John Jenkins,2015,"981,349.00"
John Wall,2015,"14,728,844.00"
Johnny O'Bryant,2015,"845,059.00"
Jon Leuer,2015,"1,035,000.00"
Jonas Jerebko,2015,"5,000,000.00"
Jonas Valanciunas,2015,"4,660,482.00"
Jonathan Holmes,2015,"100,000.00"
Jonathon Simmons,2015,"525,093.00"
Jordan Adams,2015,"1,404,600.00"
Jordan Clarkson,2015,"845,059.00"
Jordan Farmar,2015,"2,291,455.00"
Jordan Hamilton,2015,"119,461.00"
Jordan Hill,2015,"4,000,000.00"
Jordan McRae,2015,"172,971.00"
Jordan Mickey,2015,"1,170,960.00"
Jorge Gutierrez,2015,"300,899.00"
Jose Calderon,2015,"7,402,812.00"
Jose Juan Barea,2015,"4,290,000.00"
Joseph Young,2015,"1,007,026.00"
Josh Huestis,2015,"1,140,240.00"
Josh McRoberts,2015,"5,543,725.00"
Josh Richardson,2015,"525,093.00"
Josh Smith,2015,"6,830,916.00"
JR Smith,2015,"5,000,000.00"
Jrue Holiday,2015,"11,000,000.00"
Julius Randle,2015,"3,132,240.00"
Justin Anderson,2015,"1,449,000.00"
Justin Harper,2015,"99,418.00"
Justin Holiday,2015,"947,276.00"
Justise Winslow,2015,"2,481,720.00"
Jusuf Nurkic,2015,"1,842,000.00"
Karl-Anthony Towns,2015,"5,703,600.00"
Kawhi Leonard,2015,"16,407,500.00"
Keith Appling,2015,"61,775.00"
Kelly Olynyk,2015,"2,165,160.00"
Kelly Oubre,2015,"1,920,240.00"
Kemba Walker,2015,"12,000,000.00"
Kendall Marshall,2015,"2,144,772.00"
Kendrick Perkins,2015,"1,499,187.00"
Kenneth Faried,2015,"11,235,955.00"
Kent Bazemore,2015,"2,000,000.00"
Kentavious Caldwell-Pope,2015,"2,891,760.00"
Kevin Durant,2015,"21,971,850.00"
Kevin Garnett,2015,"8,500,000.00"
Kevin Love,2015,"19,689,000.00"
Kevin Martin,2015,"7,402,474.00"
Kevin Seraphin,2015,"2,814,000.00"
Kevon Looney,2015,"1,131,960.00"
Khris Middleton,2015,"14,700,000.00"
Kirk Hinrich,2015,"2,870,000.00"
KJ McDaniels,2015,"3,189,794.00"
Klay Thompson,2015,"15,501,000.00"
Kobe Bryant,2015,"25,000,000.00"
Kosta Koufos,2015,"7,700,000.00"
Kostas Papanikolaou,2015,"800,320.00"
Kris Humphries,2015,"4,440,000.00"
Kristaps Porzingis,2015,"4,131,720.00"
Kyle Anderson,2015,"1,142,880.00"
Kyle Korver,2015,"5,746,479.00"
Kyle Lowry,2015,"12,000,000.00"
Kyle O'Quinn,2015,"3,750,000.00"
Kyle Singler,2015,"4,500,000.00"
Kyrie Irving,2015,"16,407,500.00"
Lamar Patterson,2015,"525,093.00"
LaMarcus Aldridge,2015,"19,689,000.00"
Lance Stephenson,2015,"9,000,000.00"
Lance Thomas,2015,"1,636,842.00"
Langston Galloway,2015,"845,059.00"
Larry Nance Jr,2015,"1,155,600.00"
Larry Sanders,2015,"5,000,000.00"
Lavoy Allen,2015,"3,550,000.00"
Leandro Barbosa,2015,"2,500,000.00"
LeBron James,2015,"22,970,500.00"
Lorenzo Brown,2015,"222,888.00"
Lou Williams,2015,"7,000,000.00"
Louis Amundson,2015,"1,700,000.00"
Louis Williams,2015,"7,000,000.00"
Luc Mbah a Moute,2015,"1,270,964.00"
Lucas Nogueira,2015,"1,842,000.00"
Luis Montero,2015,"525,093.00"
Luis Scola,2015,"2,900,000.00"
Luke Babbitt,2015,"1,100,602.00"
Luol Deng,2015,"10,151,612.00"
Manu Ginobili,2015,"2,814,000.00"
Marc Gasol,2015,"19,689,000.00"
Marcelo Huertas,2015,"525,093.00"
Marcin Gortat,2015,"11,217,391.00"
Marco Belinelli,2015,"6,060,606.00"
Marcus Morris,2015,"5,000,000.00"
Marcus Morris Sr.,2015,"5,000,000.00"
Marcus Smart,2015,"3,431,040.00"
Marcus Thornton,2015,"1,436,891.00"
Mario Chalmers,2015,"4,300,000.00"
Mario Hezonja,2015,"3,741,480.00"
Markel Brown,2015,"845,059.00"
Markieff Morris,2015,"8,000,000.00"
Marreese Speights,2015,"3,815,500.00"
Martell Webster,2015,"5,713,500.00"
Marvin Williams,2015,"7,000,000.00"
Mason Plumlee,2015,"1,415,520.00"
Matt Barnes,2015,"3,542,500.00"
Matt Bonner,2015,"1,499,187.00"
Matthew Dellavedova,2015,"1,347,276.00"
Maurice Ndour,2015,"525,093.00"
Maurice Williams,2015,"2,100,000.00"
Metta World Peace,2015,"1,499,187.00"
Meyers Leonard,2015,"3,075,879.00"
Michael Beasley,2015,"306,526.00"
Michael Carter-Williams,2015,"2,399,040.00"
Michael Frazier,2015,"525,093.00"
Michael Kidd-Gilchrist,2015,"6,331,403.00"
Mike Conley,2015,"9,680,000.00"
Mike Dunleavy,2015,"4,837,500.00"
Mike Miller,2015,"4,354,127.00"
Mike Muscala,2015,"947,276.00"
Mike Scott,2015,"3,333,333.00"
Miles Plumlee,2015,"2,109,293.00"
Mirza Teletovic,2015,"5,500,000.00"
Mitch McGary,2015,"1,463,040.00"
Moe Harkless,2015,"2,894,058.00"
Monta Ellis,2015,"10,300,000.00"
Montrezl Harrell,2015,"1,000,000.00"
Myles Turner,2015,"2,277,960.00"
Nate Robinson,2015,"26,456.00"
Nazr Mohammed,2015,"352,749.00"
Nemanja Bjelica,2015,"3,950,000.00"
Nenê,2015,"13,000,000.00"
Nerlens Noel,2015,"3,457,800.00"
Nick Collison,2015,"3,750,000.00"
Nick Johnson,2015,"845,059.00"
Nick Young,2015,"5,219,169.00"
Nicolas Batum,2015,"11,860,750.00"
Nik Stauskas,2015,"2,869,440.00"
Nikola Jokic,2015,"1,300,000.00"
Nikola Mirotic,2015,"5,543,725.00"
Nikola Pekovic,2015,"12,100,000.00"
Nikola Vucevic,2015,"11,250,000.00"
Noah Vonleh,2015,"2,637,720.00"
Norman Powell,2015,"650,000.00"
Norris Cole,2015,"3,203,780.00"
O.J. Mayo,2015,"8,000,000.00"
OJ Mayo,2015,"8,000,000.00"
Omer Asik,2015,"9,213,483.00"
Omri Casspi,2015,"2,836,186.00"
Orlando Johnson,2015,"111,444.00"
Otto Porter,2015,"4,662,960.00"
P.J. Tucker,2015,"5,500,000.00"
Pablo Prigioni,2015,"1,421,348.00"
Pat Connaughton,2015,"625,093.00"
Patrick Beverley,2015,"6,486,486.00"
Patrick Mills,2015,"3,200,000.00"
Patrick Patterson,2015,"6,268,675.00"
Patty Mills,2015,"3,578,947.00"
Pau Gasol,2015,"7,448,760.00"
Paul George,2015,"16,900,000.00"
Paul Millsap,2015,"18,671,659.00"
Paul Pierce,2015,"3,376,000.00"
Perry Jones,2015,"2,038,206.00"
Phil Pressey,2015,"1,014,142.00"
Pierre Jackson,2015,"750,000.00"
PJ Hairston,2015,"1,201,440.00"
PJ Tucker,2015,"5,500,000.00"
Quincy Acy,2015,"981,348.00"
Quincy Miller,2015,"50,000.00"
Quincy Pondexter,2015,"3,382,023.00"
Rajon Rondo,2015,"9,500,000.00"
Rakeem Christmas,2015,"1,007,026.00"
Ramon Sessions,2015,"2,170,465.00"
Randy Foye,2015,"3,135,000.00"
Rashad Vaughn,2015,"1,733,040.00"
Rasual Butler,2015,"1,499,187.00"
Raul Neto,2015,"840,000.00"
Ray McCallum,2015,"1,076,758.00"
Raymond Felton,2015,"4,540,000.00"
Reggie Bullock,2015,"1,252,400.00"
Reggie Jackson,2015,"13,913,044.00"
Richard Jefferson,2015,"1,499,187.00"
Richaun Holmes,2015,"1,075,000.00"
Ricky Rubio,2015,"12,700,000.00"
RJ Hunter,2015,"1,148,640.00"
Robert Covington,2015,"1,000,000.00"
Robert Sacre,2015,"981,358.00"
Robin Lopez,2015,"12,650,000.00"
Rodney Hood,2015,"1,348,440.00"
Rodney Stuckey,2015,"7,000,000.00"
Rondae Hollis-Jefferson,2015,"1,335,480.00"
Ronnie Price,2015,"1,499,187.00"
Roy Hibbert,2015,"15,514,031.00"
Rudy Gay,2015,"12,403,101.00"
Rudy Gobert,2015,"1,175,880.00"
Russ Smith,2015,"845,059.00"
Russell Westbrook,2015,"16,744,218.00"
Ryan Anderson,2015,"8,500,000.00"
Ryan Hollins,2015,"615,906.00"
Ryan Kelly,2015,"1,724,250.00"
Salah Mejri,2015,"525,093.00"
Sam Dekker,2015,"1,646,400.00"
Samuel Dalembert,2015,"1,499,187.00"
Sasha Kaun,2015,"1,276,000.00"
Sasha Vujacic,2015,"1,356,146.00"
Scottie Wilbekin,2015,"200,000.00"
Sean Kilpatrick,2015,"320,594.00"
Serge Ibaka,2015,"12,250,000.00"
Sergey Karasev,2015,"1,599,840.00"
Seth Curry,2015,"947,276.00"
Shabazz Muhammad,2015,"2,056,920.00"
Shabazz Napier,2015,"1,294,440.00"
Shane Larkin,2015,"1,500,000.00"
Shaun Livingston,2015,"5,543,725.00"
Shayne Whittington,2015,"845,059.00"
Shelvin Mack,2015,"2,433,333.00"
Solomon Hill,2015,"1,358,880.00"
Sonny Weems,2015,"2,814,000.00"
Spencer Dinwiddie,2015,"845,059.00"
Spencer Hawes,2015,"5,543,725.00"
Stanley Johnson,2015,"2,841,960.00"
Stephen Curry,2015,"11,370,786.00"
Steve Blake,2015,"2,100,000.00"
Steve Novak,2015,"3,758,017.00"
Steven Adams,2015,"2,279,040.00"
T.J. McConnell,2015,"525,093.00"
Taj Gibson,2015,"8,500,000.00"
Tarik Black,2015,"845,059.00"
Tayshaun Prince,2015,"1,499,187.00"
Terrence Jones,2015,"2,489,529.00"
Terrence Ross,2015,"3,553,917.00"
Terry Rozier,2015,"1,824,360.00"
Thabo Sefolosha,2015,"4,000,000.00"
Thaddeus Young,2015,"11,235,955.00"
Thanasis Antetokounmpo,2015,"30,887.00"
Thomas Robinson,2015,"981,348.00"
Tiago Splitter,2015,"8,500,000.00"
Tibor Pleiss,2015,"2,700,000.00"
Tim Duncan,2015,"5,250,000.00"
Tim Frazier,2015,"989,216.00"
Tim Hardaway Jr,2015,"1,304,520.00"
Tim Hardaway Jr.,2015,"1,304,520.00"
Timofey Mozgov,2015,"4,950,000.00"
TJ McConnell,2015,"525,093.00"
TJ Warren,2015,"2,041,080.00"
Tobias Harris,2015,"16,000,000.00"
Toney Douglas,2015,"2,971,568.00"
Tony Allen,2015,"5,000,000.00"
Tony Parker,2015,"13,437,500.00"
Tony Snell,2015,"1,535,880.00"
Tony Wroten,2015,"2,346,760.00"
Treveon Graham,2015,"525,093.00"
Trevor Ariza,2015,"8,200,000.00"
Trevor Booker,2015,"4,775,000.00"
Trey Burke,2015,"2,658,240.00"
Trey Lyles,2015,"2,239,800.00"
Tristan Thompson,2015,"14,260,000.00"
Troy Daniels,2015,"947,276.00"
Ty Lawson,2015,"12,444,552.00"
Tyler Ennis,2015,"1,662,360.00"
Tyler Hansbrough,2015,"1,185,784.00"
Tyler Johnson,2015,"845,059.00"
Tyler Zeller,2015,"2,616,975.00"
Tyreke Evans,2015,"10,734,586.00"
Tyson Chandler,2015,"13,000,000.00"
Tyus Jones,2015,"1,282,080.00"
Udonis Haslem,2015,"2,854,940.00"
Victor Oladipo,2015,"5,192,520.00"
Vince Carter,2015,"4,088,019.00"
Walter Tavares,2015,"1,000,000.00"
Wayne Ellington,2015,"1,500,000.00"
Wesley Johnson,2015,"1,100,602.00"
Wesley Matthews,2015,"16,407,500.00"
Will Barton,2015,"3,533,333.00"
Willie Cauley-Stein,2015,"3,398,280.00"
Willie Reed,2015,"525,093.00"
Wilson Chandler,2015,"10,449,438.00"
Xavier Munford,2015,"123,548.00"
Zach LaVine,2015,"2,148,360.00"
Zach Randolph,2015,"10,000,000.00"
Zaza Pachulia,2015,"5,200,000.00"
Zoran Dragic,2015,"1,756,500.00"
Aaron Brooks,2016,"2,700,000.00"
Aaron Gordon,2016,"4,351,320.00"
Aaron Harrison,2016,"365,289.00"
Adreian Payne,2016,"2,022,240.00"
AJ Hammons,2016,"650,000.00"
Al Horford,2016,"26,540,100.00"
Al Jefferson,2016,"10,230,179.00"
Alan Anderson,2016,"1,315,448.00"
Alan Williams,2016,"874,636.00"
Alec Burks,2016,"9,904,495.00"
Alex Abrines,2016,"5,994,764.00"
Alex Caruso,2016,"50,000.00"
Alex Len,2016,"4,823,621.00"
Alex Poythress,2016,"73,743.00"
Alexis Ajinca,2016,"4,863,206.00"
Al-Farouq Aminu,2016,"7,680,965.00"
Allen Crabbe,2016,"18,500,000.00"
Alonzo Gee,2016,"2,255,408.00"
Amir Johnson,2016,"12,000,000.00"
Anderson Varejao,2016,"10,851,659.00"
Andre Drummond,2016,"22,116,750.00"
Andre Iguodala,2016,"11,131,368.00"
Andre Roberson,2016,"2,183,072.00"
Andrew Bogut,2016,"11,410,378.00"
Andrew Harrison,2016,"945,000.00"
Andrew Nicholson,2016,"6,088,993.00"
Andrew Wiggins,2016,"6,006,600.00"
Anthony Barber,2016,"50,000.00"
Anthony Bennett,2016,"1,015,696.00"
Anthony Brown,2016,"1,023,838.00"
Anthony Davis,2016,"22,116,750.00"
Anthony Morrow,2016,"3,488,000.00"
Anthony Tolliver,2016,"8,000,000.00"
Archie Goodwin,2016,"2,350,999.00"
Arinze Onuaku,2016,"426,775.00"
Aron Baynes,2016,"6,500,000.00"
Arron Afflalo,2016,"12,500,000.00"
Austin Rivers,2016,"11,000,000.00"
Avery Bradley,2016,"8,269,663.00"
Axel Toupane,2016,"977,534.00"
Beau Beech,2016,"45,000.00"
Ben Bentil,2016,"281,968.00"
Ben McLemore,2016,"4,008,882.00"
Ben Simmons,2016,"5,903,160.00"
Beno Udrih,2016,"980,431.00"
Bismack Biyombo,2016,"17,000,000.00"
Blake Griffin,2016,"20,093,064.00"
Boban Marjanovic,2016,"5,628,000.00"
Bobby Brown,2016,"940,070.00"
Bobby Portis,2016,"1,404,600.00"
Bojan Bogdanovic,2016,"3,573,020.00"
Boris Diaw,2016,"7,000,000.00"
Bradley Beal,2016,"22,116,750.00"
Brady Heslip,2016,"56,500.00"
Brandan Wright,2016,"5,709,880.00"
Brandon Bass,2016,"1,551,659.00"
Brandon Ingram,2016,"5,281,680.00"
Brandon Jennings,2016,"5,587,318.00"
Brandon Knight,2016,"12,606,250.00"
Brandon Paul,2016,"155,000.00"
Brandon Rush,2016,"3,500,000.00"
Brian Roberts,2016,"1,050,961.00"
Briante Weber,2016,"623,447.00"
Brice Johnson,2016,"1,273,920.00"
Brook Lopez,2016,"21,165,675.00"
Bruno Caboclo,2016,"1,589,640.00"
Bryn Forbes,2016,"543,471.00"
Buddy Hield,2016,"3,517,200.00"
Cameron Payne,2016,"2,112,480.00"
Caris LeVert,2016,"1,562,280.00"
Carl Landry,2016,"6,750,000.00"
Carmelo Anthony,2016,"24,559,380.00"
Caron Butler,2016,"1,551,659.00"
Chandler Parsons,2016,"22,116,750.00"
Channing Frye,2016,"7,806,971.00"
Chasson Randle,2016,"541,170.00"
Cheick Diallo,2016,"543,471.00"
Chinanu Onuaku,2016,"543,471.00"
Chris Andersen,2016,"1,551,659.00"
Chris Bosh,2016,"23,741,060.00"
Chris McCullough,2016,"1,191,480.00"
Chris Paul,2016,"22,868,827.00"
Christian Wood,2016,"874,636.00"
CJ McCollum,2016,"3,219,579.00"
CJ Miles,2016,"4,583,450.00"
CJ Watson,2016,"5,000,000.00"
CJ Wilcox,2016,"1,209,600.00"
Clint Capela,2016,"1,296,240.00"
Cody Zeller,2016,"5,318,313.00"
Cole Aldrich,2016,"7,643,979.00"
Corey Brewer,2016,"7,612,172.00"
Cory Joseph,2016,"7,315,000.00"
Courtney Lee,2016,"11,242,000.00"
Cristiano Felicio,2016,"874,636.00"
D.J. Augustin,2016,"7,250,000.00"
Dahntay Jones,2016,"24,022.00"
Damian Jones,2016,"1,171,560.00"
Damian Lillard,2016,"24,328,425.00"
Damion Lee,2016,"50,000.00"
Damjan Rudez,2016,"980,431.00"
D'Angelo Russell,2016,"5,332,800.00"
Daniel Ochefu,2016,"543,471.00"
Danilo Gallinari,2016,"15,050,000.00"
Danny Green,2016,"10,000,000.00"
Dante Cunningham,2016,"3,000,000.00"
Dante Exum,2016,"3,940,320.00"
Danuel House,2016,"543,471.00"
Dario Saric,2016,"2,318,280.00"
Darrell Arthur,2016,"8,070,175.00"
Darren Collison,2016,"5,229,454.00"
Darrun Hilliard,2016,"874,636.00"
David Lee,2016,"1,551,659.00"
David Nwaba,2016,"73,528.00"
David West,2016,"1,551,659.00"
Davis Bertans,2016,"543,471.00"
DeAndre Bembry,2016,"1,499,760.00"
DeAndre Jordan,2016,"21,165,675.00"
DeAndre Liggins,2016,"1,015,695.00"
Dejounte Murray,2016,"1,180,080.00"
Delon Wright,2016,"1,577,280.00"
DeMar DeRozan,2016,"26,540,100.00"
DeMarcus Cousins,2016,"15,756,438.00"
DeMarre Carroll,2016,"14,200,000.00"
Demetrius Jackson,2016,"1,450,000.00"
Dennis Schroeder,2016,"2,708,582.00"
Denzel Valentine,2016,"2,092,200.00"
Deron Williams,2016,"14,885,520.00"
Derrick Favors,2016,"11,050,000.00"
Derrick Jones,2016,"543,471.00"
Derrick Rose,2016,"21,323,252.00"
Derrick Williams,2016,"5,020,145.00"
Devin Booker,2016,"2,223,600.00"
Devin Harris,2016,"4,227,996.00"
Dewayne Dedmon,2016,"2,898,000.00"
Deyonta Davis,2016,"1,369,229.00"
Diamond Stone,2016,"543,471.00"
Dion Waiters,2016,"2,898,000.00"
Dionte Christmas,2016,"50,000.00"
Dirk Nowitzki,2016,"25,000,000.00"
DJ Augustin,2016,"7,250,000.00"
DJ Kennedy,2016,"50,000.00"
Domantas Sabonis,2016,"2,440,200.00"
Donatas Motiejunas,2016,"607,491.00"
Dorian Finney-Smith,2016,"543,471.00"
Doug McDermott,2016,"2,483,040.00"
Dragan Bender,2016,"4,276,320.00"
Draymond Green,2016,"15,330,435.00"
Dwight Howard,2016,"23,500,000.00"
Dwight Powell,2016,"8,375,000.00"
Dwyane Wade,2016,"23,200,000.00"
Ed Davis,2016,"6,666,667.00"
Egidijus Mockevicius,2016,"100,000.00"
EJ Singler,2016,"50,000.00"
Elfrid Payton,2016,"2,613,600.00"
Elgin Cook,2016,"50,000.00"
Elliot Williams,2016,"250,000.00"
Elton Brand,2016,"980,000.00"
Emmanuel Mudiay,2016,"3,241,800.00"
Enes Freedom,2016,"17,145,838.00"
Enes Kanter,2016,"17,145,838.00"
Eric Bledsoe,2016,"14,000,000.00"
Eric Gordon,2016,"12,385,665.00"
Ersan Ilyasova,2016,"8,400,000.00"
E'Twaun Moore,2016,"8,801,363.00"
Evan Fournier,2016,"17,000,000.00"
Evan Turner,2016,"16,393,443.00"
Festus Ezeli,2016,"7,400,000.00"
Frank Kaminsky,2016,"2,730,000.00"
Fred VanVleet,2016,"543,471.00"
Garrett Temple,2016,"8,000,000.00"
Gary Harris,2016,"1,655,880.00"
Gary Neal,2016,"72,193.00"
Gary Payton II,2016,"578,636.00"
George Hill,2016,"8,000,000.00"
Georges Niang,2016,"650,000.00"
Georgios Papagiannis,2016,"2,202,240.00"
Gerald Green,2016,"1,410,598.00"
Gerald Henderson,2016,"9,000,000.00"
Giannis Antetokounmpo,2016,"2,995,420.00"
Glenn Robinson III,2016,"1,050,500.00"
Goran Dragic,2016,"15,891,725.00"
Gordon Hayward,2016,"16,073,140.00"
Gorgui Dieng,2016,"2,348,782.00"
Greg Monroe,2016,"17,145,838.00"
Greivis Vasquez,2016,"4,347,826.00"
Harrison Barnes,2016,"22,116,750.00"
Hassan Whiteside,2016,"22,116,750.00"
Henry Ellenson,2016,"1,704,120.00"
Henry Sims,2016,"75,000.00"
Hollis Thompson,2016,"1,131,040.00"
Ian Clark,2016,"1,015,696.00"
Ian Mahinmi,2016,"16,000,000.00"
Iman Shumpert,2016,"9,662,922.00"
Isaiah Canaan,2016,"1,015,696.00"
Isaiah Cousins,2016,"100,000.00"
Isaiah Taylor,2016,"305,000.00"
Isaiah Thomas,2016,"6,587,131.00"
Isaiah Whitehead,2016,"1,074,145.00"
Ish Smith,2016,"6,000,000.00"
Ishmael Smith,2016,"6,000,000.00"
Ivica Zubac,2016,"1,034,865.00"
Jabari Parker,2016,"5,374,320.00"
Jae Crowder,2016,"6,286,408.00"
Jahlil Okafor,2016,"4,788,840.00"
Jake Layman,2016,"600,000.00"
Jakob Poeltl,2016,"2,703,960.00"
Jalen Jones,2016,"25,000.00"
Jamal Crawford,2016,"13,253,012.00"
Jamal Murray,2016,"3,210,840.00"
Jameer Nelson,2016,"4,540,525.00"
James Ennis,2016,"2,898,000.00"
James Ennis III,2016,"2,898,000.00"
James Harden,2016,"26,540,100.00"
James Johnson,2016,"4,000,000.00"
James Jones,2016,"1,551,659.00"
James Michael McAdoo,2016,"980,431.00"
James Webb,2016,"65,000.00"
James Young,2016,"1,825,200.00"
JaMychal Green,2016,"980,431.00"
Jared Dudley,2016,"10,470,000.00"
Jared Sullinger,2016,"5,628,000.00"
Jarell Eddie,2016,"277,898.00"
Jarell Martin,2016,"1,286,160.00"
Jarnell Stokes,2016,"150,000.00"
Jarrett Jack,2016,"1,571,705.00"
Jarrod Uthoff,2016,"129,920.00"
Jason Smith,2016,"5,000,000.00"
Jason Terry,2016,"1,551,659.00"
Jason Thompson,2016,"893,333.00"
JaVale McGee,2016,"1,403,611.00"
Jaylen Brown,2016,"4,743,000.00"
Jeff Green,2016,"15,000,000.00"
Jeff Teague,2016,"8,000,000.00"
Jeff Withey,2016,"1,015,696.00"
Jerami Grant,2016,"980,431.00"
Jeremy Evans,2016,"1,227,286.00"
Jeremy Lamb,2016,"7,000,000.00"
Jeremy Lin,2016,"11,483,254.00"
Jerian Grant,2016,"1,643,040.00"
Jerryd Bayless,2016,"9,424,084.00"
Jimmy Butler,2016,"17,552,209.00"
JJ Redick,2016,"7,377,500.00"
Joakim Noah,2016,"17,000,000.00"
Jodie Meeks,2016,"6,540,000.00"
Joe Harris,2016,"980,431.00"
Joe Ingles,2016,"2,100,000.00"
Joe Johnson,2016,"11,000,000.00"
Joel Anthony,2016,"663,810.00"
Joel Bolomboy,2016,"600,000.00"
Joel Embiid,2016,"4,826,160.00"
Joffrey Lauvergne,2016,"1,709,719.00"
John Henson,2016,"12,267,606.00"
John Jenkins,2016,"1,050,961.00"
John Lucas,2016,"580,344.00"
John Wall,2016,"15,756,438.00"
Johnny O'Bryant,2016,"392,169.00"
Jon Leuer,2016,"10,991,957.00"
Jonas Jerebko,2016,"5,000,000.00"
Jonas Valanciunas,2016,"14,382,023.00"
Jonathan Gibson,2016,"671,346.00"
Jonathon Simmons,2016,"874,636.00"
Jordan Adams,2016,"1,465,080.00"
Jordan Clarkson,2016,"12,500,000.00"
Jordan Crawford,2016,"234,920.00"
Jordan Farmar,2016,"82,976.00"
Jordan Hill,2016,"4,000,000.00"
Jordan McRae,2016,"874,636.00"
Jordan Mickey,2016,"1,223,653.00"
Jose Calderon,2016,"7,708,427.00"
Jose Juan Barea,2016,"4,096,950.00"
Joseph Young,2016,"1,052,342.00"
Josh Huestis,2016,"1,191,480.00"
Josh McRoberts,2016,"5,782,450.00"
Josh Richardson,2016,"874,636.00"
Josh Smith,2016,"5,331,729.00"
JP Tokoto,2016,"100,000.00"
JR Smith,2016,"12,800,000.00"
Jrue Holiday,2016,"11,000,000.00"
Juan Hernangomez,2016,"1,987,440.00"
Julius Randle,2016,"3,267,120.00"
Julyan Stone,2016,"50,000.00"
Justin Anderson,2016,"1,514,160.00"
Justin Hamilton,2016,"3,000,000.00"
Justin Holiday,2016,"1,015,696.00"
Justise Winslow,2016,"2,593,440.00"
Jusuf Nurkic,2016,"1,921,320.00"
Kaleb Tarczewski,2016,"75,000.00"
Karl-Anthony Towns,2016,"5,960,160.00"
Kawhi Leonard,2016,"17,638,063.00"
Kay Felder,2016,"543,471.00"
Keith Benson,2016,"75,000.00"
Kelly Olynyk,2016,"3,094,013.00"
Kelly Oubre,2016,"2,006,640.00"
Kemba Walker,2016,"12,000,000.00"
Kenneth Faried,2016,"12,078,652.00"
Kent Bazemore,2016,"15,730,337.00"
Kentavious Caldwell-Pope,2016,"3,678,319.00"
Kevin Durant,2016,"26,540,100.00"
Kevin Garnett,2016,"8,000,000.00"
Kevin Love,2016,"21,165,675.00"
Kevin Martin,2016,"3,336,000.00"
Kevin Seraphin,2016,"1,800,000.00"
Kevon Looney,2016,"1,182,840.00"
Khris Middleton,2016,"15,200,000.00"
KJ McDaniels,2016,"3,333,333.00"
Klay Thompson,2016,"16,663,575.00"
Kosta Koufos,2016,"8,046,500.00"
Kris Dunn,2016,"3,872,520.00"
Kris Humphries,2016,"8,630,000.00"
Kristaps Porzingis,2016,"4,317,720.00"
Kyle Anderson,2016,"1,192,080.00"
Kyle Collinsworth,2016,"70,000.00"
Kyle Korver,2016,"5,239,437.00"
Kyle Lowry,2016,"12,000,000.00"
Kyle O'Quinn,2016,"3,918,750.00"
Kyle Singler,2016,"4,837,500.00"
Kyle Wiltjer,2016,"543,471.00"
Kyrie Irving,2016,"17,638,063.00"
Lamar Patterson,2016,"242,963.00"
LaMarcus Aldridge,2016,"20,575,005.00"
Lance Stephenson,2016,"5,371,672.00"
Lance Thomas,2016,"6,191,000.00"
Langston Galloway,2016,"5,200,000.00"
Larry Nance Jr,2016,"1,207,680.00"
Larry Nance Jr.,2016,"1,207,680.00"
Larry Sanders,2016,"5,207,722.00"
Lavoy Allen,2016,"3,500,000.00"
Leandro Barbosa,2016,"4,000,000.00"
LeBron James,2016,"30,963,450.00"
Livio Jean-Charles,2016,"1,188,840.00"
Louis Amundson,2016,"980,431.00"
Louis Williams,2016,"7,000,000.00"
Luc Mbah a Moute,2016,"2,203,000.00"
Lucas Nogueira,2016,"1,921,320.00"
Luis Scola,2016,"5,000,000.00"
Luke Babbitt,2016,"1,227,286.00"
Luol Deng,2016,"18,000,000.00"
Malachi Richardson,2016,"1,439,880.00"
Malcolm Brogdon,2016,"875,000.00"
Malcolm Delaney,2016,"2,500,000.00"
Malik Beasley,2016,"1,627,320.00"
Manny Harris,2016,"119,493.00"
Manu Ginobili,2016,"14,000,000.00"
Marc Gasol,2016,"21,165,675.00"
Marcelo Huertas,2016,"1,500,000.00"
Marcin Gortat,2016,"12,000,000.00"
Marco Belinelli,2016,"6,333,333.00"
Marcus Georges-Hunt,2016,"88,936.00"
Marcus Morris,2016,"4,625,000.00"
Marcus Morris Sr.,2016,"4,625,000.00"
Marcus Paige,2016,"125,000.00"
Marcus Smart,2016,"3,578,880.00"
Marcus Thornton,2016,"1,315,448.00"
Mario Hezonja,2016,"3,909,840.00"
Markieff Morris,2016,"7,400,000.00"
Marquese Chriss,2016,"2,941,440.00"
Marreese Speights,2016,"1,403,611.00"
Marshall Plumlee,2016,"543,471.00"
Martell Webster,2016,"2,500,000.00"
Marvin Williams,2016,"12,250,000.00"
Mason Plumlee,2016,"2,328,530.00"
Matt Barnes,2016,"6,508,351.00"
Matt Costello,2016,"50,000.00"
Matthew Dellavedova,2016,"9,607,500.00"
Maurice Harkless,2016,"8,988,764.00"
Maurice Ndour,2016,"543,471.00"
Maurice Williams,2016,"2,194,500.00"
Metta World Peace,2016,"1,551,659.00"
Meyers Leonard,2016,"9,213,484.00"
Michael Beasley,2016,"1,403,611.00"
Michael Carter-Williams,2016,"3,183,526.00"
Michael Gbinije,2016,"650,000.00"
Michael Kidd-Gilchrist,2016,"13,000,000.00"
Mike Conley,2016,"26,540,100.00"
Mike Dunleavy,2016,"4,837,500.00"
Mike Miller,2016,"3,500,000.00"
Mike Muscala,2016,"1,015,696.00"
Mike Scott,2016,"3,333,333.00"
Mike Tobey,2016,"138,937.00"
Miles Plumlee,2016,"12,400,000.00"
Mindaugas Kuzminskas,2016,"2,898,000.00"
Mirza Teletovic,2016,"10,500,000.00"
Mitch McGary,2016,"1,526,040.00"
Moe Harkless,2016,"8,988,764.00"
Monta Ellis,2016,"10,763,500.00"
Montrezl Harrell,2016,"1,045,000.00"
Myles Turner,2016,"2,380,440.00"
Nate Wolters,2016,"50,000.00"
Nemanja Bjelica,2016,"3,800,000.00"
Nenê,2016,"2,898,000.00"
Nerlens Noel,2016,"4,384,490.00"
Nick Collison,2016,"3,750,000.00"
Nick Johnson,2016,"980,431.00"
Nick Young,2016,"5,443,918.00"
Nick Zeisloft,2016,"25,000.00"
Nicolas Batum,2016,"20,869,566.00"
Nicolas Brussino,2016,"543,471.00"
Nicolas Laprovittola,2016,"204,601.00"
Nik Stauskas,2016,"2,993,040.00"
Nikola Jokic,2016,"1,358,500.00"
Nikola Jovanovic,2016,"30,000.00"
Nikola Mirotic,2016,"5,782,450.00"
Nikola Pekovic,2016,"12,100,000.00"
Nikola Vucevic,2016,"11,750,000.00"
Noah Vonleh,2016,"2,751,360.00"
Norman Powell,2016,"874,636.00"
Norris Cole,2016,"288,131.00"
Okaro White,2016,"310,995.00"
Omer Asik,2016,"9,904,494.00"
Omri Casspi,2016,"3,149,524.00"
Otto Porter,2016,"5,893,981.00"
Otto Porter Jr.,2016,"5,893,981.00"
Pablo Prigioni,2016,"1,050,961.00"
Pascal Siakam,2016,"1,196,040.00"
Pat Connaughton,2016,"874,636.00"
Patricio Garino,2016,"131,968.00"
Patrick Beverley,2016,"6,000,000.00"
Patrick McCaw,2016,"543,471.00"
Patrick Mills,2016,"3,200,000.00"
Patrick Patterson,2016,"6,050,000.00"
Patty Mills,2016,"3,578,948.00"
Pau Gasol,2016,"15,500,000.00"
Paul George,2016,"18,100,000.00"
Paul Millsap,2016,"20,072,033.00"
Paul Pierce,2016,"3,527,920.00"
Paul Zipser,2016,"750,000.00"
Phil Pressey,2016,"35,000.00"
Pierre Jackson,2016,"191,810.00"
PJ Tucker,2016,"5,300,000.00"
Prince Ibeh,2016,"77,250.00"
Quincy Acy,2016,"2,965,505.00"
Quincy Ford,2016,"75,000.00"
Quincy Pondexter,2016,"3,617,978.00"
Quinn Cook,2016,"95,904.00"
Rajon Rondo,2016,"14,000,000.00"
Rakeem Christmas,2016,"1,052,342.00"
Ramon Sessions,2016,"6,000,000.00"
Randy Foye,2016,"2,500,000.00"
Rashad Vaughn,2016,"1,811,040.00"
Raul Neto,2016,"877,800.00"
Ray McCallum,2016,"119,493.00"
Raymond Felton,2016,"1,551,659.00"
Reggie Bullock,2016,"2,255,644.00"
Reggie Jackson,2016,"14,956,522.00"
Reggie Williams,2016,"193,307.00"
Richard Jefferson,2016,"2,500,000.00"
Richaun Holmes,2016,"1,024,000.00"
Ricky Rubio,2016,"13,400,000.00"
RJ Hunter,2016,"1,625,240.00"
Robbie Hummel,2016,"150,000.00"
Robert Covington,2016,"1,015,696.00"
Robin Lopez,2016,"13,219,250.00"
Rodney Hood,2016,"1,406,520.00"
Rodney McGruder,2016,"543,471.00"
Rodney Stuckey,2016,"7,000,000.00"
Ron Baker,2016,"543,471.00"
Rondae Hollis-Jefferson,2016,"1,395,600.00"
Ronnie Price,2016,"3,251,227.00"
Roy Hibbert,2016,"5,000,000.00"
Rudy Gay,2016,"13,333,333.00"
Rudy Gobert,2016,"2,121,287.00"
Russell Westbrook,2016,"26,540,100.00"
Ryan Anderson,2016,"18,735,364.00"
Ryan Arcidiacono,2016,"75,000.00"
Ryan Kelly,2016,"713,305.00"
Salah Mejri,2016,"874,636.00"
Sam Dekker,2016,"1,720,560.00"
Sasha Kaun,2016,"1,333,420.00"
Sasha Vujacic,2016,"1,410,598.00"
Scott Wood,2016,"50,000.00"
Sean Kilpatrick,2016,"980,431.00"
Semaj Christon,2016,"543,471.00"
Serge Ibaka,2016,"12,250,000.00"
Sergio Rodriguez,2016,"6,800,000.00"
Seth Curry,2016,"2,898,000.00"
Shabazz Muhammad,2016,"3,046,299.00"
Shabazz Napier,2016,"1,350,120.00"
Shaun Livingston,2016,"5,782,450.00"
Shawn Long,2016,"154,512.00"
Sheldon Mac,2016,"543,471.00"
Shelvin Mack,2016,"2,433,334.00"
Skal Labissiere,2016,"1,188,840.00"
Solomon Hill,2016,"11,709,603.00"
Spencer Dinwiddie,2016,"726,672.00"
Spencer Hawes,2016,"5,782,450.00"
Stanley Johnson,2016,"2,969,880.00"
Stefan Jankovic,2016,"100,000.00"
Stephen Curry,2016,"12,112,359.00"
Stephen Zimmerman,2016,"950,000.00"
Steve Novak,2016,"1,551,659.00"
Steven Adams,2016,"3,140,517.00"
T.J. McConnell,2016,"874,636.00"
Taj Gibson,2016,"8,950,000.00"
Tarik Black,2016,"6,191,000.00"
Taurean Prince,2016,"2,318,280.00"
Terrence Jones,2016,"1,207,194.00"
Terrence Ross,2016,"10,000,000.00"
Terry Rozier,2016,"1,906,440.00"
Thabo Sefolosha,2016,"4,000,000.00"
Thaddeus Young,2016,"12,078,652.00"
Thomas Robinson,2016,"1,050,961.00"
Thomas Walkup,2016,"69,500.00"
Thon Maker,2016,"2,568,600.00"
Tiago Splitter,2016,"8,250,000.00"
Tibor Pleiss,2016,"2,800,000.00"
Tim Duncan,2016,"5,643,750.00"
Tim Frazier,2016,"2,090,000.00"
Tim Hardaway Jr,2016,"2,281,605.00"
Tim Hardaway Jr.,2016,"2,281,605.00"
Tim Quarterman,2016,"543,471.00"
Timofey Mozgov,2016,"16,000,000.00"
Timothe Luwawu,2016,"1,326,960.00"
TJ McConnell,2016,"874,636.00"
TJ Warren,2016,"2,128,920.00"
Tobias Harris,2016,"17,200,000.00"
Tomas Satoransky,2016,"2,870,813.00"
Toney Douglas,2016,"564,868.00"
Tony Allen,2016,"5,000,000.00"
Tony Parker,2016,"14,445,313.00"
Tony Snell,2016,"2,368,327.00"
Tony Wroten,2016,"25,000.00"
Treveon Graham,2016,"543,471.00"
Trevor Ariza,2016,"7,800,000.00"
Trevor Booker,2016,"9,250,000.00"
Trey Burke,2016,"3,386,597.00"
Trey Lyles,2016,"2,340,600.00"
Tristan Thompson,2016,"15,330,435.00"
Troy Daniels,2016,"3,332,940.00"
Troy Williams,2016,"652,165.00"
Ty Lawson,2016,"1,315,448.00"
Tyler Ennis,2016,"1,733,880.00"
Tyler Johnson,2016,"5,628,000.00"
Tyler Ulis,2016,"918,369.00"
Tyler Zeller,2016,"8,000,000.00"
Tyreke Evans,2016,"10,203,755.00"
Tyson Chandler,2016,"12,415,000.00"
Tyus Jones,2016,"1,339,680.00"
Udonis Haslem,2016,"4,000,000.00"
Victor Oladipo,2016,"6,552,960.00"
Vince Carter,2016,"4,264,057.00"
Wade Baldwin,2016,"1,793,760.00"
Walter Tavares,2016,"1,006,000.00"
Wayne Ellington,2016,"6,000,000.00"
Wayne Selden,2016,"115,087.00"
Wesley Johnson,2016,"5,628,000.00"
Wesley Matthews,2016,"17,145,838.00"
Will Barton,2016,"3,533,333.00"
Willie Cauley-Stein,2016,"3,551,160.00"
Willy Hernangomez,2016,"1,375,000.00"
Wilson Chandler,2016,"11,233,146.00"
Yi Jianlian,2016,"250,000.00"
Yogi Ferrell,2016,"409,300.00"
Zach Auguste,2016,"60,000.00"
Zach LaVine,2016,"2,240,880.00"
Zach Randolph,2016,"10,000,000.00"
Zaza Pachulia,2016,"2,898,000.00"
Aaron Brooks,2017,"2,116,955.00"
Aaron Gordon,2017,"5,504,419.00"
Aaron Harrison,2017,"174,570.00"
Aaron Jackson,2017,"46,079.00"
Abdel Nader,2017,"1,167,333.00"
Adreian Payne,2017,"77,250.00"
AJ Hammons,2017,"1,312,611.00"
Al Horford,2017,"27,734,405.00"
Al Jefferson,2017,"9,769,821.00"
Alan Williams,2017,"6,000,000.00"
Alec Burks,2017,"10,845,506.00"
Alec Peters,2017,"77,250.00"
Alex Abrines,2017,"5,725,000.00"
Alex Caruso,2017,"77,250.00"
Alex Len,2017,"4,187,599.00"
Alex Poythress,2017,"778,668.00"
Alexis Ajinca,2017,"4,961,798.00"
Al-Farouq Aminu,2017,"7,319,035.00"
Alfonzo McKinnie,2017,"815,615.00"
Allen Crabbe,2017,"18,500,000.00"
Amile Jefferson,2017,"77,250.00"
Amir Johnson,2017,"11,000,000.00"
Andre Drummond,2017,"23,775,506.00"
Andre Iguodala,2017,"14,814,815.00"
Andre Ingram,2017,"46,079.00"
Andre Roberson,2017,"9,259,260.00"
Andrew Bogut,2017,"1,078,810.00"
Andrew Harrison,2017,"1,312,611.00"
Andrew Nicholson,2017,"2,844,429.00"
Andrew White,2017,"77,250.00"
Andrew Wiggins,2017,"7,574,322.00"
Ante Zizic,2017,"1,645,200.00"
Anthony Brown,2017,"77,250.00"
Anthony Davis,2017,"23,775,506.00"
Anthony Tolliver,2017,"5,290,000.00"
Antonio Blakeney,2017,"77,250.00"
Antonius Cleveland,2017,"384,116.00"
Aron Baynes,2017,"4,300,000.00"
Arron Afflalo,2017,"5,328,652.00"
Austin Rivers,2017,"11,825,000.00"
Avery Bradley,2017,"8,808,989.00"
Bam Adebayo,2017,"2,490,360.00"
Ben McLemore,2017,"5,200,000.00"
Ben Moore,2017,"77,250.00"
Ben Simmons,2017,"6,168,840.00"
Bismack Biyombo,2017,"17,000,000.00"
Blake Griffin,2017,"29,512,900.00"
Boban Marjanovic,2017,"5,881,260.00"
Bobby Brown,2017,"1,231,500.00"
Bobby Portis,2017,"1,516,320.00"
Bogdan Bogdanovic,2017,"9,470,614.00"
Bojan Bogdanovic,2017,"10,500,000.00"
Bradley Beal,2017,"23,775,506.00"
Brandan Wright,2017,"5,955,760.00"
Brandon Ingram,2017,"5,519,400.00"
Brandon Jennings,2017,"380,830.00"
Brandon Knight,2017,"13,618,750.00"
Brandon Paul,2017,"815,615.00"
Brandon Rush,2017,"119,601.00"
Briante Weber,2017,"160,378.00"
Brice Johnson,2017,"1,331,160.00"
Bronson Koenig,2017,"50,000.00"
Brook Lopez,2017,"22,642,350.00"
Bruno Caboclo,2017,"2,451,224.00"
Bryn Forbes,2017,"1,312,611.00"
Buddy Hield,2017,"3,675,480.00"
Caleb Swanigan,2017,"1,465,920.00"
Cameron Oliver,2017,"300,000.00"
Cameron Payne,2017,"2,203,440.00"
Caris LeVert,2017,"1,632,480.00"
Carmelo Anthony,2017,"26,243,760.00"
Carrick Felix,2017,"140,901.00"
Cedi Osman,2017,"2,642,857.00"
Chandler Parsons,2017,"23,112,004.00"
Channing Frye,2017,"7,420,912.00"
Charles Cooke,2017,"77,250.00"
Chasson Randle,2017,"1,312,611.00"
Cheick Diallo,2017,"1,312,611.00"
Chinanu Onuaku,2017,"1,312,611.00"
Chris Bosh,2017,"25,289,390.00"
Chris Boucher,2017,"77,250.00"
Chris McCullough,2017,"1,471,382.00"
Chris Paul,2017,"24,268,959.00"
CJ Fair,2017,"82,943.00"
CJ McCollum,2017,"23,962,573.00"
CJ Miles,2017,"7,936,509.00"
CJ Watson,2017,"333,333.00"
CJ Wilcox,2017,"77,250.00"
CJ Williams,2017,"77,250.00"
Clint Capela,2017,"2,334,528.00"
Cody Zeller,2017,"12,584,270.00"
Cole Aldrich,2017,"7,300,000.00"
Corey Brewer,2017,"8,105,615.00"
Cory Joseph,2017,"7,630,000.00"
Courtney Lee,2017,"11,747,890.00"
Cristiano Felicio,2017,"7,843,500.00"
D.J. Augustin,2017,"7,250,000.00"
Dakari Johnson,2017,"815,615.00"
Damian Jones,2017,"1,312,611.00"
Damian Lillard,2017,"26,153,057.00"
Damien Wilkins,2017,"992,696.00"
Damion Lee,2017,"138,239.00"
Damyean Dotson,2017,"1,100,000.00"
D'Angelo Russell,2017,"5,562,360.00"
Daniel Hamilton,2017,"77,250.00"
Daniel Ochefu,2017,"50,000.00"
Daniel Theis,2017,"815,615.00"
Danilo Gallinari,2017,"20,559,599.00"
Danny Green,2017,"10,000,000.00"
Dante Cunningham,2017,"2,300,000.00"
Dante Exum,2017,"4,992,385.00"
Danuel House,2017,"77,250.00"
Dario Saric,2017,"2,422,560.00"
Darius Miller,2017,"2,100,000.00"
Darrell Arthur,2017,"7,464,912.00"
Darren Collison,2017,"10,000,000.00"
Darrun Hilliard,2017,"77,250.00"
David Nwaba,2017,"1,312,611.00"
David Stockton,2017,"192,812.00"
David West,2017,"2,328,652.00"
Davis Bertans,2017,"1,312,611.00"
Davon Reed,2017,"815,615.00"
De'Aaron Fox,2017,"4,609,200.00"
DeAndre Bembry,2017,"1,567,200.00"
DeAndre Jordan,2017,"22,642,350.00"
DeAndre Liggins,2017,"1,505,942.00"
Dejounte Murray,2017,"1,312,611.00"
Delon Wright,2017,"1,645,200.00"
DeMar DeRozan,2017,"27,739,975.00"
DeMarcus Cousins,2017,"18,063,850.00"
DeMarre Carroll,2017,"14,800,000.00"
Demetrius Jackson,2017,"319,266.00"
Dennis Schroder,2017,"15,500,000.00"
Dennis Schroeder,2017,"15,500,000.00"
Dennis Smith,2017,"3,218,280.00"
Denzel Valentine,2017,"2,186,400.00"
Deron Williams,2017,"5,474,787.00"
Derrick Favors,2017,"12,000,000.00"
Derrick Jones,2017,"462,875.00"
Derrick Rose,2017,"2,533,488.00"
Derrick Walton,2017,"77,250.00"
Derrick White,2017,"1,404,600.00"
Derrick Williams,2017,"104,059.00"
Devin Booker,2017,"2,319,360.00"
Devin Harris,2017,"4,402,546.00"
Devin Robinson,2017,"77,250.00"
Dewayne Dedmon,2017,"6,900,000.00"
Deyonta Davis,2017,"1,312,611.00"
Diamond Stone,2017,"1,312,611.00"
Dillon Brooks,2017,"815,615.00"
Dion Waiters,2017,"12,100,000.00"
Dirk Nowitzki,2017,"5,000,000.00"
DJ Augustin,2017,"7,250,000.00"
DJ Wilson,2017,"2,135,040.00"
Domantas Sabonis,2017,"2,550,000.00"
Donovan Mitchell,2017,"2,621,280.00"
Dorian Finney-Smith,2017,"1,312,611.00"
Doug McDermott,2017,"3,294,994.00"
Dragan Bender,2017,"4,468,800.00"
Draymond Green,2017,"16,400,000.00"
Dwayne Bacon,2017,"815,615.00"
Dwight Buycks,2017,"748,160.00"
Dwight Howard,2017,"23,500,000.00"
Dwight Powell,2017,"9,003,125.00"
Dwyane Wade,2017,"17,878,652.00"
Ed Davis,2017,"6,352,531.00"
Edmond Sumner,2017,"77,250.00"
Ekpe Udoh,2017,"3,200,000.00"
Elfrid Payton,2017,"3,332,340.00"
Emeka Okafor,2017,"813,293.00"
Emmanuel Mudiay,2017,"3,381,480.00"
Enes Freedom,2017,"17,884,176.00"
Enes Kanter,2017,"17,884,176.00"
Eric Bledsoe,2017,"14,500,000.00"
Eric Gordon,2017,"12,943,020.00"
Eric Griffin,2017,"77,250.00"
Eric Moreland,2017,"1,740,000.00"
Erik McCree,2017,"77,250.00"
Ersan Ilyasova,2017,"6,514,288.00"
E'Twaun Moore,2017,"8,445,024.00"
Evan Fournier,2017,"17,000,000.00"
Evan Turner,2017,"17,131,148.00"
Festus Ezeli,2017,"1,000,000.00"
Frank Jackson,2017,"815,615.00"
Frank Kaminsky,2017,"2,847,600.00"
Frank Mason,2017,"1,184,385.00"
Frank Ntilikina,2017,"3,501,120.00"
Fred VanVleet,2017,"1,312,611.00"
Furkan Korkmaz,2017,"1,465,920.00"
Garrett Temple,2017,"8,000,000.00"
Gary Harris,2017,"2,550,055.00"
Gary Payton II,2017,"154,500.00"
George Hill,2017,"20,000,000.00"
Georges Niang,2017,"177,250.00"
Georgios Papagiannis,2017,"2,486,757.00"
Gerald Green,2017,"1,381,403.00"
Gerald Henderson,2017,"1,000,000.00"
Gian Clavell,2017,"77,250.00"
Giannis Antetokounmpo,2017,"22,471,911.00"
Glenn Robinson III,2017,"1,524,305.00"
Goran Dragic,2017,"17,000,450.00"
Gordon Hayward,2017,"29,727,900.00"
Gorgui Dieng,2017,"14,112,360.00"
Greg Monroe,2017,"21,384,175.00"
Guerschon Yabusele,2017,"2,247,480.00"
Harrison Barnes,2017,"23,112,004.00"
Harry Giles,2017,"1,859,400.00"
Hassan Whiteside,2017,"23,775,506.00"
Henry Ellenson,2017,"1,780,800.00"
Ian Clark,2017,"1,577,230.00"
Ian Mahinmi,2017,"16,000,000.00"
Ike Anigbogu,2017,"950,000.00"
Iman Shumpert,2017,"10,337,079.00"
Isaiah Canaan,2017,"1,113,863.00"
Isaiah Hicks,2017,"77,250.00"
Isaiah Taylor,2017,"1,312,611.00"
Isaiah Thomas,2017,"6,261,394.00"
Isaiah Whitehead,2017,"1,312,611.00"
Ish Smith,2017,"6,000,000.00"
Ishmael Smith,2017,"6,000,000.00"
Ivan Rabb,2017,"950,000.00"
Ivica Zubac,2017,"1,312,611.00"
Jabari Bird,2017,"77,250.00"
Jabari Parker,2017,"6,782,392.00"
Jack Cooley,2017,"77,250.00"
Jacob Pullen,2017,"77,250.00"
Jacob Wiley,2017,"77,250.00"
Jae Crowder,2017,"6,796,117.00"
Jahlil Okafor,2017,"4,995,120.00"
JaKarr Sampson,2017,"77,250.00"
Jake Layman,2017,"1,312,611.00"
Jakob Poeltl,2017,"2,825,640.00"
Jalen Jones,2017,"77,250.00"
Jamal Crawford,2017,"15,270,762.00"
Jamal Murray,2017,"3,355,320.00"
Jameel Warney,2017,"46,079.00"
Jameer Nelson,2017,"6,998,920.00"
Jamel Artis,2017,"77,250.00"
James Ennis,2017,"3,028,410.00"
James Harden,2017,"28,299,399.00"
James Johnson,2017,"13,734,000.00"
James Michael McAdoo,2017,"77,250.00"
James Webb,2017,"77,250.00"
James Young,2017,"77,250.00"
Jamil Wilson,2017,"77,250.00"
JaMychal Green,2017,"8,533,333.00"
Jared Dudley,2017,"10,000,000.00"
Jarell Eddie,2017,"166,256.00"
Jarell Martin,2017,"1,471,382.00"
Jarrett Allen,2017,"1,713,720.00"
Jarrett Jack,2017,"2,328,652.00"
Jason Smith,2017,"5,225,000.00"
Jason Terry,2017,"2,328,652.00"
Jason Thompson,2017,"893,333.00"
JaVale McGee,2017,"2,116,955.00"
Jawun Evans,2017,"815,615.00"
Jaylen Brown,2017,"4,956,480.00"
Jaylen Johnson,2017,"87,551.00"
Jaylen Morris,2017,"198,143.00"
Jayson Tatum,2017,"5,645,400.00"
Jeff Green,2017,"2,116,955.00"
Jeff Teague,2017,"19,000,000.00"
Jeff Withey,2017,"593,780.00"
Jerami Grant,2017,"1,524,305.00"
Jeremy Evans,2017,"154,059.00"
Jeremy Lamb,2017,"7,000,000.00"
Jeremy Lin,2017,"12,000,000.00"
Jerian Grant,2017,"1,713,840.00"
Jerryd Bayless,2017,"9,000,000.00"
Jimmy Butler,2017,"18,696,918.00"
JJ Redick,2017,"23,000,000.00"
Joakim Noah,2017,"17,765,000.00"
Jodie Meeks,2017,"3,290,000.00"
Joe Harris,2017,"1,524,305.00"
Joe Ingles,2017,"13,636,364.00"
Joe Johnson,2017,"10,254,904.00"
Joel Bolomboy,2017,"708,200.00"
Joel Embiid,2017,"6,100,266.00"
Joffrey Lauvergne,2017,"1,524,305.00"
John Collins,2017,"1,936,920.00"
John Henson,2017,"11,422,536.00"
John Holland,2017,"77,250.00"
John Wall,2017,"18,063,850.00"
Johnathan Motley,2017,"77,250.00"
Johnny O'Bryant,2017,"1,524,305.00"
Jon Leuer,2017,"10,497,319.00"
Jonas Jerebko,2017,"4,000,000.00"
Jonas Valanciunas,2017,"15,460,675.00"
Jonathan Gibson,2017,"74,158.00"
Jonathan Isaac,2017,"4,186,320.00"
Jonathon Simmons,2017,"6,300,000.00"
Jordan Bell,2017,"815,615.00"
Jordan Clarkson,2017,"11,562,500.00"
Jordan Crawford,2017,"1,709,538.00"
Jordan Mickey,2017,"1,471,382.00"
Jose Calderon,2017,"2,328,652.00"
Jose Juan Barea,2017,"3,903,900.00"
Joseph Young,2017,"1,471,382.00"
Josh Gray,2017,"92,159.00"
Josh Hart,2017,"1,394,520.00"
Josh Huestis,2017,"1,471,382.00"
Josh Jackson,2017,"5,090,040.00"
Josh Magette,2017,"77,250.00"
Josh McRoberts,2017,"6,021,175.00"
Josh Richardson,2017,"1,471,382.00"
Josh Smith,2017,"5,514,806.00"
JR Smith,2017,"13,760,000.00"
Jrue Holiday,2017,"25,686,667.00"
Juan Hernangomez,2017,"2,076,840.00"
Julius Randle,2017,"4,149,242.00"
Julyan Stone,2017,"1,524,305.00"
Justin Anderson,2017,"1,579,440.00"
Justin Hamilton,2017,"1,000,000.00"
Justin Holiday,2017,"4,500,000.00"
Justin Jackson,2017,"2,365,560.00"
Justin Patton,2017,"2,247,480.00"
Justise Winslow,2017,"2,705,040.00"
Jusuf Nurkic,2017,"2,947,304.00"
Kadeem Allen,2017,"77,250.00"
Karl-Anthony Towns,2017,"6,216,840.00"
Kawhi Leonard,2017,"18,868,625.00"
Kay Felder,2017,"551,866.00"
Kelly Olynyk,2017,"12,007,169.00"
Kelly Oubre,2017,"2,093,040.00"
Kemba Walker,2017,"12,000,000.00"
Kendrick Perkins,2017,"131,562.00"
Kenneth Faried,2017,"12,921,348.00"
Kent Bazemore,2017,"16,910,112.00"
Kentavious Caldwell-Pope,2017,"17,745,894.00"
Kevin Durant,2017,"25,000,000.00"
Kevin Love,2017,"22,642,350.00"
Kevon Looney,2017,"1,471,382.00"
Khem Birch,2017,"815,615.00"
Khris Middleton,2017,"14,100,000.00"
KJ McDaniels,2017,"100,000.00"
Klay Thompson,2017,"17,826,150.00"
Kobi Simmons,2017,"77,250.00"
Kosta Koufos,2017,"8,393,000.00"
Kris Dunn,2017,"4,046,760.00"
Kristaps Porzingis,2017,"4,503,600.00"
Kyle Anderson,2017,"2,151,704.00"
Kyle Collinsworth,2017,"595,702.00"
Kyle Korver,2017,"7,000,000.00"
Kyle Kuzma,2017,"1,423,560.00"
Kyle Lowry,2017,"28,903,704.00"
Kyle O'Quinn,2017,"4,087,500.00"
Kyle Singler,2017,"4,666,500.00"
Kyrie Irving,2017,"18,868,626.00"
LaMarcus Aldridge,2017,"21,461,010.00"
Lance Stephenson,2017,"4,180,000.00"
Lance Thomas,2017,"6,655,325.00"
Landry Nnoko,2017,"50,000.00"
Langston Galloway,2017,"6,666,667.00"
Larry Drew II,2017,"222,474.00"
Larry Nance Jr,2017,"1,471,382.00"
Larry Sanders,2017,"5,000,000.00"
Lauri Markkanen,2017,"3,821,640.00"
Lavoy Allen,2017,"3,500,000.00"
Leandro Barbosa,2017,"500,000.00"
LeBron James,2017,"33,285,709.00"
Livio Jean-Charles,2017,"1,242,240.00"
London Perrantes,2017,"77,250.00"
Lonzo Ball,2017,"6,286,560.00"
Lorenzo Brown,2017,"77,250.00"
Lou Williams,2017,"7,000,000.00"
Louis Williams,2017,"7,000,000.00"
Luc Mbah a Moute,2017,"2,116,955.00"
Lucas Nogueira,2017,"2,947,304.00"
Luis Montero,2017,"77,250.00"
Luke Babbitt,2017,"1,974,159.00"
Luke Kennard,2017,"2,759,280.00"
Luke Kornet,2017,"77,250.00"
Luol Deng,2017,"17,190,000.00"
Malachi Richardson,2017,"1,504,560.00"
Malcolm Brogdon,2017,"1,312,611.00"
Malcolm Delaney,2017,"2,500,000.00"
Malcolm Miller,2017,"77,250.00"
Malik Beasley,2017,"1,700,640.00"
Malik Monk,2017,"2,904,480.00"
Mangok Mathiang,2017,"77,250.00"
Manu Ginobili,2017,"2,500,000.00"
Marc Gasol,2017,"22,642,350.00"
Marcin Gortat,2017,"12,782,609.00"
Marco Belinelli,2017,"7,082,277.00"
Marcus Georges-Hunt,2017,"1,312,611.00"
Marcus Morris,2017,"5,000,000.00"
Marcus Morris Sr.,2017,"5,000,000.00"
Marcus Paige,2017,"77,250.00"
Marcus Smart,2017,"4,538,019.00"
Marcus Thornton II,2017,"46,079.00"
Mario Chalmers,2017,"2,106,407.00"
Mario Hezonja,2017,"4,078,320.00"
Markel Brown,2017,"77,250.00"
Markelle Fultz,2017,"7,026,240.00"
Markieff Morris,2017,"8,000,000.00"
Marquese Chriss,2017,"3,073,800.00"
Marquis Teague,2017,"157,944.00"
Marreese Speights,2017,"2,116,955.00"
Marshall Plumlee,2017,"77,250.00"
MarShon Brooks,2017,"86,118.00"
Marvin Williams,2017,"13,168,750.00"
Mason Plumlee,2017,"14,041,096.00"
Matt Barnes,2017,"6,400,625.00"
Matt Costello,2017,"77,250.00"
Matt Williams,2017,"77,250.00"
Matthew Dellavedova,2017,"9,607,500.00"
Maurice Harkless,2017,"10,162,922.00"
Maxi Kleber,2017,"815,615.00"
Meyers Leonard,2017,"9,904,495.00"
Michael Beasley,2017,"2,116,955.00"
Michael Carter-Williams,2017,"2,700,000.00"
Michael Gbinije,2017,"500,000.00"
Michael Kidd-Gilchrist,2017,"13,000,000.00"
Michael Young,2017,"77,250.00"
Mike Conley,2017,"28,530,608.00"
Mike Dunleavy,2017,"1,600,000.00"
Mike James,2017,"164,802.00"
Mike Muscala,2017,"5,000,000.00"
Mike Scott,2017,"1,709,538.00"
Miles Plumlee,2017,"12,400,000.00"
Milos Teodosic,2017,"6,000,000.00"
Milton Doyle,2017,"127,250.00"
Mindaugas Kuzminskas,2017,"3,028,410.00"
Mirza Teletovic,2017,"10,500,000.00"
Moe Harkless,2017,"10,662,922.00"
Monta Ellis,2017,"2,245,400.00"
Monte Morris,2017,"77,250.00"
Montrezl Harrell,2017,"1,471,382.00"
Myke Henry,2017,"77,250.00"
Myles Turner,2017,"2,483,040.00"
Nate Wolters,2017,"77,250.00"
Naz Long,2017,"167,158.00"
Nemanja Bjelica,2017,"3,950,000.00"
Nenê,2017,"3,477,600.00"
Nerlens Noel,2017,"4,187,599.00"
Nick Collison,2017,"2,328,652.00"
Nick Young,2017,"5,192,000.00"
Nicolas Batum,2017,"22,434,783.00"
Nicolas Brussino,2017,"393,041.00"
Nigel Hayes,2017,"193,532.00"
Nik Stauskas,2017,"3,807,146.00"
Nikola Jokic,2017,"1,471,382.00"
Nikola Mirotic,2017,"12,500,000.00"
Nikola Pekovic,2017,"11,600,000.00"
Nikola Vucevic,2017,"12,250,000.00"
Noah Vonleh,2017,"4,031,018.00"
Norman Powell,2017,"1,471,382.00"
OG Anunoby,2017,"1,645,200.00"
Okaro White,2017,"1,460,927.00"
Omari Johnson,2017,"170,495.00"
Omer Asik,2017,"10,595,505.00"
Omri Casspi,2017,"2,106,470.00"
Otto Porter,2017,"24,773,250.00"
Otto Porter Jr.,2017,"24,773,250.00"
Pascal Siakam,2017,"1,312,611.00"
Pat Connaughton,2017,"1,471,382.00"
Patrick Beverley,2017,"5,513,514.00"
Patrick McCaw,2017,"1,312,611.00"
Patrick Mills,2017,"10,714,286.00"
Patrick Patterson,2017,"5,192,000.00"
Patty Mills,2017,"10,714,286.00"
Pau Gasol,2017,"16,000,000.00"
Paul George,2017,"19,300,000.00"
Paul Millsap,2017,"30,769,231.00"
Paul Pierce,2017,"3,679,840.00"
Paul Zipser,2017,"1,312,611.00"
PJ Dozier,2017,"77,250.00"
PJ Tucker,2017,"7,590,035.00"
Quincy Acy,2017,"1,709,538.00"
Quincy Pondexter,2017,"3,853,931.00"
Quinn Cook,2017,"189,832.00"
Rade Zagorac,2017,"950,000.00"
Rajon Rondo,2017,"6,300,000.00"
Ramon Sessions,2017,"2,986,463.00"
Rashad Vaughn,2017,"2,338,653.00"
Raul Neto,2017,"1,471,382.00"
Raymond Felton,2017,"2,328,652.00"
Reggie Bullock,2017,"2,500,000.00"
Reggie Hearn,2017,"77,250.00"
Reggie Jackson,2017,"16,000,000.00"
Richard Jefferson,2017,"4,828,652.00"
Richaun Holmes,2017,"1,471,382.00"
Ricky Rubio,2017,"14,100,000.00"
RJ Hunter,2017,"77,250.00"
Robert Covington,2017,"16,698,103.00"
Robin Lopez,2017,"13,788,500.00"
Rodney Hood,2017,"2,386,864.00"
Rodney McGruder,2017,"1,312,611.00"
Rodney Purvis,2017,"165,887.00"
Ron Baker,2017,"4,328,000.00"
Rondae Hollis-Jefferson,2017,"1,455,720.00"
Ronnie Price,2017,"2,442,455.00"
Royce O'Neale,2017,"815,615.00"
Rudy Gay,2017,"8,406,000.00"
Rudy Gobert,2017,"21,224,719.00"
Russell Westbrook,2017,"28,299,399.00"
Ryan Anderson,2017,"19,578,455.00"
Ryan Arcidiacono,2017,"77,250.00"
Salah Mejri,2017,"1,471,382.00"
Sam Dekker,2017,"1,794,600.00"
Scotty Hopson,2017,"74,158.00"
Sean Kilpatrick,2017,"4,774,445.00"
Semi Ojeleye,2017,"1,291,892.00"
Serge Ibaka,2017,"20,061,729.00"
Seth Curry,2017,"3,028,410.00"
Shabazz Muhammad,2017,"1,924,755.00"
Shabazz Napier,2017,"2,361,359.00"
Shane Larkin,2017,"1,524,305.00"
Shaquille Harrison,2017,"230,399.00"
Shaun Livingston,2017,"7,692,308.00"
Sheldon Mac,2017,"1,312,611.00"
Shelvin Mack,2017,"6,000,000.00"
Sindarius Thornwell,2017,"815,615.00"
Skal Labissiere,2017,"1,312,611.00"
Solomon Hill,2017,"12,236,535.00"
Spencer Dinwiddie,2017,"1,524,305.00"
Spencer Hawes,2017,"2,007,058.00"
Stanley Johnson,2017,"3,097,800.00"
Stephen Curry,2017,"34,682,550.00"
Sterling Brown,2017,"815,615.00"
Steven Adams,2017,"22,471,911.00"
T.J. McConnell,2017,"1,471,382.00"
T.J. Warren,2017,"3,152,931.00"
Taj Gibson,2017,"14,000,000.00"
Tarik Black,2017,"3,290,000.00"
Taurean Prince,2017,"2,422,560.00"
Terrance Ferguson,2017,"1,785,000.00"
Terrence Ross,2017,"10,500,000.00"
Terry Rozier,2017,"1,988,520.00"
Thabo Sefolosha,2017,"5,250,000.00"
Thaddeus Young,2017,"12,921,348.00"
Thomas Bryant,2017,"815,615.00"
Thon Maker,2017,"3,086,784.00"
Tim Frazier,2017,"2,000,000.00"
Tim Hardaway Jr,2017,"16,500,000.00"
Tim Hardaway Jr.,2017,"16,500,000.00"
Tim Quarterman,2017,"96,406.00"
Timofey Mozgov,2017,"15,280,000.00"
Timothe Luwawu,2017,"1,594,590.00"
TJ Leaf,2017,"2,028,360.00"
TJ McConnell,2017,"1,471,382.00"
TJ Warren,2017,"3,152,930.00"
Tobias Harris,2017,"16,000,000.00"
Tomas Satoransky,2017,"3,000,000.00"
Tony Allen,2017,"1,471,382.00"
Tony Bradley,2017,"1,414,920.00"
Tony Parker,2017,"15,453,126.00"
Tony Snell,2017,"9,821,429.00"
Torrey Craig,2017,"77,250.00"
Travis Wear,2017,"304,051.00"
Treveon Graham,2017,"1,312,611.00"
Trevor Ariza,2017,"7,400,000.00"
Trevor Booker,2017,"9,571,137.00"
Trey Burke,2017,"784,160.00"
Trey Lyles,2017,"2,441,400.00"
Trey McKinney-Jones,2017,"46,079.00"
Tristan Thompson,2017,"16,400,000.00"
Troy Daniels,2017,"3,408,520.00"
Troy Williams,2017,"1,842,176.00"
Ty Lawson,2017,"119,009.00"
Tyler Cavanaugh,2017,"77,250.00"
Tyler Dorsey,2017,"815,615.00"
Tyler Ennis,2017,"1,524,305.00"
Tyler Johnson,2017,"5,821,260.00"
Tyler Lydon,2017,"1,579,440.00"
Tyler Ulis,2017,"1,312,611.00"
Tyler Zeller,2017,"1,709,538.00"
Tyreke Evans,2017,"3,290,000.00"
Tyrone Wallace,2017,"77,250.00"
Tyson Chandler,2017,"13,000,000.00"
Tyus Jones,2017,"1,471,382.00"
Udonis Haslem,2017,"2,328,652.00"
Vander Blue,2017,"77,250.00"
Victor Oladipo,2017,"21,000,000.00"
Vince Carter,2017,"8,000,000.00"
Vince Hunter,2017,"77,250.00"
VJ Beachem,2017,"50,000.00"
Wade Baldwin,2017,"2,254,292.00"
Walter Lemon Jr,2017,"92,159.00"
Wayne Ellington,2017,"6,270,000.00"
Wayne Selden,2017,"1,312,611.00"
Wesley Iwundu,2017,"1,050,000.00"
Wesley Johnson,2017,"5,881,260.00"
Wesley Matthews,2017,"17,884,175.00"
Will Barton,2017,"3,533,333.00"
Willie Cauley-Stein,2017,"3,704,160.00"
Willie Reed,2017,"1,471,382.00"
Willy Hernangomez,2017,"1,435,750.00"
Wilson Chandler,2017,"12,016,854.00"
Xavier Munford,2017,"77,250.00"
Xavier Silas,2017,"74,158.00"
Yakuba Ouattara,2017,"77,250.00"
Yogi Ferrell,2017,"1,312,611.00"
Zach Collins,2017,"3,057,240.00"
Zach LaVine,2017,"3,202,217.00"
Zach Randolph,2017,"12,307,692.00"
Zaza Pachulia,2017,"3,477,600.00"
Zhou Qi,2017,"815,615.00"
Aaron Gordon,2018,"21,590,909.00"
Aaron Holiday,2018,"1,914,480.00"
Abdel Nader,2018,"1,378,242.00"
Al Horford,2018,"28,928,710.00"
Al Jefferson,2018,"4,000,000.00"
Alan Williams,2018,"77,250.00"
Alec Burks,2018,"11,536,515.00"
Alex Abrines,2018,"3,667,645.00"
Alex Caruso,2018,"77,250.00"
Alex Len,2018,"4,350,000.00"
Alex Poythress,2018,"77,250.00"
Alexis Ajinca,2018,"5,285,394.00"
Al-Farouq Aminu,2018,"6,957,105.00"
Alfonzo McKinnie,2018,"1,349,383.00"
Alize Johnson,2018,"838,464.00"
Allen Crabbe,2018,"19,332,500.00"
Allonzo Trier,2018,"3,382,000.00"
Amile Jefferson,2018,"77,250.00"
Amir Johnson,2018,"2,393,887.00"
Andre Drummond,2018,"25,434,262.00"
Andre Iguodala,2018,"16,000,000.00"
Andre Ingram,2018,"76,236.00"
Andre Roberson,2018,"10,000,000.00"
Andrew Bogut,2018,"486,892.00"
Andrew Harrison,2018,"354,500.00"
Andrew Nicholson,2018,"2,844,429.00"
Andrew Wiggins,2018,"25,467,250.00"
Anfernee Simons,2018,"1,837,800.00"
Angel Delgado,2018,"77,250.00"
Ante Zizic,2018,"1,952,760.00"
Anthony Davis,2018,"25,434,263.00"
Anthony Tolliver,2018,"5,750,000.00"
Antonio Blakeney,2018,"1,349,383.00"
Archie Goodwin,2018,"77,250.00"
Aron Baynes,2018,"5,193,600.00"
Austin Rivers,2018,"13,155,324.00"
Avery Bradley,2018,"12,000,000.00"
Bam Adebayo,2018,"2,955,840.00"
Ben McLemore,2018,"5,460,000.00"
Ben Moore,2018,"222,099.00"
Ben Simmons,2018,"6,434,520.00"
Billy Garrett,2018,"67,370.00"
Billy Preston,2018,"77,250.00"
Bismack Biyombo,2018,"17,000,000.00"
BJ Johnson,2018,"142,111.00"
Blake Griffin,2018,"31,873,932.00"
Boban Marjanovic,2018,"9,490,740.00"
Bobby Portis,2018,"2,494,346.00"
Bogdan Bogdanovic,2018,"9,000,000.00"
Bojan Bogdanovic,2018,"10,500,000.00"
Bonzie Colson,2018,"77,250.00"
Brad Wanamaker,2018,"838,464.00"
Bradley Beal,2018,"25,434,262.00"
Brandon Goodwin,2018,"56,845.00"
Brandon Ingram,2018,"5,757,120.00"
Brandon Knight,2018,"14,631,250.00"
Brandon Sampson,2018,"77,250.00"
Brook Lopez,2018,"3,382,000.00"
Bruce Brown,2018,"838,464.00"
Bruno Caboclo,2018,"705,361.00"
Bryn Forbes,2018,"3,125,000.00"
Buddy Hield,2018,"3,833,760.00"
Caleb Swanigan,2018,"1,740,000.00"
Cam Reynolds,2018,"108,953.00"
Cameron Payne,2018,"3,440,356.00"
Caris LeVert,2018,"1,702,800.00"
Carmelo Anthony,2018,"2,393,887.00"
Cedi Osman,2018,"2,775,000.00"
Chandler Hutchison,2018,"1,991,520.00"
Chandler Parsons,2018,"24,107,258.00"
Channing Frye,2018,"2,393,887.00"
Charles Cooke,2018,"76,236.00"
Chasson Randle,2018,"975,824.00"
Cheick Diallo,2018,"1,544,951.00"
Chimezie Metu,2018,"838,464.00"
Chris Bosh,2018,"26,837,720.00"
Chris Boucher,2018,"457,418.00"
Chris Chiozza,2018,"137,374.00"
Chris Paul,2018,"35,654,150.00"
Christian Wood,2018,"1,512,601.00"
CJ McCollum,2018,"25,759,766.00"
CJ Miles,2018,"8,333,333.00"
CJ Williams,2018,"77,250.00"
Clint Capela,2018,"15,793,104.00"
Cody Demps,2018,"47,370.00"
Cody Zeller,2018,"13,528,090.00"
Cole Aldrich,2018,"2,000,000.00"
Collin Sexton,2018,"4,073,760.00"
Corey Brewer,2018,"2,559,925.00"
Cory Joseph,2018,"7,945,000.00"
Courtney Lee,2018,"12,253,780.00"
Cristiano Felicio,2018,"8,470,980.00"
D.J. Augustin,2018,"7,250,000.00"
Dairis Bertans,2018,"194,220.00"
Dakari Johnson,2018,"459,414.00"
Damian Jones,2018,"1,544,951.00"
Damian Lillard,2018,"27,977,689.00"
Damion Lee,2018,"77,250.00"
Damyean Dotson,2018,"1,378,242.00"
D'Angelo Russell,2018,"7,019,698.00"
Daniel Hamilton,2018,"1,349,383.00"
Daniel Theis,2018,"1,378,242.00"
Danilo Gallinari,2018,"21,587,579.00"
Danny Green,2018,"10,000,000.00"
Dante Cunningham,2018,"2,487,000.00"
Dante Exum,2018,"10,600,000.00"
Danuel House,2018,"247,827.00"
Danuel House Jr.,2018,"341,830.00"
Dario Saric,2018,"2,526,840.00"
Darius Miller,2018,"2,205,000.00"
Darrell Arthur,2018,"7,464,912.00"
Darren Collison,2018,"10,000,000.00"
Daryl Macon,2018,"77,250.00"
David Nwaba,2018,"1,512,601.00"
Davis Bertans,2018,"7,000,000.00"
Davon Reed,2018,"752,250.00"
De'Aaron Fox,2018,"5,470,920.00"
Deandre Ayton,2018,"8,175,840.00"
DeAndre Bembry,2018,"1,634,640.00"
DeAndre' Bembry,2018,"1,634,640.00"
DeAndre Jordan,2018,"22,897,200.00"
De'Anthony Melton,2018,"949,000.00"
Dejounte Murray,2018,"1,544,951.00"
Delon Wright,2018,"2,536,898.00"
DeMar DeRozan,2018,"27,739,975.00"
DeMarcus Cousins,2018,"5,337,000.00"
DeMarre Carroll,2018,"15,400,000.00"
Demetrius Jackson,2018,"170,107.00"
Deng Adel,2018,"77,250.00"
Dennis Schroder,2018,"15,500,000.00"
Dennis Schroeder,2018,"15,500,000.00"
Dennis Smith,2018,"3,819,960.00"
Denzel Valentine,2018,"2,280,600.00"
Deonte Burton,2018,"500,000.00"
Deron Williams,2018,"5,474,787.00"
Derrick Favors,2018,"16,900,000.00"
Derrick Jones,2018,"1,512,601.00"
Derrick Rose,2018,"2,176,260.00"
Derrick White,2018,"1,667,160.00"
DeVaughn Akoon-Purcell,2018,"77,250.00"
Devin Booker,2018,"3,314,365.00"
Devin Harris,2018,"2,393,887.00"
Devin Robinson,2018,"77,250.00"
Devonte Graham,2018,"988,464.00"
Devonte' Graham,2018,"988,464.00"
Dewayne Dedmon,2018,"6,300,000.00"
Deyonta Davis,2018,"1,741,503.00"
Dillon Brooks,2018,"1,378,242.00"
Dion Waiters,2018,"12,705,000.00"
Dirk Nowitzki,2018,"5,000,000.00"
DJ Augustin,2018,"7,250,000.00"
DJ Stephens,2018,"77,250.00"
DJ Wilson,2018,"2,534,280.00"
Domantas Sabonis,2018,"2,659,800.00"
Donatas Motiejunas,2018,"99,289.00"
Donovan Mitchell,2018,"3,111,480.00"
Donte DiVincenzo,2018,"2,484,360.00"
Donte Grantham,2018,"77,250.00"
Dorian Finney-Smith,2018,"1,544,951.00"
Doug McDermott,2018,"7,333,334.00"
Dragan Bender,2018,"4,661,280.00"
Draymond Green,2018,"17,469,565.00"
Drew Eubanks,2018,"77,250.00"
Duncan Robinson,2018,"77,250.00"
Dusty Hannahs,2018,"47,370.00"
Dwayne Bacon,2018,"1,378,242.00"
Dwight Howard,2018,"24,256,725.00"
Dwight Powell,2018,"9,631,250.00"
Dwyane Wade,2018,"2,393,887.00"
Dzanan Musa,2018,"1,634,400.00"
Ed Davis,2018,"4,449,000.00"
Edmond Sumner,2018,"449,794.00"
Ekpe Udoh,2018,"3,360,000.00"
Elfrid Payton,2018,"3,000,000.00"
Elie Okobo,2018,"1,238,464.00"
Emanuel Terry,2018,"94,740.00"
Emmanuel Mudiay,2018,"4,294,479.00"
Enes Kanter,2018,"19,264,603.00"
Eric Bledsoe,2018,"15,000,000.00"
Eric Gordon,2018,"13,500,375.00"
Eric Moreland,2018,"309,859.00"
Ersan Ilyasova,2018,"7,000,000.00"
E'Twaun Moore,2018,"8,808,685.00"
Evan Fournier,2018,"17,000,000.00"
Evan Turner,2018,"17,868,853.00"
Frank Jackson,2018,"1,378,242.00"
Frank Kaminsky,2018,"3,627,842.00"
Frank Mason,2018,"1,378,242.00"
Frank Ntilikina,2018,"4,155,720.00"
Fred VanVleet,2018,"8,653,847.00"
Furkan Korkmaz,2018,"1,740,000.00"
Garrett Temple,2018,"8,000,000.00"
Gary Clark,2018,"674,122.00"
Gary Harris,2018,"16,517,857.00"
Gary Payton II,2018,"85,457.00"
Gary Trent Jr,2018,"838,464.00"
George Hill,2018,"19,000,000.00"
George King,2018,"77,250.00"
Georges Niang,2018,"1,512,601.00"
Georgios Papagiannis,2018,"2,400,480.00"
Gerald Green,2018,"1,512,601.00"
Giannis Antetokounmpo,2018,"24,157,304.00"
Glenn Robinson III,2018,"4,075,000.00"
Goran Dragic,2018,"18,109,175.00"
Gordon Hayward,2018,"31,214,295.00"
Gorgui Dieng,2018,"15,170,787.00"
Grayson Allen,2018,"2,076,960.00"
Greg Monroe,2018,"2,410,167.00"
Guerschon Yabusele,2018,"2,667,600.00"
Hamidou Diallo,2018,"838,464.00"
Harrison Barnes,2018,"24,107,258.00"
Harry Giles,2018,"2,207,040.00"
Hassan Whiteside,2018,"24,434,262.00"
Haywood Highsmith,2018,"77,250.00"
Henry Ellenson,2018,"2,199,311.00"
Ian Clark,2018,"1,757,429.00"
Ian Mahinmi,2018,"16,000,000.00"
Ike Anigbogu,2018,"1,349,383.00"
Iman Shumpert,2018,"11,011,234.00"
Isaac Bonga,2018,"1,000,000.00"
Isaac Humphries,2018,"47,370.00"
Isaiah Briscoe,2018,"838,464.00"
Isaiah Canaan,2018,"744,671.00"
Isaiah Hartenstein,2018,"838,464.00"
Isaiah Hicks,2018,"77,250.00"
Isaiah Thomas,2018,"2,029,463.00"
Isaiah Whitehead,2018,"726,390.00"
Ish Smith,2018,"6,000,000.00"
Ishmael Smith,2018,"6,000,000.00"
Ivan Rabb,2018,"1,378,242.00"
Ivica Zubac,2018,"1,544,951.00"
Jabari Bird,2018,"1,349,383.00"
Jabari Parker,2018,"20,000,000.00"
Jacob Evans,2018,"1,646,400.00"
Jae Crowder,2018,"7,305,825.00"
Jahlil Okafor,2018,"1,567,007.00"
JaKarr Sampson,2018,"85,457.00"
Jake Layman,2018,"1,544,951.00"
Jakob Poeltl,2018,"2,947,320.00"
Jalen Brunson,2018,"1,230,000.00"
Jalen Jones,2018,"77,250.00"
Jamal Crawford,2018,"4,698,113.00"
Jamal Murray,2018,"3,499,800.00"
James Ennis,2018,"1,621,415.00"
James Harden,2018,"30,570,000.00"
James Johnson,2018,"14,420,700.00"
James Nunnally,2018,"663,255.00"
JaMychal Green,2018,"8,066,667.00"
Jared Dudley,2018,"9,530,000.00"
Jared Terrell,2018,"77,250.00"
Jarell Martin,2018,"2,416,221.00"
Jaren Jackson Jr,2018,"5,922,720.00"
Jarnell Stokes,2018,"77,250.00"
Jaron Blossomgame,2018,"77,250.00"
Jarred Vanderbilt,2018,"838,464.00"
Jarrett Allen,2018,"2,034,120.00"
Jason Smith,2018,"5,450,000.00"
Jason Thompson,2018,"893,333.00"
JaVale McGee,2018,"2,393,887.00"
Jawun Evans,2018,"1,455,492.00"
Jaylen Adams,2018,"236,854.00"
Jaylen Brown,2018,"5,169,960.00"
Jaylen Morris,2018,"77,250.00"
Jayson Tatum,2018,"6,700,800.00"
Jeff Green,2018,"2,393,887.00"
Jeff Teague,2018,"19,000,000.00"
Jemerrio Jones,2018,"52,170.00"
Jerami Grant,2018,"8,333,333.00"
Jeremy Lamb,2018,"7,000,000.00"
Jeremy Lin,2018,"12,516,746.00"
Jerian Grant,2018,"2,639,313.00"
Jerome Robinson,2018,"3,050,160.00"
Jerryd Bayless,2018,"8,575,916.00"
Jevon Carter,2018,"838,464.00"
Jimmer Fredette,2018,"198,579.00"
Jimmy Butler,2018,"19,841,627.00"
JJ Redick,2018,"12,250,000.00"
Joakim Noah,2018,"20,261,172.00"
Jodie Meeks,2018,"3,774,176.00"
Joe Chealey,2018,"77,250.00"
Joe Harris,2018,"8,333,333.00"
Joe Ingles,2018,"12,545,455.00"
Joel Embiid,2018,"25,467,250.00"
John Collins,2018,"2,299,080.00"
John Henson,2018,"10,577,466.00"
John Holland,2018,"77,250.00"
John Jenkins,2018,"585,809.00"
John Wall,2018,"19,169,800.00"
Johnathan Motley,2018,"77,250.00"
Johnathan Williams,2018,"127,250.00"
Jon Leuer,2018,"10,002,681.00"
Jonah Bolden,2018,"1,690,000.00"
Jonas Jerebko,2018,"2,165,481.00"
Jonas Valanciunas,2018,"16,539,326.00"
Jonathan Gibson,2018,"76,236.00"
Jonathan Isaac,2018,"4,969,080.00"
Jonathon Simmons,2018,"6,000,000.00"
Jordan Bell,2018,"1,378,242.00"
Jordan Clarkson,2018,"12,500,000.00"
Jordan Loyd,2018,"77,250.00"
Jordan McRae,2018,"77,250.00"
Jordan Sibert,2018,"47,370.00"
Jose Calderon,2018,"2,393,887.00"
Jose Juan Barea,2018,"3,710,850.00"
Josh Hart,2018,"1,655,160.00"
Josh Jackson,2018,"6,041,520.00"
Josh Okogie,2018,"2,163,600.00"
Josh Richardson,2018,"9,367,200.00"
Josh Smith,2018,"5,331,729.00"
JP Macura,2018,"77,250.00"
JR Smith,2018,"14,720,000.00"
Jrue Holiday,2018,"26,641,111.00"
Juan Hernangomez,2018,"2,166,360.00"
Julian Washburn,2018,"77,250.00"
Julius Randle,2018,"8,641,000.00"
Justin Anderson,2018,"2,516,047.00"
Justin Bibbs,2018,"92,159.00"
Justin Hamilton,2018,"1,000,000.00"
Justin Holiday,2018,"4,500,000.00"
Justin Jackson,2018,"2,807,880.00"
Justin Patton,2018,"2,667,600.00"
Justise Winslow,2018,"3,448,926.00"
Jusuf Nurkic,2018,"11,111,111.00"
Kadeem Allen,2018,"77,250.00"
Kalin Lucas,2018,"648,008.00"
Karl-Anthony Towns,2018,"7,839,435.00"
Kawhi Leonard,2018,"23,114,066.00"
Keenan Evans,2018,"77,250.00"
Keita Bates-Diop,2018,"838,464.00"
Kelly Olynyk,2018,"13,537,527.00"
Kelly Oubre,2018,"3,208,630.00"
Kemba Walker,2018,"12,000,000.00"
Kendrick Nunn,2018,"47,370.00"
Kenneth Faried,2018,"14,242,782.00"
Kenrich Williams,2018,"838,464.00"
Kent Bazemore,2018,"18,089,888.00"
Kentavious Caldwell-Pope,2018,"12,000,000.00"
Kevin Durant,2018,"30,000,000.00"
Kevin Huerter,2018,"2,250,960.00"
Kevin Knox,2018,"3,744,840.00"
Kevin Love,2018,"24,119,025.00"
Kevon Looney,2018,"1,567,007.00"
Khem Birch,2018,"1,378,242.00"
Khris Middleton,2018,"13,000,000.00"
Khyri Thomas,2018,"838,464.00"
Klay Thompson,2018,"18,988,725.00"
Kobi Simmons,2018,"76,236.00"
Kosta Koufos,2018,"8,739,500.00"
Kostas Antetokounmpo,2018,"77,250.00"
Kris Dunn,2018,"4,221,000.00"
Kristaps Porzingis,2018,"5,697,054.00"
Kyle Anderson,2018,"8,641,000.00"
Kyle Korver,2018,"7,560,000.00"
Kyle Kuzma,2018,"1,689,840.00"
Kyle Lowry,2018,"32,700,000.00"
Kyle O'Quinn,2018,"4,449,000.00"
Kyle Singler,2018,"1,665,333.00"
Kyrie Irving,2018,"20,099,189.00"
LaMarcus Aldridge,2018,"22,347,015.00"
Lance Stephenson,2018,"4,449,000.00"
Lance Thomas,2018,"7,119,650.00"
Landry Shamet,2018,"1,705,920.00"
Langston Galloway,2018,"7,000,000.00"
Larry Nance Jr,2018,"2,272,390.00"
Larry Nance Jr.,2018,"2,272,391.00"
Lauri Markkanen,2018,"4,536,120.00"
LeBron James,2018,"35,654,150.00"
Lonnie Walker,2018,"2,360,160.00"
Lonzo Ball,2018,"7,461,960.00"
Lorenzo Brown,2018,"800,000.00"
Lou Williams,2018,"8,000,000.00"
Louis Williams,2018,"8,000,000.00"
Luc Mbah a Moute,2018,"4,320,500.00"
Luka Doncic,2018,"6,569,040.00"
Luke Kennard,2018,"3,275,280.00"
Luke Kornet,2018,"1,619,260.00"
Luol Deng,2018,"16,747,954.00"
Malachi Richardson,2018,"1,569,360.00"
Malcolm Brogdon,2018,"1,544,951.00"
Malcolm Miller,2018,"457,418.00"
Malik Beasley,2018,"1,773,840.00"
Malik Monk,2018,"3,447,480.00"
Manu Ginobili,2018,"2,500,000.00"
Marc Gasol,2018,"24,119,025.00"
Marcin Gortat,2018,"13,565,218.00"
Marco Belinelli,2018,"6,153,846.00"
Marcus Derrickson,2018,"77,250.00"
Marcus Morris,2018,"5,375,000.00"
Marcus Morris Sr.,2018,"5,375,000.00"
Marcus Smart,2018,"11,160,716.00"
Mario Hezonja,2018,"6,500,000.00"
Markelle Fultz,2018,"8,339,880.00"
Markieff Morris,2018,"9,173,294.00"
Marquese Chriss,2018,"3,206,160.00"
MarShon Brooks,2018,"1,656,092.00"
Marvin Bagley,2018,"7,314,960.00"
Marvin Williams,2018,"14,087,500.00"
Mason Plumlee,2018,"12,917,808.00"
Matthew Dellavedova,2018,"9,607,500.00"
Maurice Harkless,2018,"10,837,079.00"
Maxi Kleber,2018,"1,378,242.00"
Melvin Frazier,2018,"1,050,000.00"
Meyers Leonard,2018,"10,595,506.00"
Michael Beasley,2018,"3,500,000.00"
Michael Carter-Williams,2018,"1,468,082.00"
Michael Frazier,2018,"47,370.00"
Michael Kidd-Gilchrist,2018,"13,000,000.00"
Michael Porter,2018,"2,894,160.00"
Mikal Bridges,2018,"3,557,400.00"
Mike Conley,2018,"30,521,115.00"
Mike Muscala,2018,"5,000,000.00"
Mike Scott,2018,"4,320,500.00"
Miles Bridges,2018,"3,206,640.00"
Miles Plumlee,2018,"12,400,000.00"
Milos Teodosic,2018,"6,300,000.00"
Mirza Teletovic,2018,"10,500,000.00"
Mitch Creek,2018,"56,845.00"
Mitchell Creek,2018,"47,370.00"
Mitchell Robinson,2018,"1,485,440.00"
Mo Bamba,2018,"4,871,280.00"
Moe Harkless,2018,"10,837,079.00"
Monta Ellis,2018,"2,245,400.00"
Monte Morris,2018,"1,349,383.00"
Montrezl Harrell,2018,"6,000,000.00"
Moritz Wagner,2018,"1,764,240.00"
Myles Turner,2018,"3,294,994.00"
Naz Long,2018,"77,250.00"
Nemanja Bjelica,2018,"6,500,000.00"
Nenê,2018,"3,651,480.00"
Nerlens Noel,2018,"1,757,429.00"
Nick Young,2018,"284,020.00"
Nicolas Batum,2018,"24,000,000.00"
Nik Stauskas,2018,"2,161,886.00"
Nikola Jokic,2018,"25,467,250.00"
Nikola Mirotic,2018,"12,500,000.00"
Nikola Vucevic,2018,"12,750,000.00"
Noah Vonleh,2018,"1,621,415.00"
Norman Powell,2018,"9,367,200.00"
OG Anunoby,2018,"1,952,760.00"
Okaro White,2018,"247,827.00"
Omari Spellman,2018,"1,622,520.00"
Omer Asik,2018,"11,286,516.00"
Omri Casspi,2018,"2,176,260.00"
Otto Porter,2018,"26,011,913.00"
Pascal Siakam,2018,"1,544,951.00"
Pat Connaughton,2018,"1,641,000.00"
Patrick Beverley,2018,"5,027,028.00"
Patrick McCaw,2018,"964,104.00"
Patrick Mills,2018,"11,571,429.00"
Patrick Patterson,2018,"5,451,600.00"
Patty Mills,2018,"11,571,429.00"
Pau Gasol,2018,"17,133,285.00"
Paul George,2018,"30,560,700.00"
Paul Millsap,2018,"29,230,769.00"
PJ Dozier,2018,"77,250.00"
PJ Tucker,2018,"7,959,537.00"
Quincy Acy,2018,"213,948.00"
Quincy Pondexter,2018,"2,165,481.00"
Quinn Cook,2018,"1,544,951.00"
Rade Zagorac,2018,"1,378,242.00"
Rajon Rondo,2018,"9,000,000.00"
Raul Neto,2018,"2,100,000.00"
Rawle Alkins,2018,"77,250.00"
Raymond Felton,2018,"2,393,887.00"
Raymond Spalding,2018,"1,023,210.00"
Reggie Bullock,2018,"2,500,000.00"
Reggie Jackson,2018,"17,043,478.00"
Richard Solomon,2018,"47,370.00"
Richaun Holmes,2018,"1,600,520.00"
Ricky Rubio,2018,"14,800,000.00"
RJ Hunter,2018,"77,250.00"
Robert Covington,2018,"10,464,092.00"
Robert Williams,2018,"1,656,600.00"
Robin Lopez,2018,"14,357,750.00"
Rodions Kurucs,2018,"1,690,000.00"
Rodney Hood,2018,"3,472,887.00"
Rodney McGruder,2018,"1,544,951.00"
Ron Baker,2018,"4,697,823.00"
Rondae Hollis-Jefferson,2018,"2,470,356.00"
Royce O'Neale,2018,"1,378,242.00"
Rudy Gay,2018,"10,087,200.00"
Rudy Gobert,2018,"23,491,573.00"
Russell Westbrook,2018,"35,665,000.00"
Ryan Anderson,2018,"20,421,546.00"
Ryan Arcidiacono,2018,"1,349,383.00"
Ryan Broekhoff,2018,"838,464.00"
Salah Mejri,2018,"2,098,196.00"
Sam Dekker,2018,"2,760,094.00"
Scott Machado,2018,"76,236.00"
Scotty Hopson,2018,"76,236.00"
Semi Ojeleye,2018,"1,378,242.00"
Serge Ibaka,2018,"21,666,667.00"
Seth Curry,2018,"2,795,000.00"
Shabazz Napier,2018,"1,942,422.00"
Shai Gilgeous-Alexander,2018,"3,375,360.00"
Shake Milton,2018,"77,250.00"
Shaquille Harrison,2018,"1,325,531.00"
Shaun Livingston,2018,"8,307,692.00"
Shelvin Mack,2018,"2,512,601.00"
Sindarius Thornwell,2018,"1,378,242.00"
Skal Labissiere,2018,"1,544,951.00"
Solomon Hill,2018,"12,763,467.00"
Spencer Dinwiddie,2018,"1,656,092.00"
Spencer Hawes,2018,"2,007,058.00"
Stanley Johnson,2018,"3,940,401.00"
Stephan Hicks,2018,"47,370.00"
Stephen Curry,2018,"37,457,154.00"
Sterling Brown,2018,"1,378,242.00"
Steven Adams,2018,"24,157,304.00"
Sviatoslav Mykhailiuk,2018,"1,487,694.00"
T.J. McConnell,2018,"1,600,520.00"
T.J. Warren,2018,"11,750,000.00"
Tahjere McCall,2018,"47,370.00"
Taj Gibson,2018,"14,000,000.00"
Tarik Phillip,2018,"47,370.00"
Taurean Prince,2018,"2,526,840.00"
Terrance Ferguson,2018,"2,118,840.00"
Terrence Jones,2018,"198,579.00"
Terrence Ross,2018,"10,500,000.00"
Terry Rozier,2018,"3,050,389.00"
Thabo Sefolosha,2018,"5,250,000.00"
Thaddeus Young,2018,"13,764,045.00"
Theo Pinson,2018,"77,250.00"
Thomas Bryant,2018,"1,378,242.00"
Thomas Welsh,2018,"77,250.00"
Thon Maker,2018,"2,799,720.00"
Tim Frazier,2018,"1,832,107.00"
Tim Hardaway Jr,2018,"17,325,000.00"
Timofey Mozgov,2018,"16,000,000.00"
Timothe Luwawu,2018,"1,880,268.00"
TJ Leaf,2018,"2,407,560.00"
TJ McConnell,2018,"1,600,520.00"
TJ Warren,2018,"11,750,000.00"
Tobias Harris,2018,"14,800,000.00"
Tomas Satoransky,2018,"3,129,187.00"
Tony Bradley,2018,"1,679,520.00"
Tony Parker,2018,"5,000,000.00"
Tony Snell,2018,"10,607,143.00"
Torrey Craig,2018,"2,000,000.00"
Trae Young,2018,"5,363,280.00"
Treveon Graham,2018,"1,512,601.00"
Trevon Bluiett,2018,"77,250.00"
Trevon Duval,2018,"77,250.00"
Trevor Ariza,2018,"15,000,000.00"
Trey Burke,2018,"1,795,015.00"
Trey Lyles,2018,"3,364,249.00"
Tristan Thompson,2018,"17,469,565.00"
Troy Brown,2018,"2,752,680.00"
Troy Caupain,2018,"77,250.00"
Troy Daniels,2018,"3,258,539.00"
Troy Williams,2018,"77,250.00"
Tyler Cavanaugh,2018,"77,250.00"
Tyler Davis,2018,"77,250.00"
Tyler Dorsey,2018,"1,378,242.00"
Tyler Johnson,2018,"19,245,370.00"
Tyler Lydon,2018,"1,874,640.00"
Tyler Ulis,2018,"77,250.00"
Tyler Zeller,2018,"213,948.00"
Tyreke Evans,2018,"12,400,000.00"
Tyrone Wallace,2018,"1,349,383.00"
Tyson Chandler,2018,"13,585,000.00"
Tyus Jones,2018,"2,444,052.00"
Udonis Haslem,2018,"2,393,887.00"
Victor Oladipo,2018,"21,000,000.00"
Vince Carter,2018,"2,393,887.00"
Vincent Edwards,2018,"77,250.00"
Wade Baldwin,2018,"1,544,951.00"
Walter Lemon Jr,2018,"176,250.00"
Wayne Ellington,2018,"8,653,076.00"
Wayne Selden,2018,"1,544,951.00"
Wendell Carter,2018,"4,446,840.00"
Wenyen Gabriel,2018,"75,000.00"
Wesley Iwundu,2018,"1,378,242.00"
Wesley Johnson,2018,"6,134,000.00"
Wesley Matthews,2018,"19,360,228.00"
Will Barton,2018,"11,830,358.00"
Willie Cauley-Stein,2018,"4,696,874.00"
Willy Hernangomez,2018,"1,496,500.00"
Wilson Chandler,2018,"12,800,562.00"
Yante Maten,2018,"385,000.00"
Yogi Ferrell,2018,"3,000,000.00"
Yuta Watanabe,2018,"77,250.00"
Zach Collins,2018,"3,628,920.00"
Zach LaVine,2018,"19,500,000.00"
Zach Lofton,2018,"77,250.00"
Zach Randolph,2018,"11,692,308.00"
Zaza Pachulia,2018,"2,393,887.00"
Zhaire Smith,2018,"2,615,160.00"
Zhou Qi,2018,"1,378,242.00"
Aaron Gordon,2019,"19,863,636.00"
Aaron Holiday,2019,"2,239,200.00"
Abdel Nader,2019,"1,618,520.00"
Adam Mokoka,2019,"79,568.00"
Admiral Schofield,2019,"1,000,000.00"
Al Horford,2019,"28,000,000.00"
Alec Burks,2019,"2,320,044.00"
Alen Smailagic,2019,"898,310.00"
Alex Caruso,2019,"2,750,000.00"
Alex Len,2019,"4,160,000.00"
Al-Farouq Aminu,2019,"9,258,000.00"
Alfonzo McKinnie,2019,"2,391,985.00"
Alize Johnson,2019,"1,416,852.00"
Amir Coffey,2019,"79,568.00"
Andre Drummond,2019,"27,093,018.00"
Andre Iguodala,2019,"17,185,185.00"
Andre Roberson,2019,"10,740,740.00"
Andrew Wiggins,2019,"27,504,630.00"
Anfernee Simons,2019,"2,149,560.00"
Ante Zizic,2019,"2,281,800.00"
Anthony Davis,2019,"27,093,019.00"
Anthony Tolliver,2019,"434,704.00"
Antonius Cleveland,2019,"79,568.00"
Anzejs Pasecniks,2019,"482,144.00"
Aron Baynes,2019,"5,453,280.00"
Austin Rivers,2019,"2,174,310.00"
Avery Bradley,2019,"4,767,000.00"
Bam Adebayo,2019,"3,454,080.00"
Ben McLemore,2019,"2,028,594.00"
Ben Simmons,2019,"8,113,929.00"
Bismack Biyombo,2019,"17,000,000.00"
BJ Johnson,2019,"79,568.00"
Blake Griffin,2019,"34,449,964.00"
Boban Marjanovic,2019,"3,500,000.00"
Bobby Portis,2019,"15,000,000.00"
Bogdan Bogdanovic,2019,"8,529,386.00"
Bojan Bogdanovic,2019,"17,000,000.00"
Bol Bol,2019,"79,568.00"
Brad Wanamaker,2019,"1,445,697.00"
Bradley Beal,2019,"27,093,018.00"
Brandon Clarke,2019,"2,478,840.00"
Brandon Goodwin,2019,"522,738.00"
Brandon Ingram,2019,"7,265,485.00"
Brandon Knight,2019,"15,643,750.00"
Brian Bowen,2019,"79,568.00"
Brook Lopez,2019,"12,093,024.00"
Bruce Brown,2019,"1,416,852.00"
Bruno Caboclo,2019,"1,845,301.00"
Bruno Fernando,2019,"1,400,000.00"
Bryn Forbes,2019,"2,875,000.00"
Buddy Hield,2019,"4,861,207.00"
Caleb Martin,2019,"898,310.00"
Caleb Swanigan,2019,"2,033,160.00"
Cam Reddish,2019,"4,245,720.00"
Cam Reynolds,2019,"79,568.00"
Cameron Johnson,2019,"4,033,440.00"
Cameron Payne,2019,"196,288.00"
Caris LeVert,2019,"2,625,717.00"
Carmelo Anthony,2019,"2,159,029.00"
Carsen Edwards,2019,"1,228,026.00"
Cedi Osman,2019,"2,907,143.00"
Chandler Hutchison,2019,"2,332,320.00"
Chandler Parsons,2019,"25,102,512.00"
Charlie Brown,2019,"79,568.00"
Chasson Randle,2019,"91,557.00"
Cheick Diallo,2019,"1,678,854.00"
Chimezie Metu,2019,"1,416,852.00"
Chris Boucher,2019,"1,588,231.00"
Chris Chiozza,2019,"79,568.00"
Chris Clemons,2019,"563,346.00"
Chris Paul,2019,"38,506,482.00"
Chris Silva,2019,"466,918.00"
Christian Wood,2019,"1,645,357.00"
CJ McCollum,2019,"27,556,959.00"
Clint Capela,2019,"16,896,552.00"
Coby White,2019,"5,307,120.00"
Cody Martin,2019,"1,173,310.00"
Cody Zeller,2019,"14,471,910.00"
Collin Sexton,2019,"4,764,960.00"
Corey Brewer,2019,"183,115.00"
Cory Joseph,2019,"12,000,000.00"
Courtney Lee,2019,"12,759,670.00"
Cristiano Felicio,2019,"8,156,500.00"
D.J. Augustin,2019,"7,250,000.00"
Damian Jones,2019,"2,305,057.00"
Damian Lillard,2019,"29,802,321.00"
Damion Lee,2019,"842,327.00"
Damyean Dotson,2019,"1,618,520.00"
D'Angelo Russell,2019,"27,285,000.00"
Daniel Gafford,2019,"898,310.00"
Daniel Theis,2019,"5,000,000.00"
Danilo Gallinari,2019,"22,615,559.00"
Danny Green,2019,"14,634,147.00"
Dante Exum,2019,"9,600,000.00"
Danuel House,2019,"3,540,000.00"
Danuel House Jr.,2019,"3,540,000.00"
DaQuan Jeffries,2019,"898,310.00"
Dario Saric,2019,"3,481,985.00"
Darius Bazley,2019,"2,284,800.00"
Darius Garland,2019,"6,400,920.00"
Darius Miller,2019,"7,250,000.00"
David Nwaba,2019,"903,111.00"
Davis Bertans,2019,"7,000,000.00"
De'Aaron Fox,2019,"6,392,760.00"
Dean Wade,2019,"375,000.00"
Deandre Ayton,2019,"9,562,920.00"
DeAndre Bembry,2019,"2,603,981.00"
DeAndre' Bembry,2019,"2,603,982.00"
De'Andre Hunter,2019,"7,068,360.00"
DeAndre Jordan,2019,"9,881,598.00"
De'Anthony Melton,2019,"1,416,852.00"
Dejounte Murray,2019,"2,321,735.00"
Delon Wright,2019,"9,473,684.00"
DeMar DeRozan,2019,"27,739,975.00"
DeMarcus Cousins,2019,"3,500,000.00"
DeMarre Carroll,2019,"7,339,258.00"
Dennis Schroder,2019,"15,500,000.00"
Dennis Schroeder,2019,"15,500,000.00"
Dennis Smith,2019,"4,463,640.00"
Denzel Valentine,2019,"3,377,568.00"
Deonte Burton,2019,"1,416,852.00"
Derrick Favors,2019,"17,650,000.00"
Derrick Jones,2019,"1,645,357.00"
Derrick Rose,2019,"7,317,074.00"
Derrick Walton,2019,"81,678.00"
Derrick White,2019,"1,948,080.00"
Devin Booker,2019,"27,285,000.00"
Devontae Cacok,2019,"79,568.00"
Devonte Graham,2019,"1,416,852.00"
Devonte' Graham,2019,"1,416,852.00"
Dewan Hernandez,2019,"898,310.00"
Dewayne Dedmon,2019,"13,333,334.00"
Dillon Brooks,2019,"1,618,520.00"
Dion Waiters,2019,"375,385.00"
DJ Augustin,2019,"7,250,000.00"
DJ Wilson,2019,"2,961,120.00"
Domantas Sabonis,2019,"3,529,554.00"
Donovan Mitchell,2019,"3,635,760.00"
Donta Hall,2019,"101,504.00"
Donte DiVincenzo,2019,"2,905,800.00"
Dorian Finney-Smith,2019,"4,000,000.00"
Doug McDermott,2019,"7,333,333.00"
Dragan Bender,2019,"189,700.00"
Draymond Green,2019,"18,539,130.00"
Drew Eubanks,2019,"79,568.00"
Duncan Robinson,2019,"1,416,852.00"
Dwayne Bacon,2019,"1,618,520.00"
Dwight Howard,2019,"2,564,753.00"
Dwight Powell,2019,"10,259,375.00"
Dylan Windler,2019,"2,035,800.00"
Dzanan Musa,2019,"1,911,600.00"
Ed Davis,2019,"4,767,000.00"
Edmond Sumner,2019,"2,000,000.00"
Elfrid Payton,2019,"8,000,000.00"
Elie Okobo,2019,"1,416,852.00"
Emmanuel Mudiay,2019,"1,737,145.00"
Enes Freedom,2019,"4,767,000.00"
Enes Kanter,2019,"4,767,000.00"
Eric Bledsoe,2019,"15,625,000.00"
Eric Gordon,2019,"14,057,730.00"
Eric Paschall,2019,"898,310.00"
Ersan Ilyasova,2019,"7,000,000.00"
E'Twaun Moore,2019,"8,664,928.00"
Evan Fournier,2019,"17,150,000.00"
Evan Turner,2019,"18,606,556.00"
Frank Jackson,2019,"1,618,520.00"
Frank Kaminsky,2019,"4,767,000.00"
Frank Mason,2019,"79,568.00"
Frank Ntilikina,2019,"4,855,800.00"
Fred VanVleet,2019,"9,346,153.00"
Furkan Korkmaz,2019,"1,620,564.00"
Gabe Vincent,2019,"79,568.00"
Garrett Temple,2019,"4,767,000.00"
Garrison Mathews,2019,"79,568.00"
Gary Clark,2019,"718,765.00"
Gary Harris,2019,"18,189,286.00"
Gary Payton II,2019,"1,052,909.00"
Gary Trent Jr,2019,"1,416,852.00"
George Hill,2019,"10,133,907.00"
Georges Niang,2019,"1,645,357.00"
Giannis Antetokounmpo,2019,"25,842,697.00"
Glenn Robinson III,2019,"1,882,867.00"
Goga Bitadze,2019,"2,816,760.00"
Goran Dragic,2019,"19,217,900.00"
Gordon Hayward,2019,"32,700,690.00"
Gorgui Dieng,2019,"16,229,213.00"
Grant Williams,2019,"2,379,840.00"
Grayson Allen,2019,"2,429,400.00"
Hamidou Diallo,2019,"1,416,852.00"
Harrison Barnes,2019,"24,147,727.00"
Harry Giles,2019,"2,578,800.00"
Hassan Whiteside,2019,"27,093,018.00"
Ian Mahinmi,2019,"15,450,051.00"
Ignas Brazdeikis,2019,"898,310.00"
Isaac Bonga,2019,"1,416,852.00"
Isaiah Roby,2019,"1,500,000.00"
Isaiah Thomas,2019,"2,320,000.00"
Ish Smith,2019,"6,000,000.00"
Ishmael Smith,2019,"6,000,000.00"
Ivica Zubac,2019,"6,481,482.00"
Ja Morant,2019,"8,730,240.00"
Jabari Parker,2019,"6,500,000.00"
Jacob Evans,2019,"1,925,880.00"
Jae Crowder,2019,"7,815,533.00"
Jahlil Okafor,2019,"1,702,486.00"
JaKarr Sampson,2019,"1,737,145.00"
Jake Layman,2019,"3,581,986.00"
Jakob Poeltl,2019,"3,754,885.00"
Jalen Brunson,2019,"1,416,852.00"
Jalen Lecque,2019,"898,310.00"
Jalen McDaniels,2019,"898,310.00"
Jamal Crawford,2019,"289,803.00"
Jamal Murray,2019,"4,444,746.00"
James Ennis,2019,"1,882,867.00"
James Harden,2019,"38,199,000.00"
James Johnson,2019,"15,349,400.00"
JaMychal Green,2019,"4,767,000.00"
Jared Dudley,2019,"2,564,753.00"
Jared Harper,2019,"79,568.00"
Jaren Jackson Jr,2019,"6,927,480.00"
Jarred Vanderbilt,2019,"1,416,852.00"
Jarrell Brantley,2019,"79,568.00"
Jarrett Allen,2019,"2,376,840.00"
Jarrett Culver,2019,"5,813,640.00"
JaVale McGee,2019,"4,000,000.00"
Javonte Green,2019,"898,310.00"
Jaxson Hayes,2019,"4,862,040.00"
Jaylen Adams,2019,"163,356.00"
Jaylen Brown,2019,"6,534,829.00"
Jaylen Hoard,2019,"79,568.00"
Jaylen Nowell,2019,"1,400,000.00"
Jayson Tatum,2019,"7,830,000.00"
Jeff Green,2019,"840,427.00"
Jeff Teague,2019,"19,000,000.00"
Jerami Grant,2019,"9,346,153.00"
Jeremiah Martin,2019,"79,568.00"
Jeremy Lamb,2019,"10,500,000.00"
Jerian Grant,2019,"196,288.00"
Jerome Robinson,2019,"3,567,720.00"
Jevon Carter,2019,"1,416,852.00"
Jimmy Butler,2019,"32,742,000.00"
JJ Redick,2019,"13,486,300.00"
Joakim Noah,2019,"381,360.00"
Joe Chealey,2019,"163,356.00"
Joe Harris,2019,"7,666,667.00"
Joe Ingles,2019,"11,454,546.00"
Joel Embiid,2019,"27,504,630.00"
John Collins,2019,"2,686,560.00"
John Henson,2019,"9,732,396.00"
John Konchar,2019,"79,568.00"
John Wall,2019,"38,199,000.00"
Johnathan Motley,2019,"79,568.00"
Johnathan Williams,2019,"161,245.00"
Jonah Bolden,2019,"89,846.00"
Jonas Valanciunas,2019,"16,000,000.00"
Jonathan Isaac,2019,"5,806,440.00"
Jontay Porter,2019,"197,933.00"
Jordan Bell,2019,"250,000.00"
Jordan Bone,2019,"79,568.00"
Jordan Clarkson,2019,"13,437,500.00"
Jordan McLaughlin,2019,"79,568.00"
Jordan McRae,2019,"1,254,933.00"
Jordan Poole,2019,"1,964,760.00"
Jose Juan Barea,2019,"2,564,753.00"
Josh Gray,2019,"79,568.00"
Josh Hart,2019,"1,934,160.00"
Josh Jackson,2019,"7,059,480.00"
Josh Okogie,2019,"2,530,680.00"
Josh Reaves,2019,"79,568.00"
Josh Richardson,2019,"10,116,576.00"
JP Macura,2019,"106,181.00"
JR Smith,2019,"1,746,470.00"
Jrue Holiday,2019,"26,131,111.00"
Juan Hernangomez,2019,"3,321,029.00"
Juan Toscano-Anderson,2019,"350,189.00"
Julius Randle,2019,"18,000,000.00"
Justin Holiday,2019,"4,767,000.00"
Justin Jackson,2019,"3,280,920.00"
Justin James,2019,"898,310.00"
Justin Patton,2019,"483,115.00"
Justin Wright-Foreman,2019,"79,568.00"
Justise Winslow,2019,"13,000,000.00"
Jusuf Nurkic,2019,"12,000,000.00"
Juwan Morgan,2019,"746,054.00"
Karl-Anthony Towns,2019,"27,285,000.00"
Kawhi Leonard,2019,"32,742,000.00"
Keita Bates-Diop,2019,"1,416,852.00"
Kelan Martin,2019,"79,568.00"
Keldon Johnson,2019,"1,950,600.00"
Kelly Olynyk,2019,"12,667,885.00"
Kelly Oubre,2019,"15,625,000.00"
Kelly Oubre Jr.,2019,"15,625,000.00"
Kemba Walker,2019,"32,742,000.00"
Kendrick Nunn,2019,"1,416,852.00"
Kenny Wooten,2019,"79,568.00"
Kenrich Williams,2019,"1,416,852.00"
Kent Bazemore,2019,"19,269,663.00"
Kentavious Caldwell-Pope,2019,"8,139,282.00"
Kevin Durant,2019,"37,199,000.00"
Kevin Hervey,2019,"79,568.00"
Kevin Huerter,2019,"2,636,280.00"
Kevin Knox,2019,"4,380,120.00"
Kevin Love,2019,"28,942,830.00"
Kevin Porter,2019,"1,290,960.00"
Kevon Looney,2019,"4,464,286.00"
Khem Birch,2019,"3,000,000.00"
Khris Middleton,2019,"30,603,448.00"
Khyri Thomas,2019,"1,416,852.00"
Klay Thompson,2019,"32,742,000.00"
Kobi Simmons,2019,"79,568.00"
Kostas Antetokounmpo,2019,"79,568.00"
Kris Dunn,2019,"5,348,007.00"
Kristaps Porzingis,2019,"27,285,000.00"
Ky Bowman,2019,"350,189.00"
Kyle Alexander,2019,"79,568.00"
Kyle Anderson,2019,"9,073,050.00"
Kyle Guy,2019,"79,568.00"
Kyle Korver,2019,"2,564,753.00"
Kyle Kuzma,2019,"1,974,600.00"
Kyle Lowry,2019,"33,296,296.00"
Kyle O'Quinn,2019,"2,174,318.00"
Kyrie Irving,2019,"31,742,000.00"
KZ Okpala,2019,"898,310.00"
LaMarcus Aldridge,2019,"26,000,000.00"
Landry Shamet,2019,"1,995,120.00"
Langston Galloway,2019,"7,333,333.00"
Larry Nance Jr,2019,"12,727,273.00"
Larry Nance Jr.,2019,"12,727,273.00"
Lauri Markkanen,2019,"5,300,400.00"
LeBron James,2019,"37,436,858.00"
Lonnie Walker,2019,"2,764,200.00"
Lonzo Ball,2019,"8,719,320.00"
Louis King,2019,"79,568.00"
Louis Williams,2019,"8,000,000.00"
Luguentz Dort,2019,"155,647.00"
Luka Doncic,2019,"7,683,360.00"
Luka Samanic,2019,"2,689,920.00"
Luke Kennard,2019,"3,827,160.00"
Luke Kornet,2019,"2,250,000.00"
Luol Deng,2019,"5,000,000.00"
Malcolm Brogdon,2019,"20,000,000.00"
Malcolm Miller,2019,"1,588,231.00"
Malik Beasley,2019,"2,731,713.00"
Malik Monk,2019,"4,028,400.00"
Malik Newman,2019,"65,978.00"
Marc Gasol,2019,"25,595,700.00"
Marco Belinelli,2019,"5,846,154.00"
Marcus Morris,2019,"15,000,000.00"
Marcus Smart,2019,"12,553,571.00"
Marial Shayok,2019,"79,568.00"
Mario Hezonja,2019,"1,737,145.00"
Markelle Fultz,2019,"9,745,200.00"
Markieff Morris,2019,"2,259,887.00"
Marko Guduric,2019,"2,625,000.00"
Marvin Bagley,2019,"8,556,120.00"
Marvin Williams,2019,"604,278.00"
Mason Plumlee,2019,"14,041,096.00"
Matisse Thybulle,2019,"2,582,160.00"
Matt Mooney,2019,"79,568.00"
Matt Thomas,2019,"898,310.00"
Matthew Dellavedova,2019,"9,607,500.00"
Max Strus,2019,"79,568.00"
Maxi Kleber,2019,"8,000,000.00"
Melvin Frazier,2019,"1,416,852.00"
Meyers Leonard,2019,"11,286,515.00"
Mfiondu Kabengele,2019,"1,977,000.00"
Michael Carter-Williams,2019,"2,028,594.00"
Michael Frazier,2019,"79,568.00"
Michael Kidd-Gilchrist,2019,"595,122.00"
Michael Porter,2019,"3,389,400.00"
Mikal Bridges,2019,"4,161,000.00"
Mike Conley,2019,"32,511,623.00"
Mike Muscala,2019,"2,028,594.00"
Mike Scott,2019,"4,767,000.00"
Miles Bridges,2019,"3,755,400.00"
Mitchell Robinson,2019,"1,559,712.00"
Miye Oni,2019,"898,310.00"
Mo Bamba,2019,"5,697,600.00"
Moe Harkless,2019,"11,011,234.00"
Monte Morris,2019,"1,588,231.00"
Montrezl Harrell,2019,"6,000,000.00"
Moritz Wagner,2019,"2,063,520.00"
Moses Brown,2019,"79,568.00"
Mychal Mulder,2019,"187,782.00"
Myles Turner,2019,"18,000,000.00"
Nassir Little,2019,"2,105,520.00"
Naz Long,2019,"79,568.00"
Naz Reid,2019,"898,310.00"
Nemanja Bjelica,2019,"6,825,000.00"
Nerlens Noel,2019,"1,882,867.00"
Nickeil Alexander-Walker,2019,"2,964,840.00"
Nicolas Batum,2019,"25,565,217.00"
Nicolas Claxton,2019,"898,310.00"
Nicolo Melli,2019,"4,102,564.00"
Nigel Williams-Goss,2019,"1,500,000.00"
Nikola Jokic,2019,"27,504,630.00"
Nikola Vucevic,2019,"28,000,000.00"
Noah Vonleh,2019,"2,000,000.00"
Norman Powell,2019,"10,116,576.00"
Norvel Pelle,2019,"350,189.00"
OG Anunoby,2019,"2,281,800.00"
Omari Spellman,2019,"1,897,800.00"
Oshae Brissett,2019,"129,568.00"
Otto Porter,2019,"27,250,576.00"
Pascal Siakam,2019,"2,351,838.00"
Pat Connaughton,2019,"1,723,050.00"
Patrick Beverley,2019,"12,345,680.00"
Patrick McCaw,2019,"4,000,000.00"
Patrick Mills,2019,"12,678,571.00"
Patrick Patterson,2019,"2,331,593.00"
Patty Mills,2019,"12,428,571.00"
Paul George,2019,"33,005,556.00"
Paul Millsap,2019,"30,350,000.00"
Paul Watson,2019,"79,568.00"
PJ Dozier,2019,"183,115.00"
PJ Tucker,2019,"8,349,039.00"
P.J. Washington,2019,"3,831,840.00"
Quinn Cook,2019,"3,000,000.00"
Quinndary Weatherspoon,2019,"79,568.00"
Rajon Rondo,2019,"2,564,753.00"
Raul Neto,2019,"1,737,145.00"
Rayjon Tucker,2019,"578,573.00"
Raymond Spalding,2019,"79,568.00"
Reggie Bullock,2019,"4,000,000.00"
Reggie Jackson,2019,"512,721.00"
Richaun Holmes,2019,"4,767,000.00"
Ricky Rubio,2019,"16,200,000.00"
RJ Barrett,2019,"7,839,960.00"
Robert Covington,2019,"11,301,219.00"
Robert Williams,2019,"1,937,520.00"
Robin Lopez,2019,"4,767,000.00"
Rodions Kurucs,2019,"1,699,236.00"
Rodney Hood,2019,"5,718,000.00"
Rodney McGruder,2019,"4,807,693.00"
Romeo Langford,2019,"3,458,400.00"
Rondae Hollis-Jefferson,2019,"2,500,000.00"
Royce O'Neale,2019,"1,618,520.00"
Rudy Gay,2019,"14,500,000.00"
Rudy Gobert,2019,"25,258,427.00"
Rui Hachimura,2019,"4,469,160.00"
Russell Westbrook,2019,"38,506,482.00"
Ryan Arcidiacono,2019,"3,000,000.00"
Ryan Broekhoff,2019,"1,416,852.00"
Sekou Doumbouya,2019,"3,285,120.00"
Semi Ojeleye,2019,"1,618,520.00"
Serge Ibaka,2019,"23,271,604.00"
Seth Curry,2019,"7,461,380.00"
Shabazz Napier,2019,"1,845,301.00"
Shai Gilgeous-Alexander,2019,"3,952,920.00"
Shake Milton,2019,"1,445,697.00"
Shaquille Harrison,2019,"1,620,564.00"
Sheldon Mac,2019,"91,557.00"
Sindarius Thornwell,2019,"183,115.00"
Skal Labissiere,2019,"2,338,846.00"
Solomon Hill,2019,"13,290,395.00"
Spencer Dinwiddie,2019,"10,605,600.00"
Stanley Johnson,2019,"3,623,000.00"
Stephen Curry,2019,"40,231,758.00"
Sterling Brown,2019,"1,618,520.00"
Steven Adams,2019,"25,842,697.00"
Sviatoslav Mykhailiuk,2019,"1,416,852.00"
T.J. McConnell,2019,"3,500,000.00"
T.J. Warren,2019,"10,810,000.00"
Tacko Fall,2019,"79,568.00"
Taj Gibson,2019,"9,000,000.00"
Talen Horton-Tucker,2019,"898,310.00"
Tariq Owens,2019,"79,568.00"
Taurean Prince,2019,"3,481,985.00"
Terance Mann,2019,"1,000,000.00"
Terence Davis,2019,"898,310.00"
Terrance Ferguson,2019,"2,475,840.00"
Terrence Ross,2019,"12,500,000.00"
Terry Rozier,2019,"19,894,737.00"
Thabo Sefolosha,2019,"2,564,753.00"
Thaddeus Young,2019,"12,900,000.00"
Thanasis Antetokounmpo,2019,"1,445,697.00"
Theo Pinson,2019,"1,445,697.00"
Thomas Bryant,2019,"8,000,000.00"
Thon Maker,2019,"3,569,643.00"
Tim Hardaway Jr,2019,"20,025,127.00"
Tim Hardaway Jr.,2019,"18,150,000.00"
Timothe Luwawu,2019,"837,583.00"
Timothe Luwawu-Cabarrot,2019,"844,170.00"
TJ Leaf,2019,"2,813,280.00"
TJ McConnell,2019,"3,500,000.00"
TJ Warren,2019,"11,060,000.00"
Tobias Harris,2019,"32,742,000.00"
Tomas Satoransky,2019,"10,000,000.00"
Tony Bradley,2019,"1,962,360.00"
Tony Snell,2019,"11,392,857.00"
Torrey Craig,2019,"2,000,000.00"
Trae Young,2019,"6,273,000.00"
Tremont Waters,2019,"79,568.00"
Treveon Graham,2019,"1,645,357.00"
Trevor Ariza,2019,"12,200,000.00"
Trey Burke,2019,"229,220.00"
Trey Lyles,2019,"5,500,000.00"
Tristan Thompson,2019,"18,539,130.00"
Troy Brown,2019,"3,219,480.00"
Troy Daniels,2019,"458,439.00"
Ty Jerome,2019,"2,193,480.00"
Tyler Cook,2019,"79,568.00"
Tyler Herro,2019,"3,640,200.00"
Tyler Johnson,2019,"183,115.00"
Tyler Zeller,2019,"245,686.00"
Tyson Chandler,2019,"2,564,753.00"
Tyus Jones,2019,"10,116,000.00"
Udonis Haslem,2019,"2,564,753.00"
Vic Law,2019,"79,568.00"
Victor Oladipo,2019,"21,000,000.00"
Vince Carter,2019,"2,564,753.00"
Vincent Poirier,2019,"2,505,793.00"
Vlatko Cancar,2019,"898,310.00"
Wayne Ellington,2019,"8,000,000.00"
Wendell Carter,2019,"5,201,400.00"
Wenyen Gabriel,2019,"1,445,697.00"
Wesley Iwundu,2019,"1,618,520.00"
Wesley Matthews,2019,"2,564,753.00"
Will Barton,2019,"12,776,786.00"
William Howard,2019,"79,568.00"
Willie Cauley-Stein,2019,"2,177,483.00"
Willy Hernangomez,2019,"1,676,735.00"
Wilson Chandler,2019,"2,564,753.00"
Yogi Ferrell,2019,"3,150,000.00"
Yuta Watanabe,2019,"79,568.00"
Zach Collins,2019,"4,240,200.00"
Zach LaVine,2019,"19,500,000.00"
Zhaire Smith,2019,"3,058,800.00"
Zion Williamson,2019,"9,757,440.00"
Zylan Cheatham,2019,"79,568.00"
Aaron Gordon,2020,"18,136,364.00"
Aaron Holiday,2020,"2,345,640.00"
Aaron Nesmith,2020,"3,458,400.00"
Abdel Nader,2020,"1,752,950.00"
Adam Mokoka,2020,"449,115.00"
Admiral Schofield,2020,"1,517,981.00"
AJ Hammons,2020,"350,087.00"
Al Horford,2020,"27,500,000.00"
Alec Burks,2020,"6,000,000.00"
Aleksej Pokusevski,2020,"2,964,840.00"
Alen Smailagic,2020,"1,517,981.00"
Alex Caruso,2020,"2,750,000.00"
Alex Len,2020,"3,970,648.00"
Al-Farouq Aminu,2020,"9,720,900.00"
Alfonzo McKinnie,2020,"1,762,796.00"
Alize Johnson,2020,"621,587.00"
Amida Brimah,2020,"123,056.00"
Amir Coffey,2020,"578,842.00"
Anderson Varejao,2020,"2,141,713.00"
Andre Drummond,2020,"28,751,774.00"
Andre Iguodala,2020,"15,000,000.00"
Andre Roberson,2020,"411,639.00"
Andrew Nicholson,2020,"2,844,429.00"
Andrew White,2020,"25,000.00"
Andrew Wiggins,2020,"29,542,010.00"
Anfernee Simons,2020,"2,252,040.00"
Anthony Davis,2020,"32,742,000.00"
Anthony Edwards,2020,"9,757,440.00"
Anthony Gill,2020,"898,310.00"
Anthony Lamb,2020,"215,330.00"
Anthony Tolliver,2020,"614,838.00"
Anzejs Pasecniks,2020,"374,297.00"
Armoni Brooks,2020,"135,362.00"
Aron Baynes,2020,"7,000,000.00"
Ashton Hagans,2020,"166,111.00"
Austin Rivers,2020,"3,929,049.00"
Avery Bradley,2020,"5,635,000.00"
Axel Toupane,2020,"196,872.00"
Bam Adebayo,2020,"5,115,492.00"
Ben McLemore,2020,"2,893,630.00"
Ben Simmons,2020,"30,559,200.00"
Bismack Biyombo,2020,"3,500,000.00"
Blake Griffin,2020,"33,900,241.00"
Boban Marjanovic,2020,"3,500,000.00"
Bobby Portis,2020,"3,623,000.00"
Bogdan Bogdanovic,2020,"18,000,000.00"
Bojan Bogdanovic,2020,"17,850,000.00"
Bol Bol,2020,"2,058,240.00"
Brad Wanamaker,2020,"2,250,000.00"
Bradley Beal,2020,"28,751,774.00"
Brandon Clarke,2020,"2,602,920.00"
Brandon Goodwin,2020,"1,701,593.00"
Brandon Ingram,2020,"27,285,000.00"
Brian Bowen,2020,"375,321.00"
Brodric Thomas,2020,"412,202.00"
Brook Lopez,2020,"12,697,675.00"
Bruce Brown,2020,"1,663,861.00"
Bruno Caboclo,2020,"2,028,594.00"
Bruno Fernando,2020,"1,517,981.00"
Bryn Forbes,2020,"2,337,145.00"
Buddy Hield,2020,"24,931,817.00"
Caleb Homesley,2020,"20,000.00"
Caleb Martin,2020,"1,517,981.00"
Cam Reddish,2020,"4,458,000.00"
Cam Reynolds,2020,"33,299.00"
Cameron Johnson,2020,"4,235,160.00"
Cameron Oliver,2020,"43,070.00"
Cameron Payne,2020,"1,977,011.00"
Caris LeVert,2020,"16,203,704.00"
Carmelo Anthony,2020,"2,564,753.00"
Carsen Edwards,2020,"1,517,981.00"
Cassius Stanley,2020,"470,690.00"
Cassius Winston,2020,"449,115.00"
Cedi Osman,2020,"8,840,580.00"
Chandler Hutchison,2020,"2,443,440.00"
Charlie Brown,2020,"217,844.00"
Chasson Randle,2020,"279,927.00"
Chimezie Metu,2020,"910,895.00"
Chris Boucher,2020,"6,500,000.00"
Chris Chiozza,2020,"449,115.00"
Chris Clemons,2020,"1,517,981.00"
Chris Paul,2020,"41,358,814.00"
Chris Silva,2020,"1,517,981.00"
Christian Wood,2020,"13,015,874.00"
Chuma Okeke,2020,"3,121,080.00"
CJ Elleby,2020,"898,310.00"
CJ McCollum,2020,"29,354,152.00"
Clint Capela,2020,"18,000,000.00"
Coby White,2020,"5,572,680.00"
Cody Martin,2020,"1,517,981.00"
Cody Zeller,2020,"15,415,730.00"
Cole Aldrich,2020,"685,340.00"
Cole Anthony,2020,"3,285,120.00"
Collin Sexton,2020,"4,991,880.00"
Cory Joseph,2020,"12,600,000.00"
Cristiano Felicio,2020,"7,529,020.00"
Dakari Johnson,2020,"459,414.00"
Dakota Mathias,2020,"86,132.00"
Damian Jones,2020,"1,487,284.00"
Damian Lillard,2020,"31,626,953.00"
Damion Lee,2020,"1,762,796.00"
Damyean Dotson,2020,"2,000,000.00"
D'Angelo Russell,2020,"28,649,250.00"
Daniel Gafford,2020,"1,517,981.00"
Daniel Oturu,2020,"898,310.00"
Daniel Theis,2020,"5,000,000.00"
Danilo Gallinari,2020,"19,500,000.00"
Danny Green,2020,"15,365,853.00"
Dante Exum,2020,"9,600,000.00"
Danuel House,2020,"3,717,000.00"
Danuel House Jr.,2020,"3,717,000.00"
DaQuan Jeffries,2020,"1,445,697.00"
Dario Saric,2020,"9,250,000.00"
Darius Bazley,2020,"2,399,160.00"
Darius Garland,2020,"6,720,720.00"
Darius Miller,2020,"7,000,000.00"
David Nwaba,2020,"1,824,003.00"
Davis Bertans,2020,"15,000,000.00"
De'Aaron Fox,2020,"8,099,627.00"
Dean Wade,2020,"1,517,981.00"
Deandre Ayton,2020,"10,018,200.00"
DeAndre Bembry,2020,"1,737,145.00"
DeAndre' Bembry,2020,"1,737,145.00"
De'Andre Hunter,2020,"7,422,000.00"
DeAndre Jordan,2020,"10,375,678.00"
De'Anthony Melton,2020,"9,571,712.00"
Deividas Sirvydis,2020,"898,310.00"
Dejounte Murray,2020,"14,286,000.00"
Delon Wright,2020,"9,000,000.00"
DeMar DeRozan,2020,"27,739,975.00"
DeMarcus Cousins,2020,"3,051,832.00"
DeMarre Carroll,2020,"6,119,676.00"
Demetrius Jackson,2020,"92,857.00"
Deni Avdija,2020,"4,469,160.00"
Dennis Schroder,2020,"16,000,000.00"
Dennis Schroeder,2020,"15,500,000.00"
Dennis Smith,2020,"5,686,677.00"
Denzel Valentine,2020,"4,642,800.00"
Derrick Favors,2020,"9,258,000.00"
Derrick Jones,2020,"9,258,000.00"
Derrick Jones Jr.,2020,"9,258,000.00"
Derrick Rose,2020,"7,682,926.00"
Derrick White,2020,"3,516,284.00"
Desmond Bane,2020,"1,936,440.00"
Devin Booker,2020,"29,467,800.00"
Devin Vassell,2020,"4,033,440.00"
Devon Dotson,2020,"449,115.00"
Devontae Cacok,2020,"449,115.00"
Devonte Graham,2020,"1,663,861.00"
Devonte' Graham,2020,"1,663,861.00"
Dewayne Dedmon,2020,"3,447,478.00"
Didi Louzada,2020,"123,056.00"
Dillon Brooks,2020,"11,400,000.00"
Dion Waiters,2020,"12,650,000.00"
DJ Augustin,2020,"6,666,667.00"
DJ Wilson,2020,"4,548,280.00"
Domantas Sabonis,2020,"19,800,000.00"
Donovan Mitchell,2020,"5,195,501.00"
Donta Hall,2020,"376,276.00"
Donte DiVincenzo,2020,"3,044,160.00"
Dorian Finney-Smith,2020,"4,000,000.00"
Doug McDermott,2020,"7,333,333.00"
Draymond Green,2020,"22,246,956.00"
Drew Eubanks,2020,"1,620,564.00"
Duncan Robinson,2020,"1,663,861.00"
Dwayne Bacon,2020,"1,678,854.00"
Dwight Howard,2020,"2,564,753.00"
Dwight Powell,2020,"11,080,125.00"
Dylan Windler,2020,"2,137,440.00"
Dzanan Musa,2020,"2,002,800.00"
Ed Davis,2020,"5,005,350.00"
Edmond Sumner,2020,"2,160,000.00"
Elfrid Payton,2020,"4,767,000.00"
Elijah Bryant,2020,"24,611.00"
Elijah Hughes,2020,"898,310.00"
Enes Freedom,2020,"5,005,350.00"
Enes Kanter,2020,"5,005,350.00"
Eric Bledsoe,2020,"16,875,000.00"
Eric Gordon,2020,"16,869,267.00"
Eric Paschall,2020,"1,517,981.00"
Ersan Ilyasova,2020,"1,194,542.00"
E'Twaun Moore,2020,"2,331,593.00"
Evan Fournier,2020,"17,150,000.00"
Facundo Campazzo,2020,"3,200,000.00"
Frank Jackson,2020,"699,115.00"
Frank Kaminsky,2020,"1,737,145.00"
Frank Ntilikina,2020,"6,176,578.00"
Fred VanVleet,2020,"21,250,000.00"
Freddie Gillespie,2020,"363,015.00"
Furkan Korkmaz,2020,"1,762,796.00"
Gabe Vincent,2020,"660,750.00"
Gabriel Deck,2020,"3,870,370.00"
Garrett Temple,2020,"4,767,000.00"
Garrison Mathews,2020,"688,052.00"
Gary Clark,2020,"2,018,458.00"
Gary Harris,2020,"19,610,714.00"
Gary Payton II,2020,"249,864.00"
Gary Trent Jr,2020,"1,663,861.00"
George Hill,2020,"9,590,602.00"
Georges Niang,2020,"1,783,557.00"
Giannis Antetokounmpo,2020,"27,528,088.00"
Glenn Robinson III,2020,"1,165,322.00"
Goga Bitadze,2020,"2,957,520.00"
Goran Dragic,2020,"18,000,000.00"
Gordon Hayward,2020,"28,500,000.00"
Gorgui Dieng,2020,"17,587,688.00"
Grant Riller,2020,"449,115.00"
Grant Williams,2020,"2,498,760.00"
Grayson Allen,2020,"2,545,320.00"
Greg Whittington,2020,"332,252.00"
Guerschon Yabusele,2020,"1,039,080.00"
Hamidou Diallo,2020,"1,663,861.00"
Harrison Barnes,2020,"22,215,909.00"
Harry Giles,2020,"1,620,564.00"
Hassan Whiteside,2020,"2,320,044.00"
Henry Ellenson,2020,"168,983.00"
Ignas Brazdeikis,2020,"1,686,315.00"
Iman Shumpert,2020,"803,044.00"
Immanuel Quickley,2020,"2,105,520.00"
Isaac Bonga,2020,"1,663,861.00"
Isaac Okoro,2020,"6,400,920.00"
Isaiah Hartenstein,2020,"1,620,564.00"
Isaiah Joe,2020,"898,310.00"
Isaiah Roby,2020,"1,517,981.00"
Isaiah Stewart,2020,"3,121,080.00"
Isaiah Thomas,2020,"159,698.00"
Ishmael Smith,2020,"6,000,000.00"
Ivica Zubac,2020,"7,000,000.00"
Ja Morant,2020,"9,166,800.00"
Jabari Parker,2020,"6,930,729.00"
Jacob Evans,2020,"2,017,320.00"
Jaden McDaniels,2020,"1,964,760.00"
Jae Crowder,2020,"9,258,000.00"
Jae'Sean Tate,2020,"1,445,697.00"
Jahlil Okafor,2020,"1,882,867.00"
Jahmi'us Ramsey,2020,"1,000,000.00"
JaKarr Sampson,2020,"1,882,867.00"
Jake Layman,2020,"3,761,085.00"
Jakob Poeltl,2020,"8,101,852.00"
Jalen Brunson,2020,"1,663,861.00"
Jalen Harris,2020,"449,115.00"
Jalen Lecque,2020,"1,517,981.00"
Jalen McDaniels,2020,"1,517,981.00"
Jalen Smith,2020,"4,245,720.00"
Jamal Murray,2020,"27,285,000.00"
James Ennis,2020,"3,300,000.00"
James Ennis III,2020,"3,300,000.00"
James Harden,2020,"41,254,920.00"
James Johnson,2020,"16,047,100.00"
James Nunnally,2020,"107,674.00"
James Wiseman,2020,"8,730,240.00"
JaMychal Green,2020,"7,199,760.00"
Jared Dudley,2020,"2,564,753.00"
Jared Harper,2020,"520,487.00"
Jaren Jackson Jr,2020,"7,257,360.00"
Jarred Vanderbilt,2020,"1,663,861.00"
Jarrell Brantley,2020,"510,586.00"
Jarrett Allen,2020,"3,909,902.00"
Jarrett Culver,2020,"6,104,280.00"
JaVale McGee,2020,"4,200,000.00"
Javonte Green,2020,"1,517,981.00"
Jaxson Hayes,2020,"5,105,160.00"
Jay Scrubb,2020,"449,115.00"
Jaylen Adams,2020,"449,115.00"
Jaylen Brown,2020,"25,035,118.00"
Jaylen Hoard,2020,"129,209.00"
Jaylen Nowell,2020,"1,517,981.00"
Jayson Tatum,2020,"9,897,120.00"
Jeff Green,2020,"2,564,753.00"
Jeff Teague,2020,"3,372,826.00"
Jerami Grant,2020,"19,050,000.00"
Jeremiah Martin,2020,"58,452.00"
Jeremy Lamb,2020,"10,500,000.00"
Jerian Grant,2020,"50,000.00"
Jerome Robinson,2020,"3,737,520.00"
Jevon Carter,2020,"3,925,000.00"
Jimmy Butler,2020,"34,379,100.00"
JJ Redick,2020,"13,013,700.00"
Joakim Noah,2020,"6,431,666.00"
Joe Harris,2020,"16,071,429.00"
Joe Ingles,2020,"10,363,637.00"
Joel Embiid,2020,"29,542,010.00"
John Collins,2020,"4,137,302.00"
John Henson,2020,"158,907.00"
John Konchar,2020,"2,100,000.00"
John Wall,2020,"41,254,920.00"
Jon Leuer,2020,"3,169,348.00"
Jonas Valanciunas,2020,"15,000,000.00"
Jonathan Isaac,2020,"7,362,565.00"
Jontay Porter,2020,"1,900,000.00"
Jordan Bell,2020,"592,368.00"
Jordan Bone,2020,"135,350.00"
Jordan Clarkson,2020,"11,500,000.00"
Jordan McLaughlin,2020,"503,760.00"
Jordan Nwora,2020,"898,310.00"
Jordan Poole,2020,"2,063,280.00"
Jose Juan Barea,2020,"2,564,753.00"
Josh Gray,2020,"1,620,564.00"
Josh Green,2020,"2,816,760.00"
Josh Hall,2020,"449,115.00"
Josh Hart,2020,"3,491,159.00"
Josh Jackson,2020,"4,767,000.00"
Josh Okogie,2020,"2,651,040.00"
Josh Richardson,2020,"10,865,952.00"
JR Smith,2020,"1,456,667.00"
Jrue Holiday,2020,"27,026,011.00"
Juan Hernangomez,2020,"6,493,000.00"
Juan Toscano-Anderson,2020,"943,963.00"
Julius Randle,2020,"19,845,000.00"
Justin Anderson,2020,"125,000.00"
Justin Holiday,2020,"5,720,400.00"
Justin Jackson,2020,"5,109,637.00"
Justin James,2020,"1,517,981.00"
Justin Patton,2020,"267,623.00"
Justin Robinson,2020,"198,040.00"
Justise Winslow,2020,"13,000,000.00"
Jusuf Nurkic,2020,"12,888,889.00"
Juwan Morgan,2020,"1,517,981.00"
Karim Mane,2020,"344,557.00"
Karl-Anthony Towns,2020,"29,467,800.00"
Kawhi Leonard,2020,"34,379,100.00"
Keita Bates-Diop,2020,"449,115.00"
Kelan Martin,2020,"1,445,697.00"
Keldon Johnson,2020,"2,048,040.00"
Keljin Blevins,2020,"449,115.00"
Kelly Olynyk,2020,"12,819,650.00"
Kelly Oubre,2020,"14,375,000.00"
Kelly Oubre Jr.,2020,"14,375,000.00"
Kemba Walker,2020,"34,379,100.00"
Kendrick Nunn,2020,"1,663,861.00"
Kenrich Williams,2020,"2,000,000.00"
Kent Bazemore,2020,"2,320,044.00"
Kentavious Caldwell-Pope,2020,"12,073,020.00"
Kevin Durant,2020,"40,108,950.00"
Kevin Huerter,2020,"2,761,920.00"
Kevin Knox,2020,"4,588,680.00"
Kevin Love,2020,"31,258,256.00"
Kevin Porter,2020,"1,717,981.00"
Kevon Looney,2020,"4,821,429.00"
Khem Birch,2020,"3,011,499.00"
Khris Middleton,2020,"33,051,724.00"
Khyri Thomas,2020,"1,061,283.00"
Killian Hayes,2020,"5,307,120.00"
Killian Tillie,2020,"449,115.00"
Kira Lewis,2020,"3,640,200.00"
KJ Martin,2020,"898,310.00"
Klay Thompson,2020,"35,361,360.00"
Kostas Antetokounmpo,2020,"449,115.00"
Kris Dunn,2020,"4,767,000.00"
Kristaps Porzingis,2020,"29,467,800.00"
Kyle Anderson,2020,"9,505,100.00"
Kyle Guy,2020,"537,888.00"
Kyle Kuzma,2020,"3,562,178.00"
Kyle Lowry,2020,"30,500,000.00"
Kyle Singler,2020,"999,200.00"
Kyrie Irving,2020,"33,722,850.00"
KZ Okpala,2020,"1,517,981.00"
Lamar Stevens,2020,"1,000,000.00"
LaMarcus Aldridge,2020,"17,628,340.00"
LaMelo Ball,2020,"7,839,960.00"
Landry Shamet,2020,"2,090,040.00"
Langston Galloway,2020,"2,028,594.00"
Larry Nance Jr,2020,"11,709,091.00"
Larry Nance Jr.,2020,"11,709,091.00"
Larry Sanders,2020,"1,865,546.00"
Lauri Markkanen,2020,"6,731,508.00"
LeBron James,2020,"39,219,566.00"
Lonnie Walker,2020,"2,895,720.00"
Lonzo Ball,2020,"11,003,782.00"
Louis King,2020,"49,222.00"
Louis Williams,2020,"8,000,000.00"
Luca Vildoza,2020,"3,500,000.00"
Luguentz Dort,2020,"1,517,981.00"
Luka Doncic,2020,"8,049,360.00"
Luka Samanic,2020,"2,824,320.00"
Luke Kennard,2020,"5,273,826.00"
Luke Kornet,2020,"2,250,000.00"
Luol Deng,2020,"5,000,000.00"
Malachi Flynn,2020,"1,950,600.00"
Malcolm Brogdon,2020,"20,700,000.00"
Malik Beasley,2020,"13,425,895.00"
Malik Fitts,2020,"61,528.00"
Malik Monk,2020,"5,345,687.00"
Mamadi Diakite,2020,"529,341.00"
Marc Gasol,2020,"2,564,753.00"
Marcus Morris,2020,"14,883,721.00"
Marcus Morris Sr.,2020,"14,883,721.00"
Marcus Smart,2020,"12,946,428.00"
Mario Hezonja,2020,"1,977,011.00"
Markelle Fultz,2020,"12,288,697.00"
Markieff Morris,2020,"2,331,593.00"
Marko Guduric,2020,"2,750,000.00"
Markus Howard,2020,"535,294.00"
Marques Bolden,2020,"449,115.00"
Marquese Chriss,2020,"1,824,003.00"
Marvin Bagley,2020,"8,963,640.00"
Mason Jones,2020,"424,544.00"
Mason Plumlee,2020,"8,000,000.00"
Matisse Thybulle,2020,"2,711,280.00"
Matt Thomas,2020,"1,517,981.00"
Matthew Dellavedova,2020,"2,174,318.00"
Max Strus,2020,"647,098.00"
Maxi Kleber,2020,"8,475,000.00"
Meyers Leonard,2020,"9,400,000.00"
Mfiondu Kabengele,2020,"2,432,353.00"
Michael Carter-Williams,2020,"3,300,000.00"
Michael Porter,2020,"3,550,800.00"
Mikal Bridges,2020,"4,359,000.00"
Mike Conley,2020,"34,502,132.00"
Mike James,2020,"237,648.00"
Mike Muscala,2020,"2,283,034.00"
Mike Scott,2020,"5,005,350.00"
Miles Bridges,2020,"3,934,320.00"
Mitchell Robinson,2020,"1,663,861.00"
Miye Oni,2020,"1,517,981.00"
Mo Bamba,2020,"5,969,040.00"
Moe Harkless,2020,"3,623,000.00"
Monta Ellis,2020,"2,245,400.00"
Monte Morris,2020,"1,723,707.00"
Montrezl Harrell,2020,"9,258,000.00"
Moritz Wagner,2020,"2,383,915.00"
Moses Brown,2020,"1,250,000.00"
Mychal Mulder,2020,"1,517,981.00"
Myles Turner,2020,"18,000,000.00"
Naji Marshall,2020,"538,391.00"
Nassir Little,2020,"2,210,640.00"
Nate Darling,2020,"449,115.00"
Nate Hinton,2020,"449,115.00"
Nathan Knight,2020,"522,989.00"
Naz Reid,2020,"1,517,981.00"
Nemanja Bjelica,2020,"7,150,000.00"
Nerlens Noel,2020,"5,000,000.00"
Nick Richards,2020,"1,000,000.00"
Nickeil Alexander-Walker,2020,"3,113,160.00"
Nico Mannion,2020,"449,115.00"
Nicolas Batum,2020,"11,608,231.00"
Nicolas Claxton,2020,"1,517,981.00"
Nicolo Melli,2020,"3,897,436.00"
Nikola Jokic,2020,"29,542,010.00"
Nikola Vucevic,2020,"26,000,000.00"
Noah Vonleh,2020,"427,725.00"
Norman Powell,2020,"10,865,952.00"
Norvel Pelle,2020,"1,014,905.00"
Obi Toppin,2020,"4,862,040.00"
OG Anunoby,2020,"3,872,215.00"
Omari Spellman,2020,"1,988,280.00"
Onyeka Okongwu,2020,"5,813,640.00"
Oshae Brissett,2020,"1,255,493.00"
Otto Porter,2020,"28,489,239.00"
Pascal Siakam,2020,"30,559,200.00"
Pat Connaughton,2020,"4,938,273.00"
Patrick Beverley,2020,"13,333,333.00"
Patrick McCaw,2020,"4,000,000.00"
Patrick Mills,2020,"13,535,714.00"
Patrick Patterson,2020,"3,814,771.00"
Patrick Williams,2020,"7,068,360.00"
Paul George,2020,"35,450,412.00"
Paul Millsap,2020,"10,100,000.00"
Paul Reed,2020,"609,128.00"
Paul Watson,2020,"1,445,697.00"
Payton Pritchard,2020,"2,035,800.00"
PJ Dozier,2020,"1,762,796.00"
PJ Tucker,2020,"7,969,537.00"
P.J. Washington,2020,"4,023,600.00"
Precious Achiuwa,2020,"2,582,160.00"
Quinn Cook,2020,"1,981,649.00"
Quinndary Weatherspoon,2020,"449,115.00"
Rajon Rondo,2020,"7,500,000.00"
Raul Neto,2020,"1,882,867.00"
Rayjon Tucker,2020,"693,755.00"
Raymond Spalding,2020,"289,156.00"
Reggie Bullock,2020,"4,200,000.00"
Reggie Jackson,2020,"2,331,593.00"
Reggie Perry,2020,"489,148.00"
Richaun Holmes,2020,"5,005,350.00"
Ricky Rubio,2020,"17,000,000.00"
RJ Barrett,2020,"8,231,760.00"
RJ Hampton,2020,"2,193,480.00"
Robert Covington,2020,"12,138,345.00"
Robert Williams,2020,"2,029,920.00"
Robert Woodard,2020,"1,500,000.00"
Robin Lopez,2020,"7,300,000.00"
Rodions Kurucs,2020,"1,780,152.00"
Rodney Hood,2020,"10,047,450.00"
Rodney McGruder,2020,"5,192,307.00"
Romeo Langford,2020,"3,631,200.00"
Rondae Hollis-Jefferson,2020,"502,957.00"
Royce O'Neale,2020,"8,500,000.00"
Rudy Gay,2020,"14,500,000.00"
Rudy Gobert,2020,"27,525,281.00"
Rui Hachimura,2020,"4,692,840.00"
Russell Westbrook,2020,"41,358,814.00"
Ryan Anderson,2020,"5,214,583.00"
Ryan Arcidiacono,2020,"3,000,000.00"
Saben Lee,2020,"516,836.00"
Saddiq Bey,2020,"2,689,920.00"
Sam Merrill,2020,"898,310.00"
Sean McDermott,2020,"449,115.00"
Sekou Doumbouya,2020,"3,449,400.00"
Semi Ojeleye,2020,"1,752,950.00"
Serge Ibaka,2020,"9,258,000.00"
Seth Curry,2020,"7,834,449.00"
Shai Gilgeous-Alexander,2020,"4,141,320.00"
Shake Milton,2020,"1,701,593.00"
Shaquille Harrison,2020,"915,048.00"
Shaun Livingston,2020,"666,666.00"
Sindarius Thornwell,2020,"1,235,889.00"
Skylar Mays,2020,"532,218.00"
Solomon Hill,2020,"2,174,318.00"
Spencer Dinwiddie,2020,"11,454,048.00"
Spencer Hawes,2020,"2,007,058.00"
Stanley Johnson,2020,"3,804,150.00"
Stephen Curry,2020,"43,006,362.00"
Sterling Brown,2020,"1,678,854.00"
Steven Adams,2020,"29,592,695.00"
Sviatoslav Mykhailiuk,2020,"1,663,861.00"
T.J. McConnell,2020,"3,500,000.00"
Tacko Fall,2020,"653,924.00"
Taj Gibson,2020,"3,283,684.00"
Talen Horton-Tucker,2020,"1,517,981.00"
Taurean Prince,2020,"12,250,000.00"
Terance Mann,2020,"1,517,981.00"
Terence Davis,2020,"1,517,981.00"
Terrance Ferguson,2020,"3,944,013.00"
Terrence Ross,2020,"13,500,000.00"
Terry Rozier,2020,"18,900,000.00"
Thaddeus Young,2020,"13,545,000.00"
Thanasis Antetokounmpo,2020,"1,701,593.00"
Theo Maledon,2020,"2,000,000.00"
Theo Pinson,2020,"802,182.00"
Thomas Bryant,2020,"8,333,333.00"
Thon Maker,2020,"1,737,145.00"
Tim Frazier,2020,"597,463.00"
Tim Hardaway Jr,2020,"18,975,000.00"
Tim Hardaway Jr.,2020,"18,975,000.00"
Timofey Mozgov,2020,"5,573,333.00"
Timothe Luwawu,2020,"1,824,003.00"
Timothe Luwawu-Cabarrot,2020,"1,824,003.00"
TJ Leaf,2020,"4,431,423.00"
TJ McConnell,2020,"3,500,000.00"
TJ Warren,2020,"12,000,000.00"
Tobias Harris,2020,"34,358,850.00"
Tomas Satoransky,2020,"10,000,000.00"
Tony Bradley,2020,"3,542,060.00"
Tony Snell,2020,"12,178,571.00"
Torrey Craig,2020,"1,678,854.00"
Trae Young,2020,"6,571,800.00"
Tre Jones,2020,"898,310.00"
Tremont Waters,2020,"712,278.00"
Trent Forrest,2020,"470,690.00"
Trevor Ariza,2020,"12,800,000.00"
Trey Burke,2020,"3,000,000.00"
Trey Lyles,2020,"5,500,000.00"
Tristan Thompson,2020,"9,258,000.00"
Troy Brown,2020,"3,372,840.00"
Troy Williams,2020,"122,741.00"
Ty Jerome,2020,"2,303,040.00"
Tyler Bey,2020,"449,115.00"
Tyler Cook,2020,"693,141.00"
Tyler Hall,2020,"25,000.00"
Tyler Herro,2020,"3,822,240.00"
Tyler Johnson,2020,"2,028,594.00"
Tyrell Terry,2020,"1,289,846.00"
Tyrese Haliburton,2020,"3,831,840.00"
Tyrese Maxey,2020,"2,478,840.00"
Ty-Shon Alexander,2020,"449,115.00"
Tyus Jones,2020,"8,817,143.00"
Udoka Azubuike,2020,"1,977,000.00"
Udonis Haslem,2020,"2,564,753.00"
Vernon Carey,2020,"1,350,000.00"
Victor Oladipo,2020,"21,000,000.00"
Vincent Poirier,2020,"2,619,207.00"
Vlatko Cancar,2020,"1,517,981.00"
Wayne Ellington,2020,"3,564,753.00"
Wendell Carter,2020,"5,448,840.00"
Wenyen Gabriel,2020,"1,620,564.00"
Wesley Iwundu,2020,"1,678,854.00"
Wesley Matthews,2020,"3,623,000.00"
Will Barton,2020,"13,723,214.00"
Will Magnay,2020,"341,481.00"
Willie Cauley-Stein,2020,"4,100,000.00"
Willy Hernangomez,2020,"1,737,145.00"
Xavier Tillman,2020,"1,300,000.00"
Yogi Ferrell,2020,"444,149.00"
Yuta Watanabe,2020,"737,996.00"
Zach Collins,2020,"5,406,255.00"
Zach LaVine,2020,"19,500,000.00"
Zeke Nnaji,2020,"2,379,840.00"
Zhaire Smith,2020,"1,068,200.00"
Zion Williamson,2020,"10,245,480.00"
Zylan Cheatham,2020,"1,445,697.00"
Aaron Gordon,2021,"16,409,091.00"
Aaron Henry,2021,"223,338.00"
Aaron Holiday,2021,"3,980,551.00"
Aaron Nesmith,2021,"3,631,200.00"
Aaron Wiggins,2021,"1,305,761.00"
Abdel Nader,2021,"2,000,000.00"
Ade Murkey,2021,"53,176.00"
Admiral Schofield,2021,"723,741.00"
Ahmad Caver,2021,"53,176.00"
Al Horford,2021,"27,000,000.00"
Alec Burks,2021,"9,536,000.00"
Aleem Ford,2021,"53,176.00"
Aleksej Pokusevski,2021,"3,113,160.00"
Alex Caruso,2021,"8,600,000.00"
Alex Len,2021,"3,732,000.00"
Al-Farouq Aminu,2021,"10,335,621.00"
Alfonzo McKinnie,2021,"1,090,007.00"
Alize Johnson,2021,"1,003,740.00"
Alperen Sengun,2021,"3,214,680.00"
Amir Coffey,2021,"573,576.00"
Andre Drummond,2021,"2,401,537.00"
Andre Iguodala,2021,"2,641,691.00"
Andrew Nicholson,2021,"2,844,429.00"
Andrew Wiggins,2021,"31,579,390.00"
Anfernee Simons,2021,"3,938,818.00"
Anthony Barber,2021,"53,176.00"
Anthony Davis,2021,"35,361,360.00"
Anthony Edwards,2021,"10,245,480.00"
Anthony Gill,2021,"1,517,981.00"
Anthony Lamb,2021,"136,095.00"
Anthony Tolliver,2021,"151,821.00"
Aric Holman,2021,"53,176.00"
Armoni Brooks,2021,"1,739,065.00"
Arnoldas Kulboka,2021,"462,629.00"
Austin Reaves,2021,"925,258.00"
Austin Rivers,2021,"2,401,537.00"
Avery Bradley,2021,"2,641,691.00"
Ayo Dosunmu,2021,"925,258.00"
Bam Adebayo,2021,"28,103,500.00"
Ben McLemore,2021,"2,389,641.00"
Ben Simmons,2021,"33,003,936.00"
Bismack Biyombo,2021,"1,518,213.00"
BJ Boston,2021,"925,258.00"
BJ Johnson,2021,"95,930.00"
Blake Griffin,2021,"32,405,817.00"
Boban Marjanovic,2021,"3,500,000.00"
Bobby Portis,2021,"4,347,600.00"
Bogdan Bogdanovic,2021,"18,000,000.00"
Bojan Bogdanovic,2021,"18,700,000.00"
Bol Bol,2021,"2,161,152.00"
Bones Hyland,2021,"2,096,880.00"
Brad Wanamaker,2021,"814,918.00"
Bradley Beal,2021,"33,724,200.00"
Brandon Clarke,2021,"2,726,880.00"
Brandon Goodwin,2021,"343,988.00"
Brandon Ingram,2021,"29,467,800.00"
Brandon Knight,2021,"274,672.00"
Brandon Williams,2021,"180,798.00"
Braxton Key,2021,"127,622.00"
Brodric Thomas,2021,"462,629.00"
Brook Lopez,2021,"13,302,325.00"
Bruce Brown,2021,"4,736,102.00"
Bruno Fernando,2021,"1,782,621.00"
Bryn Forbes,2021,"4,500,000.00"
Buddy Hield,2021,"23,073,234.00"
Cade Cunningham,2021,"10,050,120.00"
Caleb Martin,2021,"844,011.00"
Cam Reddish,2021,"4,670,160.00"
Cam Thomas,2021,"2,036,280.00"
Cameron Johnson,2021,"4,437,000.00"
Cameron McGriff,2021,"53,176.00"
Cameron Oliver,2021,"85,578.00"
Cameron Payne,2021,"6,500,000.00"
Caris LeVert,2021,"17,500,000.00"
Carlik Jones,2021,"106,352.00"
Carmelo Anthony,2021,"2,641,691.00"
Carsen Edwards,2021,"1,859,365.00"
Cassius Stanley,2021,"256,734.00"
Cassius Winston,2021,"462,629.00"
Cedi Osman,2021,"8,133,334.00"
Chandler Hutchison,2021,"4,224,186.00"
Charles Bassey,2021,"925,258.00"
Charlie Brown,2021,"431,151.00"
Chaundee Brown,2021,"151,552.00"
Cheick Diallo,2021,"102,831.00"
Chimezie Metu,2021,"1,762,796.00"
Chris Boucher,2021,"7,020,000.00"
Chris Chiozza,2021,"462,629.00"
Chris Clemons,2021,"85,578.00"
Chris Duarte,2021,"3,749,400.00"
Chris Paul,2021,"30,800,000.00"
Chris Silva,2021,"479,650.00"
Christian Wood,2021,"13,666,667.00"
Chuma Okeke,2021,"3,277,080.00"
CJ Elleby,2021,"1,517,981.00"
CJ McCollum,2021,"30,864,198.00"
CJ Miles,2021,"151,821.00"
Clint Capela,2021,"17,603,448.00"
Coby White,2021,"5,837,760.00"
Cody Martin,2021,"1,782,621.00"
Cody Zeller,2021,"2,389,641.00"
Cole Anthony,2021,"3,449,400.00"
Collin Sexton,2021,"6,349,671.00"
Corey Kispert,2021,"3,383,640.00"
Cory Joseph,2021,"7,310,000.00"
Craig Sword,2021,"53,176.00"
Daishen Nix,2021,"923,078.00"
Dakota Mathias,2021,"171,156.00"
Dalano Banton,2021,"925,258.00"
Damian Jones,2021,"1,977,011.00"
Damian Lillard,2021,"39,344,900.00"
Damion Lee,2021,"1,910,860.00"
Damyean Dotson,2021,"205,662.00"
D'Angelo Russell,2021,"30,013,500.00"
Daniel Gafford,2021,"1,782,621.00"
Daniel Oturu,2021,"1,603,559.00"
Daniel Theis,2021,"8,280,351.00"
Danilo Gallinari,2021,"20,475,000.00"
Danny Green,2021,"10,000,000.00"
Danuel House,2021,"4,997,424.00"
DaQuan Jeffries,2021,"95,930.00"
Dario Saric,2021,"8,510,000.00"
Darius Bazley,2021,"2,513,040.00"
Darius Garland,2021,"7,040,880.00"
Darren Collison,2021,"151,821.00"
Daulton Hommes,2021,"167,504.00"
David Duke,2021,"462,629.00"
David Johnson,2021,"462,629.00"
David Nwaba,2021,"4,650,000.00"
Davion Mitchell,2021,"4,603,200.00"
Davis Bertans,2021,"16,000,000.00"
Davon Reed,2021,"532,398.00"
Day'Ron Sharpe,2021,"2,009,160.00"
De'Aaron Fox,2021,"28,103,500.00"
Dean Wade,2021,"1,782,621.00"
Deandre Ayton,2021,"12,632,950.00"
DeAndre Bembry,2021,"2,271,045.00"
De'Andre Hunter,2021,"7,775,400.00"
DeAndre Jordan,2021,"11,109,327.00"
De'Anthony Melton,2021,"8,805,976.00"
Deividas Sirvydis,2021,"1,603,559.00"
DeJon Jarreau,2021,"172,821.00"
Dejounte Murray,2021,"15,428,880.00"
Delon Wright,2021,"8,526,316.00"
DeMar DeRozan,2021,"26,000,000.00"
DeMarcus Cousins,2021,"2,038,942.00"
DeMarre Carroll,2021,"1,242,340.00"
Demetrius Jackson,2021,"92,857.00"
Deni Avdija,2021,"4,692,840.00"
Dennis Schroeder,2021,"5,890,000.00"
Dennis Smith,2021,"1,789,256.00"
Denzel Valentine,2021,"1,005,633.00"
Derrick Favors,2021,"9,720,900.00"
Derrick Jones Jr.,2021,"9,720,900.00"
Derrick Rose,2021,"13,445,120.00"
Derrick Walton,2021,"95,930.00"
Derrick White,2021,"15,678,571.00"
Desmond Bane,2021,"2,033,160.00"
Devin Booker,2021,"31,650,600.00"
Devin Cannady,2021,"185,578.00"
Devin Vassell,2021,"4,235,160.00"
Devon Dotson,2021,"239,291.00"
Devontae Cacok,2021,"726,128.00"
Devonte' Graham,2021,"11,000,000.00"
Dewayne Dedmon,2021,"5,256,308.00"
Didi Louzada,2021,"1,786,878.00"
Dillon Brooks,2021,"12,200,000.00"
DJ Augustin,2021,"7,622,467.00"
DJ Stewart,2021,"101,034.00"
DJ Wilson,2021,"308,493.00"
Domantas Sabonis,2021,"18,500,000.00"
Donovan Mitchell,2021,"28,103,500.00"
Donte DiVincenzo,2021,"4,675,830.00"
Dorian Finney-Smith,2021,"4,000,000.00"
Doug McDermott,2021,"13,750,000.00"
Draymond Green,2021,"24,026,712.00"
Drew Eubanks,2021,"2,239,820.00"
Duane Washington Jr,2021,"1,346,676.00"
Duncan Robinson,2021,"15,650,000.00"
Dwight Howard,2021,"2,641,691.00"
Dwight Powell,2021,"11,080,125.00"
Dylan Windler,2021,"2,239,200.00"
Ed Davis,2021,"2,641,691.00"
Edmond Sumner,2021,"2,320,000.00"
Elfrid Payton,2021,"2,239,544.00"
Elijah Hughes,2021,"1,517,981.00"
Emanuel Terry,2021,"85,578.00"
Emmanuel Mudiay,2021,"111,457.00"
Enes Freedom,2021,"2,641,691.00"
Eric Bledsoe,2021,"18,125,000.00"
Eric Gordon,2021,"18,218,818.00"
Eric Paschall,2021,"1,782,621.00"
Ersan Ilyasova,2021,"151,821.00"
E'Twaun Moore,2021,"2,641,691.00"
Eugene Omoruyi,2021,"281,831.00"
Evan Fournier,2021,"17,142,857.00"
Evan Mobley,2021,"8,075,160.00"
Facundo Campazzo,2021,"3,100,000.00"
Feron Hunt,2021,"116,987.00"
Frank Jackson,2021,"3,000,000.00"
Frank Kaminsky,2021,"2,089,448.00"
Frank Ntilikina,2021,"1,789,256.00"
Franz Wagner,2021,"5,007,840.00"
Fred VanVleet,2021,"19,675,926.00"
Freddie Gillespie,2021,"221,156.00"
Furkan Korkmaz,2021,"4,629,630.00"
Gabe Vincent,2021,"1,669,178.00"
Gabriel Deck,2021,"1,690,507.00"
Gabriel Lundberg,2021,"79,764.00"
Garrett Temple,2021,"4,910,000.00"
Garrison Mathews,2021,"2,000,000.00"
Gary Clark,2021,"811,213.00"
Gary Harris,2021,"20,932,143.00"
Gary Payton II,2021,"1,669,178.00"
Gary Trent Jr,2021,"16,225,000.00"
George Hill,2021,"5,275,491.00"
George King,2021,"85,578.00"
Georges Niang,2021,"3,300,000.00"
Georgios Kalaitzakis,2021,"499,852.00"
Giannis Antetokounmpo,2021,"39,344,900.00"
Goga Bitadze,2021,"3,098,400.00"
Goran Dragic,2021,"19,348,907.00"
Gordon Hayward,2021,"29,925,000.00"
Gorgui Dieng,2021,"4,000,000.00"
Grant Riller,2021,"162,186.00"
Grant Williams,2021,"2,617,800.00"
Grayson Allen,2021,"4,054,695.00"
Greg Brown,2021,"925,258.00"
Greg Monroe,2021,"612,805.00"
Hamidou Diallo,2021,"5,200,000.00"
Harrison Barnes,2021,"20,284,091.00"
Hassan Whiteside,2021,"2,401,537.00"
Hassani Gravett,2021,"106,352.00"
Haywood Highsmith,2021,"547,701.00"
Herb Jones,2021,"1,700,000.00"
Ignas Brazdeikis,2021,"462,629.00"
Immanuel Quickley,2021,"2,210,640.00"
Isaac Bonga,2021,"1,729,217.00"
Isaac Okoro,2021,"6,720,720.00"
Isaiah Hartenstein,2021,"1,729,217.00"
Isaiah Jackson,2021,"2,451,240.00"
Isaiah Joe,2021,"1,517,981.00"
Isaiah Livers,2021,"1,057,260.00"
Isaiah Roby,2021,"1,782,621.00"
Isaiah Stewart,2021,"3,277,080.00"
Isaiah Thomas,2021,"910,926.00"
Isaiah Todd,2021,"1,500,000.00"
Ishmael Smith,2021,"4,500,000.00"
Ishmail Wainright,2021,"707,893.00"
Ivica Zubac,2021,"7,518,518.00"
Ja Morant,2021,"9,603,360.00"
Jabari Parker,2021,"1,168,286.00"
Jaden McDaniels,2021,"2,063,280.00"
Jaden Springer,2021,"2,023,680.00"
Jae Crowder,2021,"9,720,900.00"
Jae'Sean Tate,2021,"1,517,981.00"
Jahlil Okafor,2021,"2,130,023.00"
Jahmi'us Ramsey,2021,"1,517,981.00"
Jaime Echenique,2021,"53,176.00"
Jake Layman,2021,"3,940,184.00"
Jakob Poeltl,2021,"8,750,000.00"
Jalen Brunson,2021,"1,802,057.00"
Jalen Green,2021,"8,992,080.00"
Jalen Johnson,2021,"2,659,680.00"
Jalen McDaniels,2021,"1,782,621.00"
Jalen Smith,2021,"4,458,000.00"
Jalen Suggs,2021,"6,592,920.00"
Jamal Murray,2021,"29,467,800.00"
James Bouknight,2021,"4,154,400.00"
James Ennis,2021,"386,127.00"
James Harden,2021,"44,310,840.00"
James Johnson,2021,"2,641,691.00"
James Wiseman,2021,"9,166,800.00"
Jamorko Pickett,2021,"462,629.00"
JaMychal Green,2021,"8,200,000.00"
JaQuori McLaughlin,2021,"220,679.00"
Jared Butler,2021,"925,258.00"
Jared Harper,2021,"85,081.00"
Jaren Jackson Jr,2021,"9,180,560.00"
Jarred Vanderbilt,2021,"4,050,000.00"
Jarrett Allen,2021,"20,000,000.00"
Jarrett Culver,2021,"6,395,160.00"
Jarron Cumberland,2021,"53,176.00"
Jason Preston,2021,"1,062,303.00"
JaVale McGee,2021,"5,000,000.00"
Javin DeLaurier,2021,"53,176.00"
Javonte Green,2021,"1,669,178.00"
Ja'Vonte Smart,2021,"265,878.00"
Jaxson Hayes,2021,"5,348,280.00"
Jay Huff,2021,"225,997.00"
Jay Scrubb,2021,"462,629.00"
Jaylen Brown,2021,"26,758,928.00"
Jaylen Hoard,2021,"191,860.00"
Jaylen Morris,2021,"95,930.00"
Jaylen Nowell,2021,"1,782,621.00"
Jaysean Paige,2021,"53,176.00"
Jayson Tatum,2021,"28,103,500.00"
Jeff Dowtin,2021,"305,761.00"
Jeff Green,2021,"4,500,000.00"
Jemerrio Jones,2021,"85,578.00"
Jerami Grant,2021,"20,002,500.00"
Jeremiah Robinson-Earl,2021,"2,000,000.00"
Jeremy Lamb,2021,"10,500,000.00"
Jericho Sims,2021,"462,629.00"
Jevon Carter,2021,"4,107,149.00"
Jimmy Butler,2021,"36,016,200.00"
Joakim Noah,2021,"6,431,666.00"
Jock Landale,2021,"925,258.00"
Joe Harris,2021,"17,357,143.00"
Joe Ingles,2021,"13,036,364.00"
Joe Johnson,2021,"151,821.00"
Joe Wieskamp,2021,"563,663.00"
Joel Ayayi,2021,"462,629.00"
Joel Embiid,2021,"31,579,390.00"
John Collins,2021,"23,000,000.00"
John Konchar,2021,"2,200,000.00"
John Wall,2021,"44,310,840.00"
Jon Leuer,2021,"3,169,348.00"
Jon Teske,2021,"53,176.00"
Jonas Valanciunas,2021,"14,000,000.00"
Jonathan Isaac,2021,"17,400,000.00"
Jonathan Kuminga,2021,"5,466,360.00"
Jontay Porter,2021,"300,000.00"
Jordan Bell,2021,"102,831.00"
Jordan Clarkson,2021,"12,420,000.00"
Jordan Goodwin,2021,"53,176.00"
Jordan McLaughlin,2021,"2,000,000.00"
Jordan Nwora,2021,"1,517,981.00"
Jordan Poole,2021,"2,161,440.00"
Jordan Schakel,2021,"53,176.00"
Jose Alvarado,2021,"1,925,406.00"
Josh Christopher,2021,"2,259,240.00"
Josh Giddey,2021,"5,988,000.00"
Josh Green,2021,"2,957,520.00"
Josh Hart,2021,"12,000,000.00"
Josh Jackson,2021,"5,005,350.00"
Josh Okogie,2021,"4,087,904.00"
Josh Primo,2021,"3,946,800.00"
Josh Richardson,2021,"11,615,328.00"
JR Smith,2021,"1,456,667.00"
Jrue Holiday,2021,"31,171,333.00"
JT Thor,2021,"1,250,000.00"
Juan Hernangomez,2021,"6,803,190.00"
Juan Toscano-Anderson,2021,"1,701,593.00"
Julius Randle,2021,"19,800,000.00"
Justin Anderson,2021,"445,828.00"
Justin Champagnie,2021,"462,629.00"
Justin Holiday,2021,"6,006,420.00"
Justin Jackson,2021,"308,493.00"
Justin James,2021,"95,930.00"
Justin Robinson,2021,"265,953.00"
Justin Tillman,2021,"53,176.00"
Justise Winslow,2021,"3,902,439.00"
Jusuf Nurkic,2021,"12,000,000.00"
Juwan Morgan,2021,"211,046.00"
Kai Jones,2021,"2,770,560.00"
Karl-Anthony Towns,2021,"31,650,600.00"
Kawhi Leonard,2021,"39,344,900.00"
Keifer Sykes,2021,"558,345.00"
Keita Bates-Diop,2021,"1,729,217.00"
Kelan Martin,2021,"993,760.00"
Keldon Johnson,2021,"2,145,720.00"
Keljin Blevins,2021,"462,629.00"
Kelly Olynyk,2021,"12,195,122.00"
Kelly Oubre Jr.,2021,"12,000,000.00"
Kemba Walker,2021,"34,967,442.00"
Kendrick Nunn,2021,"5,000,000.00"
Kenrich Williams,2021,"2,000,000.00"
Kent Bazemore,2021,"2,401,537.00"
Kentavious Caldwell-Pope,2021,"13,038,862.00"
Keon Johnson,2021,"2,553,240.00"
Kessler Edwards,2021,"463,211.00"
Kevin Durant,2021,"42,018,900.00"
Kevin Huerter,2021,"4,253,357.00"
Kevin Knox,2021,"5,845,978.00"
Kevin Love,2021,"31,258,256.00"
Kevin Pangos,2021,"1,569,178.00"
Kevin Porter,2021,"1,782,621.00"
Kevon Looney,2021,"5,178,572.00"
Khem Birch,2021,"6,350,000.00"
Khris Middleton,2021,"35,500,000.00"
Killian Hayes,2021,"5,572,680.00"
Killian Tillie,2021,"1,901,625.00"
Kira Lewis,2021,"3,822,240.00"
KJ Martin,2021,"1,517,981.00"
Klay Thompson,2021,"37,980,720.00"
Kris Dunn,2021,"5,317,430.00"
Kristaps Porzingis,2021,"31,650,600.00"
Kyle Anderson,2021,"9,937,150.00"
Kyle Guy,2021,"383,079.00"
Kyle Kuzma,2021,"13,000,000.00"
Kyle Lowry,2021,"26,984,128.00"
Kyle Singler,2021,"999,200.00"
Kyrie Irving,2021,"35,328,700.00"
KZ Okpala,2021,"1,782,621.00"
Lamar Stevens,2021,"1,517,981.00"
LaMarcus Aldridge,2021,"2,641,691.00"
LaMelo Ball,2021,"8,231,760.00"
Lance Stephenson,2021,"1,614,825.00"
Landry Shamet,2021,"3,768,342.00"
Langston Galloway,2021,"386,127.00"
Larry Nance Jr,2021,"10,690,909.00"
Larry Sanders,2021,"1,865,546.00"
Lauri Markkanen,2021,"15,690,909.00"
Leandro Bolmaro,2021,"2,353,320.00"
LeBron James,2021,"41,180,544.00"
Lindell Wigginton,2021,"233,973.00"
Lindy Waters III,2021,"159,527.00"
Lonnie Walker,2021,"4,447,896.00"
Lonzo Ball,2021,"18,604,651.00"
Louis King,2021,"316,396.00"
Louis Williams,2021,"5,000,000.00"
Luca Vildoza,2021,"42,789.00"
Luguentz Dort,2021,"1,782,621.00"
Luka Doncic,2021,"10,174,391.00"
Luka Garza,2021,"925,258.00"
Luka Samanic,2021,"3,355,239.00"
Luke Kennard,2021,"13,347,727.00"
Luke Kornet,2021,"812,364.00"
Luol Deng,2021,"5,000,000.00"
Mac McClung,2021,"111,670.00"
Malachi Flynn,2021,"2,048,040.00"
Malcolm Brogdon,2021,"21,700,000.00"
Malcolm Hill,2021,"324,373.00"
Malik Beasley,2021,"14,491,964.00"
Malik Ellison,2021,"53,176.00"
Malik Fitts,2021,"630,874.00"
Malik Monk,2021,"1,789,256.00"
Malik Newman,2021,"85,578.00"
Mamadi Diakite,2021,"869,078.00"
Marc Gasol,2021,"2,692,991.00"
Marcus Garrett,2021,"236,632.00"
Marcus Morris,2021,"15,627,907.00"
Marcus Smart,2021,"13,839,285.00"
Mario Chalmers,2021,"138,019.00"
Markelle Fultz,2021,"16,500,000.00"
Markieff Morris,2021,"2,641,691.00"
Marko Simonovic,2021,"925,258.00"
Markus Howard,2021,"462,629.00"
Marquese Chriss,2021,"1,292,900.00"
Marvin Bagley,2021,"11,312,114.00"
Mason Jones,2021,"295,125.00"
Mason Plumlee,2021,"9,248,333.00"
Matisse Thybulle,2021,"2,840,160.00"
Matt Mooney,2021,"171,156.00"
Matt Ryan,2021,"111,669.00"
Matt Thomas,2021,"1,669,178.00"
Maurice Harkless,2021,"4,347,600.00"
Max Strus,2021,"1,669,178.00"
Maxi Kleber,2021,"8,750,000.00"
McKinley Wright,2021,"462,629.00"
Melvin Frazier,2021,"13,294.00"
Mfiondu Kabengele,2021,"19,186.00"
Micah Potter,2021,"53,176.00"
Michael Carter-Williams,2021,"3,300,000.00"
Michael Porter,2021,"5,258,735.00"
Mikal Bridges,2021,"5,557,725.00"
Mike Conley,2021,"21,000,000.00"
Mike Muscala,2021,"3,500,000.00"
Miles Bridges,2021,"5,421,493.00"
Miles McBride,2021,"925,258.00"
Mitchell Robinson,2021,"1,802,057.00"
Miye Oni,2021,"946,261.00"
MJ Walker,2021,"53,176.00"
Mo Bamba,2021,"7,568,743.00"
Moe Harkless,2021,"4,347,600.00"
Monta Ellis,2021,"2,245,400.00"
Monte Morris,2021,"8,449,074.00"
Montrezl Harrell,2021,"9,720,900.00"
Moritz Wagner,2021,"1,729,217.00"
Moses Brown,2021,"1,933,909.00"
Moses Moody,2021,"3,562,200.00"
Moses Wright,2021,"172,821.00"
Mychal Mulder,2021,"257,902.00"
Myles Powell,2021,"300,443.00"
Myles Turner,2021,"18,000,000.00"
Naji Marshall,2021,"1,517,981.00"
Nassir Little,2021,"2,316,240.00"
Nate Hinton,2021,"96,213.00"
Nathan Knight,2021,"462,629.00"
Naz Reid,2021,"1,782,621.00"
Neemias Queta,2021,"462,629.00"
Nemanja Bjelica,2021,"2,089,448.00"
Nerlens Noel,2021,"8,800,000.00"
Nick Richards,2021,"1,517,981.00"
Nickeil Alexander-Walker,2021,"3,261,480.00"
Nicolas Batum,2021,"12,026,998.00"
Nicolas Claxton,2021,"1,782,621.00"
Nik Stauskas,2021,"534,993.00"
Nikola Jokic,2021,"31,044,906.00"
Nikola Vucevic,2021,"24,000,000.00"
Norman Powell,2021,"15,517,242.00"
Norvel Pelle,2021,"191,860.00"
Obi Toppin,2021,"5,105,160.00"
OG Anunoby,2021,"16,071,429.00"
Olivier Sarr,2021,"223,339.00"
Omer Yurtseven,2021,"1,489,065.00"
Onyeka Okongwu,2021,"6,104,280.00"
Oshae Brissett,2021,"1,701,593.00"
Otto Porter Jr.,2021,"2,389,641.00"
Paris Bass,2021,"106,352.00"
Pascal Siakam,2021,"33,003,936.00"
Pat Connaughton,2021,"5,333,334.00"
Patrick Beverley,2021,"14,320,987.00"
Patrick Mills,2021,"5,890,000.00"
Patrick Patterson,2021,"737,067.00"
Patrick Williams,2021,"7,422,000.00"
Paul George,2021,"39,344,970.00"
Paul Millsap,2021,"2,641,691.00"
Paul Reed,2021,"1,517,981.00"
Paul Watson,2021,"303,102.00"
Payton Pritchard,2021,"2,137,440.00"
Petr Cornelie,2021,"218,021.00"
PJ Dozier,2021,"1,910,860.00"
PJ Tucker,2021,"7,000,000.00"
P.J. Washington,2021,"4,215,120.00"
Precious Achiuwa,2021,"2,711,280.00"
Quentin Grimes,2021,"2,168,640.00"
Quinndary Weatherspoon,2021,"346,491.00"
Rajon Rondo,2021,"7,500,000.00"
Raul Neto,2021,"2,089,448.00"
Rayjon Tucker,2021,"220,639.00"
Reggie Bullock,2021,"9,536,000.00"
Reggie Jackson,2021,"10,384,500.00"
Reggie Perry,2021,"188,272.00"
Richaun Holmes,2021,"10,384,500.00"
Ricky Rubio,2021,"17,800,000.00"
RJ Barrett,2021,"8,623,920.00"
RJ Hampton,2021,"2,303,040.00"
RJ Nembhard,2021,"491,876.00"
Rob Edwards,2021,"53,176.00"
Robert Covington,2021,"12,975,471.00"
Robert Williams,2021,"3,661,976.00"
Robert Woodard,2021,"1,619,015.00"
Robin Lopez,2021,"5,000,000.00"
Rodney Hood,2021,"2,239,544.00"
Rodney McGruder,2021,"1,939,350.00"
Romeo Langford,2021,"3,804,360.00"
Royce O'Neale,2021,"8,800,000.00"
Rudy Gay,2021,"5,890,000.00"
Rudy Gobert,2021,"35,344,828.00"
Rui Hachimura,2021,"4,916,160.00"
Russell Westbrook,2021,"44,211,146.00"
Ryan Anderson,2021,"5,214,583.00"
Ryan Arcidiacono,2021,"774,727.00"
Saben Lee,2021,"1,489,065.00"
Saddiq Bey,2021,"2,824,320.00"
Sam Dekker,2021,"350,000.00"
Sam Hauser,2021,"619,498.00"
Sam Merrill,2021,"1,517,981.00"
Sandro Mamukelashvili,2021,"462,629.00"
Santiago Aldama,2021,"1,994,520.00"
Scottie Barnes,2021,"7,280,400.00"
Scottie Lewis,2021,"462,629.00"
Scotty Hopson,2021,"95,930.00"
Sean Chris Smith,2021,"462,629.00"
Sekou Doumbouya,2021,"3,799,131.00"
Semi Ojeleye,2021,"1,789,256.00"
Serge Ibaka,2021,"9,720,900.00"
Seth Curry,2021,"8,207,518.00"
Shai Gilgeous-Alexander,2021,"5,495,532.00"
Shake Milton,2021,"1,846,738.00"
Shaq Buchanan,2021,"53,176.00"
Shaquille Harrison,2021,"308,493.00"
Sharife Cooper,2021,"462,629.00"
Shaun Livingston,2021,"666,666.00"
Skylar Mays,2021,"510,907.00"
Solomon Hill,2021,"2,389,641.00"
Spencer Dinwiddie,2021,"19,314,284.00"
Stanley Johnson,2021,"1,368,998.00"
Stephen Curry,2021,"45,780,966.00"
Sterling Brown,2021,"3,000,000.00"
Steven Adams,2021,"17,073,171.00"
Svi Mykhailiuk,2021,"1,729,217.00"
Sviatoslav Mykhailiuk,2021,"1,729,217.00"
Tacko Fall,2021,"218,021.00"
Taj Gibson,2021,"4,910,000.00"
Talen Horton-Tucker,2021,"9,500,000.00"
Taurean Prince,2021,"13,334,375.00"
Terance Mann,2021,"1,782,621.00"
Terence Davis,2021,"4,000,000.00"
Terrence Ross,2021,"12,500,000.00"
Terry Rozier,2021,"17,905,263.00"
Terry Taylor,2021,"895,125.00"
Thaddeus Young,2021,"14,190,000.00"
Thanasis Antetokounmpo,2021,"1,729,217.00"
Theo Maledon,2021,"2,000,000.00"
Theo Pinson,2021,"440,710.00"
Thomas Bryant,2021,"8,666,667.00"
Tim Frazier,2021,"386,127.00"
Tim Hardaway Jr.,2021,"21,306,816.00"
Timofey Mozgov,2021,"5,573,333.00"
Timothe Luwawu,2021,"1,939,350.00"
Timothe Luwawu-Cabarrot,2021,"1,939,350.00"
TJ McConnell,2021,"7,500,000.00"
TJ Warren,2021,"12,940,000.00"
Tobias Harris,2021,"35,995,950.00"
Tomas Satoransky,2021,"10,000,000.00"
Tony Bradley,2021,"1,789,256.00"
Tony Snell,2021,"2,389,641.00"
Torrey Craig,2021,"4,878,049.00"
Trae Young,2021,"8,326,471.00"
Trayvon Palmer,2021,"53,176.00"
Tre Jones,2021,"1,517,981.00"
Tre Mann,2021,"2,901,240.00"
Tre Scott,2021,"53,176.00"
Tremont Waters,2021,"191,860.00"
Trendon Watford,2021,"768,830.00"
Trent Forrest,2021,"463,211.00"
Trevelin Queen,2021,"303,102.00"
Trevor Ariza,2021,"2,641,691.00"
Trey Burke,2021,"3,150,000.00"
Trey Lyles,2021,"2,500,000.00"
Trey Murphy,2021,"3,053,760.00"
Tristan Thompson,2021,"9,946,611.00"
Troy Brown,2021,"5,170,564.00"
Troy Williams,2021,"122,741.00"
Ty Jerome,2021,"2,412,840.00"
Tyler Cook,2021,"462,629.00"
Tyler Hall,2021,"53,176.00"
Tyler Herro,2021,"4,004,280.00"
Tyler Johnson,2021,"257,418.00"
Tyrell Terry,2021,"1,869,438.00"
Tyrese Haliburton,2021,"4,023,600.00"
Tyrese Maxey,2021,"2,602,920.00"
Tyrone Wallace,2021,"198,760.00"
Tyus Jones,2021,"8,376,286.00"
Udoka Azubuike,2021,"2,075,880.00"
Udonis Haslem,2021,"2,641,691.00"
Usman Garuba,2021,"2,353,320.00"
Vernon Carey,2021,"1,517,981.00"
Victor Oladipo,2021,"2,389,641.00"
Vit Krejci,2021,"925,258.00"
Vlatko Cancar,2021,"1,782,621.00"
Wayne Ellington,2021,"2,641,691.00"
Wayne Selden,2021,"812,363.00"
Wendell Carter,2021,"6,920,027.00"
Wenyen Gabriel,2021,"522,015.00"
Wesley Iwundu,2021,"1,926,834.00"
Wesley Matthews,2021,"1,958,495.00"
Will Barton,2021,"15,625,000.00"
Willie Cauley-Stein,2021,"4,220,083.00"
Willy Hernangomez,2021,"2,327,220.00"
Xavier Moon,2021,"202,069.00"
Xavier Sneed,2021,"146,233.00"
Xavier Tillman,2021,"1,517,981.00"
Yuta Watanabe,2021,"1,762,796.00"
Yves Pons,2021,"462,629.00"
Zach Collins,2021,"7,000,000.00"
Zach LaVine,2021,"19,500,000.00"
Zavier Simpson,2021,"37,223.00"
Zeke Nnaji,2021,"2,498,760.00"
Zhaire Smith,2021,"1,068,200.00"
Ziaire Williams,2021,"4,373,040.00"
Zion Williamson,2021,"10,733,400.00"
Zylan Cheatham,2021,"256,734.00"
Aaron Gordon,2022,"19,690,909.00"
Aaron Holiday,2022,"1,836,090.00"
Aaron Wiggins,2022,"1,563,518.00"
Alec Burks,2022,"10,012,800.00"
Alex Caruso,2022,"9,030,000.00"
Amir Coffey,2022,"3,395,062.00"
Andre Drummond,2022,"3,200,000.00"
Andrew Wiggins,2022,"33,616,770.00"
Anthony Davis,2022,"37,980,720.00"
Anthony Gill,2022,"1,836,090.00"
Austin Reaves,2022,"1,563,518.00"
Austin Rivers,2022,"1,836,090.00"
Bam Adebayo,2022,"30,351,780.00"
Bismack Biyombo,2022,"1,836,090.00"
Bobby Portis,2022,"10,843,350.00"
Bogdan Bogdanovic,2022,"18,000,000.00"
Bradley Beal,2022,"43,279,250.00"
Brandon Clarke,2022,"4,343,920.00"
Bruce Brown,2022,"6,479,000.00"
Buddy Hield,2022,"21,177,750.00"
Caleb Martin,2022,"6,479,000.00"
Cameron Payne,2022,"6,000,000.00"
Caris LeVert,2022,"18,796,296.00"
Cedi Osman,2022,"7,426,088.00"
Chimezie Metu,2022,"1,910,860.00"
Chris Boucher,2022,"12,690,000.00"
Christian Wood,2022,"14,317,459.00"
CJ McCollum,2022,"33,333,333.00"
Clint Capela,2022,"18,706,897.00"
Corey Kispert,2022,"3,552,840.00"
Cory Joseph,2022,"5,155,500.00"
Damion Lee,2022,"1,836,090.00"
Daniel Gafford,2022,"1,930,681.00"
Danuel House Jr.,2022,"4,105,000.00"
Davion Mitchell,2022,"4,833,600.00"
Davis Bertans,2022,"16,000,000.00"
De'Aaron Fox,2022,"30,351,780.00"
Dean Wade,2022,"1,930,681.00"
De'Andre Hunter,2022,"9,835,881.00"
Dejounte Murray,2022,"16,571,120.00"
Delon Wright,2022,"7,804,878.00"
Dennis Schroder,2022,"1,836,090.00"
Derrick Jones Jr.,2022,"3,200,000.00"
Derrick White,2022,"16,892,857.00"
Desmond Bane,2022,"2,130,240.00"
Devin Booker,2022,"33,833,400.00"
Dillon Brooks,2022,"11,400,000.00"
Domantas Sabonis,2022,"18,500,000.00"
Donovan Mitchell,2022,"30,913,750.00"
Donte DiVincenzo,2022,"4,500,000.00"
Doug McDermott,2022,"13,750,000.00"
Drew Eubanks,2022,"1,836,090.00"
Duncan Robinson,2022,"16,902,000.00"
Dwight Powell,2022,"11,080,125.00"
Fred VanVleet,2022,"21,250,000.00"
Gabe Vincent,2022,"1,815,677.00"
Gary Harris,2022,"13,000,000.00"
Gary Trent Jr.,2022,"17,505,000.00"
Georges Niang,2022,"3,465,000.00"
Giannis Antetokounmpo,2022,"42,492,492.00"
Grayson Allen,2022,"8,500,000.00"
Harrison Barnes,2022,"18,352,273.00"
Haywood Highsmith,2022,"1,752,638.00"
Isaiah Hartenstein,2022,"7,804,879.00"
Isaiah Joe,2022,"1,836,090.00"
Ivica Zubac,2022,"10,123,457.00"
Jae'Sean Tate,2022,"7,065,217.00"
Jalen Brunson,2022,"27,733,332.00"
Jamal Murray,2022,"31,650,600.00"
Jarrett Allen,2022,"20,000,000.00"
Javonte Green,2022,"1,815,677.00"
Jaylen Brown,2022,"28,741,071.00"
Jayson Tatum,2022,"30,351,780.00"
Jerami Grant,2022,"20,955,000.00"
Jevon Carter,2022,"6,050,000.00"
Jock Landale,2022,"1,563,518.00"
Joe Harris,2022,"18,642,857.00"
Joel Embiid,2022,"33,616,770.00"
John Collins,2022,"23,500,000.00"
John Konchar,2022,"2,300,000.00"
Jonas Valanciunas,2022,"14,700,000.00"
Jordan Clarkson,2022,"13,340,000.00"
Jordan McLaughlin,2022,"2,160,000.00"
Jordan Poole,2022,"3,901,399.00"
Jose Alvarado,2022,"1,563,518.00"
Julius Randle,2022,"23,760,000.00"
Jusuf Nurkic,2022,"15,625,000.00"
Kawhi Leonard,2022,"42,492,492.00"
Keita Bates-Diop,2022,"1,878,720.00"
Kelly Olynyk,2022,"12,804,878.00"
Kelly Oubre Jr.,2022,"12,600,000.00"
Kenrich Williams,2022,"2,000,000.00"
Kentavious Caldwell-Pope,2022,"14,004,703.00"
Kevin Huerter,2022,"14,508,929.00"
Kevon Looney,2022,"8,000,000.00"
Khris Middleton,2022,"37,948,276.00"
Kristaps Porzingis,2022,"33,833,400.00"
Kyle Anderson,2022,"8,780,488.00"
Kyle Kuzma,2022,"13,000,000.00"
Landry Shamet,2022,"9,500,000.00"
Larry Nance Jr.,2022,"9,672,727.00"
Lauri Markkanen,2022,"16,475,454.00"
Luguentz Dort,2022,"15,277,778.00"
Luke Kornet,2022,"2,133,278.00"
Malcolm Brogdon,2022,"22,600,000.00"
Malik Monk,2022,"9,472,219.00"
Marcus Smart,2022,"17,457,142.00"
Max Strus,2022,"1,815,677.00"
Maxi Kleber,2022,"9,000,000.00"
Michael Porter Jr.,2022,"30,913,750.00"
Monte Morris,2022,"9,125,000.00"
Montrezl Harrell,2022,"2,463,490.00"
Moritz Wagner,2022,"1,878,720.00"
Myles Turner,2022,"35,069,500.00"
Naji Marshall,2022,"1,782,621.00"
Nic Claxton,2022,"8,500,000.00"
Nick Richards,2022,"1,782,621.00"
Nikola Jokic,2022,"33,047,803.00"
Nikola Vucevic,2022,"22,000,000.00"
Norman Powell,2022,"16,758,621.00"
Obi Toppin,2022,"5,348,280.00"
OG Anunoby,2022,"17,357,143.00"
Pascal Siakam,2022,"35,448,672.00"
Pat Connaughton,2022,"5,728,393.00"
Payton Pritchard,2022,"2,239,200.00"
Raul Neto,2022,"1,836,090.00"
Reggie Bullock,2022,"10,012,800.00"
Richaun Holmes,2022,"11,215,260.00"
Ricky Rubio,2022,"5,853,659.00"
Robert Covington,2022,"12,307,692.00"
Rodney McGruder,2022,"1,836,090.00"
Royce O'Neale,2022,"9,200,000.00"
Rudy Gobert,2022,"38,172,414.00"
Sam Hauser,2022,"1,637,966.00"
Shai Gilgeous-Alexander,2022,"30,913,750.00"
Shake Milton,2022,"1,997,718.00"
Steven Adams,2022,"17,926,829.00"
T.J. McConnell,2022,"8,100,000.00"
Taurean Prince,2022,"7,295,000.00"
Terance Mann,2022,"1,930,681.00"
Terry Rozier,2022,"21,486,316.00"
Tim Hardaway Jr.,2022,"19,602,273.00"
Tobias Harris,2022,"37,633,050.00"
Torrey Craig,2022,"5,121,951.00"
Trey Lyles,2022,"2,625,000.00"
Tyus Jones,2022,"15,000,000.00"
Victor Oladipo,2022,"8,750,000.00"
Willy Hernangomez,2022,"2,443,581.00"
Yuta Watanabe,2022,"1,836,090.00"
Zach Collins,2022,"7,350,000.00"
Zach LaVine,2022,"37,096,500.00"
Aaron Gordon,2023,"22,266,182.00"
Aaron Holiday,2023,"2,019,706.00"
Aaron Wiggins,2023,"1,836,096.00"
Alex Caruso,2023,"9,460,000.00"
Alex Len,2023,"2,019,706.00"
Amir Coffey,2023,"3,666,667.00"
Andre Drummond,2023,"3,360,000.00"
Andrew Wiggins,2023,"24,330,357.00"
Anthony Davis,2023,"40,600,080.00"
Anthony Gill,2023,"1,997,238.00"
Austin Reaves,2023,"12,015,150.00"
Bam Adebayo,2023,"32,600,060.00"
Bobby Portis,2023,"11,710,818.00"
Bogdan Bogdanovic,2023,"18,700,000.00"
Bradley Beal,2023,"46,741,590.00"
Caleb Martin,2023,"6,802,950.00"
Cameron Johnson,2023,"25,679,348.00"
Caris LeVert,2023,"15,384,616.00"
Cedi Osman,2023,"6,718,842.00"
Chris Boucher,2023,"11,750,000.00"
Christian Wood,2023,"2,709,849.00"
Clint Capela,2023,"20,616,000.00"
Cody Zeller,2023,"2,019,706.00"
Corey Kispert,2023,"3,722,040.00"
Damian Jones,2023,"2,586,665.00"
D'Angelo Russell,2023,"17,307,693.00"
Danuel House Jr.,2023,"4,310,250.00"
Dario Saric,2023,"2,019,706.00"
Davion Mitchell,2023,"5,063,640.00"
De'Aaron Fox,2023,"32,600,060.00"
Dean Wade,2023,"5,709,877.00"
De'Andre Hunter,2023,"20,089,286.00"
Dejounte Murray,2023,"18,214,000.00"
Derrick Jones Jr.,2023,"5,379,706.00"
Derrick White,2023,"18,357,143.00"
Desmond Bane,2023,"3,845,083.00"
Devin Booker,2023,"36,016,200.00"
Dillon Brooks,2023,"22,627,671.00"
Domantas Sabonis,2023,"30,600,000.00"
Donovan Mitchell,2023,"33,162,030.00"
Donte DiVincenzo,2023,"10,900,000.00"
Dorian Finney-Smith,2023,"13,932,008.00"
Drew Eubanks,2023,"2,346,614.00"
Duncan Robinson,2023,"18,154,000.00"
Fred VanVleet,2023,"40,806,300.00"
Garrison Mathews,2023,"2,000,000.00"
Gary Harris,2023,"13,000,000.00"
Gary Payton II,2023,"8,715,000.00"
Gary Trent Jr.,2023,"18,560,000.00"
Georges Niang,2023,"8,800,000.00"
Giannis Antetokounmpo,2023,"45,640,084.00"
Grayson Allen,2023,"8,925,000.00"
Harrison Barnes,2023,"17,000,000.00"
Haywood Highsmith,2023,"1,902,137.00"
Isaiah Hartenstein,2023,"9,245,121.00"
Isaiah Joe,2023,"1,997,238.00"
Ivica Zubac,2023,"10,933,333.00"
Jae'Sean Tate,2023,"6,500,000.00"
Jakob Poeltl,2023,"19,500,000.00"
Jalen Brunson,2023,"26,346,666.00"
Jamal Murray,2023,"33,833,400.00"
Jarrett Allen,2023,"20,000,000.00"
Jaylen Brown,2023,"31,830,357.00"
Jayson Tatum,2023,"32,600,060.00"
Jerami Grant,2023,"27,586,207.00"
Jevon Carter,2023,"6,190,476.00"
Jock Landale,2023,"8,000,000.00"
Joel Embiid,2023,"47,607,350.00"
John Collins,2023,"25,340,000.00"
John Konchar,2023,"2,400,000.00"
Jonas Valanciunas,2023,"15,435,000.00"
Jordan Clarkson,2023,"23,487,629.00"
Jordan McLaughlin,2023,"2,320,000.00"
Jordan Poole,2023,"27,455,357.00"
Jose Alvarado,2023,"1,836,096.00"
Josh Hart,2023,"12,960,000.00"
Josh Richardson,2023,"2,891,467.00"
Julius Randle,2023,"28,226,880.00"
Jusuf Nurkic,2023,"16,875,000.00"
Karl-Anthony Towns,2023,"36,016,200.00"
Kelly Oubre Jr.,2023,"2,019,706.00"
Kenrich Williams,2023,"6,175,000.00"
Kentavious Caldwell-Pope,2023,"14,704,938.00"
Kevin Huerter,2023,"15,669,643.00"
Kevon Looney,2023,"7,500,000.00"
Kris Dunn,2023,"2,586,665.00"
Kristaps Porzingis,2023,"36,016,200.00"
Kyle Anderson,2023,"9,219,512.00"
Kyle Kuzma,2023,"25,568,182.00"
Kyrie Irving,2023,"37,037,037.00"
Landry Shamet,2023,"10,250,000.00"
Larry Nance Jr.,2023,"10,375,000.00"
Lauri Markkanen,2023,"17,259,999.00"
Luguentz Dort,2023,"15,277,778.00"
Luke Kennard,2023,"14,763,636.00"
Luke Kornet,2023,"2,413,304.00"
Malcolm Brogdon,2023,"22,500,000.00"
Malik Beasley,2023,"2,019,706.00"
Malik Monk,2023,"9,945,830.00"
Matisse Thybulle,2023,"10,500,000.00"
Max Strus,2023,"14,487,684.00"
Maxi Kleber,2023,"11,000,000.00"
Michael Porter Jr.,2023,"33,386,850.00"
Mikal Bridges,2023,"21,700,000.00"
Miles Bridges,2023,"7,921,300.00"
Mo Bamba,2023,"2,019,706.00"
Moritz Wagner,2023,"8,000,000.00"
Myles Turner,2023,"20,975,000.00"
Naji Marshall,2023,"1,930,681.00"
Nic Claxton,2023,"9,625,000.00"
Nick Richards,2023,"5,000,000.00"
Nickeil Alexander-Walker,2023,"4,687,500.00"
Nikola Jokic,2023,"47,607,350.00"
Norman Powell,2023,"18,000,000.00"
Obi Toppin,2023,"6,803,012.00"
Pat Connaughton,2023,"9,423,869.00"
Payton Pritchard,2023,"4,037,277.00"
Rudy Gobert,2023,"41,000,000.00"
Rui Hachimura,2023,"15,740,741.00"
Sam Hauser,2023,"1,927,896.00"
Shai Gilgeous-Alexander,2023,"33,386,850.00"
Svi Mykhailiuk,2023,"2,019,706.00"
T.J. McConnell,2023,"8,700,000.00"
Taurean Prince,2023,"4,516,000.00"
Terance Mann,2023,"10,576,923.00"
Tim Hardaway Jr.,2023,"17,897,728.00"
Tobias Harris,2023,"39,270,150.00"
Trey Lyles,2023,"8,000,000.00"
Tyus Jones,2023,"14,000,000.00"
Zach Collins,2023,"7,700,000.00"
Aaron Gordon,2024,"22,841,455.00"
Aaron Holiday,2024,"4,668,000.00"
Aaron Wiggins,2024,"10,514,017.00"
Alex Caruso,2024,"9,890,000.00"
Amir Coffey,2024,"3,938,271.00"
Andre Drummond,2024,"5,000,000.00"
Anthony Gill,2024,"2,237,691.00"
Austin Reaves,2024,"12,976,362.00"
Bam Adebayo,2024,"34,848,340.00"
Bobby Portis,2024,"12,578,286.00"
Bradley Beal,2024,"50,203,930.00"
Brandon Clarke,2024,"12,500,000.00"
Buddy Hield,2024,"8,780,488.00"
Cameron Johnson,2024,"22,500,000.00"
Cameron Payne,2024,"2,087,519.00"
Chris Boucher,2024,"10,810,000.00"
Clint Capela,2024,"22,265,280.00"
Corey Kispert,2024,"5,705,887.00"
Daniel Gafford,2024,"13,394,160.00"
Dean Wade,2024,"6,166,667.00"
Dejounte Murray,2024,"29,517,135.00"
Derrick Jones Jr.,2024,"9,523,810.00"
Derrick White,2024,"20,071,429.00"
Desmond Bane,2024,"34,005,250.00"
Devin Booker,2024,"49,205,800.00"
Dillon Brooks,2024,"22,255,493.00"
Domantas Sabonis,2024,"40,500,000.00"
Donovan Mitchell,2024,"35,410,310.00"
Donte DiVincenzo,2024,"11,445,000.00"
Duncan Robinson,2024,"19,406,000.00"
Fred VanVleet,2024,"42,846,615.00"
Gabe Vincent,2024,"11,000,000.00"
Garrison Mathews,2024,"2,230,253.00"
Gary Harris,2024,"7,500,000.00"
Gary Payton II,2024,"9,130,000.00"
Gary Trent Jr.,2024,"2,087,519.00"
Giannis Antetokounmpo,2024,"48,787,676.00"
Grayson Allen,2024,"15,625,000.00"
Haywood Highsmith,2024,"5,200,000.00"
Isaiah Hartenstein,2024,"30,000,000.00"
Isaiah Joe,2024,"12,991,650.00"
Ivica Zubac,2024,"11,743,210.00"
Jae'Sean Tate,2024,"7,565,217.00"
Jakob Poeltl,2024,"19,500,000.00"
Jalen Brunson,2024,"24,960,001.00"
Jamal Murray,2024,"36,016,200.00"
Jarrett Allen,2024,"20,000,000.00"
Jaylen Brown,2024,"49,205,800.00"
Jayson Tatum,2024,"34,848,340.00"
Jerami Grant,2024,"29,793,104.00"
Jevon Carter,2024,"6,500,000.00"
Jock Landale,2024,"8,000,000.00"
John Collins,2024,"26,580,000.00"
John Konchar,2024,"6,165,000.00"
Jordan Poole,2024,"29,651,786.00"
Jose Alvarado,2024,"1,988,598.00"
Josh Hart,2024,"18,144,000.00"
Julius Randle,2024,"33,073,920.00"
Karl-Anthony Towns,2024,"49,205,800.00"
Kelly Oubre Jr.,2024,"7,983,000.00"
Kenrich Williams,2024,"6,669,000.00"
Kentavious Caldwell-Pope,2024,"22,757,000.00"
Kevon Looney,2024,"8,000,000.00"
Kris Dunn,2024,"5,168,000.00"
Kristaps Porzingis,2024,"29,268,293.00"
Landry Shamet,2024,"1,343,690.00"
Lauri Markkanen,2024,"42,176,400.00"
Luguentz Dort,2024,"16,500,000.00"
Luke Kennard,2024,"9,250,000.00"
Luke Kornet,2024,"2,087,519.00"
Malik Beasley,2024,"6,000,000.00"
Malik Monk,2024,"17,405,203.00"
Max Strus,2024,"15,212,068.00"
Michael Porter Jr.,2024,"35,859,950.00"
Mikal Bridges,2024,"23,300,000.00"
Miles Bridges,2024,"27,173,913.00"
Monte Morris,2024,"2,087,519.00"
Moritz Wagner,2024,"11,000,000.00"
Myles Turner,2024,"19,928,500.00"
Naji Marshall,2024,"8,571,429.00"
Nic Claxton,2024,"27,556,817.00"
Nickeil Alexander-Walker,2024,"4,312,500.00"
Nikola Jokic,2024,"51,415,938.00"
Norman Powell,2024,"19,241,379.00"
Obi Toppin,2024,"12,975,000.00"
OG Anunoby,2024,"36,637,932.00"
Pascal Siakam,2024,"42,176,400.00"
Pat Connaughton,2024,"9,423,869.00"
Payton Pritchard,2024,"6,696,429.00"
Richaun Holmes,2024,"12,648,321.00"
Royce O'Neale,2024,"9,375,000.00"
Rui Hachimura,2024,"17,000,000.00"
Sam Hauser,2024,"2,092,344.00"
Shai Gilgeous-Alexander,2024,"35,859,950.00"
Spencer Dinwiddie,2024,"2,087,519.00"
Steven Adams,2024,"12,600,000.00"
Svi Mykhailiuk,2024,"3,500,000.00"
Taurean Prince,2024,"2,087,519.00"
Terry Rozier,2024,"24,924,126.00"
Trey Lyles,2024,"8,000,000.00"
Tyus Jones,2024,"2,087,519.00"
Trae Young,2022,"37,096,500.00"
Trae Young,2023,"40,064,220.00"
Trae Young,2024,"43,031,940.00"
P.J. Washington,2022,"5,808,435.00"
P.J. Washington,2024,"15,500,000.00"
